0,1,2,3,4,5,6
0.007938976326661422,0.007937768262546786,0.007940421356518547,0.9523546083862969,0.007944015985833348,0.007946177385687809,0.007938032296455138
0.014302124396586884,0.014375567495143585,0.014319574084332773,0.014312518955882907,0.5555894707501341,0.01434586875388777,0.3727548755640321
0.011920645661079492,0.011932809607725211,0.01193670522197735,0.4285298668760337,0.5117835151034571,0.011944498304581903,0.011951959225145322
0.0575240972976667,0.0034089154349565293,0.0034059687221126575,0.9254564612713782,0.0034014293358440692,0.003401696928723372,0.0034014310093183424
0.04761906444772216,0.7140762484259938,0.04770616361711728,0.04768501646522717,0.047619985110881204,0.047619061346654785,0.04767446058640346
0.14285714285714288,0.14285714285714288,0.14285714285714288,0.14285714285714288,0.14285714285714288,0.14285714285714288,0.14285714285714288
0.02041273226450999,0.020417707691602015,0.02042547873220757,0.877497295006341,0.020409949845738636,0.020416295409838046,0.02042054104976265
0.0204522811442535,0.02045783599975885,0.02042743537960626,0.5923917445370389,0.1670482166110867,0.15881430992188614,0.02040817640636959
0.014404398312747762,0.014337541759459374,0.014309082299320278,0.39758558683229833,0.31317702313930956,0.2318694091535925,0.014316958503272104
0.01590772337225106,0.1295891406118032,0.015914741310470267,0.1257358889969507,0.016047256207527835,0.015884787298173785,0.6809204622028231
0.02051298281884624,0.020416653765557395,0.020421483707581366,0.8773006367914122,0.020504840771585545,0.02043096543527199,0.020412436709745005
0.587357581111657,0.01101112652236385,0.011030341364636929,0.25313971795544377,0.11537517882254765,0.011056511489436044,0.011029542733914672
0.14285714285714288,0.14285714285714288,0.14285714285714288,0.14285714285714288,0.14285714285714288,0.14285714285714288,0.14285714285714288
0.028571444884363348,0.028571443571203066,0.028599248155458185,0.028885612161587526,0.828081228977521,0.028719581689232693,0.028571440560634077
0.015909910061707572,0.01588977939461778,0.01593236981090827,0.01589933262980948,0.2781927134104937,0.6422597888549058,0.015916105837557485
0.0238095408475739,0.023809539519410044,0.023864649993253554,0.8570705993542027,0.02380953223635944,0.023809537707743866,0.023826600341456422
0.01193810171437314,0.011913749291249616,0.011916008501408063,0.9284529107804806,0.011957613434088604,0.011916126683636006,0.011905489594764054
0.04761905807952439,0.04763546454890354,0.04769085071699403,0.713979399019458,0.04761905273654975,0.0476673704493949,0.04778880444917564
0.020412329037202255,0.020453765431775486,0.020415914665908304,0.8774905918643918,0.020410982917811012,0.02040816593499934,0.020408250147911724
0.07142859384755626,0.07142859204610957,0.07142859073318739,0.5714284636157276,0.07142858237650614,0.07142858949675404,0.07142858788415908
0.04761908658089769,0.0476190831836846,0.04761908117193065,0.380926852680213,0.047619066680642246,0.047619079018897885,0.3809777506837339
0.014328639740184331,0.014293647965914062,0.014297680267937048,0.7974868868344823,0.014296724632773563,0.014295735868399573,0.13100068469030912
0.0057254281977669914,0.00572408139234621,0.24508227776730926,0.43634039194634433,0.0057579846724278416,0.21514874395811148,0.08622109206569395
0.011942754752918954,0.011912208417435906,0.011925961049494428,0.3466828454976871,0.15581615677734906,0.011955858993643978,0.4497642145114706
0.04767032459887453,0.04761929464456027,0.04761905203742879,0.047625827591243605,0.04762194558644922,0.7142245041888482,0.047619051352595324
0.017868750535232184,0.017858157419714547,0.017857153103222705,0.017857191714882578,0.8925289159292324,0.01807739452666797,0.017952436771047593
0.04761914837040355,0.04777736175532369,0.04761913417522073,0.406104168467817,0.35529917110542375,0.047805352262943364,0.04777566386286785
0.07142863112205292,0.07142862584903066,0.07142862277744294,0.0714592244860513,0.5708651032348965,0.07172821522358126,0.07166157730694449
0.007938976326661422,0.007937768262546786,0.007940421356518547,0.9523546083862969,0.007944015985833348,0.007946177385687809,0.007938032296455138
0.07142858929842635,0.07142858815905873,0.07142858709704575,0.07142857771633375,0.07142858632091069,0.5713425048640283,0.07151456654419643
0.023816592938306135,0.023813993879452912,0.023809531100796158,0.8570947034672142,0.023809527932267198,0.023809530584883304,0.02384612009708023
0.07142857910039668,0.07142857832046563,0.5714283390582232,0.07142857402787196,0.07142877130000708,0.07142858115344632,0.07142857703958927
0.047739286358007345,0.7141372567857082,0.047619056002208955,0.04761905094005071,0.047630061187511924,0.04761905552280661,0.04763623320370646
0.28547964046264096,0.0357471258191506,0.035809073954667016,0.5356546086519207,0.03588089317666089,0.03571433089171139,0.03571432704324838
0.07159436513546096,0.07174043141389186,0.07149402500556826,0.07142859104997407,0.071428599536132,0.5708853745743954,0.07142861328457746
0.023809544400718773,0.02387887502128691,0.27766718812401947,0.023988512113812203,0.6029891943906647,0.023838023403434033,0.02382866254606394
0.03582410900468723,0.03577426867616101,0.03574400785371162,0.03571428713675,0.035786238712660366,0.03571428846373043,0.7854428001522994
0.035741279545998005,0.03575093864487971,0.03592792701424145,0.03608295961470585,0.0357673681583775,0.7849289494342399,0.03580057758755763
0.03581570970220813,0.7852115280205751,0.03579052744562845,0.035714290692664644,0.03578510278379889,0.03579147347708761,0.035891367878037046
0.007990098373750731,0.37380499353616786,0.007982352546939138,0.3825762972392289,0.007988682275326434,0.008003141432633705,0.21165443459595326
0.0204587270700655,0.020409820757096724,0.02042917210016411,0.4850217738440769,0.020408172471148397,0.020408178232757087,0.4128641555246914
0.0072017152464917715,0.0071490017243740125,0.26517783161855346,0.6989630215916545,0.007186612688228551,0.0071428947643731675,0.007178922366324532
0.3084742898014128,0.03571429918800858,0.035795258928111445,0.03571429077788177,0.035781640435458235,0.03571642940016998,0.5128037914689573
0.0716177894077675,0.07142857717598818,0.5711060028738455,0.07142857358525288,0.07147882954351674,0.07142857646708922,0.07151165094654006
0.02858602235416791,0.028589010865756884,0.028594503990620596,0.8285049231762857,0.028571436792608266,0.028582661931747265,0.028571440888813356
0.006227559796889916,0.00621690463621332,0.006212822614873976,0.9626891446192717,0.006212576263579247,0.0062214187522850435,0.006219573316886966
0.01589678869746594,0.01590660003502263,0.015895987616852295,0.9045850918681528,0.01587466829659197,0.015882536444965404,0.015958327040948996
0.020418757155468998,0.020408182680675232,0.020408169225038762,0.8774917699520016,0.02043455985669348,0.020430392772816244,0.02040816835730574
0.017865117469129763,0.017857772874921362,0.017858902737161546,0.8928275982050986,0.017857938834577865,0.017870408823764356,0.017862261055346346
0.028615121901317812,0.028694305020930677,0.02857686823425998,0.8283880192045445,0.02857144065349504,0.02858280923355285,0.028571435751899257
0.02861213491539655,0.02858170907664872,0.028573034321005487,0.028571508719669524,0.028639655960557293,0.8284095161023927,0.028612440904329746
0.46628495099636363,0.028579722472319914,0.02869132350823772,0.028571432936154578,0.028697153603565496,0.02866277715457621,0.3905126393287825
0.14285714285714288,0.14285714285714288,0.14285714285714288,0.14285714285714288,0.14285714285714288,0.14285714285714288,0.14285714285714288
0.047619056445231296,0.04761905565431055,0.04761905526170402,0.7142032940132873,0.04761905193943706,0.047701432562174496,0.0476190541238552
0.047639404886879795,0.04761907504857877,0.3838702092580208,0.04769497178265591,0.3779381970842024,0.047619072016898606,0.04761906992276385
0.07142858666469663,0.07142858526258276,0.07142858462593837,0.07142857664843885,0.07142858736621575,0.5714284968465988,0.0714285825855288
0.07142861322202065,0.0714286101732945,0.0714286076238717,0.07142858581062235,0.07160627916126691,0.07142860520833214,0.5712506988005918
0.023810386338801757,0.02380955896776957,0.02381131720905348,0.8571304414676442,0.023819156371144033,0.023809607703884225,0.023809531941702627
0.07142858929842635,0.07142858815905873,0.07142858709704575,0.07142857771633375,0.07142858632091069,0.5713425048640283,0.07151456654419643
0.07156006265285916,0.0714285750896847,0.07149416506540418,0.5709300971278067,0.07142867089276898,0.07152909160935345,0.0716293375621229
0.07147589207286087,0.07148496885766863,0.5710766932380916,0.07142857379354615,0.07151639204019605,0.07154622646912151,0.07147125352851517
0.04765636238245479,0.27125510595588276,0.49034814316763103,0.04776513926790583,0.04764427237127778,0.04761911773207861,0.04771185912276907
0.04761906377657343,0.047619062365428344,0.04776632558626318,0.7140674538825064,0.04761905559355054,0.04768997917921022,0.04761905961646778
0.03571430559197793,0.035767849188961316,0.3101001491296638,0.035714292429790864,0.035717893640864806,0.03576517674712244,0.5112203332716189
0.0715577002696479,0.07142857473367127,0.0714717281277556,0.0714898622132227,0.07144869533822805,0.5711748652280264,0.071428574089448
0.0023931051584540858,0.0023846695209259728,0.0023878294329244213,0.9274524227730128,0.0023868873917584463,0.06061228872684715,0.002382796996077163
0.11954760456136565,0.14371093344329927,0.015926688736271424,0.6731017791820983,0.015893178925737994,0.015882448192917394,0.01593736695830987
0.0027103867072181148,0.0027002767789625678,0.0027061227616281794,0.9343945045650537,0.002697737849323695,0.05209340992005931,0.0026975614177543513
0.0065097485140290555,0.006550861225008734,0.006525870667454013,0.006505989551149416,0.6005539860907384,0.006502402588915531,0.36685114136270486
0.011003704436653314,0.011044406181570002,0.011007278190584493,0.452047939177046,0.49288338496068107,0.011021525562895805,0.010991761490569402
0.020408246356864498,0.02045503425063289,0.5511974613339843,0.1632259477780718,0.2038014846593433,0.020491687909744143,0.020420137711358973
0.52582377745303,0.035714301522317915,0.03587109493523955,0.03571429162985221,0.2952973615647432,0.035793594582770455,0.03578557831204689
0.04769114666571683,0.04761906524373027,0.3626833618229128,0.04773899933438227,0.047630617803755285,0.39901774746206836,0.04761906166743434
0.02381387125088873,0.023867389157107146,0.02384795509188803,0.8570421902914841,0.023809529277082193,0.023809532873191756,0.02380953205835798
0.04761906540163125,0.04761906389299237,0.04761906295777322,0.7142783898633702,0.0476190563492609,0.047626300718809134,0.04761906081616285
0.011020847506087807,0.29402274596798145,0.011013677476357921,0.01103025932435297,0.14332348029356748,0.2802643805067168,0.24932460892493555
0.047619058647980744,0.047619057665949226,0.7142533851841404,0.047619051396401615,0.047619053162005806,0.04761905648808046,0.047651337455441665
0.01790402475725231,0.017876992101011673,0.017924010338384876,0.017857168253693486,0.17205903694109173,0.522755752068316,0.2336230155402499
0.028601873602175816,0.02857143828206456,0.028595318754606688,0.02861533546159904,0.31387150494548377,0.5431730925881085,0.028571436365961454
0.03579775070319323,0.4402762870946647,0.035734394492717474,0.38098826192096,0.035742959517613526,0.03572611983719941,0.03573422643365169
0.011916096188096243,0.011909486955281046,0.011922633486363689,0.011904785427715158,0.0119346595565679,0.9284478665456202,0.011964471840355687
0.035714299373821895,0.03571429831407342,0.035772444722109144,0.7856510347870815,0.035716586125263856,0.03571704085273002,0.035714295824920056
0.07142859319363191,0.5714284792680842,0.0714285901772404,0.07142857890427833,0.07142858204346596,0.07142858903934578,0.07142858737395327
0.011914723973073044,0.011937555240346483,0.011941002530550348,0.34516158874876335,0.011946230875476402,0.011913628060131213,0.595185270571659
0.07142862105019741,0.07151504500334444,0.07142861385656891,0.571341905616807,0.07142859558413223,0.07142861131804248,0.0714286075709077
0.009573601708126137,0.009582829203531571,0.009553728616915592,0.4970137415087141,0.28248189850681177,0.1822277164453591,0.00956648401054175
0.24150130981476756,0.013006733155495172,0.013063009966729334,0.23786979886554616,0.013013604698635389,0.14141734084269864,0.3401282026561278
0.14285714285714288,0.14285714285714288,0.14285714285714288,0.14285714285714288,0.14285714285714288,0.14285714285714288,0.14285714285714288
0.00840491831700983,0.00840414075514172,0.008407346930818429,0.949569340015351,0.008404017387859708,0.008406871887525674,0.008403364706293437
0.14285714285714288,0.14285714285714288,0.14285714285714288,0.14285714285714288,0.14285714285714288,0.14285714285714288,0.14285714285714288
0.07142860026772885,0.07150824854169163,0.07142955708932652,0.5713478214083269,0.07142858549691797,0.07142859462565868,0.07142859257034948
0.03572512018501482,0.03571431988706762,0.28593741681972223,0.5354587144152289,0.035726304776456407,0.03572381067197845,0.03571431324453172
0.14285714285714288,0.14285714285714288,0.14285714285714288,0.14285714285714288,0.14285714285714288,0.14285714285714288,0.14285714285714288
0.020437493647046712,0.020408182699820667,0.02052739912623077,0.020684324575544304,0.02049098189263251,0.4958625316006109,0.4015890864581142
0.15938411333461788,0.020431055031154437,0.020425313800474618,0.02040903467041905,0.24937712003311843,0.5095651926382572,0.020408170491958266
0.03571429863183091,0.2755831959036036,0.035728171013120875,0.5455653768287649,0.035864249340871845,0.035830413053910125,0.035714295227897624
0.02381297571465131,0.023818957724826197,0.023939178948608583,0.023816986101377936,0.23418829923456072,0.23234326145711834,0.43808034081885683
0.010205499800978655,0.010216264400699946,0.010257328785141111,0.010204208565387429,0.17847257007185463,0.3835290712235758,0.3971150571523625
0.047705054178917496,0.047711002180711656,0.047619058078217924,0.04804889647560475,0.04764964341094066,0.7136009249079407,0.047665420767666805
0.03573895100273066,0.03571436601978084,0.03572004745021241,0.7856692354269156,0.035718254515199506,0.03572484814606032,0.035714297439100706
0.01788485218188472,0.01793557892703539,0.01788364554969736,0.892706714963776,0.017857148887396253,0.01787490735263824,0.017857152137572024
0.0095340896006421,0.009524750315169972,0.009534398319224518,0.009528083715067361,0.009568117650181358,0.9427834288531833,0.00952713154653141
0.0476191045511568,0.7140358248556615,0.047650494723615294,0.0476888580600966,0.047767543414074826,0.04761908903937741,0.04761908535601757
0.010238610295749776,0.010239902163578802,0.4413292043689746,0.3425416029520613,0.010230666820169735,0.17519408519520285,0.010225928204262871
0.5713251874267874,0.0714285817974032,0.07142858122069315,0.07142857532142251,0.07146927044204973,0.07142858063897607,0.07149122315266798
0.785500006907946,0.03571432448060491,0.035732223688443004,0.03572201110115007,0.0357341559347058,0.035882984990350426,0.035714292896799595
0.016007846013457665,0.015874946293937875,0.015905226059744506,0.015927853317976835,0.1456536854782485,0.015941980683881227,0.7746884621527534
0.047619054067644044,0.04761905353078776,0.04761905320430327,0.04761904983727786,0.7141913992356057,0.047713337733757,0.04761905239062431
0.03571437939062205,0.03571429643814971,0.5356820594314332,0.03571428972920401,0.2856978690985858,0.03571628514838165,0.035760820763623594
0.035773435528358724,0.03571429396085956,0.5169659631826536,0.03571428881710988,0.0358354506828502,0.03576525852307329,0.3042313093050947
0.04761905492102293,0.0476190542539201,0.7142036138614414,0.047619050116841866,0.04767164299180168,0.047619054525947314,0.04764852932902476
0.07142877488959631,0.07142857767981382,0.5713161690176554,0.07142857378451298,0.07142857959036075,0.0714333502514374,0.07153597478662342
0.04761905277945161,0.04762561460782868,0.04761962345578102,0.7142768085669772,0.04761905013591169,0.04762079905361695,0.04761905140043281
0.03571429982078891,0.035714298519436485,0.035822290527933454,0.03571429051757513,0.036031022966464765,0.0357392899398828,0.7852645077079184
0.03593354170495864,0.03571429976762235,0.0357209974111446,0.035714291013580056,0.7851367228336819,0.03577893835360645,0.036001208915405994
0.0204198547198271,0.020408174008226348,0.02045828262376889,0.020408167250905378,0.709481549237279,0.18835970701050234,0.020464265149490932
0.01589439346759802,0.016019337905898965,0.01590263445123617,0.015952508326533454,0.904354749771511,0.01595638125201567,0.015919994825206594
0.017870539488930737,0.017888274087900214,0.1724992374970548,0.01785714616477484,0.609829882013438,0.14610289655142036,0.017952024196480985
0.01801308805049969,0.017862344294877642,0.8925771605818426,0.01785826629212406,0.017966272715749656,0.017858099409651933,0.017864768655254364
0.39843148977323406,0.01302666113488779,0.01299874925972471,0.013044577352974667,0.5363604638365759,0.013074039169366402,0.013064019473236573
0.14285714285714288,0.14285714285714288,0.14285714285714288,0.14285714285714288,0.14285714285714288,0.14285714285714288,0.14285714285714288
0.007523852048192732,0.08282163054127484,0.007543663571841806,0.8795348947345563,0.007519160868990554,0.007537996243811391,0.007518801991332449
0.04767958362790752,0.047626754992542784,0.7141073763369775,0.047619051460568884,0.04769983850011001,0.04764833921435352,0.04761905586753975
0.14285714285714288,0.14285714285714288,0.14285714285714288,0.14285714285714288,0.14285714285714288,0.14285714285714288,0.14285714285714288
0.7139716583020015,0.04766087061699555,0.047619055653206704,0.04761905075471851,0.047795274643149456,0.04771503567121222,0.047619054358715905
0.7139716583020015,0.04766087061699555,0.047619055653206704,0.04761905075471851,0.047795274643149456,0.04771503567121222,0.047619054358715905
0.018045914411232176,0.017973324960341843,0.017914485086951853,0.017857173791995064,0.8923691025733017,0.017858339485121298,0.017981659691056046
0.5016958153801007,0.03573264551025396,0.03571430166602847,0.03571429210059443,0.3194413462008776,0.0359620245384564,0.03573957460368865
0.010210826349428215,0.25001354895105526,0.010204160874673848,0.6989450450723672,0.010217298086599123,0.010204526060985637,0.010204594604890817
0.5712394960558925,0.07142860695987334,0.07142860505877996,0.07142858489942971,0.0714298727580499,0.07161623394772762,0.0714286003202469
0.04761906098515492,0.4988258788611047,0.047619059109892184,0.04761905218082392,0.047619058961971765,0.047619058433323834,0.26307883146772865
0.04777806466811287,0.04764386414396623,0.3808173374945856,0.04761905901007386,0.047619084032158726,0.38072418535664754,0.04779840529445515
0.14285714285714288,0.14285714285714288,0.14285714285714288,0.14285714285714288,0.14285714285714288,0.14285714285714288,0.14285714285714288
0.010225049820924597,0.1774986241932782,0.010225046862465692,0.010242615787550985,0.010255655682037675,0.010222839335645745,0.7713301683180971
0.028589089626524997,0.6183338391841591,0.2387418946322747,0.028579768384846518,0.028590023737896413,0.028581247088839693,0.028584137345458525
0.0477648960386615,0.0476190531611252,0.28331511580100494,0.04761904969899936,0.04769980300017864,0.04761905248848396,0.4783630298115463
0.020511317249409855,0.02041193034415783,0.020542825085480828,0.020449528576901473,0.020421578525113834,0.020440161893254098,0.877222658325682
0.023810446632801324,0.4338437035162684,0.0238276073343097,0.023848297680006948,0.44705066293188583,0.0238097186978061,0.023809563206921604
0.00341166402218085,0.20079295316303367,0.30993818462328426,0.47564184542211824,0.003402208811707635,0.0034057811114423307,0.003407362846233007
0.011038641162933146,0.011050507776037295,0.40484540844399425,0.18667716367187479,0.36429524518580264,0.011034580292073829,0.011058453467283989
0.4949636705680906,0.017857145399934302,0.017859117038337105,0.017857143813091583,0.4156779205936065,0.017865909142046044,0.017919093444894035
0.047738801218300125,0.4025597165280962,0.04772997317322424,0.04781699793862922,0.04766126786389468,0.04764148856395648,0.3588517547138991
0.14285714285714288,0.14285714285714288,0.14285714285714288,0.14285714285714288,0.14285714285714288,0.14285714285714288,0.14285714285714288
0.028620330596350503,0.02878556178042352,0.8283059697712613,0.02857142952448539,0.028571429916645286,0.028573847525360258,0.0285714308854735
0.035737339543655634,0.03571429772716134,0.035882259968354965,0.03571429023120492,0.035830415914373144,0.7854071010067325,0.03571429560851751
0.07153657244095406,0.0714285762732209,0.5712446175820202,0.07142857325570935,0.07142857422011994,0.07150451085259044,0.07142857537538522
0.5234305569278657,0.357147218235437,0.02381512056389071,0.02382939123787098,0.023967702313207856,0.023891456812369326,0.02391855390935848
0.015904602379451665,0.015916258376312876,0.5808327374367618,0.015873017660924003,0.3397003761713984,0.015898351314296254,0.015874656660855097
0.28571522717697684,0.035765754752539514,0.03573587584658063,0.03571429218497846,0.5354695326312148,0.035826685154696544,0.035772632253013255
0.03578489092960817,0.03592083115840876,0.2765190218572996,0.544547824789476,0.03572810192228045,0.03571626033194347,0.03578306901098348
0.3061105821192356,0.3061256964199783,0.02041999821821075,0.02040816889875846,0.020469228832229215,0.020424516492456714,0.306041809019131
0.011010654668073539,0.600180616139337,0.2643110573807175,0.011037623299734272,0.09146450650788791,0.010992748019796043,0.011002793984453732
0.5712977264873194,0.07142857313904358,0.07142857304313852,0.07142857206791146,0.07155940947217196,0.0714285729409232,0.07142857284949199
0.028907446836551134,0.2285695757213807,0.2285270553858624,0.028571439114795375,0.42823490377487283,0.028571454766117856,0.0286181244004199
0.014290355544713902,0.31982800491938634,0.6087290878548444,0.014285715171982087,0.014288328789272923,0.014287995386921418,0.014290512332878987
0.18347565852715675,0.3433611898476254,0.4211029336797807,0.01298701512606611,0.013039300327498926,0.01303756288631034,0.012996339605561838
0.028724401823112963,0.17290034001407406,0.3395939692972641,0.028571433860079987,0.028679894735496026,0.028586594792088454,0.3729433654778844
0.35636132561951683,0.03572122724835553,0.46504720598745175,0.03571429045502012,0.035719400590651755,0.03572225421206631,0.035714295886937635
0.3071500195081741,0.5079842180664129,0.009530483139772167,0.009527034474455288,0.009551706451774868,0.009559196739985804,0.14669734161942488
0.03572848332892991,0.03571463804266532,0.03579365636709629,0.035714289260119096,0.7855061718352943,0.035782490835168206,0.03576027033072689
0.020415863126933758,0.020437878032147107,0.020508315334387028,0.020408166280195445,0.020444958735145756,0.19384614443375792,0.7039386740574329
0.02857635472915668,0.5427906644086664,0.028580586865086997,0.31433465960654944,0.0285747619694699,0.028571436682222225,0.028571535738848755
0.03571429191111553,0.03573158416635034,0.03571429108619867,0.785686409085695,0.03571428877604822,0.03572484465924964,0.03571429031534251
0.44438696414702616,0.015957380569458744,0.47610943271323514,0.015907654786747414,0.015878501382670756,0.015875537420320142,0.015884528980542073
0.03610026754839998,0.03572812012797789,0.2860492318139516,0.03571428845844398,0.5348708872186563,0.03573017495110108,0.03580702988146921
0.04761908572248279,0.04761908235951764,0.047675629446186266,0.38092472121926685,0.04763076871532064,0.047633082391588095,0.38089763014563766
0.04791910047778762,0.04776621646148769,0.38092018725201365,0.047619050989005325,0.3804483715686881,0.047708018424152364,0.04761905482686526
0.028694327042186725,0.42855953874247377,0.02865248201355995,0.028571432231740954,0.4283766799191714,0.028571437185832174,0.028574102865035027
0.45475339219705124,0.01429919873317126,0.014330397780279577,0.014286517371597598,0.47366361659857226,0.014331558332202876,0.014335318987125294
0.04761914816402339,0.0476469792642409,0.0476534935922573,0.048136591421307995,0.7136670735862974,0.047619128386789784,0.047657585585083304
0.4490817022043349,0.3124422392225498,0.047758062423313985,0.04761905070297169,0.04779597811724642,0.04766405752101988,0.0476389098085634
0.07142857272489044,0.07145690929313617,0.5713673733019692,0.07142857187374742,0.07142857206199978,0.07146142836432541,0.07142857237993164
0.01589448058908831,0.13003209944885272,0.01588950212459841,0.7905092825080138,0.01587302120218976,0.015924836091068633,0.01587677803618835
0.020483351778193205,0.020445814036034522,0.5156605274003262,0.020427240469841793,0.020511912400544088,0.020480506841146513,0.3819906470739138
0.14285714285714288,0.14285714285714288,0.14285714285714288,0.14285714285714288,0.14285714285714288,0.14285714285714288,0.14285714285714288
0.04761906424372647,0.04763854859751889,0.3542625077864192,0.047619053349813506,0.04761905576697701,0.40762271036070497,0.047619059894840006
0.015873033283028266,0.41587407979583035,0.015973530515155123,0.5046440162310101,0.015886779192629607,0.015875539133639115,0.015873021848707612
0.8279675838181741,0.028700164330203632,0.028628414644293002,0.02857143640621017,0.02867724163852172,0.028649498775422205,0.028805660387175115
0.014363354513501205,0.2327943707746328,0.6954662245360121,0.014285717915694966,0.014366922123227542,0.01429901827101878,0.014424391865912446
0.04764683066951302,0.7136670060380642,0.04761907626444253,0.04761905890404831,0.04820986840501775,0.04761907419143254,0.047619085527481564
0.14285714285714288,0.14285714285714288,0.14285714285714288,0.14285714285714288,0.14285714285714288,0.14285714285714288,0.14285714285714288
0.14285714285714288,0.14285714285714288,0.14285714285714288,0.14285714285714288,0.14285714285714288,0.14285714285714288,0.14285714285714288
0.4285486903125447,0.02857144762596583,0.42825147844344985,0.02859323579981797,0.02872219088081943,0.0286631799934104,0.028649776943991626
0.006855313910576955,0.07165133846594889,0.006802734170531007,0.8942803815672067,0.0068027243120603615,0.0068043630785824295,0.0068031444950935925
0.04761907357652588,0.04781697188822011,0.714055820493096,0.0476190565054722,0.04764095869930427,0.04762790416366452,0.04762021467371716
0.023816592938306135,0.023813993879452912,0.023809531100796158,0.8570947034672142,0.023809527932267198,0.023809530584883304,0.02384612009708023
0.5706486599193022,0.07142858485476417,0.07167486623380243,0.07142857646510138,0.07180370558413596,0.07142858342470651,0.07158702351818727
0.03575505941120387,0.7853109977335101,0.035775792152572455,0.03571442113976606,0.035899999577471156,0.03573668933602288,0.03580704064945356
0.8772847388062833,0.02041311894607496,0.02043527699152825,0.020411595886021403,0.020473544032689438,0.02047837768777508,0.020503347649627635
0.028571440619452146,0.2648900327173387,0.5922224425435771,0.02857143271030222,0.028571434507517365,0.028588740934091663,0.02858447596772085
0.028580857944932155,0.028594583191753016,0.6182594199679807,0.028572070292236646,0.23883056349928372,0.02858677661856601,0.028575728485247583
0.028580857944932155,0.028594583191753016,0.6182594199679807,0.028572070292236646,0.23883056349928372,0.02858677661856601,0.028575728485247583
0.380962596859928,0.04761905918476487,0.38072941437989216,0.04761905188234587,0.047641532758172386,0.047622242436525304,0.04780610249837163
0.07142857272489044,0.07145690929313617,0.5713673733019692,0.07142857187374742,0.07142857206199978,0.07146142836432541,0.07142857237993164
0.020422444576195412,0.020412315625975973,0.02042163570509481,0.020412080920615173,0.3116594570708603,0.02044911452779505,0.5862229515734633
0.14285714285714288,0.14285714285714288,0.14285714285714288,0.14285714285714288,0.14285714285714288,0.14285714285714288,0.14285714285714288
0.07142859081484305,0.071428701601524,0.07142858825943847,0.07142857805707696,0.07142858087401328,0.5714283746992638,0.07142858569384049
0.02861078272194322,0.028571441053324553,0.028614322059658553,0.42855138551832117,0.028581648932815958,0.028578442237903057,0.4284919774760334
0.0714285944193003,0.0719374787886844,0.570789987922783,0.07142857915873525,0.0714733515756256,0.07142858982028842,0.07151341831458305
0.028616283285824086,0.5518664888807497,0.028673581334859033,0.028571430957731927,0.02876479323601817,0.30485412794065786,0.02865329436415928
0.01590981830856995,0.015890463150220444,0.7640484489418566,0.015873020120753766,0.016017910672250814,0.15635034093566755,0.015909997870680974
0.28012224064367286,0.020416902470899792,0.2991434920401286,0.020428444962718218,0.02050289877064294,0.14493353872285877,0.21445248238907885
0.02388022519629098,0.02396948230509626,0.6902551088601001,0.19043355727345432,0.02382338850522246,0.023821236553577006,0.023817001306258797
0.31913076730363665,0.28518450285954033,0.02049682723675776,0.02042291523758183,0.15638104891484012,0.1779215426555204,0.02046239579212293
0.028590580524950462,0.02857320277931088,0.028671372933444295,0.028571763939747148,0.5801027955221137,0.2769125728488006,0.02857771145163288
0.011938375661149744,0.19278181784041173,0.353292415324158,0.011936599623216958,0.40609671857992163,0.011976124540889753,0.011977948430252076
0.14285714285714288,0.14285714285714288,0.14285714285714288,0.14285714285714288,0.14285714285714288,0.14285714285714288,0.14285714285714288
0.04789441404829083,0.04761912079872376,0.38093326434398994,0.04770147732937176,0.047673304040925055,0.04765137732517744,0.38052704211352123
0.07152992869837055,0.5713271426166461,0.07142859058843247,0.07142857908757844,0.07142858222703671,0.07142858917690599,0.07142858760502975
0.14285714285714288,0.14285714285714288,0.14285714285714288,0.14285714285714288,0.14285714285714288,0.14285714285714288,0.14285714285714288
0.14285714285714288,0.14285714285714288,0.14285714285714288,0.14285714285714288,0.14285714285714288,0.14285714285714288,0.14285714285714288
0.020459160791601965,0.22399125955644728,0.020505443624653917,0.020441193233016682,0.020425306350183022,0.3414988727894636,0.3526787636546336
0.035738694585497714,0.3083415687275791,0.03576206886258111,0.035718375489026226,0.03578507339910291,0.5129148556849709,0.03573936325124224
0.7856986717316046,0.03571429058702497,0.035714290360464765,0.03571428755074682,0.03571428834513347,0.035729881775428386,0.035714289649597046
0.04771802482727478,0.7141509310156432,0.04761910140594367,0.04761905220062009,0.04761905414782559,0.04761905851844252,0.04765477788425002
0.028572068947402416,0.8284072763054935,0.028581839412168776,0.0285714655477027,0.02864637595040934,0.028603499319145166,0.02861747451767816
0.07142882564722162,0.571428151878829,0.07142872881388215,0.071428572579353,0.0714285730615854,0.07142857413190715,0.07142857388722168
0.04761905448356756,0.7141883469318707,0.047699539425838974,0.04761904997539562,0.0476190509767859,0.047619053189274556,0.04763590501726678
0.02380953165552236,0.023899848300540268,0.5238856947741956,0.023919766982828723,0.02382413532533061,0.023812296407359726,0.3568487265542228
0.035756487748450284,0.7856293139683412,0.03573224725342851,0.03571428862175881,0.03571428985669381,0.035714292612066934,0.035739079939260496
0.12694694498549702,0.015921986025587177,0.01595800477442211,0.015873727103664824,0.266674607743296,0.17780747654712747,0.3808172528204055
0.04763058591131576,0.047619402172502,0.04761906498612319,0.37981586499167364,0.04763991178761044,0.38205610770694176,0.04761906244383336
0.035722754366625614,0.035727945181351826,0.035737454939173616,0.7856205604017343,0.03572531634858633,0.03575167267694817,0.035714296085580154
0.07156146040029575,0.571202994692907,0.07152124548093904,0.07142857331792081,0.07142857408721337,0.07142857582778141,0.0714285761929428
0.04761907593720026,0.04762676948405747,0.7137853883069021,0.047619057303100024,0.04766067932804752,0.04762790827414909,0.048061121366543544
0.07166567942143781,0.07142858093810962,0.07181689680876639,0.07142857501949187,0.5705380799370904,0.07163257184416091,0.07148961603094293
0.2856566782298191,0.03571429484693675,0.5357064435435699,0.035714289148734896,0.03577970734389115,0.035714293796727324,0.035714293090320856
0.14285714285714288,0.14285714285714288,0.14285714285714288,0.14285714285714288,0.14285714285714288,0.14285714285714288,0.14285714285714288
0.47564696719466654,0.008938454191872289,0.009019785749886851,0.4795259831551141,0.008945549331592424,0.008957787320187083,0.008965473056680665
0.014304180765746145,0.014292133134894894,0.13200246610625288,0.014285914688512232,0.014395853773921287,0.7963363565657913,0.01438309496488128
0.006850482951534915,0.006811786971011925,0.00681099156796791,0.006907795806737819,0.4533220399960695,0.006820638519835503,0.5124762641868422
0.09320430576968225,0.011911748851538456,0.0119952642031193,0.011960026178160776,0.8470157086424867,0.01193101328798325,0.011981933067029424
0.005134491850594972,0.005110377138904177,0.005110004886488775,0.0051022107041659975,0.8416309802245721,0.1327925260992559,0.005119409096018104
0.014327723455833594,0.5206880577101602,0.014323473770239575,0.014285752241821895,0.014325392548349854,0.0143445724833769,0.40770502779021783
0.5415984241526743,0.3561904882647197,0.020471823136187273,0.020408181259844744,0.02042659504174017,0.02044313992454108,0.02046134822029265
0.14285714285714288,0.14285714285714288,0.14285714285714288,0.14285714285714288,0.14285714285714288,0.14285714285714288,0.14285714285714288
0.14285714285714288,0.14285714285714288,0.14285714285714288,0.14285714285714288,0.14285714285714288,0.14285714285714288,0.14285714285714288
0.028595350046820813,0.8285226973695577,0.028581858613938266,0.028571430575236124,0.028571431426246918,0.028571433362703052,0.02858579860549711
0.04761905350739889,0.04767519923170632,0.04770802750939581,0.04761904963842436,0.714088745695435,0.04767087243258036,0.04761905198505934
0.01587694421047306,0.015877310432409697,0.015873018274824867,0.9047498324970001,0.01587362873724165,0.01587624794314872,0.015873017904902025
0.03572979664927561,0.03587719016434734,0.035743470190920716,0.7854950499753268,0.03572478046912213,0.03571511031708883,0.03571460223391869
0.023809531822633904,0.023809531119465738,0.023812180775816493,0.023809526563880194,0.023874943515290875,0.023836450687978825,0.857047835514934
0.017881049911109774,0.5061736831843912,0.01787710399388358,0.19628189334367094,0.017982071650151088,0.22592743425796488,0.017876763658828697
0.005722589704785487,0.059572707140295215,0.005727831758225675,0.8686954429249292,0.005732425138273429,0.005745112616475709,0.04880389071701529
0.014303518130134238,0.45351964812690826,0.014301447397419306,0.0143048781953865,0.4748914299329323,0.014323238871481205,0.014355839345738128
0.07142966433625303,0.07142857501274595,0.571421285485211,0.07142857278461272,0.0714285733610815,0.0714347546929243,0.07142857432717165
0.22016340606224805,0.023886889055797052,0.02385591667707791,0.19039469440541426,0.2768610391288957,0.023903358274883036,0.24093469639568396
0.035867419178519815,0.035776495884537025,0.03574968356184114,0.03571428869041476,0.0357325344232436,0.036034785366410964,0.7851247928950327
0.02392534018766059,0.023919656265072163,0.4812488003907937,0.3991946149461178,0.02388662668746054,0.02385261456154211,0.02397234696135308
0.020519342981885246,0.13417695474630192,0.4163413781231109,0.020412677797758953,0.020506356993685988,0.3675483663159031,0.020494923041353832
0.028659674641062467,0.02860775850214113,0.8281515322414702,0.028579985367410334,0.028644922251919513,0.02868259369189339,0.028673533304103098
0.009544398465431323,0.009526311135808504,0.07617447875071018,0.009523812141531312,0.7753745224714373,0.11032742257930479,0.009529054455776533
0.07156146040029575,0.571202994692907,0.07152124548093904,0.07142857331792081,0.07142857408721337,0.07142857582778141,0.0714285761929428
0.028585850182812882,0.8285269069488762,0.028601509659898983,0.028571431292205837,0.028571432471018513,0.028571434918521182,0.02857143452666621
0.008951811322929267,0.7651957574486333,0.1900273565870281,0.00892857290189909,0.00895453653266177,0.008985491454733133,0.008956473752115324
0.566099935794597,0.29082029218473854,0.028592769848397342,0.028571433527044016,0.02861078087685633,0.02869455447609879,0.02861023329226785
0.047619065519948774,0.0476190639950909,0.7140518729829896,0.04761905372762372,0.047619056568717136,0.04761906204705691,0.04785282515857296
0.02380953510367944,0.023810910716848984,0.8570660737960082,0.02383233502729859,0.023812796422622715,0.023843994354212576,0.023824354579329562
0.44767628541115345,0.02404701911900476,0.023809549438680386,0.4329992584445447,0.023809538339739214,0.02381928268427988,0.023839066562597638
0.19698567579163304,0.16513664373821207,0.008951998573039546,0.008928573758472983,0.4298389787988078,0.18121800191452442,0.00894012742531021
0.011043191656816328,0.01099385007309227,0.010999025289614288,0.010989046855499316,0.7292474191563781,0.21571688903956293,0.01101057792903669
0.03574981061030161,0.03579409885032268,0.03594180380279609,0.7853647787661838,0.0357143028005156,0.03571431389633364,0.03572089127354669
0.14285714285714288,0.14285714285714288,0.14285714285714288,0.14285714285714288,0.14285714285714288,0.14285714285714288,0.14285714285714288
0.14285714285714288,0.14285714285714288,0.14285714285714288,0.14285714285714288,0.14285714285714288,0.14285714285714288,0.14285714285714288
0.010993459093500092,0.011060883259703896,0.011048595880644305,0.4302299610634853,0.5146532226216574,0.011016420880784259,0.010997457200224643
0.8567994045966228,0.02389515844256973,0.023856743863079552,0.02399068512786483,0.023812749604450987,0.023823343700420756,0.023821914664991322
0.015891104932298464,0.01590102957197315,0.015873019521076205,0.9047149959176124,0.015873629695305976,0.01587320139557819,0.015873018966155488
0.04768237766408248,0.04776927971936798,0.04773284974999586,0.04761906000915756,0.7138949089164756,0.047682449623169906,0.04761907431775065
0.04781617357563723,0.3807942341635826,0.04772529133448015,0.3806058265302153,0.047619115807860705,0.04768619458852352,0.047753163999700525
0.020426895161992635,0.28998699215160223,0.18723403079107875,0.020412952381507598,0.020432871400442528,0.020413399828158905,0.44109285828521727
0.03571429760416893,0.03572584298631793,0.5357149501539327,0.03571428973423375,0.035771986638469144,0.03572764685012212,0.2856309860327555
0.07142857272489044,0.07145690929313617,0.5713673733019692,0.07142857187374742,0.07142857206199978,0.07146142836432541,0.07142857237993164
0.01429016639097496,0.014310158622365933,0.01433364228866162,0.8102012561280062,0.014287184017103419,0.014287467044515407,0.11829012550837241
0.07156146040029575,0.571202994692907,0.07152124548093904,0.07142857331792081,0.07142857408721337,0.07142857582778141,0.0714285761929428
0.035714292560063136,0.03572669555016778,0.035723357615034,0.7856740086100911,0.03571430161400985,0.03573305330375873,0.035714290746875405
0.7135928568014802,0.04814595950609145,0.04771129504216645,0.04761905010994207,0.047656708201577275,0.0476190534428162,0.047655076895926164
0.02387461950506991,0.02387158508097507,0.023839973690179872,0.28274473955155727,0.02385715541986685,0.02397045334617315,0.5978414734061779
0.03581963929343935,0.5355741375928867,0.035733354523315136,0.03571428894537668,0.03573834613147867,0.03574741853403667,0.2856728149794668
0.047927660740953656,0.047769697668758625,0.04800342204332942,0.04761905219132194,0.04772346506705821,0.047619058694885655,0.7133376435936926
0.047758463025320164,0.04768117169004467,0.7133860016789666,0.0478489081542764,0.04766811731032603,0.04764511386277236,0.04801222427829368
0.07142857272489044,0.07145690929313617,0.5713673733019692,0.07142857187374742,0.07142857206199978,0.07146142836432541,0.07142857237993164
0.011974795536447811,0.1101214741986317,0.01191498016077953,0.011911381181355561,0.8302372331291097,0.011917796482201067,0.011922339311474663
0.011940027436952102,0.9284023656400698,0.011938209892095049,0.011911841349025608,0.011945164455542273,0.011940680366170783,0.01192171086014423
0.04761906228294851,0.7140692793340977,0.047697530607543635,0.04762111971215875,0.04764257472777937,0.04761905947466534,0.0477313738608066
0.01589635804474305,0.01592059691900814,0.3141927403486224,0.015950455265173788,0.01599295556173915,0.17095677690120775,0.4510901169595057
0.011933391944057885,0.08278910339464951,0.01191079787108115,0.8576482718186745,0.011905414736041526,0.011905942503527967,0.011907077731967317
0.007196815583782116,0.007155154124926112,0.00714506512503027,0.9570112870799953,0.007150182908281269,0.007181566732124145,0.00715992844586083
0.03577364054334452,0.7855517553850481,0.03572579011904857,0.035801557773547675,0.03571847196354287,0.03571436826027003,0.03571441595519811
0.014339320784993519,0.4440695919243902,0.014349836424608572,0.1451921041071024,0.35340011503572916,0.014329594609497886,0.014319437113678148
0.02381282304261015,0.43696378414335924,0.4438241351367023,0.02381056187662513,0.023917825573184424,0.023809541191313583,0.02386132903620498
0.04762382900037514,0.04761920168348407,0.04761906108656703,0.7142718025800969,0.04762756881095157,0.04761947774863052,0.04761905908989488
0.009551601947127277,0.009537108049107863,0.009535515900830049,0.9427842789201286,0.009531349062975347,0.00953097526332188,0.00952917085650897
0.007576199933597567,0.9547232089735109,0.007543061153750343,0.007552150648188663,0.0075298177263592725,0.007548023928363963,0.007527537636229133
0.035714306359698855,0.0357491067438608,0.035714303441331294,0.03572239640315137,0.7856648179915793,0.0357207682312842,0.03571430082909415
0.035714306359698855,0.0357491067438608,0.035714303441331294,0.03572239640315137,0.7856648179915793,0.0357207682312842,0.03571430082909415
0.035714306359698855,0.0357491067438608,0.035714303441331294,0.03572239640315137,0.7856648179915793,0.0357207682312842,0.03571430082909415
0.035714306359698855,0.0357491067438608,0.035714303441331294,0.03572239640315137,0.7856648179915793,0.0357207682312842,0.03571430082909415
0.035714306359698855,0.0357491067438608,0.035714303441331294,0.03572239640315137,0.7856648179915793,0.0357207682312842,0.03571430082909415
0.035714306359698855,0.0357491067438608,0.035714303441331294,0.03572239640315137,0.7856648179915793,0.0357207682312842,0.03571430082909415
0.035714306359698855,0.0357491067438608,0.035714303441331294,0.03572239640315137,0.7856648179915793,0.0357207682312842,0.03571430082909415
0.035714306359698855,0.0357491067438608,0.035714303441331294,0.03572239640315137,0.7856648179915793,0.0357207682312842,0.03571430082909415
0.035714306359698855,0.0357491067438608,0.035714303441331294,0.03572239640315137,0.7856648179915793,0.0357207682312842,0.03571430082909415
0.035714306359698855,0.0357491067438608,0.035714303441331294,0.03572239640315137,0.7856648179915793,0.0357207682312842,0.03571430082909415
0.3364554864882549,0.00794689191621231,0.007972413583681767,0.007997564819979408,0.5015242943551442,0.007980123763484467,0.13012322507324278
0.035714300369370844,0.035714299058789055,0.03571429832946508,0.03571429071268651,0.03571429284344394,0.03571429751528212,0.7857142211709625
0.035714300369370844,0.035714299058789055,0.03571429832946508,0.03571429071268651,0.03571429284344394,0.03571429751528212,0.7857142211709625
0.035714300369370844,0.035714299058789055,0.03571429832946508,0.03571429071268651,0.03571429284344394,0.03571429751528212,0.7857142211709625
0.035714300369370844,0.035714299058789055,0.03571429832946508,0.03571429071268651,0.03571429284344394,0.03571429751528212,0.7857142211709625
0.035714300369370844,0.035714299058789055,0.03571429832946508,0.03571429071268651,0.03571429284344394,0.03571429751528212,0.7857142211709625
0.035714300369370844,0.035714299058789055,0.03571429832946508,0.03571429071268651,0.03571429284344394,0.03571429751528212,0.7857142211709625
0.035714300369370844,0.035714299058789055,0.03571429832946508,0.03571429071268651,0.03571429284344394,0.03571429751528212,0.7857142211709625
0.035714300369370844,0.035714299058789055,0.03571429832946508,0.03571429071268651,0.03571429284344394,0.03571429751528212,0.7857142211709625
0.035714300369370844,0.035714299058789055,0.03571429832946508,0.03571429071268651,0.03571429284344394,0.03571429751528212,0.7857142211709625
0.035714300369370844,0.035714299058789055,0.03571429832946508,0.03571429071268651,0.03571429284344394,0.03571429751528212,0.7857142211709625
0.035714300369370844,0.035714299058789055,0.03571429832946508,0.03571429071268651,0.03571429284344394,0.03571429751528212,0.7857142211709625
0.047619065348464606,0.713963083436345,0.047626664003814025,0.04765143826617423,0.047877468422110575,0.047643220110442704,0.0476190604126487
0.020454881455884866,0.2447529595745038,0.5102200388480121,0.020412248280394684,0.020497150518954062,0.16317780375549448,0.020484917566756126
0.0575240972976667,0.0034089154349565293,0.0034059687221126575,0.9254564612713782,0.0034014293358440692,0.003401696928723372,0.0034014310093183424
0.14285714285714288,0.14285714285714288,0.14285714285714288,0.14285714285714288,0.14285714285714288,0.14285714285714288,0.14285714285714288
0.14285714285714288,0.14285714285714288,0.14285714285714288,0.14285714285714288,0.14285714285714288,0.14285714285714288,0.14285714285714288
0.3808643834253035,0.38092656473320824,0.04763728163281395,0.0476240073843525,0.047709664145913044,0.04761904940085633,0.0476190492775526
0.007990098373750731,0.37380499353616786,0.007982352546939138,0.3825762972392289,0.007988682275326434,0.008003141432633705,0.21165443459595326
0.011010117085475269,0.7706642137349239,0.011052022542472308,0.011011448013470248,0.17427407538804193,0.010997504094030872,0.010990619141585533
0.5179042585615217,0.1044461974147151,0.005532716356498981,0.3556170915007491,0.005495261685068363,0.005506967833498172,0.0054975066479484224
0.035776714344441574,0.7854019718589352,0.035873885715586355,0.03579414113800458,0.035714818445582025,0.035714298312496805,0.0357241701849536
0.013010583672103773,0.013025756269316315,0.013010724136013233,0.012987015230836707,0.17077315915460695,0.7641936206567774,0.01299914088034546
0.01597100326749903,0.015938478913878146,0.015878801301736408,0.01594484525664739,0.015874173177203126,0.22512372772441708,0.6952689703586189
0.017863068359173697,0.017860385252519716,0.01796249691801029,0.017858829316364885,0.0179001977972419,0.1983177240982956,0.712237298258394
0.023872969905135336,0.28076362473540306,0.023975021817601302,0.023822497565175477,0.5999048641657152,0.023813331988512695,0.023847689822456896
0.009545218635437022,0.009528877641991321,0.009526963945418679,0.009541197265456694,0.9427211991832647,0.009536804784742626,0.009599738543688965
0.35754115921031937,0.03573818781975655,0.03576358539032761,0.4636474371357795,0.03573750259586622,0.03577311946610273,0.035799008381848074
0.0287193299797271,0.028597296917895053,0.827644807250309,0.02863703556381096,0.02911371515574308,0.028659182736638786,0.028628632395876145
0.14285714285714288,0.14285714285714288,0.14285714285714288,0.14285714285714288,0.14285714285714288,0.14285714285714288,0.14285714285714288
0.017858903497691078,0.017888177041463022,0.6041952491681585,0.306448348068202,0.01787018845904204,0.017868178729885477,0.017870955035557887
0.014309700216738717,0.014321060948020246,0.01428915200819003,0.9142229276270444,0.014285718234316564,0.01428572078930214,0.01428572017638809
0.4014596418159138,0.017920177903903153,0.017877459874005606,0.017874955561090138,0.5089761829407009,0.017940648920618234,0.017950932983768157
0.023838587457964907,0.17535113451620044,0.023818964254490437,0.7055435785035447,0.02381091578019366,0.02380953631407368,0.02382728317353221
0.8282297198404016,0.028608817040961076,0.028571438897288883,0.028791228470501945,0.028583908704590013,0.028624557818938773,0.028590329227317655
0.8924501702602216,0.017877360552927705,0.017880871239857953,0.017873914350090045,0.01797086520079566,0.017914454008445404,0.018032364387661762
0.07142857287301957,0.5713891709907003,0.07145649686784919,0.07143602133626951,0.07143259284696729,0.07142857258937915,0.07142857249581488
0.7855020449586623,0.035854927651927965,0.035727847597049195,0.03573848473344484,0.03572001568182749,0.035730017305806674,0.03572666207128155
0.035771016943208715,0.24732977424561878,0.03575629238350656,0.28914339777804543,0.3203866082994824,0.03589464558746446,0.035718264762673646
0.43664361764906845,0.003976239263166913,0.00397203522811887,0.5434943883920071,0.003971777603048498,0.00396847255464694,0.003973469309943136
0.014295185939038196,0.3400782560153974,0.014304670772152101,0.3523137502505762,0.014440683084584977,0.014307831560521301,0.25025962237772986
0.028578056541058904,0.19091801667452352,0.46263549024173045,0.232134949544953,0.028573168990754176,0.028588880981222874,0.028571437025757034
0.047641335664855726,0.3586902170985818,0.4031844200589885,0.047624129747781366,0.04762179402698311,0.04761905188259182,0.04761905152021783
0.03571430171276572,0.5356224734822849,0.035759744098850195,0.035754855722396735,0.03587336514420509,0.035714294124465376,0.2855609657150322
0.03579831379926755,0.03573118518049785,0.035767211482763926,0.035714291446958105,0.035819225513038115,0.3447513469142949,0.47641842566317955
0.01099188836310979,0.10285626603361188,0.01099534652129469,0.06983410068538734,0.3710131413186445,0.01100504440574936,0.4233042126722024
0.03576963883971929,0.30450106859315396,0.2946690053724043,0.035737694617268535,0.035729485518845396,0.2578026769626772,0.035790430095931365
0.015874454970837476,0.6018973508255243,0.01592206744760376,0.015888933985844147,0.3186105688528185,0.015914439727731787,0.015892184189639787
0.020436548375819985,0.020428805537184277,0.020413030220288217,0.8773461163173691,0.020550642127088303,0.020408178002896286,0.020416679419353746
0.14285714285714288,0.14285714285714288,0.14285714285714288,0.14285714285714288,0.14285714285714288,0.14285714285714288,0.14285714285714288
0.020453736175216248,0.02056086312601065,0.020414575225250402,0.8772048316233555,0.020531277687247843,0.020421015415006998,0.020413700747912312
0.047699680943654545,0.047927557569038645,0.04761905776514177,0.7138858186243542,0.047623933257688766,0.047624895479111425,0.04761905636101084
0.005722070413100477,0.22214539712449685,0.5173058716826675,0.005721262511347584,0.005737714424776865,0.15635541817345244,0.08701226567015834
0.020474454308625416,0.22325350578607261,0.4956387067473022,0.0204447605056292,0.19929667727721057,0.020467201828224948,0.02042469354693496
0.07180126940001572,0.5701872312700812,0.07175425892072736,0.07142857678953954,0.07154937162310553,0.0714285848835587,0.07185070711297203
0.013005742398198482,0.013025599595108834,0.013010862590256135,0.9219962352990617,0.012987246621401861,0.012987294320393382,0.01298701917557968
0.028724737138485543,0.028628281502854225,0.34484544466541434,0.02857143488540287,0.02860941721223095,0.0288563201255094,0.5117643644701028
0.02857589792260179,0.18090303225614418,0.6758375303287792,0.028585714016676644,0.02886000047014392,0.028662368606620966,0.02857545639903315
0.18510623539658608,0.01790702974299907,0.7253392849417825,0.017876857233354516,0.017904933726035882,0.017905227908532027,0.017960431050710057
0.02052210940957741,0.20208105711649924,0.020447882561406262,0.02040871756104747,0.020522517737772323,0.6955868713123954,0.020430844301301848
0.3669781967573283,0.024037358078564292,0.023828850850863947,0.023833343279510675,0.023850785622651957,0.5135983692301337,0.02387309618094705
0.004785082853923779,0.04011996516579771,0.004765114085668691,0.9359265804898083,0.004826495100250835,0.004810460800019052,0.004766301504531683
0.04772322247106317,0.04762101341406981,0.04777394824884956,0.04761905438005217,0.3009108276706385,0.4607328716617423,0.047619062153584565
0.04780502892989989,0.047619085612477116,0.04761908591313651,0.7140995720537365,0.04761906798413092,0.04761908115648266,0.04761907835013635
0.0359093877517421,0.035714296698480266,0.035735964875966975,0.03571428981613811,0.0358069188529223,0.03583019883443435,0.785288943170316
0.015929429276285118,0.01591421116154616,0.5686838471327086,0.351642532423308,0.01590625029132594,0.015998846103139546,0.01592488361168676
0.017875638499406047,0.5247088090123961,0.017950185805923783,0.017860245875964274,0.3858310642616816,0.01789565948338753,0.01787839706124066
0.4675279388054137,0.00680953692224094,0.0068391724013122795,0.006803708878418811,0.006840158203507887,0.006841174280088703,0.49833831050901756
0.38076264215812183,0.3809365676438232,0.0478166105197907,0.047624012905662795,0.04762173377941873,0.04761937448381335,0.04761905850936934
0.03571430341218666,0.334514966381869,0.03592059917224344,0.035829022769110014,0.03573115583721084,0.4865465296671401,0.03574342276023985
0.028606541392879336,0.028586051164002625,0.028571435637550192,0.8285192490397905,0.028573738739645128,0.02857154946549862,0.028571434560633487
0.017868568562922862,0.01786477918638784,0.017865973819058953,0.8928058377778774,0.017858508655123326,0.01785859551999245,0.0178777364786371
0.014293718892789622,0.8032106696036968,0.01429444439664838,0.1253336734203732,0.014290919897267473,0.014289736400927913,0.014286837388296397
0.06342522669452012,0.5354255435062866,0.007147787534939413,0.19950445723671967,0.007165499288775428,0.18018171733991412,0.007149768398844678
0.07155004805478993,0.07144983308257799,0.5709956755247488,0.07142857413846818,0.0716338151083021,0.07149065246300268,0.07145140162811027
0.01792973034874452,0.23222263650651348,0.017908039278676572,0.017882728844674473,0.6781293695615356,0.017994000712350265,0.017933494747505153
0.017944611741125164,0.017903179667376874,0.017958538995539022,0.017863718420240583,0.4891673852039765,0.42127617219809277,0.0178863937736491
0.011931061663978915,0.011912691548316574,0.9284253540813541,0.011904763994282364,0.01192772404065077,0.01192036819818007,0.01197803647323737
0.14285714285714288,0.14285714285714288,0.14285714285714288,0.14285714285714288,0.14285714285714288,0.14285714285714288,0.14285714285714288
0.023923847857826835,0.8567561892181885,0.023849473636944694,0.02393100637754898,0.023888371730805706,0.023829634146720038,0.023821477031965195
0.2948583655126238,0.17473846131381696,0.2543801354668536,0.023949815632195986,0.023913951562248435,0.023809616639984165,0.20434965387227721
0.07142857287301957,0.5713891709907003,0.07145649686784919,0.07143602133626951,0.07143259284696729,0.07142857258937915,0.07142857249581488
0.14285714285714288,0.14285714285714288,0.14285714285714288,0.14285714285714288,0.14285714285714288,0.14285714285714288,0.14285714285714288
0.30046122737739017,0.02866185038419492,0.028724218601028872,0.028635417690863866,0.02863394048108795,0.028601959940941824,0.5562813855244924
0.01793602076512541,0.017868909024444202,0.017880771787729666,0.017857145603009644,0.8926230852541209,0.017947363898852712,0.017886703666717414
0.07148904563724354,0.07153120961172497,0.5710936157367779,0.07142857636799989,0.0714285792215761,0.07160039135348295,0.07142858207119478
0.020415281847950956,0.15682718902421644,0.020461576985923956,0.020408167407750956,0.24782837401921706,0.020428905693100793,0.5136305050218398
0.07163647384617411,0.5709723874335152,0.07167682457108261,0.0714285755153508,0.07142857728665555,0.07142858112105603,0.07142858022616562
0.45305785880455185,0.028581586468771104,0.028634617078227082,0.028571433384845413,0.028624303256109644,0.4039317154568866,0.028598485550608344
0.3013451143084502,0.15826105749473995,0.02044672154327438,0.02041031739071921,0.4586499220572279,0.02041155014254692,0.020475317063041478
0.023935756130510116,0.4791993167290924,0.023933994586103815,0.023819687628776353,0.4013262484251304,0.02386277362530862,0.023922222875078298
0.035837512079326554,0.7853301756279666,0.03587995132555816,0.035714348230037794,0.03575766781889802,0.03571429075049251,0.03576605416772035
0.07173920492425562,0.07142858591386347,0.07142858527383607,0.07142857685726639,0.5711178796344704,0.07142858431872773,0.07142858307758033
0.03571430604160885,0.36578400163409897,0.0357237707923143,0.03571686959951644,0.03609107219742622,0.03571430219219641,0.45525567754283885
0.04761908373568012,0.7140990005562736,0.047671951880281345,0.04775277549421306,0.04761905852556959,0.047619065647595916,0.04761906416038633
0.047621370048483304,0.7142723502935172,0.0476266975493265,0.04762124373135862,0.04762016471790251,0.04761904848236799,0.04761912517704393
0.020450022035014455,0.5567334867150924,0.3410656948268283,0.020408611038518064,0.02047968958300259,0.02043621667944791,0.020426279122096245
0.07142864312104034,0.5710443804735585,0.07162231638772229,0.07161886773158745,0.07142859013358052,0.07142860261544338,0.07142859953706757
0.04769105294410146,0.3809509577785053,0.3808311550058093,0.04761905067447461,0.047619052037136,0.04766967746770183,0.04761905409227157
0.008448178614832878,0.008405477423277059,0.13413614101311186,0.6046480297238502,0.22751895134736722,0.00841728460815538,0.008425937269405546
0.2097930058725289,0.7351269890089229,0.010992473330057812,0.011065230582298623,0.0109955404521209,0.01101787809523736,0.011008882658833435
0.02390529557995887,0.19876025683711843,0.023809538086657117,0.6820680992105055,0.023812103480006567,0.02382027820090628,0.02382442860484724
0.0012031553125317956,0.12269734493049185,0.001203190945120753,0.8712928511296505,0.0012008791326377658,0.0012011192592770485,0.0012014592902902992
0.27181109654477126,0.023828117419662252,0.023862910014877028,0.02381291076192808,0.023849565214927183,0.023901806339321388,0.6089335937045128
0.013007060775021971,0.5092831985259721,0.013105115372232653,0.30502861723156416,0.1335294106373461,0.013029480361258818,0.01301711709660425
0.011035160692813038,0.39441979323190446,0.11774584377527882,0.010993101902117604,0.4437272591568006,0.011067535838833376,0.011011305402252178
0.03572324862487632,0.03571429312106527,0.03573770748331923,0.035716361484415336,0.03573473234876963,0.03572842113907291,0.7856452357984812
0.32845556383911845,0.028629884169809713,0.028726255260282867,0.02879203231159442,0.02859425969016859,0.028688790532714673,0.5281132141963113
0.5110400216397043,0.03571430086075594,0.03571430002308115,0.31030357815078624,0.03572457913646677,0.03571429912156061,0.03578892106764498
0.011945313717944871,0.011912430862972485,0.01192317223168118,0.7693421409355393,0.01193662767802722,0.011926517807388575,0.17101379676644626
0.005975724206001705,0.16163184448403936,0.26145944702240415,0.005980861315239534,0.23338052371422932,0.0059707315704241246,0.32560086768766183
0.01789268498827282,0.017857156760414123,0.39605734051013214,0.5146213587168336,0.01785715019563147,0.0178571549582942,0.017857153870421763
0.014298243933546858,0.2601030066712909,0.014301548021825376,0.5673579953132315,0.11528870059583848,0.014359534235280642,0.014290971228986262
0.3650435396597895,0.21524374710644717,0.36762591540899536,0.013038036360429632,0.012997999052014104,0.013033839819715154,0.01301692259260928
0.14285714285714288,0.14285714285714288,0.14285714285714288,0.14285714285714288,0.14285714285714288,0.14285714285714288,0.14285714285714288
0.07142862585784085,0.07142862127288188,0.07150714034906112,0.07142859015703298,0.5712019581067087,0.07157645292649888,0.0714286113299757
0.035780001205035765,0.03579638272247535,0.7852322225153642,0.035928110415148484,0.035757885590260746,0.035766874285589625,0.03573852326612571
0.04761906626126553,0.047619064594932564,0.34681522222521,0.04761905396384462,0.41485810186819494,0.04779739907656561,0.04767209200998691
0.006814429673149588,0.006834024593162757,0.9590633803008233,0.006827361152649484,0.006813598608418769,0.006831151794061253,0.006816053877734825
0.028614984681064597,0.028616057301783394,0.028668932967214924,0.028571434468567223,0.028631519855165603,0.8282942215843382,0.02860284914186608
0.015899008918019222,0.01588491914473129,0.015873063159514627,0.904723820406075,0.015873019133270033,0.01587314846719241,0.015873020771197406
0.017860204753699538,0.017873624737148798,0.8927304726082013,0.01790744470430543,0.017887377004502127,0.01787122282944213,0.017869653362700716
0.07175913337194433,0.5709916388757955,0.07142861132265935,0.07153480854977334,0.07142859402615381,0.07142860876376675,0.07142860508990702
0.04761905312723946,0.047631007768196,0.7142025700801377,0.04769021505306369,0.047619050298044516,0.04761905201005144,0.04761905166326719
0.6282838313177437,0.22855865540146683,0.02858237157202899,0.02858654059337943,0.028742870861068526,0.028669589091603904,0.028576141162708714
0.5353507379280892,0.285725743909382,0.03575287566014786,0.03602407268371586,0.03571631063968226,0.03571594816736038,0.035714311011622306
0.006503003544378048,0.18295669709915105,0.006507550264110749,0.7845337361878709,0.00649435927684857,0.006496434130014859,0.0065082194976257965
0.14285714285714288,0.14285714285714288,0.14285714285714288,0.14285714285714288,0.14285714285714288,0.14285714285714288,0.14285714285714288
0.23434506507471337,0.028609361176350885,0.028571436053799915,0.02860929268058491,0.6223706138698799,0.02878931287285755,0.028704918271813352
0.2366212526796824,0.40394028822238676,0.014431855645061496,0.014349152042553602,0.3020143404729835,0.014347743704002677,0.014295367233329527
0.03578433578050507,0.035737170738273004,0.03575188171591275,0.03571434031740995,0.0357668379965996,0.7855108809285702,0.035734552522729404
0.009556232506536741,0.009556902329196445,0.009536288849404525,0.26066341773852325,0.25739111618665517,0.3529852360387591,0.1003108063509247
0.32502629829350516,0.12794456144721905,0.5060699580464931,0.01027504565705771,0.010232462001837616,0.01021952447470429,0.010232150079182998
0.02041293415130116,0.020484474293612224,0.02041598883733966,0.8774558530418392,0.020413085903290353,0.020408440581192667,0.020409223191424908
0.047619073179577066,0.38096241130202474,0.047619069732410514,0.0476190563984648,0.047619060116051555,0.38094226284108434,0.0476190664303868
0.02874088763589932,0.24474258543354396,0.028573515008758415,0.0285726820419381,0.028659717371086933,0.61213083405361,0.028579778455163202
0.02389189859148489,0.023823994254419036,0.42016870627933345,0.023812251742118352,0.023876546111558806,0.460565722319267,0.023860880701818406
0.02385168970296061,0.023820971180833574,0.0239080669867053,0.023854356585456413,0.02386588296924847,0.8568740983557335,0.023824934219062073
0.02865716167685336,0.028626321621232364,0.8281105823953601,0.02864780456753024,0.028711326315419807,0.028673075790216034,0.028573727633388002
0.01196024551457303,0.09566471416401973,0.01194781693796292,0.8446009224062819,0.011908389088277684,0.01200000188377204,0.011917910005112553
0.3489615451976651,0.1407910029154282,0.007956500872595322,0.007939147531573947,0.007985162193885632,0.478384024754384,0.0079826165344679
0.0714286004892196,0.07142859717579281,0.0714285959080829,0.07142858119390094,0.571233916736443,0.07162311609626776,0.07142859240029308
0.5709492245139286,0.07142858769464103,0.07142858658413437,0.07142857753991423,0.07166068260471885,0.07150460001538791,0.07159974104727491
0.22850156315967968,0.6285248273182635,0.028613708407842265,0.028602444034744077,0.02857143209978897,0.028601046363292346,0.028584978616389013
0.028604936222722407,0.028788804795681727,0.028668920968831595,0.42832375488133384,0.028585644790546417,0.028573220251714073,0.4284547180891701
0.011001192633591813,0.011001126219307824,0.011001084658942947,0.011025091141809792,0.011015882531545325,0.43697041617452004,0.5079852066402822
0.004473666949326261,0.3868516097619867,0.00449293749430443,0.004475107599734266,0.004480769454897715,0.33583743388067555,0.259388474859075
0.004617652518457813,0.3846919008742398,0.004634702873266084,0.00461997014644488,0.00462629569323155,0.32282892412689834,0.27398055376746144
0.028598733414948486,0.028603105525756914,0.02860205508601082,0.02867611876644902,0.35239809288422075,0.5045446353755767,0.028577258947037335
0.36064987621637506,0.028571439810453018,0.21364074498124103,0.02857143282553019,0.31135198723844837,0.028636237243130084,0.028578281684822255
0.03573557543126481,0.2907382038210995,0.03619824785152271,0.035823183721821465,0.03590791704066005,0.03580034557332683,0.5297965265603046
0.14285714285714288,0.14285714285714288,0.14285714285714288,0.14285714285714288,0.14285714285714288,0.14285714285714288,0.14285714285714288
0.7140197719072537,0.04764322804732461,0.0476190599357002,0.04761905195882168,0.04761905362375072,0.0478201196658735,0.04765971486127548
0.036089915525627916,0.03571479497565279,0.035714329986973846,0.28581717478819846,0.5350736360660858,0.035835479187096356,0.03575466947036486
0.5130012343072676,0.02857144386579612,0.02857859807471847,0.028602640429015853,0.3440141073120205,0.02861927742760391,0.02861269858357748
0.07142859264712628,0.5704321976211866,0.07168034641781952,0.07142934369738134,0.07159916816985627,0.07184667873924873,0.07158367270738136
0.015950063381759687,0.2380351248687946,0.0159022067059552,0.015927859308406327,0.0158910505405354,0.6823585832274458,0.015935111967102948
0.7854076133897729,0.035766222655460346,0.035730928908968417,0.03571429609686973,0.03583434035374596,0.03580322280748603,0.03574337578769654
0.28982077361566705,0.01194763592900028,0.011908725990920847,0.011907369371416902,0.01192329971330961,0.39807637941666574,0.26441581596301944
0.7129946121876781,0.04763633317919127,0.04787598316794503,0.047621065140193895,0.04764675000068766,0.04828091672122731,0.047944339603076744
0.7851893728319752,0.03572565636409409,0.03596381304455484,0.03571429066690601,0.03577486118240575,0.035804230048371834,0.035827775861692376
0.0357447045651175,0.03571429623450696,0.0359465341180281,0.03571428965722942,0.7853425916204065,0.03574131443870365,0.035796269366007834
0.02043754585584624,0.020429438021684693,0.02043994048402689,0.020428649403708164,0.4814415398315202,0.4163083317337649,0.020514554669448886
0.014313929842440109,0.014329106041496809,0.9140212414534739,0.014287395442469618,0.014376175878321998,0.014386426769790787,0.014285724572006926
0.20194809609416262,0.03613850177204137,0.03618872571451855,0.03571429829939864,0.03575663722743045,0.035714315462741564,0.6185394254297067
0.03575358819072287,0.0357621987253757,0.035715328762562906,0.2857013666752876,0.5356042213971608,0.03571744393117995,0.03574585231771012
0.01794023847604979,0.01785715111680616,0.017911527868343744,0.017974275063559947,0.8923730521973127,0.017866663374864908,0.01807709190306285
0.028643230882616628,0.02870893856046132,0.02857145930654482,0.6392975549021604,0.02857563843987008,0.02859810950046211,0.2176050684078847
0.07158125750826033,0.07142860160190243,0.07142859997560674,0.571275759452809,0.0714285876722901,0.07142859813794374,0.07142859565118773
0.7852842133844411,0.035732973980728375,0.03597507077445286,0.035714767317460955,0.03582225596655942,0.03574509937499529,0.035725619201361934
0.047987158713086085,0.04761907687827184,0.04761907526631801,0.04761905869661966,0.04761995282158629,0.7138929167207068,0.04764276090341132
0.0034185261185594646,0.003415445275813448,0.0034069186305037543,0.003407270014046366,0.4646404607975658,0.5183034635010559,0.0034079156624551936
0.03573419603045695,0.28570821872815466,0.03578187358926997,0.03571429030961114,0.0357148318176563,0.535588672044424,0.035757917480427066
0.5611754887951306,0.011028754825216444,0.3837259316486612,0.010990426173177189,0.011005314378496134,0.011042642441336176,0.011031441737982312
0.035793799026128836,0.03571535086107497,0.03571429465060804,0.035714354804577776,0.38829258239486364,0.4330173518384143,0.03575226642433254
0.8567190241742902,0.02402311884496405,0.02380953409269218,0.02384709843168495,0.023895901706924145,0.023876325397645486,0.023828997351798824
0.5588036463220306,0.023831362915109757,0.02382014488427033,0.02380965076222105,0.023932644725930936,0.3219108859368378,0.0238916644535996
0.07175714389064106,0.07148751085804263,0.07142858756250342,0.07142857816707078,0.07142858058842026,0.5710410137028421,0.07142858523047967
0.008952376449671194,0.008937488055928802,0.008931175285469394,0.008928680398765654,0.9463464661555846,0.008944585959856229,0.008959227694724152
0.028604574996027855,0.02858732298599703,0.028614059010042162,0.22852787433903682,0.6284175607162674,0.028639093031225214,0.028609514921403595
0.028624536105752548,0.02857758028518697,0.02864203331727278,0.22855741000497048,0.028596977464257687,0.6282656072881823,0.02873585553437733
0.28757019149815155,0.5334799581758081,0.03577622687765413,0.03585029993290076,0.03589392607492588,0.03571504789917872,0.035714349541380974
0.07142859660557845,0.07142859388760318,0.5714284652499703,0.0714285798895973,0.0714285835426296,0.07142859129854152,0.07142858952607975
0.48927319948897,0.014351884197087947,0.12136541207054699,0.014285984143231557,0.3320783578887907,0.014337281230097166,0.014307880981275674
0.4681464569562146,0.03595201002289283,0.035714297853074777,0.035714423267320605,0.3528941054750082,0.035776683458087266,0.0358020229674016
0.03577706924319327,0.2857200180696157,0.035749646146740796,0.035748634416136384,0.0358569281738419,0.2856071492774196,0.2855405546730523
0.04775028355895633,0.04766731657759227,0.04769929866252289,0.04761905113449889,0.047627324268776784,0.7140176706355876,0.04761905516206516
0.020418096858107002,0.16879546674174312,0.020408241227281333,0.020446644587755938,0.7290408645903672,0.020411633205571683,0.020479052789173603
0.38331067234585875,0.023837336999893308,0.023809535193993883,0.49739420967618847,0.02392122283328428,0.02391250472247557,0.023814518228305732
0.005988249506725587,0.005961335585659068,0.005960621312415536,0.005958243379456455,0.8743912847785521,0.09576662814190594,0.0059736372952853885
0.1766371210576465,0.5740229281965387,0.009549362916808517,0.009530614957232713,0.21116464183094275,0.009561710670267608,0.00953362037056328
0.29042946275051656,0.09672545353322336,0.006242921670753096,0.19930682065597521,0.09879776180818273,0.30225903258357595,0.006238546997773076
0.03577277773727549,0.03572579066546507,0.525600188566539,0.035714290572299114,0.03574352211210938,0.03583753857097811,0.29560589177533386
0.035723790688582224,0.29858705731272445,0.5228319940083122,0.035714287899737324,0.03571428883386719,0.03571429086016759,0.03571429039660903
0.16418217141783473,0.01593350157008384,0.48560479600378276,0.01587302118773805,0.15008062562078342,0.15241396503960988,0.01591191916016728
0.03572149296145807,0.035714610468137516,0.03574834127146478,0.03587515074634434,0.7853566531001313,0.03583299480787669,0.035750756644587316
0.07148469246909046,0.5711841510463121,0.07159105386788116,0.07142858487562487,0.07145431425258235,0.07142860312808355,0.07142860036042568
0.020420162175717106,0.2911271538672445,0.020420020436496465,0.3276235575657478,0.020446379791528177,0.020408172796743004,0.29955455336652287
0.023837381748625607,0.02382311088516415,0.023857438018779913,0.023809526847664637,0.44993098190712716,0.0238999351740567,0.4308416254185819
0.07142860533529471,0.07142860246681534,0.07142860096139474,0.07142858305988065,0.07142858801072254,0.07142859929516783,0.5714284208707241
0.017880978371323332,0.01789292713186779,0.017908550020764327,0.017857147599258223,0.34263201093650103,0.017979510761905064,0.5678488751783802
0.05296725491042657,0.022614180716348603,0.002271468940633031,0.8832686579524054,0.03433205821906849,0.002278206247053827,0.002268173014064136
0.04762462300896495,0.3809506530074536,0.3806945983103604,0.04761935814048895,0.0476450954005814,0.04780150168348719,0.047664170448663466
0.028663511683420028,0.02858552316473844,0.028577439970613346,0.02857143132517332,0.028699486365685856,0.8283123611346329,0.028590246355736103
0.04761905997187735,0.04761905885553732,0.047664127169766445,0.04761905189800768,0.7141392402654717,0.04768660450025065,0.04765285733908884
0.7851559813345405,0.03577529692905179,0.03583714958773877,0.03594500345402544,0.03572044123751861,0.03576042005276668,0.03580570740435817
0.14285714285714288,0.14285714285714288,0.14285714285714288,0.14285714285714288,0.14285714285714288,0.14285714285714288,0.14285714285714288
0.017875015790263894,0.017869288564724337,0.01791562141724296,0.017960908215262233,0.01790575196675106,0.40278783945992785,0.5076855745858276
0.014319261798317296,0.01428571756539033,0.014293811076147451,0.014285715514998899,0.914144783470011,0.014352509913034188,0.014318200662100747
0.017876074079985406,0.441007337439522,0.017928624840961083,0.01791370858088333,0.017964563138603593,0.46940123389660354,0.017908458023441272
0.2695760568438867,0.023835185019907647,0.6112068415692062,0.023814526079625743,0.023827351874074948,0.023840267999583727,0.023899770613715107
0.014301857773696077,0.014320094526402413,0.014408634015023035,0.21351536705732918,0.2847616475448552,0.44439619759491544,0.014296201487778814
0.6956362441609075,0.1852587088107329,0.023817179917837657,0.023809671660425087,0.023833252044224255,0.02383532798621661,0.02380961541965586
0.009539585351279705,0.009539517583102453,0.9426989959066243,0.009545314361548575,0.009539198314133635,0.00960371411314345,0.00953367437016797
0.5038956409999917,0.023809532878074843,0.023964248617750136,0.02381122200544213,0.02392763879592532,0.023898262966556588,0.37669345373625923
0.0286069132187935,0.028571770579692582,0.02858517961524511,0.028571434418893198,0.02863176549579383,0.5702694083379508,0.28676352833363106
0.03581855578236992,0.03573395467123189,0.7854992572021736,0.035724598808113316,0.03574664467210189,0.035734640451458875,0.03574234841255036
0.0287793491650095,0.028620476375858076,0.028571450080268092,0.028640441268092866,0.02877518958329987,0.028621988672843643,0.8279911048546279
0.0358601231009558,0.03589812872415687,0.7851829036172232,0.03571428833982933,0.035759837366811265,0.03571429220755201,0.03587042664347162
0.07172510915388017,0.07143137371219298,0.0714285844537194,0.07142857659012437,0.07142857902861284,0.5711291945848173,0.07142858247665304
0.047619069626237895,0.047619067555646065,0.04782057975301234,0.047619055144251056,0.04761905844747385,0.04796638400470598,0.7137367854686729
0.020467562902123523,0.5618954619362807,0.3359353178987269,0.02040854739591389,0.020421963958773423,0.02042948688304556,0.020441659025136047
0.03574990080851264,0.03571431111891798,0.03571852370317595,0.035804361353618135,0.785525109723906,0.03572027499440747,0.03576751829746188
0.07142860873290385,0.07142860521349621,0.07142860341110284,0.07142858414169521,0.07142858955728766,0.07142860149855255,0.5714284074449617
0.028571649154577338,0.22838086437966715,0.628692829888666,0.028576272938690084,0.02858485054773463,0.0286158269682628,0.028577706122402024
0.04770526438492368,0.04762494774900736,0.7140769966001176,0.047619048971038705,0.04768911754809384,0.04763622979593552,0.04764839495088331
0.5181328906856177,0.020408486518293585,0.020429793414725065,0.020408168005168436,0.02059685425474038,0.0204956877117256,0.3795281194097292
0.028580455617577043,0.02867434715426036,0.02860460976187464,0.8284066803258539,0.028577536675985418,0.028580373503793617,0.02857599696065494
0.035748758839923955,0.035714316011779185,0.035739583128179785,0.035717348510199705,0.03572747827725629,0.785434741613861,0.035917773618800115
0.006817173486904724,0.006814725180007144,0.006808326203093609,0.006822577023157796,0.006829351567533737,0.9590906908679363,0.006817155671366669
0.03583811200456264,0.0357501995166149,0.03575128101335933,0.03585409055188162,0.7852274387117565,0.035821023435139945,0.035757854766684985
0.014304988214708447,0.014285805060487482,0.5065873164774742,0.014341691069855432,0.42183435339366215,0.014307067027797224,0.014338778756015125
0.047648238487970486,0.38050006670467185,0.38093615542724824,0.04761905842791666,0.04765895157412464,0.04779594918664842,0.04784158019141978
0.03588186278838961,0.035776441224458014,0.03577352495242036,0.03571429163842215,0.035753258787237,0.03599547214820457,0.7851051484608684
0.07147576600327131,0.0714285836169997,0.5713813329926151,0.07142857600780224,0.07142857795806373,0.07142858218372235,0.07142858123752549
0.5712699084064582,0.07142858649779918,0.07142859190277638,0.07142857708184562,0.0714285794933763,0.07142858481962265,0.07158717179812162
0.007963762232235026,0.007945542759129594,0.007967685428029109,0.007948267893602496,0.8529273991753816,0.10725833537282577,0.007989007138796118
0.5354664305322897,0.03576306027951888,0.035721132685057555,0.03576253604956584,0.035775806915760655,0.035922945234081946,0.28558808830372545
0.010350236977907696,0.4981207545022002,0.010207532917586365,0.01020436237888486,0.45064693644219433,0.010217667671578796,0.0102525091096478
0.028660611970733135,0.02868177283544974,0.028571441023812996,0.028571433452007446,0.028669038632323264,0.49229153958937805,0.36455416249629546
0.10242302817876864,0.18997067487881578,0.01588388134175325,0.0159321668160314,0.3704155534986931,0.28941015264524,0.015964542640697982
0.30606487131702836,0.5916286927737623,0.020580904474913952,0.020416447264692914,0.020454723188458885,0.02040817053257393,0.02044619044856956
0.023821847948337603,0.02406620739527154,0.8566177729323556,0.023859301427492485,0.023926707005345348,0.02382791620911242,0.02388024708208494
0.8284558324507534,0.028579245228794212,0.028571433675884526,0.02857143061709062,0.028656722763446565,0.02857350902904454,0.028591826234986194
0.03583992333411412,0.03589028108343021,0.03581755091260596,0.035714563003309954,0.7850023198032658,0.035880402384087046,0.03585495947918685
0.023820815569735202,0.023837325613394942,0.42418605985087593,0.2615895841359992,0.02382252270964582,0.023880012376847403,0.21886367974350127
0.047619097704097314,0.04774438688086289,0.7130726030964096,0.04816352844849934,0.047847093245912645,0.04786597049621598,0.047687320128002336
0.011920855460534254,0.01190883280036932,0.011918169252383433,0.011905533810294144,0.011921710934114278,0.9284812689336214,0.01194362880868312
0.7129205828706631,0.04822503141759805,0.04761905751612476,0.04767756259442168,0.04765406654037712,0.04814201763300414,0.04776168142781117
0.07142858796388445,0.0714285864210975,0.07142858560574815,0.5712675342886748,0.07142857949411607,0.07158954271228306,0.07142858351419587
0.04761907968862634,0.04827923776147763,0.7135492764251368,0.04761905867863324,0.0476395786576562,0.04764679237068354,0.04764697641778604
0.02040817705055402,0.19155260228820165,0.020452519205893183,0.020460023931648735,0.020480260390393194,0.7061458427588029,0.02050057437450632
0.04800073078352938,0.0478319381969091,0.04763351018490132,0.047619052153103775,0.7135572598459583,0.04773845137754511,0.04761905745805303
0.24091946606596354,0.00795702695787998,0.007976634903589764,0.007938026947269026,0.08752748802545963,0.21965020903591562,0.4280311480639225
0.19042441804055035,0.02384429875529767,0.023854760975966147,0.0239809475854663,0.3021926665743046,0.02388104763919829,0.4118218604292166
0.4190965692080277,0.04761906476906382,0.34272293786248176,0.04761905405757746,0.047619056801920266,0.04761906280652062,0.04770425449440825
0.028790481408040202,0.028745742230475702,0.028650945106082938,0.42826669598424255,0.4283190085658664,0.028597421318979434,0.028629705386312872
0.023858909301798757,0.02381593446105906,0.4216822543749367,0.02381353303441068,0.26665733414790216,0.02411036636276617,0.21606166831712645
0.015923812456793262,0.39358123267461925,0.01593317480576681,0.5268977055323167,0.0158905126335329,0.015878586519152704,0.015894975377818307
0.011072527209559691,0.01100509225446969,0.16670484546502354,0.01102319583096312,0.011049167950068464,0.33179210637381995,0.4573530649160955
0.020529059563050192,0.020515615338784633,0.020674597797715574,0.02049949338718434,0.020460215656935912,0.02047097028568013,0.8768500479706491
0.0476955846222021,0.047784072967927506,0.7138348917744219,0.047701462126288015,0.04761906206845091,0.04774585721484929,0.04761906922586027
0.020446878962024247,0.6070435623667658,0.02043629118043143,0.02040865058944329,0.020442999090708864,0.020443826953300395,0.2907777908573259
0.014419356921474008,0.41748915640004086,0.5106876964064968,0.014376914388610334,0.014297235053421108,0.014321492103431099,0.014408148726525741
0.14285714285714288,0.14285714285714288,0.14285714285714288,0.14285714285714288,0.14285714285714288,0.14285714285714288,0.14285714285714288
0.02858452733208561,0.02857143507349326,0.2400948009501717,0.028571616130226428,0.028573426947459343,0.6169563562607719,0.028647837305791832
0.23120264462975534,0.017859243683590115,0.01785857026920435,0.017857146052559496,0.5270981279147476,0.01797362539223555,0.17015064205790761
0.023809552597813578,0.023823186126816862,0.024039942614871152,0.02386179901876438,0.8567938375573837,0.02383602927590899,0.023835652808441337
0.04792785277924464,0.04788063928233044,0.047997877974789625,0.04767707998587415,0.04772354727835567,0.04761906312014148,0.713173939579264
0.006510710680746007,0.006502127091846855,0.09990342486795968,0.05344829748471255,0.22905171495830132,0.5980662086566244,0.0065175162598090685
0.035788713678923514,0.035744128380397935,0.32086799278846057,0.035714290389470334,0.03575801192099858,0.5003377857784362,0.035789077063312774
0.2597600065988819,0.20582813960311078,0.023824106668211362,0.02381255316727267,0.02405644512115775,0.023830135955101726,0.43888861288626374
0.3186121176525773,0.5026552429215252,0.03571430862075354,0.03586759340915449,0.035714298571679744,0.035722133822688906,0.03571430500162095
0.07147576600327131,0.0714285836169997,0.5713813329926151,0.07142857600780224,0.07142857795806373,0.07142858218372235,0.07142858123752549
0.0715577002696479,0.07142857473367127,0.0714717281277556,0.0714898622132227,0.07144869533822805,0.5711748652280264,0.071428574089448
0.00651187893691552,0.14950001916488107,0.00653146901196328,0.006494167754728678,0.006537002770993767,0.6102013091838427,0.21422415317667504
0.014344436017728147,0.014314497344775037,0.01433446135668297,0.01428572521150138,0.01431718404254732,0.5984162759616829,0.3299874200650823
0.07172510915388017,0.07143137371219298,0.0714285844537194,0.07142857659012437,0.07142857902861284,0.5711291945848173,0.07142858247665304
0.7852817956389366,0.03572747867672963,0.03572008711343944,0.03571428832074575,0.03578197215304639,0.03574800909238007,0.036026369004721996
0.02042466170946685,0.8775194362930178,0.02041976641804225,0.020408442244891075,0.02041132875912632,0.02040816674467546,0.020408197830780284
0.04765196373802792,0.047793686918779985,0.04761906536831719,0.7139829155261375,0.04763082145658864,0.04766836060068565,0.04765318639146317
0.07147602279292418,0.5710732200803318,0.07151716075133542,0.07161482840064855,0.07146066111101641,0.07142857383870269,0.0714295330250409
0.20445212931191695,0.028734308568897984,0.42809595564308967,0.02874952466525174,0.028705739512401535,0.028583438486757238,0.25267890381168495
0.028637867413526887,0.028571434789767935,0.02857627015889274,0.028571430874438707,0.8284085492969756,0.028601029948228385,0.028633417518169717
0.014290137423240652,0.7142535539816771,0.014290391414577133,0.014285790817756031,0.014315788140649327,0.014339352346275657,0.2142249858758243
0.21058286775775356,0.014296654474070948,0.34460365257376674,0.01428884806313162,0.014341594739414201,0.014325140254674134,0.38756124213718873
0.02384753510630282,0.023809770805411964,0.023846712495854808,0.19043087673772488,0.5060917852290419,0.20809479586131963,0.023878523764343927
0.5224299570714006,0.028583996061925417,0.028704561939537302,0.028571431071512582,0.028694328911101488,0.028603564208591684,0.334412160735931
0.07184158347760286,0.0714286485749671,0.07142864597167685,0.07155220548686393,0.07142861285503857,0.07147703697061589,0.5708432666632349
0.03590447427441457,0.03578757254845934,0.035777855790806105,0.0357910921862468,0.7852609350012295,0.035755076404942576,0.03572299379390114
0.023876191941430105,0.26890048572939,0.0238095383270331,0.47708664576481075,0.0238133049854442,0.15864844014105323,0.02386539311083862
0.014364695545695524,0.4020790216929041,0.014306868640856086,0.01439138248881382,0.014292727946698012,0.5262159077326894,0.014349395952342962
0.047726328201476556,0.04761906239946918,0.04763624863818645,0.04761905317304495,0.7139670970050755,0.047619060813096345,0.047813149769650995
0.04761907691455888,0.04761908425556463,0.0478649296763389,0.047619057698786035,0.04773194453545071,0.7137683667544488,0.04777754016485189
0.35622994161275506,0.017868743111019676,0.01794659059089953,0.01797962796192529,0.3508792009955583,0.01787653238449004,0.2212193633433521
0.15241998595402953,0.014326206515409674,0.3668145827267375,0.4235204352669215,0.014296725656886949,0.014304040302873895,0.014318023577140793
0.03571432844020102,0.03574039857241131,0.03573866028295239,0.03576262272664483,0.785456173849899,0.03571432030535696,0.03587349582253449
0.07182472884700616,0.0715282965958501,0.07174564886145775,0.07142858462740113,0.07189137343687504,0.07173595318650125,0.5698454144449085
0.03572626403606185,0.03575940638540595,0.03571429443204807,0.03571647417324559,0.03571606846643827,0.7856201700746853,0.03574732243211492
0.023951225854523552,0.023842298629890863,0.02387405980327978,0.02404590371432591,0.02388245111843084,0.023825770838643054,0.856578290040906
0.03571433266074126,0.035714290891317634,0.035717636449062694,0.035769189799223874,0.7855816832707886,0.03578857704151401,0.03571428988735197
0.007522520293279479,0.00752880512280861,0.06258778016895494,0.0075228167289723025,0.15089820435027088,0.7564153920023838,0.007524481333330026
0.03574126487711952,0.03571429179999737,0.03574906154723634,0.03572225082969675,0.0358154723092476,0.7855182271329842,0.03573943150371817
0.07161341555023516,0.07142867454527523,0.07142858348348304,0.07145198831156202,0.07143900546350375,0.5712097510690843,0.07142858157685653
0.010241362843981703,0.38634068737709776,0.562545389292316,0.010227201781263219,0.010213643756219063,0.010217894746627612,0.010213820202494676
0.9141473425431906,0.01429357806537246,0.014304651286198927,0.014286676636705872,0.014295266220046517,0.014322197957080474,0.01435028729140506
0.006233811494701042,0.006219719399314277,0.17038900495212214,0.006211558475884554,0.6002029125080993,0.20449537130071557,0.006247621869162979
0.07156006265285916,0.0714285750896847,0.07149416506540418,0.5709300971278067,0.07142867089276898,0.07152909160935345,0.0716293375621229
0.028664561506743826,0.028580802161394563,0.028640492600307065,0.028719986438878915,0.02866203044646178,0.4440879699918956,0.4126441568543181
0.04763456633340186,0.7139977008267167,0.0476605902677288,0.04762667552081015,0.0476261862504126,0.04783520664323793,0.04761907415769194
0.0357538225332381,0.035737119377184205,0.3216917545256185,0.03588742068364231,0.03571831766562626,0.03571430272988877,0.4994972624848019
0.07165004862773922,0.07142859196388411,0.5711598943817028,0.07142857908688821,0.0714285824288801,0.0714285894425405,0.07147571406836513
0.017892282658426756,0.017861237103371543,0.01785765202138551,0.7596214824214663,0.017857148033524586,0.15100489814654217,0.01790529961528316
0.04789416021679703,0.047619071319389646,0.04796822666260275,0.04761905649524121,0.047619060615496894,0.04780743182167603,0.7134729928687964
0.8566412687086207,0.02389131988550766,0.024011402354858723,0.0238164560886919,0.023810841811177885,0.023988931303664793,0.02383977984747823
0.07142857501701803,0.07145242638735952,0.07143063173773098,0.571396350970117,0.07142857320058466,0.0714348686029261,0.0714285740842638
0.07142862921961796,0.07142862439658276,0.07142862166078172,0.5714282931012317,0.07142859962617683,0.07142861814504232,0.07142861385056679
0.29583982344428383,0.03589588936530171,0.03583091060656745,0.03591292438409007,0.03589690160134221,0.5247174723318933,0.035906078266521625
0.3490503167593552,0.008964141243596825,0.12458663830020543,0.3079310239023103,0.008954702616407502,0.19157539752877098,0.008937779649353755
0.28564643025419306,0.035714320852514164,0.03571432151518545,0.03571429869209185,0.5354798120019947,0.035714316430571845,0.036016500253449074
0.020477734419048987,0.020418700867219492,0.02041436175801681,0.02040865893326214,0.877385782598415,0.02046937107566627,0.020425390348371306
0.02859926899238337,0.30256775047881257,0.21765467321782744,0.028619674572136426,0.365326435180416,0.028627777721583144,0.028604419836841102
0.028579019532749644,0.0285714347484041,0.028584250282198246,0.028571430884959927,0.02869717600380331,0.8281599862014264,0.028836702346458288
0.035779103803254685,0.3207500169820873,0.035718415994884664,0.03573513093190667,0.03571481108377671,0.5005032889394814,0.03579923226460852
0.028587502980528798,0.028657746099211977,0.028613946000199154,0.02857159145989596,0.028715728556378394,0.5261902936030389,0.33066319130074684
0.020417332112458525,0.020410973788374063,0.020412752333104234,0.877513431703181,0.020408172841183844,0.020415177686414036,0.020422159535284198
0.011085099689185722,0.010993931511036835,0.010991144798203447,0.011003965762314076,0.011006615002374877,0.011052106353922456,0.9338671368829625
0.020433216987499635,0.020427372971612096,0.020487069575103888,0.3645600207155229,0.533144919673442,0.02047096686061637,0.020476433216203023
0.0357617311610074,0.03578695669558185,0.03578375642117974,0.035737973934962954,0.035722501919623215,0.785491616600011,0.03571546326763383
0.011023287306216536,0.010999906805524767,0.24052987549539973,0.010989434866323878,0.7044247919386002,0.010996672279520947,0.011036031308413822
0.01430632376384603,0.014290665922623355,0.01429808884348331,0.014304575496200017,0.01432123041397824,0.647293334785699,0.28118578077417006
0.5710070642051314,0.07142863176393616,0.07178997244732468,0.0714884838193537,0.07142860346423818,0.07142862474999262,0.07142861955002336
0.015948599134963982,0.560131400038508,0.01588169997165683,0.3604087540982011,0.015876828640260764,0.015874615114179362,0.01587810300222977
0.028576536600255036,0.028589195020523036,0.2566850497966159,0.02857143201263343,0.028585102889319515,0.02861466249257325,0.6003780211880799
0.38074721608199585,0.38077825689240397,0.04768958873634929,0.04761905046733263,0.047633397978742255,0.047722156649490116,0.04781033319368605
0.02381448858178619,0.02380954631560629,0.02382040879258048,0.02380961059449549,0.023980064819808564,0.8568490458817111,0.02391683501401191
0.035935291616888666,0.03575093492139884,0.03576989242854519,0.5227173289511856,0.03573475745146257,0.29822077993473656,0.035871014695782535
0.01587708132055271,0.1475036705351358,0.015904668770347467,0.7730684019234089,0.015877671419079562,0.015893956036317193,0.015874549995158322
0.035714286462569224,0.03571428640625797,0.03572272149253148,0.035714285970001966,0.7855557023469197,0.035726234444829655,0.03585248287688985
0.29406202848410895,0.011970658461721849,0.011912465552662907,0.6461992555751381,0.011960062651115124,0.01194045790194321,0.011955071373309558
0.014336702451271305,0.014320924866754545,0.6141885826110212,0.014295490271015815,0.014340745130143008,0.31420682280809364,0.014310731861700513
0.017882720248761433,0.017866309295315172,0.01788411083668835,0.14280535682398127,0.464660882121536,0.3209737812111861,0.017926839462531673
0.023816595698037395,0.023823223689909665,0.023809583856680566,0.8571024709928123,0.02382905577260623,0.02380953534897543,0.023809534640978288
0.015975937915609677,0.015892909788179897,0.015920012874767603,0.34909973199307615,0.571289909589126,0.015873049856979883,0.015948447982261093
0.5136872158761902,0.014312314198317704,0.01432414286463302,0.21420252931414704,0.014422564810392537,0.01432419005817678,0.21472704287814273
0.14452722810621263,0.01192784985571445,0.01191200088395881,0.01193274850954525,0.2959344320494646,0.2256467533440253,0.298118987251079
0.8926067534444493,0.017879948223355643,0.01803462763237609,0.017858701195334538,0.01788002515027999,0.017859698830699513,0.017880245523504805
0.07144582278320703,0.07142908014164673,0.0714285763369086,0.5713780647132076,0.07145980109161952,0.07143007935401353,0.07142857557939682
0.07142861443517337,0.07142861079674538,0.07142860877983451,0.5714283638234271,0.07142859262269571,0.07142860611223885,0.07142860342988509
0.047619064184529915,0.047656001982176316,0.047619061849037234,0.7142486956020352,0.04761905570637288,0.047619060927775604,0.047619059748072866
0.007538656131185669,0.007574429734396837,0.2263195557747059,0.4110287975819894,0.18757339196189493,0.15243860851262153,0.007526560303205594
0.013006028427783931,0.012993910185960992,0.22296270821491956,0.012987015639131636,0.7120105824277745,0.013013859157888937,0.013025895946540359
0.018048603846207784,0.14285920548968417,0.0178687712705793,0.01785854835490197,0.7675577379832655,0.0178791191180764,0.017928013937284788
0.14181526491656088,0.4233643955008471,0.008420601239205298,0.1924397792921971,0.21708566034518748,0.008438020152419444,0.008436278553582914
0.020509841089653164,0.020419000498957587,0.020518911081220555,0.02040816724215996,0.36842598060875564,0.020486818743650576,0.5292312807356024
0.14285714285714288,0.14285714285714288,0.14285714285714288,0.14285714285714288,0.14285714285714288,0.14285714285714288,0.14285714285714288
0.014319650521662727,0.11348565410120309,0.13123257174393546,0.01433870501275305,0.36182082028252666,0.35049230010138965,0.014310298236529509
0.03574078905982017,0.7852599479807044,0.035761545014955216,0.03571429027804125,0.03576815605232569,0.035714296556601625,0.03604097505755157
0.007154457075979413,0.00715391122981668,0.311246399557953,0.007163237635506205,0.3180152067560667,0.2610768155206333,0.08818997222404458
0.047723191978797715,0.3807904716041106,0.04761908894139393,0.3809522031971149,0.047676874313010514,0.04761908634668966,0.04761908361888259
0.020480925560122296,0.020408169826991226,0.020429070121429794,0.020426953363954534,0.7747967983273958,0.1230022583980469,0.02045582440205952
0.02068702790475838,0.020415290874146143,0.020456331841759035,0.020408169705121378,0.8770461983755943,0.020466983058696358,0.020519998239924418
0.017911013705574946,0.4654251664491537,0.017946542931691758,0.017867812021380658,0.017943864749132565,0.31083487338259913,0.15207072676046735
0.7856188654578572,0.03572898349548657,0.035732316457926176,0.035714288235225405,0.03572272362504483,0.035735595415390814,0.035747227313069126
0.02862357417851318,0.2357115020752413,0.028599448815066996,0.22886930090957439,0.4209304354222881,0.028571591193457996,0.028694147405858152
0.2706823994386307,0.2856078868520781,0.0357143791356331,0.30058353460357273,0.03576438199227503,0.03582411708404034,0.03582330089377
0.07142861697843957,0.07151291584437389,0.0714286104826433,0.07142858710561836,0.5710977090516975,0.07150468660443096,0.07159887393279625
0.04770792809123468,0.047812841348615666,0.048035540382958396,0.713586481203251,0.04761906343797113,0.04761907373061106,0.04761907180535791
0.5712628838045753,0.07149482405217762,0.0714285780037819,0.07152798432140167,0.07142857516519498,0.07142857761562518,0.07142857703724338
0.020523400102998995,0.020501782764727663,0.020414573511355578,0.8773337206602585,0.02040920297122553,0.020408174167028004,0.02040914582240576
0.03586584472649779,0.03571488713446267,0.03572460836642997,0.03571434027346822,0.03579529104014476,0.7854504816654004,0.03573454679359614
0.14285714285714288,0.14285714285714288,0.14285714285714288,0.14285714285714288,0.14285714285714288,0.14285714285714288,0.14285714285714288
0.07147576600327131,0.0714285836169997,0.5713813329926151,0.07142857600780224,0.07142857795806373,0.07142858218372235,0.07142858123752549
0.008960602116540019,0.008948462206345865,0.008988042239270263,0.07738332397646444,0.4340422178727987,0.452735906121443,0.008941445467137654
0.7133543918431194,0.04780243252505279,0.047746938233388395,0.047619053495964084,0.047755366990203996,0.04779532814674699,0.04792648876552441
0.015912502827975884,0.015873023264781894,0.015968454222851692,0.01587832225648744,0.9045029431892915,0.01594985499914475,0.015914899239466727
0.047619097350690934,0.047619089718307854,0.04777228084153021,0.04761906333164348,0.04770680994100295,0.04761908452052932,0.7140445742962952
0.0714285869302518,0.07142858539538147,0.07142858479868125,0.07142857678913658,0.5714284994205328,0.07142858386463687,0.0714285828013793
0.028764592547367795,0.02857322985278147,0.02857656278925786,0.8283318342885544,0.02858791087047975,0.02857950623314119,0.02858636341841767
0.0238423188417978,0.02382845680134127,0.023815714103205283,0.857045783095279,0.023821692489131276,0.023830019442776136,0.02381601522646928
0.007542291301654887,0.007528301084375158,0.007529590816532462,0.4016692989141877,0.44862325009264026,0.11954162765218794,0.00756564013842161
0.023915680749758358,0.023845669157705904,0.023817957465407692,0.023809530699995668,0.02389508619525461,0.6902661415460816,0.19044993418579625
0.285586569408104,0.0357315343944767,0.035714728007925245,0.5356841831102016,0.0357855306385721,0.03571560910060151,0.035781845340118947
0.2701717602146042,0.02042146792393702,0.020505815208530512,0.020435472324089318,0.6274499919908674,0.02058952902051818,0.0204259633174533
0.07142858536185935,0.07142858412368434,0.0716747226923121,0.07142857617639116,0.5711823673073355,0.0714285827072127,0.07142858163120498
0.020623770819506587,0.020408171559538012,0.02041434653552796,0.020422482251791604,0.7320151888815586,0.020423787355381248,0.165692252596696
0.04771516965846445,0.04761906049175005,0.7141543278155987,0.047619052484855096,0.04765427137288468,0.0476190601108076,0.04761905806563946
0.07156599224097443,0.0714285768012646,0.07142857645039938,0.0714345825900746,0.5709573307256336,0.07175636549474967,0.07142857569690363
0.07153657244095406,0.0714285762732209,0.5712446175820202,0.07142857325570935,0.07142857422011994,0.07150451085259044,0.07142857537538522
0.014296787166301743,0.5974754015014214,0.01428886509733965,0.014326572521587394,0.014287973782690193,0.33103100352746667,0.014293396403192818
0.3808372361058366,0.04761906225292344,0.3809616162251505,0.047619053118987,0.047619183313348995,0.04761906301795678,0.047724785965796705
0.5791692313729533,0.028664985268045486,0.02861424882312142,0.277665177863409,0.02863248949933231,0.02861306907603116,0.02864079809710746
0.14285714285714288,0.14285714285714288,0.14285714285714288,0.14285714285714288,0.14285714285714288,0.14285714285714288,0.14285714285714288
0.02857208642240017,0.828528855679026,0.028571443745157722,0.028571465190568447,0.028590121666363724,0.02859457462020663,0.028571452676277285
0.04772467455598831,0.04761908906191476,0.04781581840576977,0.3808410655059419,0.38070395195372936,0.047619084471852154,0.04767631604480379
0.6155181566476352,0.015937851121155366,0.015902070462046274,0.015911285077592777,0.30486778679784887,0.0159560402375831,0.015906809656138214
0.035714302113151374,0.03611708236868676,0.2857186953581582,0.03571429127417768,0.03579760668628757,0.035969621543949386,0.5349684006555889
0.5712522346012293,0.07142861671646657,0.07142861397052801,0.07160472011180832,0.07142859557961657,0.07142861130748593,0.0714286077128652
0.07142871098922796,0.5710154188185439,0.07142864685829381,0.07142860141184167,0.07175031216841196,0.07151967288853732,0.07142863686514317
0.007543686533989997,0.00766692038294826,0.007526260708327156,0.9546963798875648,0.007522861366425674,0.007522488182396726,0.007521402938347265
0.03574878431714222,0.035717672757945414,0.035714292399121786,0.7856760081568771,0.035714289510865166,0.035714661443682134,0.03571429141436619
0.6087130496299843,0.2124411523917025,0.03579660491398945,0.03581674988840586,0.03575738105231104,0.035760243546709085,0.0357148185768978
0.0178811003646049,0.017865634508451023,0.3249264793715285,0.5856659910697536,0.017906872023662448,0.017886528452790425,0.017867394209208947
0.047829330188438754,0.04789181704189121,0.047763370796756216,0.37839197436811284,0.04786871602236976,0.3826357225953358,0.047619068987095385
0.07142862356610774,0.07142861907819252,0.07142861517442363,0.5712204016829836,0.07142859626509121,0.07163653550027797,0.07142860873292334
0.5712699084064582,0.07142858649779918,0.07142859190277638,0.07142857708184562,0.0714285794933763,0.07142858481962265,0.07158717179812162
0.07142859131698362,0.5714097962569483,0.07142859117351717,0.07142857819875524,0.07144726974939156,0.07142858737867,0.07142858592573414
0.7024954494507593,0.011909216993553079,0.011917809725787319,0.011981407575030743,0.011957716178171018,0.011954729190781225,0.23778367088591745
0.4605229732797284,0.2582115034723295,0.18684679207951327,0.06914889221865939,0.008435760600839632,0.008426152047196794,0.008407926301733058
0.008947361512853809,0.26709381594079834,0.009002378886910556,0.008941810159484295,0.008957401657372695,0.008988668675197112,0.6880685631673832
0.07172510915388017,0.07143137371219298,0.0714285844537194,0.07142857659012437,0.07142857902861284,0.5711291945848173,0.07142858247665304
0.2242377531421441,0.04772811652732912,0.04766966263192917,0.5373021939698495,0.04770156852124106,0.04771475087118556,0.04764595433632152
0.04772023691485515,0.713945877602424,0.04771141492648884,0.04761905135251182,0.04765232431449315,0.04761905251141227,0.04773204237781477
0.04761909334532644,0.0476190896552503,0.04761908702229554,0.38092079061699874,0.04761907008067777,0.3809837879871428,0.047619081292308504
0.14285714285714288,0.14285714285714288,0.14285714285714288,0.14285714285714288,0.14285714285714288,0.14285714285714288,0.14285714285714288
0.04783809837739097,0.04765834463553948,0.3809569470828522,0.047619053842441555,0.04761918404566327,0.38068931146023954,0.047619060555873
0.0714286036118876,0.07142860077283729,0.0715714688745081,0.5712855471205475,0.07142858714314662,0.07142859736918893,0.07142859510788403
0.011944703598441844,0.011964540152742021,0.5344835295181518,0.011964787792041047,0.01199307536119293,0.40563953973046707,0.012009823846963249
0.07142859322273235,0.07142859142613243,0.5712439960791166,0.071428578902885,0.07161095336831355,0.07143069944508208,0.07142858755573797
0.30925504611859944,0.335540672322738,0.011971549079008891,0.011931627659941782,0.3074216350892637,0.011940004541197336,0.0119394651892508
0.01797110227963737,0.46888538298009536,0.01788995734814943,0.017857247184491113,0.017906940448901166,0.44153561087945253,0.01795375887927303
0.04781736509740824,0.04761905822580196,0.04789071328258315,0.047636001571058524,0.04762463904521706,0.7136984823944433,0.04771374038348768
0.01587487214713999,0.01594227847733412,0.015875610945989715,0.7930343426874004,0.12748214143422498,0.015917722807256396,0.01587303150065453
0.010225122452750207,0.39270782566451806,0.5560300236814556,0.010249428230346894,0.010236287602393646,0.010290254136821672,0.010261058231713902
0.007938976326661422,0.007937768262546786,0.007940421356518547,0.9523546083862969,0.007944015985833348,0.007946177385687809,0.007938032296455138
0.03578157970541192,0.45536213115809565,0.3657507865319245,0.035826841981231705,0.035820558121376515,0.03571492100662931,0.035743181495330366
0.01590400094202875,0.015873655161390103,0.015883474213036018,0.6911372054671534,0.2294017248579847,0.01588445960004008,0.015915479758367063
0.07166649781417944,0.5709815480501663,0.07142859456257857,0.07142858065466463,0.07145035920169474,0.07161582844763263,0.0714285912690836
0.014293542642005011,0.01430861670505661,0.1261711466205715,0.01431110053017893,0.34617878140482533,0.47045106348793453,0.014285748609428052
0.04770851595957599,0.04761908143858724,0.047619079521629686,0.047619060310440706,0.04761906847473955,0.7137764728595827,0.04803872143544423
0.01429319898636994,0.014293290292362006,0.014333473176377488,0.014285769863308262,0.9141569138541553,0.014338728952607028,0.014298624874819841
0.8474829098966715,0.11480564181051697,0.007530948281913489,0.007528981740217263,0.007545414436401012,0.007555687242408005,0.007550416591871638
0.01601076631674627,0.015888195806782978,0.0158961984264075,0.46049570386406663,0.45980931061156727,0.015924711300555727,0.01597511367387337
0.14285714285714288,0.14285714285714288,0.14285714285714288,0.14285714285714288,0.14285714285714288,0.14285714285714288,0.14285714285714288
0.047703595768823326,0.047714916430651066,0.04763721138262989,0.7140045747637132,0.04761908198868316,0.04764681599008031,0.0476738036754191
0.07142859896486294,0.07142859664382512,0.5712286101386238,0.0715688659896072,0.0714285849889527,0.07148815177118789,0.07142859150294033
0.015876360855427627,0.015900528015164766,0.015886153481605964,0.015873018350954372,0.641530231490976,0.015878252733205544,0.27905545507266577
0.03571431132951318,0.03572474003263256,0.035714293016801006,0.7856268510729109,0.03571428943388358,0.035714291866317235,0.035791223247941664
0.01099137607167913,0.011008120471011384,0.010992944779619816,0.16256274684466712,0.5559786198625131,0.23746254375263062,0.011003648217878784
0.13324974775194945,0.00623942930851537,0.006238652909870528,0.14129588123612316,0.4268228518889813,0.27992549684146667,0.006227940063093426
0.010995599887742076,0.2036805767173052,0.09098601185715428,0.5322145763936521,0.011021364534037688,0.011026678923284433,0.1400751916868241
0.07142866840376252,0.07168969259164172,0.07142860256128272,0.07142858376697622,0.5711672536880553,0.07142860133353665,0.07142859765474478
0.14285714285714288,0.14285714285714288,0.14285714285714288,0.14285714285714288,0.14285714285714288,0.14285714285714288,0.14285714285714288
0.18669561310920557,0.00954433021129444,0.009541636204465553,0.009538015329315237,0.009599508736335681,0.7655307729364609,0.009550123472922578
0.17130468624604323,0.007957079733889816,0.007956984863068296,0.11323466684191758,0.00795838534314047,0.683643143101372,0.007945053870568495
0.00433299300623385,0.004332980069515508,0.004332651467780512,0.9739915982210221,0.004334223741740799,0.004345811427397836,0.004329742066309308
0.14285714285714288,0.14285714285714288,0.14285714285714288,0.14285714285714288,0.14285714285714288,0.14285714285714288,0.14285714285714288
0.0023931051584540858,0.0023846695209259728,0.0023878294329244213,0.9274524227730128,0.0023868873917584463,0.06061228872684715,0.002382796996077163
0.0027103867072181148,0.0027002767789625678,0.0027061227616281794,0.9343945045650537,0.002697737849323695,0.05209340992005931,0.0026975614177543513
0.02857336618355141,0.21556829321892867,0.028582910912951773,0.641556180194667,0.028576228536504863,0.02857158753554838,0.02857143341784787
0.07142858188937083,0.07146037837098194,0.0715712642170737,0.0714285749862012,0.5708447087550198,0.07166863647624973,0.07159785530510272
0.03571429056990455,0.03571429013151004,0.0357264783427703,0.035733131183495456,0.03571428809255991,0.7856832323886832,0.03571428929107652
0.04761908488343648,0.38098233443230833,0.04761907984536551,0.38092228248454485,0.047619065783498685,0.04761907762703134,0.04761907494381484
0.015889953752542322,0.015949746616642425,0.015880364266299143,0.22380910776338797,0.015888427581699838,0.696590175448438,0.015992224570990286
0.04765173903355386,0.35393353888612133,0.04771255757635816,0.04774679095147462,0.40771658227116153,0.047619066475757976,0.047619724805572555
0.5329831802545809,0.03575523742329339,0.035800461116012545,0.03610057559222474,0.2876452306071464,0.03585279910615134,0.035862515900590676
0.20492886072833788,0.010237628741384033,0.010208161837982883,0.42705505754660866,0.010275202663275614,0.09997323699847284,0.2373218514839383
0.011028500606771598,0.15698324878096584,0.011014298289390092,0.011039899555325094,0.5509408787084997,0.011027274234904906,0.24796589982414277
0.25921132999402574,0.015911363696258604,0.015984294228840575,0.015873049149304562,0.015948871331784954,0.661187194819136,0.015883896780649404
0.015907778100916134,0.01587853171756231,0.015874187336243937,0.01604404670794732,0.9044712313410459,0.015893714161762218,0.01593051063452236
0.07142859445002353,0.0715531707913444,0.5712374354183462,0.07142857920256628,0.07142858256096661,0.07149504953078814,0.07142858804596493
0.020507686965170198,0.02041183163568817,0.020423202220254285,0.02041513945635201,0.02044889388032942,0.8773503093741192,0.02044293646808674
0.020462298131393955,0.0204115863175915,0.020530992059069005,0.020445208200947678,0.020476420609676072,0.020411562067927918,0.8772619326133938
0.4910174908660953,0.01788041457489025,0.017864117249425056,0.4195846846584724,0.017862947376410608,0.017862163511120334,0.01792818176358622
0.03574445934084948,0.32673106435107435,0.03573684181840538,0.4945608612613848,0.0357143154830825,0.03575258565519216,0.035759872090011274
0.02866735689680493,0.028571902409609145,0.2285372820078274,0.6280925888704659,0.028571439439772278,0.028923169357083868,0.028636261018436675
0.005105086368025281,0.04621533995131067,0.005104357297487,0.9282581003563523,0.005105004429013456,0.005107460740985366,0.0051046508568259
0.04761905605185089,0.7138926610726244,0.04762664917768712,0.04762111863814729,0.0479884166269345,0.047633044535036785,0.04761905389771887
0.020606089425294707,0.02040823948636644,0.020408324078998962,0.020408199394930087,0.35275813414586404,0.5449939735620077,0.020417039906538086
0.28565594054199694,0.03571431826778284,0.03587968513703455,0.2857012916687713,0.03571430324114979,0.2854306386423481,0.03590382250091641
0.04761906974109877,0.04761906785654659,0.04761906665903237,0.7142856081083665,0.04761905837692821,0.04761906541156058,0.04761906384646695
0.5567645056725062,0.015943575139380276,0.015982186375511458,0.015925388383868554,0.015891508088075983,0.015919197140528737,0.36357363920012864
0.02398415719644086,0.37069072155289096,0.023813073623830883,0.5099921057875196,0.023858466812189366,0.023809537732932533,0.02385193729419594
0.01022442744055535,0.2646972784600472,0.010241265291310172,0.2332435100426886,0.4610948390270722,0.010253247314829371,0.010245432423497269
0.011007487300933592,0.2624463968425785,0.010989984683101027,0.451811895543512,0.011020172170871066,0.011010795221626306,0.24171326823737754
0.5711081004357328,0.0716727660759916,0.07142861105643376,0.07150471520653087,0.07142859393807043,0.0714286084567508,0.07142860483048986
0.028571440520160238,0.028571924786375793,0.02857143888699615,0.8285581685466744,0.028571434448119503,0.028571438212789412,0.02858415459888457
0.03571431193493248,0.035714309575098316,0.03571430826404852,0.7852667969294366,0.035718135741011105,0.0361578326052199,0.035714304950253066
0.020436432237143656,0.02040817759184802,0.39394490566503426,0.3021968660196298,0.22205135583819846,0.020466213083279467,0.020496049564866267
0.8282365746578899,0.02857143396846118,0.028671580785730465,0.02859195581416902,0.028596829708746364,0.028734767678071173,0.028596857386931962
0.014422483588193143,0.014388436635165688,0.2348590259686609,0.3841027921811754,0.014295603103116845,0.32355663784151933,0.014375020682168721
0.02386793888590761,0.02393197206786746,0.8565033260673286,0.024068871368438598,0.02386850766003442,0.02385117607558093,0.023908207874842376
0.020408472978546893,0.8773244473981248,0.02040959009510023,0.020632815670947206,0.020408312508941834,0.020408176478513108,0.02040818486982612
0.023825538400904556,0.02385910715271024,0.023845394629538105,0.6796261469645618,0.0238603194049529,0.20115870519377546,0.023824788253556946
0.07152007714418973,0.07142858245885166,0.07142858193837853,0.07142857564283721,0.07153488897817219,0.07171914714596875,0.570940146691602
0.011977222045437918,0.012004126155252986,0.15709787385615948,0.01197658884412351,0.6031504027766678,0.1918171828587413,0.011976603463617133
0.023895517382540664,0.023877103194620938,0.023896450977704507,0.02386261807739008,0.8566543605272212,0.023886575200823174,0.02392737463969948
0.012992407749593394,0.01301485245584865,0.013012591784834571,0.013061098491814513,0.37364404442803756,0.2048159334791548,0.36945907161071656
0.014391520455211266,0.15763946562860012,0.014292156950191407,0.7707296778127027,0.014328555930041719,0.014329940302526727,0.014288682920726053
0.023947358001496704,0.6646683456036836,0.023989086742699568,0.21577278414015205,0.023921675904385053,0.023872686463218742,0.02382806314436434
0.017874712936892096,0.14933429138804563,0.017861265915827502,0.7613244894794275,0.017857149016011938,0.01786737819180699,0.017880713071988106
0.51411203585265,0.01431743630296365,0.4141519514610432,0.014408352469661233,0.014363872666971329,0.014329194038183933,0.014317157208526617
0.14285714285714288,0.14285714285714288,0.14285714285714288,0.14285714285714288,0.14285714285714288,0.14285714285714288,0.14285714285714288
0.01191102541241091,0.01191370032754197,0.928365056518599,0.011996772603990622,0.011925578526289858,0.011939501051340493,0.011948365559827265
0.009548709697035678,0.00967019415458794,0.9426064043414647,0.009523812794480823,0.009549691389030281,0.009568253479511079,0.009532934143889588
0.007148117316575044,0.007145806222001711,0.0071519654374631,0.0071428577774576285,0.0071579893272047095,0.9570966552516583,0.007156608667639278
0.03612605033023728,0.03575001238372189,0.2856608888524159,0.035726147928280806,0.035815732337276904,0.03571429565690017,0.535206872511167
0.07160196450606324,0.5709277052230544,0.07142859589457952,0.07175596279285532,0.0714285852234948,0.0714285942124844,0.07142859214746831
0.04761905511425463,0.04785763317339522,0.7140382578617758,0.04761905018829659,0.04761905127106097,0.047627899286443946,0.04761905310477307
0.5296364287160517,0.015894867834839572,0.12368250342324792,0.01601829594815236,0.015905746117685107,0.2829613213853401,0.0159008365746832
0.07142857272489044,0.07145690929313617,0.5713673733019692,0.07142857187374742,0.07142857206199978,0.07146142836432541,0.07142857237993164
0.035905147461923,0.48972281460875916,0.3313751997966602,0.03571428816188693,0.03578072922725455,0.0357875297657105,0.03571429097780565
0.047750834875278106,0.7140001640346217,0.04762602865126954,0.04761904995250079,0.04763006181420028,0.04773762633880564,0.04763623433332397
0.017857156503623677,0.017893481730131323,0.25556586961342564,0.017857857495411945,0.017966563906707856,0.654955586318426,0.017903484432273506
0.028572070725727036,0.8283592970732253,0.02861260187341293,0.028712654984812205,0.02857173763367328,0.028600183013947355,0.028571454695202014
0.07178434163268438,0.07162520932412698,0.0714999138494835,0.07142857442755401,0.07147478189428326,0.07154808651388211,0.5706390923579858
0.011915810793882093,0.011914157262727517,0.011911914448130109,0.011904763713789885,0.011948057787993533,0.011949649954461954,0.928455646039015
0.03584195427879716,0.03581975511090586,0.2347933762254417,0.0357142928769589,0.035783194807113436,0.5862769134954063,0.03577051320537662
0.07147228530570138,0.07142860132488066,0.07147928184847804,0.07142858268493013,0.5713340537618598,0.07142859948329067,0.0714285955908594
0.34170694636933796,0.047741825417164756,0.047619075192926165,0.04762487655262994,0.4199935918406431,0.04765185251180216,0.04766183211549601
0.04761930413030776,0.04761908972156913,0.047619087340058305,0.3809017070564536,0.380839679235489,0.0477820512439939,0.04761908127212837
0.028860961214165533,0.028571438010253084,0.02868986157708388,0.02857143216258962,0.028852646305353908,0.028571437118117635,0.8278822236124362
0.013011780874278282,0.8226260531114377,0.11238252087357939,0.012990433810144888,0.012989233208068338,0.01300627573580343,0.012993702386687803
0.14285714285714288,0.14285714285714288,0.14285714285714288,0.14285714285714288,0.14285714285714288,0.14285714285714288,0.14285714285714288
0.07156599224097443,0.0714285768012646,0.07142857645039938,0.0714345825900746,0.5709573307256336,0.07175636549474967,0.07142857569690363
0.14285714285714288,0.14285714285714288,0.14285714285714288,0.14285714285714288,0.14285714285714288,0.14285714285714288,0.14285714285714288
0.07153970600430332,0.0716079478893678,0.07149903785350686,0.07142892460219669,0.571067203926245,0.07142859076460072,0.07142858895977965
0.6427161352712691,0.017911274657437876,0.017871699275599836,0.01785714581633938,0.0178974086504025,0.01791965718166875,0.2678266791472826
0.006247662127585336,0.9626630935128025,0.0062184706846604475,0.006216071681643271,0.0062151998552633,0.006221212636132007,0.006218289501913111
0.03574075346209951,0.7856336944814908,0.03576830889131599,0.03571428738971929,0.035714288105279886,0.03571428967977125,0.03571437799032344
0.711349679182863,0.02042049106918845,0.02046709205284139,0.020408388473510702,0.02042280257343147,0.18636350135835023,0.020568045289814728
0.502438754628187,0.011004985577808692,0.011034464663131347,0.01099618742803318,0.0110645417886365,0.010998437640446343,0.4424626282737569
0.023823226476048422,0.023817788300036266,0.023863663823498762,0.023828049176175165,0.8567286129221986,0.023834002492091503,0.024104656809951372
0.07142858605225134,0.07142858486462635,0.07142858391958691,0.07142857640480259,0.07155203106047163,0.0716342986060711,0.5710993390921901
0.01788150662229538,0.45941845551595073,0.018103749060265656,0.01785714621905108,0.01787552054989506,0.450977333395345,0.017886288637197024
0.023812828685775726,0.8571058019550521,0.023827154105116464,0.02381056999458703,0.023810479647744395,0.02382231389135051,0.02381085172037373
0.07144582278320703,0.07142908014164673,0.0714285763369086,0.5713780647132076,0.07145980109161952,0.07143007935401353,0.07142857557939682
0.03571431147335462,0.285705173333557,0.03576484575435508,0.03571429454115177,0.304085581662333,0.03575412988336339,0.26726166335188517
0.7137010706571917,0.04793066417244508,0.04779561316874156,0.047619051096602576,0.047715489961133006,0.04761905584674973,0.04761905509713609
0.02880327953640643,0.029056450994464036,0.028639928380848712,0.02857242859877374,0.6179646781763016,0.028672734703164865,0.23829049961004053
0.017896053049212834,0.47578312306838394,0.4346144201251975,0.017857201172298554,0.017973437982743284,0.01792087899468827,0.017954885607475612
0.03594612530143354,0.785228303912049,0.03577954802493953,0.0357152665773203,0.03585097815891234,0.035765476452172984,0.03571430157317228
0.014317617079165942,0.01430365103497578,0.014290859968194599,0.014285773136819802,0.4696556770730529,0.4588266401510604,0.014319781556730565
0.04788695459067752,0.047619063632423776,0.7139240963891162,0.04765033409087106,0.0476190563273579,0.04768143445186014,0.047619060517693323
0.8926956993035446,0.01794043388174763,0.01791915898342375,0.017857977730211295,0.017860106460046443,0.017864160148597555,0.017862463492428662
0.03571430658460925,0.4494639091430906,0.03584692632258903,0.035714292891502346,0.03579798673210743,0.3717180623624151,0.03574451596368619
0.015931769425792514,0.015873027015780375,0.15380846712193955,0.01587302006690614,0.7666732527960548,0.015965387950979307,0.015875075622547346
0.02387477941279436,0.023821048714764627,0.024114357269189274,0.023809569029801414,0.41457057854188667,0.4658750206366702,0.023934646394893424
0.0178723628362285,0.01786512246756005,0.01785769905956082,0.017857145808558038,0.01787219821621051,0.892755844432122,0.017919627179760138
0.0359304940245702,0.03575885642068613,0.03571431086277749,0.035714295735161196,0.7854534237785542,0.03571430927970635,0.03571430989854439
0.04761906321890307,0.7140287395016927,0.0476190610649429,0.047861666612987505,0.04761905530600318,0.04762280405680739,0.047629610238663196
0.14285714285714288,0.14285714285714288,0.14285714285714288,0.14285714285714288,0.14285714285714288,0.14285714285714288,0.14285714285714288
0.14285714285714288,0.14285714285714288,0.14285714285714288,0.14285714285714288,0.14285714285714288,0.14285714285714288,0.14285714285714288
0.14285714285714288,0.14285714285714288,0.14285714285714288,0.14285714285714288,0.14285714285714288,0.14285714285714288,0.14285714285714288
0.14285714285714288,0.14285714285714288,0.14285714285714288,0.14285714285714288,0.14285714285714288,0.14285714285714288,0.14285714285714288
0.7851537037799454,0.03576377590808838,0.0358063190420643,0.03584820208696866,0.035748660525074145,0.03574350828765809,0.035935830370201045
0.01792975860655641,0.6092759750088445,0.01788705612961103,0.17638692307744522,0.01787869082631528,0.017932626045011068,0.14270897030621654
0.028606772562738494,0.8281935039188738,0.02868955415290432,0.028571434188900926,0.028649435422571066,0.028627669151472235,0.028661630602539106
0.03573054682626479,0.035743873591053806,0.03571430101595743,0.5356619450694703,0.035736423719077176,0.0357143964220715,0.28569851335610513
0.009526608035254234,0.009524273977943053,0.009529064309208543,0.9428172252424066,0.009524772823613296,0.00952508739477924,0.009552968216794959
0.32513528592460783,0.035751835133143395,0.035727255232394034,0.4961766760470497,0.03572114614144286,0.03573444919828741,0.035753352323074764
0.14285714285714288,0.14285714285714288,0.14285714285714288,0.14285714285714288,0.14285714285714288,0.14285714285714288,0.14285714285714288
0.028582752661292538,0.02859429348410913,0.02859693209752328,0.02857311400871223,0.028702735844358482,0.02857144855447377,0.8283787233495306
0.01788946165102138,0.10609678996186149,0.017877283075555674,0.01785759589166166,0.8044444665567424,0.017947502081035575,0.01788690078212179
0.014419114532424301,0.014388867307936998,0.014324184002822536,0.014285937404765383,0.9138996496756796,0.014315575948180604,0.01436667112819057
0.5712977264873194,0.07142857313904358,0.07142857304313852,0.07142857206791146,0.07155940947217196,0.0714285729409232,0.07142857284949199
0.07142858273247087,0.5714277903378722,0.07142858109713181,0.07142857528947143,0.0714285769250352,0.07142858061697263,0.07142931300104587
0.57089566925438,0.07142858551474122,0.07142858493954297,0.07145318106764117,0.0715265021555014,0.07164578587261253,0.07162169119558057
0.00897140197451192,0.008933705005908118,0.008987372120313843,0.4871346487065485,0.46807590663690835,0.008944204456599833,0.008952761099209373
0.14285714285714288,0.14285714285714288,0.14285714285714288,0.14285714285714288,0.14285714285714288,0.14285714285714288,0.14285714285714288
0.011957737366277506,0.011969161178473024,0.011949043411338463,0.011906096358596855,0.0119361549422286,0.011908147928762516,0.928373658814323
0.5235661577184039,0.3571381146518704,0.02381511749469984,0.023812323779608187,0.023967350128280867,0.023891409793116776,0.023809526434020123
0.07142857295753369,0.07142857285445041,0.07142857275162956,0.07142857195220202,0.07173807946699923,0.07142857477179318,0.5711190552453919
0.07142857295753369,0.07142857285445041,0.07142857275162956,0.07142857195220202,0.07173807946699923,0.07142857477179318,0.5711190552453919
0.07142857295753369,0.07142857285445041,0.07142857275162956,0.07142857195220202,0.07173807946699923,0.07142857477179318,0.5711190552453919
0.07142857295753369,0.07142857285445041,0.07142857275162956,0.07142857195220202,0.07173807946699923,0.07142857477179318,0.5711190552453919
0.03581554105674561,0.035736495356987606,0.03579156090139815,0.03571507290131591,0.7854770717475379,0.0357499602617723,0.035714297774242454
0.14285714285714288,0.14285714285714288,0.14285714285714288,0.14285714285714288,0.14285714285714288,0.14285714285714288,0.14285714285714288
0.009553997745201478,0.009546594208797554,0.009555584610446042,0.009523811802074072,0.9427375133400404,0.009539499450232202,0.009542998843208203
0.017875995877973054,0.017860960364596504,0.01787789973927336,0.01785714438665054,0.8927578276041307,0.017874323938312318,0.017895848089063523
0.02056921476264106,0.020450220657662662,0.020471983717696374,0.020416717437113624,0.27467125528094827,0.6229834653398194,0.020437142804118565
0.02389317013262373,0.023820779397050316,0.02387176835896409,0.023824261836802082,0.5292839145201468,0.21657007117203475,0.15873603458237806
0.3742913008808324,0.04766751516252935,0.04761905841899268,0.047630671632085245,0.04783849451695985,0.047715389714350846,0.3872375696742495
0.04765357722327334,0.0476190522531137,0.04765076506738618,0.04761904934547627,0.7140967205955975,0.04771128953227205,0.04764954598288084
0.023817235521811142,0.02382091327110282,0.023809837786520096,0.023809610095897826,0.8570963711079581,0.023836506567957712,0.023809525648752296
0.014285933006935866,0.014296955564220525,0.31724605263379313,0.014285715627680195,0.014299174081652802,0.6112848622520357,0.01430130683368164
0.03587770944726587,0.0357252322160952,0.03575475093656027,0.0357142870536501,0.03578237134006094,0.035797222570935365,0.7853484264354323
0.07142857342839216,0.5713877017298535,0.07142857315387711,0.0714285721187414,0.07142857240405348,0.07142945021131816,0.07146855695376417
0.04761905615190208,0.38093102169591586,0.3809464224453079,0.04761905051416297,0.04761909973859317,0.0476196391893454,0.04764571026477258
0.04761906187233743,0.7141137762530766,0.04766761971676727,0.04761905016126568,0.04765511742461972,0.04770632142452001,0.04761905314741334
0.015876123756257868,0.015933649332450825,0.615837700975988,0.01589553530692325,0.01587301973671802,0.30469542295416335,0.015888547937498904
0.03571430869845003,0.0358080910830809,0.7851328538045644,0.03595983454173594,0.03583488059890908,0.03583572840303987,0.03571430287021972
0.07164984931695659,0.07142863323899754,0.0717250030895144,0.07142859546415964,0.5707661064908945,0.07157319081736074,0.07142862158211652
0.07142861911377137,0.07142861551277858,0.0714286122738244,0.07142858781119094,0.5710593849778692,0.0717975739125495,0.0714286063980159
0.028622613042518386,0.8278357672961658,0.028958139172923433,0.028572059409220505,0.028732702365043,0.028606453405862344,0.028672265308266626
0.20036639571075485,0.07727583063874509,0.6886760026949136,0.008404948746382326,0.008422733227280878,0.008439459408162136,0.008414629573761004
0.04792823574950048,0.04776986356196971,0.0480308461928922,0.04761905534935739,0.04772357211378839,0.04766881744545656,0.7132596095870353
0.07142859750566476,0.07142859601332023,0.07145064217223165,0.07142858054575947,0.07142858422373002,0.5714064087967461,0.0714285907425478
0.0714286004892196,0.07142859717579281,0.0714285959080829,0.07142858119390094,0.571233916736443,0.07162311609626776,0.07142859240029308
0.8567934286955838,0.023985089951328444,0.02388027828705027,0.023898717353844696,0.02381170737965265,0.023816542827061558,0.023814235505478464
0.01100033246378145,0.011044365423308906,0.9339707905364761,0.01099310875460834,0.0109995035121941,0.01100017428630821,0.010991725023322903
0.02382007803882695,0.023887880619395487,0.8570121213205177,0.023809527117717225,0.023823762258775333,0.023809762688827226,0.023836867955940123
0.015980243983942106,0.015953969654999137,0.13906528828260445,0.015873024015818096,0.015927324100810377,0.3848908950454491,0.4123092549163769
0.14285714285714288,0.14285714285714288,0.14285714285714288,0.14285714285714288,0.14285714285714288,0.14285714285714288,0.14285714285714288
0.612507823938036,0.028631875255396785,0.02858574402444902,0.028628621365274824,0.028581790363308764,0.028633877751507778,0.24443026730202677
0.03592943776556292,0.035830992212952294,0.7852243929988285,0.035714296673756696,0.03576564961446624,0.03574541244939021,0.035789818285043
0.047646789190063425,0.7139590755914728,0.0476190785918406,0.04761905994894975,0.047619065159550354,0.04780070933701375,0.04773622218110936
0.0204143842822503,0.522082317022915,0.020450976848470383,0.23138828126691013,0.020411421973376326,0.16476607582068095,0.020486542785396907
0.38984773019031077,0.5080539466229493,0.020417031646008506,0.020434613888167256,0.02041785494380577,0.02040817181938841,0.020420650889369854
0.023907177440473763,0.12990458418415518,0.7503191583577101,0.02382261006460404,0.02415983579682579,0.02402563397890578,0.02386100017732532
0.04761905317328131,0.714274702886321,0.047619052437872594,0.047619049564345234,0.04761905033967265,0.047619296114498444,0.04762979548400877
0.5710239244230831,0.07142859689481489,0.0714285956649205,0.0714285810770076,0.07174077636078018,0.07142859433736187,0.07152093124203164
0.071593824213002,0.07190499848252696,0.07147586099911481,0.07142858586553626,0.0715301191447823,0.5706380083238694,0.07142860297116842
0.5712149947872857,0.07142858084108214,0.07153423602700604,0.07142857491740541,0.07142857646529725,0.07150262266748565,0.07146241429443773
0.14285714285714288,0.14285714285714288,0.14285714285714288,0.14285714285714288,0.14285714285714288,0.14285714285714288,0.14285714285714288
0.015911593715999723,0.015919146215911135,0.9044767349660768,0.015873018757691804,0.015992546224476697,0.015900995204006004,0.01592596491583786
0.03571430547238324,0.03588305640464669,0.035770327079263795,0.03578011437255806,0.7852823724548894,0.03572814081647759,0.035841683399781214
0.7141330012612305,0.04761905572770732,0.047648187230285154,0.04761905067014577,0.04762501441671992,0.047661629656161844,0.04769406103774938
0.7139578331250049,0.04761906563893371,0.04791882446078523,0.047619054363810046,0.04761905727952902,0.047619063510411105,0.04764710162152591
0.14285714285714288,0.14285714285714288,0.14285714285714288,0.14285714285714288,0.14285714285714288,0.14285714285714288,0.14285714285714288
0.035850065113370376,0.03571433437193275,0.035714331747329936,0.03610513087076862,0.7850402360080897,0.03586157691990463,0.03571432496860401
0.01594430792157486,0.015906710404488926,0.016021964197114588,0.015936547692169626,0.015898949059826157,0.015922952068227147,0.9043685686565986
0.0714903958008444,0.5710772830369866,0.07171789992048212,0.07142859075140484,0.07142859958575636,0.07142861672099544,0.07142861418353023
0.04761905392581099,0.403819040075154,0.3580631866507278,0.047619049792199615,0.04761905070671547,0.04764156656996899,0.0476190522794231
0.028590255311546294,0.028579020664147102,0.02858169945239312,0.028571456895453734,0.8285054572261756,0.02857699874432989,0.028595111705954187
0.011117719084722803,0.010989018225905435,0.011044527860568264,0.010989323778509096,0.3703363688720093,0.011057426693779463,0.5744656154845057
0.035890866726732785,0.035776571131929835,0.03581291729236425,0.03571428977491292,0.03584708386590714,0.03572974774529842,0.7852285234628547
0.7133787195475642,0.047638935787276654,0.04780896355702367,0.04784939752244298,0.047664553954990224,0.04767633323989383,0.047983096390808354
0.020460975176393666,0.020459229571994437,0.02047354136268548,0.020507148438364788,0.8771808931362263,0.02046891524152892,0.020449297072806395
0.07142859891816028,0.5712841699641099,0.07157287969152808,0.07142858153420763,0.07142858487097557,0.07142859343097822,0.07142859159004038
0.01589448511829887,0.4656135651592027,0.015879112748231068,0.4549736008926962,0.015875277317673752,0.015890621452239198,0.01587333731165833
0.9523362266407902,0.00794131676409587,0.007936512699478463,0.007973669586193463,0.00793877545430924,0.007936986834196276,0.007936512020936398
0.047619056079459786,0.04793661664618741,0.7138121693506585,0.047632481824216054,0.04761905173982276,0.04776157053813118,0.04761905382152441
0.5712149947872857,0.07142858084108214,0.07153423602700604,0.07142857491740541,0.07142857646529725,0.07150262266748565,0.07146241429443773
0.047619078283804364,0.04762677115518322,0.7138011199453884,0.048086988004022876,0.04761906259225327,0.04762790983896912,0.047619070180378635
0.028641559653525328,0.8277627489856391,0.028593818738892413,0.028753411014868852,0.028621590575367447,0.02862088422732629,0.02900598680438067
0.07149130172492955,0.0714286029090194,0.07149828822721584,0.07142858332541725,0.07142858851019489,0.07142860035711675,0.5712960349461064
0.02383113868607177,0.023809530005016656,0.023831364732590843,0.023809526141296385,0.02388535556584684,0.5222504196564608,0.3585826652127167
0.015890336386803646,0.12697864786967558,0.015885687730755518,0.1287407064079696,0.01588233531369871,0.6807282981829715,0.015893988108125496
0.07164254992500381,0.07142857739037434,0.07142910930250669,0.07142857365766922,0.5711864471319813,0.07145616628179396,0.07142857631067082
0.5712981695868468,0.0714502906280179,0.071428575546491,0.071428573055676,0.07142857380735088,0.07145592392738473,0.07150989344823279
0.047619060243918265,0.04761905903520034,0.38095227568778256,0.04761905191751462,0.047757364210491315,0.3808141320454676,0.047619056859625315
0.004769847560829437,0.004772320914751061,0.004766352249013587,0.004766697710493301,0.004785418041115316,0.0047717762310990125,0.9713675872926982
0.017883236423936,0.8926512577915023,0.017859455087027062,0.017977992315505866,0.017871573675844937,0.017885174168661356,0.017871310537522403
0.03574936788325384,0.035910024742713396,0.7851654474090614,0.035714298708138824,0.035835913105748046,0.03573396852251568,0.03589097962856885
0.017900419050018046,0.18651100403343032,0.01789998705180983,0.017857239306703892,0.017915973688604363,0.017971608606302182,0.7239437682631313
0.047659452934579,0.047619060791494555,0.047682187958324865,0.0476190525766218,0.047733434226431636,0.047714449225360105,0.7139723622871881
0.07142860395493224,0.5713465123985678,0.07149799247188822,0.07144111058906674,0.07142858735019841,0.07142859787209273,0.07142859536325387
0.04766866147179621,0.7142042290253904,0.0476508772073968,0.04761905233575615,0.0476190543369744,0.04761906734809041,0.0476190582745956
0.035786329929552434,0.4950218395974184,0.3262612641915271,0.03571429598426885,0.0357522768510135,0.0357143099933165,0.03574968345290333
0.14285714285714288,0.14285714285714288,0.14285714285714288,0.14285714285714288,0.14285714285714288,0.14285714285714288,0.14285714285714288
0.14285714285714288,0.14285714285714288,0.14285714285714288,0.14285714285714288,0.14285714285714288,0.14285714285714288,0.14285714285714288
0.047648238227600635,0.04764025809703489,0.3809290020609932,0.047619054459065176,0.3808008920228084,0.0477434928430411,0.047619062289456504
0.5712454413384795,0.07142861396200358,0.07142861153401284,0.07161152413261838,0.07142859419634695,0.07142860920800066,0.07142860562853798
0.04761905419850116,0.047644432521802345,0.04762799597670079,0.047663245415027734,0.047619052470242104,0.04761905286819616,0.7142071665495298
0.07142858825050352,0.07148152906246592,0.5711958884009238,0.07142857717493298,0.07142857969583034,0.07160825364983728,0.07142858376550616
0.07142861631214882,0.07142861268860541,0.5703524154145841,0.07147959241826889,0.07171193785751051,0.07169135403560857,0.07190747127327367
0.3806583631923084,0.0476190609298197,0.047699907793288164,0.04765881160055969,0.047856873891296586,0.04761905933577527,0.3808879232569522
0.04763058911007911,0.04761905322348622,0.047619052949682744,0.04761904971536058,0.04762357316353976,0.0476994201159428,0.7141892617219088
0.02894105737148261,0.687448878893962,0.16919043993785493,0.028571434606755437,0.028587388831875806,0.028615694915873867,0.028645105442195548
0.5710181254534106,0.07142860404363656,0.07142860186170957,0.07142858354974788,0.07142858872378902,0.07142859987666822,0.0718388964910382
0.071428583963151,0.5709679562399214,0.07142858274701758,0.07142857569408137,0.07155954962393042,0.07175817094122477,0.0714285807906736
0.02040816612940085,0.020417860645211974,0.8775036143079807,0.020408164258275123,0.020414976900984823,0.020439052362625297,0.020408165395521333
0.02857143343220027,0.0285714329815445,0.028583055093726367,0.028575143195146438,0.2873507178297085,0.028603658045561822,0.569744559422112
0.07156146040029575,0.571202994692907,0.07152124548093904,0.07142857331792081,0.07142857408721337,0.07142857582778141,0.0714285761929428
0.39816059171724766,0.028582932831269975,0.20924070904554,0.02857143054498967,0.02860852914262831,0.2782335743592386,0.028602232359085905
0.07156146040029575,0.571202994692907,0.07152124548093904,0.07142857331792081,0.07142857408721337,0.07142857582778141,0.0714285761929428
0.8926683029347291,0.017857152978193094,0.017862443162719132,0.01794516909316311,0.017863535653069095,0.01791038887987669,0.017893007298249768
0.04761907889710726,0.04763796826457401,0.3809399735331684,0.3809238669345474,0.04761906276097085,0.047640979229909876,0.04761907037972227
0.015974312410268855,0.015910579342403443,0.015885855918297002,0.01587479797530519,0.9045628325315693,0.015900479390757612,0.015891142431398622
0.03572730537493165,0.7856717137063949,0.03574382068763615,0.035714288227634186,0.035714289294476335,0.03571429162282813,0.03571429108609865
0.03571430479790321,0.03571430285986128,0.035812187815161156,0.03571429211485366,0.03584603012118275,0.7854738165094941,0.03572506578154379
0.28560131512359127,0.03572090119118551,0.03580454226333114,0.03571428830945995,0.5355556330715254,0.0358129783912194,0.035790341649687384
0.029021911240511258,0.028715608279780622,0.02861314542836323,0.028578141951514594,0.827814563460015,0.028634982742456933,0.028621646897358535
0.03576449436932427,0.035743527527359445,0.03573433144714841,0.2877540163492252,0.035766546097037034,0.036029935906506085,0.5332071483033995
0.04761907183373147,0.38089984277146904,0.04761906854819877,0.04761905589901722,0.04764552805329242,0.3809158272901093,0.047681605604181866
0.03577386759741864,0.5411207920190172,0.2800877368881904,0.03578162504002359,0.035714291485382535,0.03571682780470185,0.03580485916526567
0.8005238324389339,0.010213236763435768,0.010233689458818165,0.010209194596174021,0.14837243259736937,0.010235800948880417,0.010211813196388506
0.028586566773969348,0.42850977376901306,0.028645714536985157,0.42849245615115966,0.028571436941119348,0.02862261059274861,0.028571441235004866
0.07142861482951053,0.07142861101071354,0.0714725691821159,0.07142858636912414,0.07143743410161668,0.07158829140454491,0.5712158931023743
0.04761907840548898,0.04802675566754896,0.7138779448775708,0.04761905202975375,0.04761905389978664,0.04761905799669602,0.04761905712315497
0.028583778738650506,0.6733995675010035,0.18370565462848715,0.0285833325141154,0.028571432767896535,0.028584799001374978,0.028571434848471564
0.028727734254196897,0.02860521271098061,0.8281648813118985,0.028571430620153535,0.028619716730553788,0.028571433451579545,0.028739590920637017
0.4609790663582834,0.36028856206212306,0.035714302573888364,0.03571429243747486,0.03577850515454639,0.03576304645479741,0.03576222495888658
0.04761905579927618,0.3809323357918483,0.04763767075073557,0.047624016511525966,0.047621731933525355,0.047619054020878536,0.38094613519221004
0.04773504928432988,0.04776883321050497,0.047720595251064354,0.04761905021407709,0.04766952540453889,0.04761905402185668,0.7138678926136282
0.03571430286259453,0.2856870109584867,0.03571430051047844,0.03571429161454412,0.035779381065117036,0.0357143002037646,0.5356764127850147
0.04763911689620683,0.7140771199888525,0.04779676953989087,0.04761905060669416,0.04761905190514357,0.04761929817785182,0.047629592885360415
0.8774399193209085,0.02041925919106757,0.02041658871239799,0.02042202991529013,0.02042774046352236,0.02044048762091872,0.02043397477589467
0.02050406279829327,0.6478819167377584,0.020409684728426396,0.020411023872307494,0.020490242488487707,0.2497765070938419,0.020526562280884782
0.03571430970384324,0.5268363271962877,0.03571430608717104,0.03571429379849138,0.03571429728870881,0.03580198165120493,0.294504484274293
0.015901643601277233,0.015873023644567632,0.015889448772655336,0.01587301878018094,0.4380953167096612,0.0158905875976651,0.4824769608939926
0.7514463657403416,0.007961366055876416,0.007941979106894351,0.007938218845842372,0.20879110696852232,0.007973551535233235,0.007947411747289683
0.04787304756015048,0.7132347625101073,0.04762266887626476,0.047619059655014895,0.048187286801401746,0.04775222137066758,0.047710953226393106
0.047619056079459786,0.04793661664618741,0.7138121693506585,0.047632481824216054,0.04761905173982276,0.04776157053813118,0.04761905382152441
0.020441428371277336,0.02053443336261086,0.877341420652761,0.020408164773788286,0.020414230825411647,0.020414445204881906,0.02044587680926896
0.785359200532088,0.03571430516869303,0.0357143041007472,0.03571429301485053,0.03578623676620668,0.03595148062061198,0.035760179796802495
0.010234004645647677,0.4261206754427883,0.3899895781212109,0.010221906781855914,0.14296456546840164,0.010241744489598968,0.010227525050496815
0.36114041197824526,0.008418153924004718,0.5966401569051539,0.008428922535971673,0.008435997633860057,0.008455108713240464,0.008481248309523778
0.03597709793738875,0.03574419069833495,0.03571429170772909,0.03571428806886066,0.7853161765939333,0.035735880392935494,0.035798074600817804
0.03574937208976837,0.03572123842943406,0.7856140206862359,0.03571428729345728,0.035729195767149724,0.03574452110776193,0.03572736462619278
0.023912115559679138,0.02394783759278138,0.4697738372176052,0.023809822892525104,0.023895697892221065,0.4108196085596351,0.023841080285553103
0.011919715891547543,0.011921951262311322,0.508810019478966,0.011908436117728075,0.30012197752209263,0.14340633005237977,0.011911569674974701
0.3809150520386289,0.04767339127220338,0.04785664761484789,0.047619061964569,0.3806815816599492,0.047635187253579375,0.04761907819622237
0.0716177894077675,0.07142857717598818,0.5711060028738455,0.07142857358525288,0.07147882954351674,0.07142857646708922,0.07151165094654006
0.020454588353745213,0.02041266533996345,0.020421291726029543,0.774114048986511,0.12372687689066869,0.020440928501026853,0.020429600202055205
0.0022149861854505607,0.0022009887686277093,0.002203123058600382,0.5699899935385201,0.32222478551911876,0.09895785042095398,0.0022082725087284156
0.7133633314802781,0.04773340239258096,0.0476567776203109,0.04761905251033065,0.04775308464655178,0.047987410447493904,0.04788694090245379
0.03604810282981132,0.03579792864915526,0.03571430103082728,0.03574145419245921,0.03574891882854886,0.035714300266769985,0.7852349942024281
0.07148475946865272,0.07142857908386935,0.07142857870762814,0.07142857424718785,0.07150447015367921,0.5712415546312336,0.07148348370774901
0.020408179756937667,0.020410227001315933,0.02041445470029194,0.5904609828245088,0.3074840443835297,0.02041393593003641,0.020408175403379678
0.011971404216164005,0.011933458957114524,0.011913631345615999,0.01191562552764888,0.9284036569426266,0.011931692764179646,0.011930530246650336
0.24582547396942442,0.011060598545509627,0.3938923198249712,0.010995310839344725,0.011026035399610577,0.3161895267114311,0.01101073470970826
0.03580212965310251,0.03573069733259823,0.035756128416266776,0.035714288638970734,0.7851906019840963,0.03573595649679571,0.036070197478169724
0.020484890754864336,0.02044891953446446,0.020428813106551764,0.02040823906271747,0.73079753767024,0.1669749633167204,0.02045663655444152
0.07150265203667378,0.07142859222640119,0.07142859112933708,0.07142857919175902,0.07162428078112404,0.5711587166329581,0.0714285880017468
0.01787855615498036,0.8926745417862069,0.017862970784676063,0.017857619073906768,0.017867269458664525,0.01798287389166076,0.017876168849904818
0.26255156551385495,0.3782065937426698,0.015939216382869888,0.015884313409341138,0.29559734271564897,0.015937932438995026,0.015883035796620065
0.006515170430796236,0.5740277686410031,0.006518860039425939,0.006494416876324065,0.3934218508186514,0.006511116833971414,0.006510816359827849
0.07142858273247087,0.5714277903378722,0.07142858109713181,0.07142857528947143,0.0714285769250352,0.07142858061697263,0.07142931300104587
0.16106626083590433,0.7838418601823728,0.011004085878038937,0.010999815373095894,0.011100762281068545,0.010997855874041753,0.010989359575477703
0.1887645402819436,0.02040817004400415,0.020419810683282386,0.02041011018761263,0.02048849064346904,0.7090445615583423,0.020464316601346077
0.02857207153050744,0.8284594184219799,0.02859092161737542,0.028585815712694935,0.02863851367820656,0.028581252539285257,0.028572006499950564
0.0238384651803252,0.023816503026869627,0.023828690699336134,0.02386390302185716,0.02395357895971432,0.023838613216280426,0.856860245895617
0.877219610383781,0.020425662654890653,0.020460719373665497,0.020408168157664105,0.020445261921062004,0.020595719005673925,0.020444858503262883
0.14285714285714288,0.14285714285714288,0.14285714285714288,0.14285714285714288,0.14285714285714288,0.14285714285714288,0.14285714285714288
0.07142858224474719,0.07142858123315421,0.5714284528136343,0.07142857508384629,0.07142864931935836,0.07142858003138876,0.07142857927387086
0.035731365858291037,0.28566996002234313,0.03572577767929203,0.03571429192458561,0.03578165669496365,0.5356316433939841,0.03574530442654042
0.03571428689079623,0.035736974771280385,0.7856874422511647,0.03571428611746852,0.035714286288674464,0.035718437102912524,0.03571428657770301
0.07142857342839216,0.5713877017298535,0.07142857315387711,0.0714285721187414,0.07142857240405348,0.07142945021131816,0.07146855695376417
0.07160008193042137,0.0714809385282804,0.07142992798221892,0.07142857669942243,0.07159458274059927,0.5707813220496567,0.07168457006940089
0.007548607681623815,0.007537834093057838,0.17777427538338866,0.27252695046983105,0.007528508050636194,0.007534096824606692,0.5195497274968556
0.023910926848949795,0.024000712749751716,0.8567756318176931,0.023851585998118582,0.02380953639460173,0.023837606311030934,0.023813999879854098
0.028578749085342862,0.028723413235138197,0.8283242674123299,0.02857143250461238,0.02858059585546846,0.028578988034460864,0.028642553872647098
0.14285714285714288,0.14285714285714288,0.14285714285714288,0.14285714285714288,0.14285714285714288,0.14285714285714288,0.14285714285714288
0.01788674219939046,0.017865678596076615,0.017880342766673298,0.017857144890258962,0.620098960723704,0.017861545437664793,0.29054958538623193
0.8567202296238381,0.023877386215609704,0.02388953252508213,0.023809529177744607,0.02388569959861067,0.02388320672753477,0.02393441613158005
0.028577057732252404,0.028571434413265387,0.0287099952818309,0.028571430734713025,0.028629154224601057,0.828284905511723,0.028656022101614276
0.04768844356328074,0.047619062233686,0.04761906225152893,0.04761905312752722,0.7141123510380597,0.047695480500916945,0.047646547285000306
0.07142858188236245,0.07145940135076467,0.07176774574862696,0.07142857501588899,0.5708890464590615,0.07159807039989975,0.0714285791433957
0.5707205801446791,0.07169955584449679,0.07156157324715683,0.07142857473704702,0.07145962303869682,0.07142857652195773,0.07170151646596576
0.14285714285714288,0.14285714285714288,0.14285714285714288,0.14285714285714288,0.14285714285714288,0.14285714285714288,0.14285714285714288
0.04784656313450083,0.7135569353586745,0.04768288964801228,0.04791137661269997,0.04763399826024814,0.047619055871643466,0.04774918111422095
0.07142857930628699,0.5714285380959526,0.07142857820743988,0.07142857418573975,0.0714285752662381,0.07142857774239858,0.07142857719594405
0.07142861017857968,0.07142860610082835,0.07142860421681622,0.07142858509419973,0.5714283921992463,0.07142860265661737,0.0714285995537122
0.028581139558134676,0.8281934432070509,0.028616618563239035,0.02857143662669484,0.028575710324806394,0.028889975796645154,0.02857167592342896
0.14285714285714288,0.14285714285714288,0.14285714285714288,0.14285714285714288,0.14285714285714288,0.14285714285714288,0.14285714285714288
0.04761909064307925,0.3809839593925598,0.04761908464410724,0.04761906241545868,0.047731937446361644,0.38080778576389523,0.047619079694538144
0.07142857272489044,0.07145690929313617,0.5713673733019692,0.07142857187374742,0.07142857206199978,0.07146142836432541,0.07142857237993164
0.07142858745444274,0.0714285862094512,0.07142858521029054,0.07142857705697069,0.07142857938021205,0.07142858444014964,0.5714285002484831
0.7853341192860366,0.03572978877932979,0.03587328135905864,0.03571428884510029,0.03580033935573377,0.03576137008572802,0.03578681228901291
0.5712977264873194,0.07142857313904358,0.07142857304313852,0.07142857206791146,0.07155940947217196,0.0714285729409232,0.07142857284949199
0.14285714285714288,0.14285714285714288,0.14285714285714288,0.14285714285714288,0.14285714285714288,0.14285714285714288,0.14285714285714288
0.03591761865279231,0.03580108733831609,0.03593028591065491,0.03571507058625952,0.7849733863908389,0.03578047699246406,0.0358820741286742
0.015902667608045512,0.01587872812099372,0.015986478649369876,0.5448721497356466,0.37550313058595675,0.01592641065026629,0.01593043464972121
0.015873020010241445,0.5708371515791012,0.01589125658804034,0.01587326330599764,0.3497033781848903,0.015879101736809013,0.015942828594920206
0.014345454493859149,0.11634688183538316,0.014361719549817499,0.01433598626042538,0.01430060962448532,0.014301918599661831,0.8120074296363677
0.03571429752832461,0.30243477305733707,0.2687753828762153,0.03571428969200725,0.03577416415933441,0.03587789933245154,0.28570919335432976
0.02387089243410973,0.8568714002229166,0.02381343481635492,0.023810679484960358,0.023910340237933696,0.023833218278297767,0.023890034525426897
0.017889857594969524,0.017897166455040307,0.0178740705503159,0.01785781283890894,0.8926847315423785,0.017883921562752706,0.017912439455634144
0.010229908523406127,0.20486287205179846,0.010264120331229082,0.010204085011525315,0.010278614668980576,0.010278093653370306,0.7438823057596902
0.07142858517250442,0.07165053428162976,0.5711252626825266,0.0714285761566571,0.07142857826732997,0.0714285825411444,0.07150988089820767
0.014298861770957724,0.014305706821410757,0.014294165291345329,0.014285715656147337,0.9141309708889915,0.014321703275490465,0.014362876295656935
0.07142858077372471,0.07142858001211144,0.07142857953008594,0.07142857465371959,0.07147641284589763,0.07142857912601477,0.571380693058446
0.009535381836106685,0.009544050422121607,0.22993789903545936,0.7223950082763895,0.009527240477721516,0.009528512724351266,0.009531907227850158
0.5712149947872857,0.07142858084108214,0.07153423602700604,0.07142857491740541,0.07142857646529725,0.07150262266748565,0.07146241429443773
0.03573049104740961,0.7855449386923766,0.03575330948844474,0.03571428759224186,0.03573779905534132,0.0358048843520719,0.035714289772113994
0.03573049104740961,0.7855449386923766,0.03575330948844474,0.03571428759224186,0.03573779905534132,0.0358048843520719,0.035714289772113994
0.4067690113603846,0.528220859681587,0.01300365274339505,0.012987014481077145,0.013018231668739949,0.012993070734441002,0.013008159330375378
0.020443175345929057,0.8773174308633541,0.02043925563819949,0.02040816537241755,0.020409708219326504,0.020478388848549932,0.02050387571222319
0.7854048300940327,0.035737112895385725,0.03590905333051574,0.035720757445298956,0.03573056667324642,0.0357543168815402,0.035743362679980205
0.03575176276804528,0.035714301293051344,0.03571430009838339,0.035717649447475935,0.035840486572849335,0.03582358400969772,0.7854379158104969
0.03589336023058687,0.7850418467977862,0.0357555467825264,0.03611319718937773,0.035729497517917784,0.035731147049917415,0.03573540443188744
0.4847764537101452,0.41297344152973714,0.02041380982919268,0.020409545639654813,0.020521877155605175,0.020486820483594594,0.02041805165207041
0.035730966030591914,0.7856156417934568,0.03572623521348449,0.035714287055315604,0.0357188811192085,0.03576343899023473,0.035730549797707914
0.020426916336746714,0.30590604039507135,0.020462128743769428,0.020485358169637095,0.020592717197896328,0.020418985034470497,0.5917078541224086
0.03576386364034365,0.03571932093307177,0.03572764600056903,0.03571451284803885,0.7851670363302846,0.036142828019535694,0.035764792228156345
0.035789204087250004,0.03576827562017946,0.03579554798292238,0.03571429145357067,0.7853630508720647,0.03578962554482906,0.035780004439183805
0.07142858517250442,0.07165053428162976,0.5711252626825266,0.0714285761566571,0.07142857826732997,0.0714285825411444,0.07150988089820767
0.011037941934156288,0.28993841327810765,0.2835107405584418,0.010996105409016278,0.010998435398416575,0.011016812540928251,0.3825015508809331
0.011046814753628918,0.29095288938277974,0.37094451970889253,0.010990492336355143,0.01100512717376602,0.2940393971122419,0.01102075953233576
0.023809529647680475,0.023813274702654673,0.364490884391988,0.023809525813281232,0.5163595822946662,0.023817705827135324,0.02389949732259403
0.04765652129261979,0.3809430714847499,0.0476190670582743,0.04761905524824931,0.04766965256342528,0.3808369659685536,0.04765566638412795
0.04761905554354947,0.7141527750465986,0.04767575370252254,0.047636960329511695,0.047619051491116275,0.0476773504443193,0.04761905344238211
0.009534255346737132,0.7108763153041875,0.24141011186587533,0.009549850256212427,0.00954252699388829,0.00953162915540173,0.00955531107769766
0.017943538691192737,0.8925703110773099,0.017899265733884295,0.017874716273516427,0.017889950859480048,0.01786843454443178,0.017953782820184803
0.04761908366453558,0.3809316260427238,0.3809184731898626,0.047619060299427,0.04764788542519912,0.04761908128903905,0.04764479008921267
0.04769452277835144,0.7141207175208099,0.047641224762585074,0.04762410763779304,0.047681318690909344,0.04761905464554372,0.047619053964007584
0.04761905576268225,0.7140801626659199,0.047761411460168254,0.04762488560592389,0.047619051585797184,0.04767637933644274,0.04761905358306601
0.020415921334531715,0.17855252860840629,0.020434599951951998,0.7193378379576519,0.02042217634294585,0.02042013686968317,0.020416798934828978
0.07144640383537385,0.5713900491912348,0.07142858331013545,0.0714285761389965,0.07144900191827035,0.07142880399852564,0.07142858160746328
0.14285714285714288,0.14285714285714288,0.14285714285714288,0.14285714285714288,0.14285714285714288,0.14285714285714288,0.14285714285714288
0.010249804786063549,0.08374958053006867,0.01020759328277695,0.01020410045685425,0.865116402666482,0.010251764755093328,0.01022075352266124
0.551933890954604,0.013011238320134044,0.013030961922127758,0.012987052064866953,0.15640146663177254,0.239618623475572,0.013016766630922773
0.04789133735589961,0.04764927395920549,0.04765228561853502,0.047719481265017696,0.7136176058437016,0.04785096016301292,0.04761905579462775
0.016067641654130643,0.01592219733112172,0.015898290240767794,0.015890081105872297,0.015896338624724567,0.9043876175468345,0.01593783349654857
0.0062195321942097375,0.8077854007773333,0.006228542258438967,0.006242888521077376,0.006226275711042717,0.161082269393301,0.006215091144596805
0.8927449469462648,0.017866383315946237,0.017863402948020232,0.017857145033232835,0.017894722247718726,0.01789236086310366,0.017881038645713398
0.203584542918417,0.12840221076418748,0.4123920183075067,0.020412235249021225,0.19421837238759276,0.02048569141690831,0.02050492895636663
0.015961027953574385,0.21247485753697523,0.015908625598250032,0.015902902263900388,0.015923259494477007,0.01593099884566355,0.7078983283071593
0.047619049897187064,0.348578863685233,0.047619049586804504,0.04761904840289583,0.04777818606003899,0.047619655725249524,0.413166146642591
0.9044722271074308,0.015919760310311365,0.01589864627798402,0.015881653747792737,0.01587392450473646,0.016052033573401705,0.01590175447834297
0.8282536796224848,0.02865657055387655,0.028647895270820543,0.028607258927372068,0.028571433968661186,0.028671264751946434,0.028591896904838737
0.0238392985050434,0.32089531051995035,0.5596236166831441,0.02386509103703508,0.023827455444626056,0.02393453468441177,0.024014693125789098
0.04761910223968328,0.04764130338042014,0.047706679326740484,0.7141757389322033,0.04761905561762608,0.04761906085460656,0.04761905964872014
0.02863299099522427,0.02857144561218446,0.028600992976456494,0.02857357779577861,0.4520153168415744,0.028623730657019845,0.4049819451217619
0.017915799942463412,0.017899049834040393,0.017874685817537705,0.3962114790325813,0.5142471696342339,0.017897184528485023,0.01795463121065834
0.015933846820645792,0.015934207108332012,0.3695534709910421,0.01589008809710468,0.5508582296253425,0.015929040892334573,0.01590111646519834
0.020476124523649337,0.8772457198912259,0.020444370021101867,0.02059978947259718,0.020408169168697074,0.020414951040050353,0.02041087588267832
0.047619062345437384,0.37796206384241615,0.04767205656009036,0.0476240271678327,0.38388467210449884,0.047619059418214045,0.04761905856151031
0.7855748383155404,0.03571430233787113,0.03571430142368008,0.035714771380469405,0.035791122472614754,0.03571430055145623,0.035776363518367785
0.02042263311372966,0.020454956959243487,0.020420863395584247,0.02040825038207219,0.020555009684382265,0.020414410737485306,0.8773238757275028
0.0358460035459614,0.035897982392369576,0.03576989399409285,0.03571429269604145,0.7851921945441636,0.03574674806423593,0.03583288476313517
0.028740799717393368,0.028587761507197433,0.028571439595503168,0.028582493121220073,0.028609674900347805,0.028610485717000627,0.8282973454413375
0.03576488518098088,0.03571431488779578,0.4494989370065275,0.0358336683774117,0.03581245916171205,0.03581053774636153,0.3715651976392105
0.014302438919460769,0.9142325736017902,0.014289841622637899,0.014309105606920787,0.014287311775547177,0.014287510623162311,0.014291217850480651
0.004470434982399507,0.004475037444768488,0.004470311301295681,0.004468215514340412,0.9731579525006486,0.004468891948731503,0.00448915630781581
0.07142882564722162,0.571428151878829,0.07142872881388215,0.071428572579353,0.0714285730615854,0.07142857413190715,0.07142857388722168
0.7134858651018726,0.047835708180444324,0.04761908245069422,0.04761906165179431,0.047654051600480654,0.047619080368290316,0.048167150646423504
0.020418344805161824,0.416883425303279,0.020417824988973706,0.02040816540224497,0.020427891349184282,0.02041674380964353,0.4810276043415127
0.047619132624043034,0.7141956509479799,0.047619100686491375,0.04770894715827882,0.04761905379032431,0.04761905774685728,0.04761905704602524
0.07148475946865272,0.07142857908386935,0.07142857870762814,0.07142857424718785,0.07150447015367921,0.5712415546312336,0.07148348370774901
0.01021214587978187,0.010207646818609174,0.010207613188300765,0.010204082196456946,0.010224315311336545,0.01020493944119656,0.938739257164318
0.23131532492060955,0.010209917650678696,0.09279310760164179,0.6350249714983282,0.010220551475826569,0.010224659326174194,0.010211467526741184
0.0178705380760506,0.0179945662366938,0.017878222787831265,0.2875824910365742,0.0179451798685105,0.48889651473665807,0.15183248725768153
0.02044014804882939,0.4149476938541404,0.020430201448894972,0.02040857624630397,0.4827227657677105,0.020483009308114152,0.020567605326006544
0.035722968914370115,0.7856205420965835,0.03571845039171758,0.03571428742721142,0.03572139363794616,0.03576828042741908,0.03573407710475216
0.028605757306283605,0.028577691980841435,0.028596445423370254,0.028571431670414437,0.8284889099593503,0.02858402887816904,0.02857573478157081
0.07142862550248254,0.0714286214090838,0.07142861808787987,0.5714283108646614,0.07142859782175347,0.07142861503872205,0.07142861127541689
0.14285714285714288,0.14285714285714288,0.14285714285714288,0.14285714285714288,0.14285714285714288,0.14285714285714288,0.14285714285714288
0.35711644054466574,0.5238111880929287,0.023809528212246522,0.023810035062703974,0.023821685219869142,0.023809604359570025,0.023821518508016084
0.028580462486031546,0.028673688411159838,0.02861234569000252,0.828392180674863,0.028577540931199196,0.028592162480696827,0.028571619326047272
0.03573439256017617,0.2857079390076248,0.535420266800112,0.0357142912586476,0.03571429374686235,0.03597552536353736,0.035733291263039736
0.014439293540234944,0.7692941225314258,0.014359460021923409,0.014285717289322906,0.014327350519316747,0.014322145136406107,0.1589719109613702
0.011930355382998203,0.3378949631239421,0.011936765254741584,0.011904764354472233,0.011967415553639093,0.011940598177221692,0.6024251381529852
0.8569355111957714,0.023831018934418077,0.023839260072988606,0.023809526374923076,0.023831072574135557,0.023862932018063134,0.02389067882970032
0.03571429339261684,0.31532479014211134,0.03571429227622537,0.03571428832965785,0.03571428944233163,0.035714616243260236,0.5061034301737967
0.035714290951282125,0.785709137485485,0.0357142901931404,0.03571428752371542,0.035714288252444,0.03571440438269831,0.03571930121123477
0.03571429339261684,0.31532479014211134,0.03571429227622537,0.03571428832965785,0.03571428944233163,0.035714616243260236,0.5061034301737967
0.00894274777431023,0.11993003617821812,0.8353664756374704,0.008940403758475534,0.008929743828407097,0.008939611937570329,0.008950980885548418
0.013004668220484057,0.013131882107606964,0.013037455702395069,0.012987015196704274,0.013032228568599143,0.013002559674125658,0.9218041905300848
0.01599164055761181,0.2131248391765241,0.015888721365790674,0.015874191222975623,0.38116928901766656,0.3420477085460117,0.015903610113419522
0.013003912710621245,0.01309864875476908,0.14411004422006876,0.012999055677859356,0.7907795741037399,0.013012687684337738,0.012996076848603865
0.013003912710621245,0.01309864875476908,0.14411004422006876,0.012999055677859356,0.7907795741037399,0.013012687684337738,0.012996076848603865
0.02876329747385095,0.2285389248388496,0.028705036976093605,0.02857365271490561,0.628232033698161,0.028615602089762916,0.028571452208376195
0.015962511452214855,0.6969946276369215,0.015910751004681308,0.015873018009932335,0.01592219754583661,0.015936591810796666,0.22340030253961662
0.02857386697744061,0.02857145513143169,0.0286641830743656,0.028576393219524102,0.028639529991356157,0.028617619190021412,0.8283569524158605
0.008445949569731175,0.008439703744344175,0.5872038709150192,0.008412690092843974,0.37065037894080227,0.008431098810404306,0.00841630792685491
0.015957157515632148,0.01587599554908223,0.015895953048563775,0.015873085136158472,0.9045977618804604,0.015885454192137577,0.01591459267796531
0.0362229507456934,0.03590582131660127,0.03571429694978935,0.03578919594354685,0.03575757180964946,0.03576127381389392,0.7848488894208258
0.7138901688172139,0.047667273941566494,0.04792193229105347,0.04762136153076405,0.04763124725089661,0.04763203941904888,0.04763597674945656
0.6484762657442774,0.015892719689770195,0.13776984293355707,0.01587301896115591,0.15017472556665065,0.015899853950962335,0.015913573153626303
0.073715622639048,0.008929907247496675,0.008975524942187542,0.008928937894218862,0.8815149788855381,0.00897765395485425,0.008957374436656524
0.04761906875587413,0.7140158696559237,0.04761906571926954,0.047632154332229004,0.04761905808122397,0.04787571589371859,0.047619067561761146
0.07155381446323766,0.0714285742314887,0.07146852248317774,0.07144403226773027,0.5710821082465136,0.07152906398719591,0.07149388432065619
0.04761924209843143,0.3809801405853219,0.04761917630048692,0.0476190585903897,0.047802331446626226,0.3807409799078,0.047619071070943736
0.21926560330950864,0.637634755358533,0.028578460724228642,0.028571432006967455,0.02858049840172786,0.028740765755479285,0.028628484443554963
0.047619066455107335,0.7140097078924458,0.04761906377360866,0.047619054050608976,0.047702943803013646,0.047619306698351634,0.04781085732686407
0.24610258903851165,0.08338829049760575,0.017861973306141452,0.10995994819157999,0.017871580756969343,0.01794235808969837,0.5068732601194935
0.015893565790941564,0.22543437961293653,0.01591111287781508,0.015873750140202127,0.21917248150372043,0.2075908212225551,0.3001238888518291
0.02387383863717811,0.023809530879338646,0.023839438262900584,0.02380952645915007,0.8569927799865475,0.02384421273627357,0.023830673038611465
0.07142861283032068,0.07142860936332299,0.07142860642538446,0.07142858526265036,0.07142859133863248,0.0716123904937205,0.5712446042859685
0.017937718279004537,0.017869278829136116,0.15428590921854624,0.0178776207493912,0.756235848097464,0.01790848882267287,0.01788513600378507
0.03602012939393563,0.03586767455920088,0.035714306132968714,0.03571429381995507,0.03576653157641856,0.7852027613769024,0.03571430314061888
0.047619058574556575,0.38152256721159705,0.04761905703631149,0.04761980820601247,0.047619052977566786,0.38038140034610146,0.04761905564785416
0.008934800010183232,0.008968581837222262,0.00894844943924792,0.008932048126143925,0.008972097218870842,0.008946545453289226,0.9462974779150426
0.785670573721331,0.0357142949334914,0.035714294294764505,0.03575795965236793,0.03571429057291699,0.03571429372585554,0.03571429309927274
0.011905400186292155,0.6043474573092731,0.33610107149448204,0.011921215581612655,0.011906310833710073,0.011908027875441667,0.011910516719188394
0.015881712896549247,0.6917834802284961,0.01588956152911344,0.01587919797485606,0.2288033134482779,0.015889713120730755,0.01587302080197642
0.04764334682211442,0.047763956190025096,0.3809337456095592,0.3808017828936268,0.04761905378591088,0.04761905778483274,0.04761905691393081
0.014286220144681847,0.014306795587094672,0.13854879215000165,0.014286163180280947,0.014364990403344045,0.7898930050977341,0.014314033436862782
0.07142882564722162,0.571428151878829,0.07142872881388215,0.071428572579353,0.0714285730615854,0.07142857413190715,0.07142857388722168
0.008976179610897243,0.08416401277010543,0.008938790009545453,0.008932519520432928,0.0089498637142629,0.8710800990217471,0.00895853535300895
0.02387825935246354,0.6725385393352119,0.023826010333107366,0.02380959933958412,0.2082655974113803,0.02383351792858594,0.023848476299666934
0.13546055898251044,0.013016731726415843,0.01302004749972749,0.01298803267823848,0.013092703436163157,0.7994101146034791,0.0130118110734655
0.2385533686139471,0.3600102533767662,0.028571443264647056,0.028572500723379718,0.02863990828558877,0.2870691444434766,0.02858338129219446
0.7853884786669789,0.035769131535911075,0.03582716282681137,0.03571428803327277,0.035823169586245096,0.035763478652114156,0.0357142906986665
0.6506050532839582,0.02043568791943291,0.02041155282983978,0.020421134586362983,0.24722944533348556,0.0204478890981253,0.020449236948795267
0.008429074899137289,0.00846014361823159,0.1886025116715397,0.00840520968132829,0.008441114049790553,0.008437458933903085,0.7692244871460694
0.013012117520792621,0.6804708897199779,0.013013739668930813,0.01298833177435391,0.2544431693542652,0.013031181985359092,0.013040569976320348
0.011905739593107867,0.011904768761782316,0.011905369328835458,0.2617588432618909,0.011919005871247687,0.011944914945341892,0.6786613582377939
0.023809528399283596,0.023812774887091156,0.023811389038386196,0.02383595512169727,0.023811792768524298,0.023809527501693566,0.857109032283324
0.01429518166561296,0.014290594815760926,0.014287075210204357,0.2877096390126292,0.014285720151417288,0.014320467105392233,0.6408113220389831
0.0079460303177232,0.007937793307071127,0.007936975456588505,0.007949008409394965,0.007940079784118498,0.007937728263777245,0.9523523844613264
0.0079460303177232,0.007937793307071127,0.007936975456588505,0.007949008409394965,0.007940079784118498,0.007937728263777245,0.9523523844613264
0.020424312678728133,0.020429903932114794,0.020426111094922855,0.020488780411057558,0.020417613881611545,0.020444084498049544,0.8773691935035156
0.47015151444972436,0.410760432642381,0.023809532206651197,0.023809579873244377,0.023822971408930207,0.023810937653526,0.02383503176554292
0.028571431465334668,0.8282868239213591,0.028832687354412922,0.028575215221330025,0.028575269951187532,0.028574995371509676,0.028583576714866058
0.07142860032629773,0.07142859776298476,0.07142859633477558,0.07142858136058416,0.07142858555108013,0.07142859473890117,0.5714284439253764
0.028571446829716848,0.028571445199304966,0.028577240141941237,0.534120233349846,0.028580973793810797,0.02857144327878477,0.3230072174065954
0.00954206593425189,0.009541671650982159,0.009542910211107224,0.009531080874126739,0.00959120568891521,0.009548341069377323,0.9427027245712395
0.07142860032629773,0.07142859776298476,0.07142859633477558,0.07142858136058416,0.07142858555108013,0.07142859473890117,0.5714284439253764
0.014285717905355452,0.014289067373763153,0.014286486209985155,0.014305460143731932,0.014287912061992477,0.01428582310898001,0.9142595331961919
0.047619068141311074,0.047619082675470055,0.04774971905213171,0.04761905458067277,0.713594024768717,0.047799719907225646,0.047999330874471606
0.010995462817915316,0.011009224804013104,0.010999930512239497,0.11004928339121682,0.011002378456244463,0.011005001334938092,0.8349387186834327
0.007165821178043681,0.007153611868063366,0.007143708872578702,0.1510339012577096,0.007160991496132707,0.007173519160136502,0.8131684461673354
0.014301387508880221,0.9138679215691192,0.014407514385307133,0.014383275140774705,0.0144091788174812,0.014326183298556363,0.014304539279881099
0.0476507005398558,0.38072981289970775,0.04783153354755725,0.0477426818136961,0.047640450073439325,0.3807353836375857,0.04766943748815806
0.020459248497648172,0.1665371791967318,0.02040903234977485,0.020408166742113543,0.02049194883498702,0.731241998851171,0.020452425527573675
0.02042338349164804,0.020581093709016493,0.02048685799448641,0.02040823267276261,0.8771678916154398,0.020437520852288435,0.02049501966435822
0.3895956221174934,0.02384617030078522,0.02383071413221625,0.4912799076497747,0.02381544957909069,0.023815207650099424,0.02381692857054028
0.012994127371554497,0.8234920920185902,0.11149599800085057,0.012987015700287754,0.013023652495994183,0.012992952750866722,0.013014161661856368
0.047619059365567366,0.7138986600423718,0.04782400570359201,0.04761905164619054,0.04780110970510221,0.04761905728256102,0.04761905625461504
0.023809530046748805,0.02390562360632134,0.85699411382714,0.023809525945748245,0.023815075314742834,0.023835235958470386,0.023830895300828447
0.028622240845135375,0.028693027584383742,0.028656166383239264,0.02857161695849228,0.8281683024505211,0.028670661509816068,0.028617984268411983
0.0204535887415829,0.02042578165860479,0.020431758805158573,0.020408165124264778,0.4841396079971303,0.020424034615919663,0.4137170630573389
0.01193207806055317,0.18085611000711074,0.011961496504310352,0.011927847777453836,0.011960098324429631,0.30780058975248836,0.463561779573654
0.01195755654858493,0.011925465779938913,0.01194615858816942,0.011916894021202726,0.928373010492145,0.011931615520384242,0.01194929904957481
0.028574196734481524,0.028578199367897905,0.8284074377580443,0.028571430110409347,0.02868874560096047,0.028608558542866137,0.028571431885340493
0.013020387678965344,0.31615555509458465,0.012996229501000236,0.012990491366875752,0.013046007406700089,0.6187918293274938,0.01299949962438018
0.713917935410925,0.04769497611401455,0.047646758134434454,0.047619050982168384,0.04763701622520914,0.04766536439727008,0.04781889873597847
0.07142857342839216,0.5713877017298535,0.07142857315387711,0.0714285721187414,0.07142857240405348,0.07142945021131816,0.07146855695376417
0.8926018576745051,0.017865913853818322,0.0178823639399317,0.01792522108603586,0.01791137445555176,0.017880169556302453,0.017933099433854738
0.023907117622506118,0.35277806994802735,0.023871899300863888,0.527637601118715,0.023823582013711035,0.02414407863906027,0.02383765135711627
0.04761905405353334,0.7142748553688814,0.04762670139094964,0.04762111690983457,0.04762016711302087,0.04761905282540838,0.047619052338371826
0.4994013520107197,0.18121544927053765,0.017897715213603158,0.01786073239414538,0.017862879569308033,0.017857286826628373,0.2479045847150576
0.007940613319734793,0.007946866780990993,0.007948124130305668,0.007936509146218879,0.24035293857484763,0.38587269514425376,0.34200225290364833
0.03571431716516945,0.33612215883980806,0.03605832893655833,0.03571429625390249,0.035822092210297675,0.48479288323104447,0.03577592336321947
0.014319643298470387,0.637607802602928,0.29088357680473376,0.014286845941041033,0.014292815546744927,0.0143136380633662,0.014295677742715604
0.03571605680291402,0.5348569286693353,0.03572003633652917,0.03572616406887814,0.28655214408490914,0.03571430707957403,0.035714362957860166
0.14285714285714288,0.14285714285714288,0.14285714285714288,0.14285714285714288,0.14285714285714288,0.14285714285714288,0.14285714285714288
0.14285714285714288,0.14285714285714288,0.14285714285714288,0.14285714285714288,0.14285714285714288,0.14285714285714288,0.14285714285714288
0.047619227941191465,0.380849431565414,0.3810551199967378,0.04761905193696709,0.047619053863867965,0.04761905781497483,0.04761905688084697
0.01788061000453638,0.2081420354787636,0.01788065523909657,0.017858184584656697,0.7023908045611016,0.017900092604849385,0.017947617526995776
0.023854479805974656,0.2754031160718361,0.6052857037523147,0.023809530104214688,0.023840577558514212,0.023855949657069137,0.023950643050076364
0.008430800483126676,0.008405531922347742,0.008417049543405644,0.008403362743471112,0.9494877347217232,0.008432756628374222,0.008422763957551392
0.07142857287301957,0.5713891709907003,0.07145649686784919,0.07143602133626951,0.07143259284696729,0.07142857258937915,0.07142857249581488
0.9219692925851999,0.01299994917778269,0.012998715684773919,0.01299755809988124,0.01300697392689121,0.013008478916255572,0.013019031609215633
0.03571432334175049,0.7856862873436004,0.03573717417833009,0.035714286593248594,0.035714286964688084,0.03571440226970823,0.035719239308674135
0.003973289983526208,0.003971737015725027,0.0039755053799976235,0.19861302718982027,0.781481322536008,0.004003290566928273,0.003981827327994598
0.03571444736087452,0.2856607912027127,0.28581904722763457,0.035714297375676766,0.2856627928315032,0.03571431315441511,0.035714310847183295
0.5712977264873194,0.07142857313904358,0.07142857304313852,0.07142857206791146,0.07155940947217196,0.0714285729409232,0.07142857284949199
0.005505189919135383,0.665831038677835,0.005521352245658228,0.00549590673546289,0.306615590224237,0.005515580010053517,0.005515342187617993
0.04761905492102293,0.0476190542539201,0.7142036138614414,0.047619050116841866,0.04767164299180168,0.047619054525947314,0.04764852932902476
0.023848116120106313,0.023824731790448767,0.023813491302484356,0.02381106268380113,0.8570125529330624,0.02383065194251862,0.023859393227578324
0.03571429757943161,0.2854705750106162,0.03576786796693885,0.03573807066972631,0.03573965356707931,0.03573782731843994,0.5358317078877678
0.035821064316677566,0.42920552950279667,0.3917392881143407,0.03571454091440992,0.03579982445885801,0.03597913638506731,0.03574061630784981
0.4115329038005839,0.04761905545811341,0.35021352539604306,0.04761905057247004,0.04769997433202262,0.04761905458936964,0.047696435851397254
0.014383000601294082,0.9140702415724216,0.014315244632729873,0.014286602177291174,0.01429852287048165,0.014318276889925133,0.014328111255856342
0.028571451623119987,0.0285714809202752,0.028588966129091144,0.02885510537160327,0.028656784484115214,0.8281847659123127,0.02857144555948241
0.011917827044738497,0.011913920376120561,0.01190955992761309,0.011904763585747824,0.011930609752449745,0.9285140258545813,0.01190929345874894
0.04764478197103698,0.04761905342878666,0.04771126608835092,0.047619049788969366,0.7140965100037657,0.0476431923440384,0.04766614637505213
0.02386562306685562,0.02384277997031203,0.023809669294339485,0.023809531321101033,0.02396596218843491,0.023996529085163393,0.8567099050737935
0.01304192818732198,0.012988569180242954,0.6130440945735991,0.012987014892076381,0.013019394101463208,0.013027879023558132,0.32189112004173825
0.007154164939844702,0.00714537836257327,0.007151824166258055,0.26666671910217776,0.007183464476255129,0.0071544957551933925,0.6975439531976978
0.011019873876986594,0.01099981072634345,0.2542354787103299,0.010989110359435717,0.011021822331221502,0.011003893765178933,0.690730010230504
0.014285720427423381,0.6800130846715662,0.014360652035501251,0.24846980890549225,0.014286916709754571,0.014291206532754161,0.014292610717508217
0.07142857297045264,0.07142857284406855,0.07146090642285903,0.071428571954515,0.5712381946013829,0.07147441444748213,0.07154076675923982
0.714015655180619,0.047808852447429676,0.04761906248793182,0.047619053472389275,0.047659466930080364,0.04765860833587349,0.0476193011456763
0.14285714285714288,0.14285714285714288,0.14285714285714288,0.14285714285714288,0.14285714285714288,0.14285714285714288,0.14285714285714288
0.14285714285714288,0.14285714285714288,0.14285714285714288,0.14285714285714288,0.14285714285714288,0.14285714285714288,0.14285714285714288
0.020435139418708597,0.020412475041161553,0.020438354795480333,0.020426502842977118,0.02044380529312861,0.020423860249151323,0.8774198623593925
0.5110542716154628,0.3695321104591974,0.023913743270134204,0.023809527112697636,0.023896689509599056,0.023819882856163252,0.023973775176745447
0.14285714285714288,0.14285714285714288,0.14285714285714288,0.14285714285714288,0.14285714285714288,0.14285714285714288,0.14285714285714288
0.01433383364436714,0.01429020636860548,0.014369468427843446,0.014325346447508255,0.014309848471022998,0.914037110754461,0.014334185886191628
0.14285714285714288,0.14285714285714288,0.14285714285714288,0.14285714285714288,0.14285714285714288,0.14285714285714288,0.14285714285714288
0.011950022077234421,0.9284163148436954,0.01193423217980882,0.011905002754537937,0.011954445929804542,0.011927989645779978,0.011911992569139
0.33857817577446037,0.04774228926164171,0.04761906767459846,0.047624895770318455,0.047692767527720746,0.42308081493493926,0.04766198905632095
0.03573593787377541,0.03574587831387238,0.7852965296611568,0.035714290353328224,0.0360485152866241,0.03571429674667463,0.0357445517645684
0.01793244999683677,0.017885152558171143,0.01799037335306844,0.017857160274649043,0.32504015263693176,0.5854055527496848,0.01788915843065818
0.02865182343647864,0.028571451578694278,0.028651904984192508,0.028571435566231807,0.2650086474346321,0.02868799076881067,0.5918567462309601
0.00795084021599286,0.007992668227860546,0.007954074479586537,0.007949526367588488,0.9522400220612042,0.007943455976647775,0.007969412671119802
0.14285714285714288,0.14285714285714288,0.14285714285714288,0.14285714285714288,0.14285714285714288,0.14285714285714288,0.14285714285714288
0.02860659517650401,0.028659775579867992,0.602990059557504,0.02857143956430524,0.028679473990962642,0.2538202438077833,0.028672412323072775
0.015905814935119268,0.01587746555833902,0.015935543566956898,0.015873053126551222,0.904511029840042,0.015906024920554544,0.01599106805243718
0.0714774351563936,0.07147589315674759,0.0714285866376194,0.0714285775167694,0.071428580209339,0.07142858567925615,0.5713323416438749
0.023889941949605656,0.023830425921644766,0.023898208292183747,0.502085745875783,0.024051112450498884,0.3783904494504041,0.02385411605987961
0.02041471355890535,0.020421698672291114,0.40434769935906095,0.020455389847044685,0.49346538447280647,0.020452732085346995,0.02044238200454438
0.07142857287301957,0.5713891709907003,0.07145649686784919,0.07143602133626951,0.07143259284696729,0.07142857258937915,0.07142857249581488
0.01789303995562565,0.017980292567686424,0.017900744311023828,0.017949092860844958,0.8924808598817274,0.01790056928738179,0.017895401135710014
0.017878112015672132,0.018041520498626694,0.017878306020837065,0.01786103628500205,0.01802230664380933,0.01790848641020854,0.8924102321258441
0.02865201871788555,0.028571646561920735,0.028571434709420793,0.02857143101283207,0.02864189367467718,0.8283156488692407,0.028675926454023015
0.013072231214299169,0.013030697006296565,0.012987016982780368,0.012987014571582127,0.013034528251700109,0.9218702540303337,0.013018257943007976
0.04761905677923421,0.04767024503175032,0.04761905553511545,0.04761915229640229,0.7141913868921874,0.04761905513640839,0.047662048328901814
0.7856015554860463,0.035714290795465925,0.03571429054044044,0.03571428762992082,0.03574971542847398,0.035757691190397886,0.035748168929254545
0.7856015554860463,0.035714290795465925,0.03571429054044044,0.03571428762992082,0.03574971542847398,0.035757691190397886,0.035748168929254545
0.015876903572766474,0.015877079442167676,0.01588955929649579,0.015889101473044218,0.015929970469974575,0.0158768678551315,0.9046605178904198
0.020606074528719157,0.2065361523822779,0.020409584949690068,0.020569860553794034,0.02041734201880194,0.020418070341864655,0.6910429152248523
0.020479799364736484,0.020557210154930013,0.020447581540742187,0.020408505008914002,0.8772353889632818,0.02045346639392687,0.020418048573468652
0.5714284762422431,0.0714285923085716,0.07142859117681413,0.07142857929258559,0.07142858262910981,0.07142859004285829,0.07142858830781744
0.017890061003221283,0.018099427824208248,0.8922994960052393,0.01786039389347346,0.017943715908900714,0.01796580871650678,0.017941096648450092
0.03571430373635974,0.5245423142153808,0.03573583678405874,0.035719410760365514,0.0357374981768502,0.2968218778093591,0.035728758517625754
0.0714286178559735,0.07142861332914634,0.07153355405058506,0.07142858731141355,0.5711182210226031,0.0716338011990423,0.07142860523123608
0.14285714285714288,0.14285714285714288,0.14285714285714288,0.14285714285714288,0.14285714285714288,0.14285714285714288,0.14285714285714288
0.07146671038750216,0.07142857783253426,0.5713904092913983,0.07142857384198192,0.07142857491553316,0.07142857710980657,0.07142857662124372
0.04764478326876004,0.7142597974712992,0.047619062068374234,0.047619180371944896,0.047619055811899,0.04761906110188342,0.04761905990583915
0.023877868875999873,0.6475290016380199,0.23318346271754536,0.023809601087348208,0.023813086589032736,0.023948115531439742,0.02383886356061433
0.02858798524467199,0.3872967870928891,0.4697571971012618,0.028578860473536936,0.028591254481252198,0.02860755774874481,0.028580357857643433
0.028721032311175638,0.028573771232585938,0.028600521210804634,0.02857150770089989,0.828242130182707,0.028625364208701806,0.028665673153125334
0.14285714285714288,0.14285714285714288,0.14285714285714288,0.14285714285714288,0.14285714285714288,0.14285714285714288,0.14285714285714288
0.013021508566419884,0.01298820984024392,0.36023831882569496,0.4362954101050837,0.013031534396792964,0.15139573144822752,0.013029286817536843
0.04766640515918438,0.7141144250988986,0.04761906286354567,0.047742928143985466,0.04761905631114574,0.04761906185331899,0.04761906056992131
0.0714286004892196,0.07142859717579281,0.0714285959080829,0.07142858119390094,0.571233916736443,0.07162311609626776,0.07142859240029308
0.028645308988884004,0.02857570493835142,0.8279093337982812,0.02883382599283398,0.02867523900394117,0.02863415025147715,0.028726437026230803
0.035714395852335726,0.36035944384691204,0.03571435993721861,0.03571429407643916,0.46096390024327505,0.035763849484285154,0.035769756559534176
0.38091427836475467,0.0476190719337035,0.04763359083833566,0.0476190568023892,0.3809465695035066,0.04761906920859339,0.04764836334871686
0.5643468716388842,0.3334346354795135,0.020476454459602396,0.02042314330061111,0.020427902935974736,0.02046029553658428,0.02043069664882983
0.07151525257914229,0.07142858328439788,0.07142858274305357,0.07142857588791564,0.07142857780022553,0.5711289363758362,0.07164149132942885
0.1914016507570577,0.1184066107703006,0.3008524812419595,0.010998504479402408,0.011015911083091771,0.011072613931501104,0.356252227736687
0.07153549716544186,0.5709926945781244,0.0714285883804523,0.07173459911768479,0.07142858107163426,0.07145145342178937,0.07142858626487295
0.38000071354878256,0.047834930337418285,0.3815838166410048,0.04772331690035681,0.04761906671880748,0.047619079214071255,0.04761907663955873
0.8926179347365084,0.017859780626464566,0.017861577185671933,0.01785789802560725,0.017902298507297937,0.017915637577968324,0.01798487334048156
0.008954523924087732,0.3399944044190754,0.008932260680087099,0.0960320089196419,0.5280890722200096,0.009008179026571592,0.00898955081052664
0.01307695428464452,0.012995884402241305,0.013020198173032833,0.012987015694889931,0.24610103037640396,0.20676735127997495,0.4950515657888125
0.01588319282332787,0.015928706559877517,0.015877412402760437,0.9046822855387865,0.015873022054487162,0.015875032115647048,0.015880348505113672
0.785299369837956,0.035732263472639754,0.035792342265576635,0.035826494790911156,0.03574470059292523,0.035725643082506864,0.03587918595748435
0.035714291568832726,0.7855151446922517,0.03591340697685912,0.03571428772856359,0.03571428857854539,0.035714290434654794,0.03571429002029267
0.07145557199048885,0.0715701147004351,0.07144964555207868,0.07142857283816405,0.0714312290349985,0.5711521013392754,0.07151276454455942
0.04770436581284258,0.04770527755005273,0.7134622781849104,0.04761906211399958,0.047903046916732736,0.0478251299070196,0.04778083951444243
0.01588071048325572,0.015877539204594778,0.904579044081119,0.015932987120094548,0.015970461832871423,0.015885774840513397,0.01587348243755127
0.7854931532478396,0.03575396024475841,0.03572730914789054,0.03571428850402857,0.03572273500752101,0.03573963074766041,0.03584892310030166
0.017871099065332605,0.017860401857103938,0.018031060507608443,0.017857189815946247,0.8925406594868167,0.017946132705735227,0.017893456561456925
0.028623630913118682,0.028584607340170317,0.028613111429964245,0.028571432301649914,0.8281580110316653,0.028852429855457343,0.028596777127974347
0.035754927540166945,0.7850571470631071,0.0363140103509723,0.035714291439788035,0.035714293914222095,0.03571429929618351,0.03573103039555993
0.047619079461647076,0.047690631387742065,0.04761906051785658,0.04761905273123602,0.7142140574575194,0.04761905990351502,0.047619058540483795
0.8925748977184126,0.017867883711760044,0.017901791434565748,0.017899762292994465,0.017939301636132526,0.01792811088825187,0.01788825231788284
0.006820204210350078,0.006815174948495327,0.23777357767312254,0.006803189331549188,0.5931273422544057,0.14181869021406918,0.006841821368008015
0.28743555747650823,0.593238143932753,0.02397636477481374,0.023809528942638394,0.023889475783605178,0.023821020763967853,0.02382990832571387
0.03595943936137999,0.03571429024628546,0.03571449447631725,0.03571428740780849,0.7854637226098693,0.03571428972484889,0.035719476173490555
0.07142857297045264,0.07142857284406855,0.07146090642285903,0.071428571954515,0.5712381946013829,0.07147441444748213,0.07154076675923982
0.009549873007925985,0.9427301364300575,0.009537907134519852,0.009528163667888737,0.009542786971683431,0.009558128381528239,0.00955300440639628
0.1171792966529082,0.009528048098737675,0.009530311254401591,0.009523926495075547,0.8350513563308232,0.009615875025517792,0.009571186142536008
0.04769967770733937,0.047619065607837754,0.047619064629273164,0.047619054403170304,0.7139710527980058,0.04761906495642664,0.047853019897946956
0.017909530490809157,0.017864472325972318,0.017923314836761815,0.2677813757258196,0.6426308911203541,0.01792880326798716,0.017961612232295733
0.017877249934961658,0.017873593401617878,0.017881019141734435,0.0178571464604802,0.017899081560507745,0.14977697560325456,0.7608349338974435
0.02046045159043047,0.020426605473144822,0.020491313680842307,0.020414927067616145,0.020428948177693498,0.020411560727714297,0.8773661932825584
0.4498129575989653,0.16831603104383192,0.007946812136030537,0.007936764755214838,0.35008744921063417,0.007949098547342336,0.007950886707980772
0.6872707166556714,0.21047694879566003,0.02046624514322599,0.02040921177878024,0.020410042000638767,0.020531306246173726,0.020435529379850083
0.03573234760039744,0.2856668551208536,0.03574247801475503,0.03571429232906999,0.03616749794127397,0.03575427692730818,0.5352222520663419
0.784837406586906,0.03591278132166829,0.03583534628778581,0.03574417887228207,0.03574120272232792,0.035945706390331414,0.03598337781869832
0.028643518723181174,0.27565059870050884,0.028602519754913368,0.028571488405358367,0.5812783271389682,0.02864770749944143,0.028605839777628594
0.023932350754697716,0.02381812536536494,0.8569202788255011,0.023809525030975984,0.02389908580469301,0.02381110778980001,0.023809526428967054
0.010242693214294505,0.15800568627592357,0.010222165941560531,0.010220956080981187,0.010232121660066044,0.010238242368890654,0.7908381344582834
0.03578120457391017,0.035780837816829655,0.03582180360238041,0.03571428899524038,0.035813198155511615,0.7853743740888867,0.0357142927672412
0.15391381955514416,0.01785813623199527,0.017870683712141566,0.017857609933594188,0.756713914453607,0.01788457175390735,0.01790126435961047
0.03585071560190991,0.035803285130438026,0.29802273062451945,0.03571514078061938,0.2867436760861485,0.27210760405427376,0.03575684772209098
0.07142857399679414,0.07142857378045277,0.07142857431825055,0.0714285723117788,0.07151661093166599,0.07142857351335427,0.5713405211477035
0.04761905497889721,0.7140802646682052,0.04765265394443575,0.04773201052543275,0.04763345188622706,0.04761929759158486,0.04766326640521728
0.07142860280156357,0.07142859989895736,0.0714285987971087,0.0714285821739123,0.07142858674512298,0.07142859661276774,0.5714284329705673
0.010208799821033043,0.18654656273545536,0.010210490240750316,0.7623993646550908,0.010219057678322428,0.010211155987359426,0.01020456888198857
0.07146671038750216,0.07142857783253426,0.5713904092913983,0.07142857384198192,0.07142857491553316,0.07142857710980657,0.07142857662124372
0.570814719198683,0.07146577086054624,0.07156676447529103,0.0714285738764136,0.07149347230461842,0.07159381218701841,0.07163688709742937
0.028805123356347682,0.028571452661137624,0.02857377222404988,0.028571437598876277,0.8278234840876032,0.028898514221855028,0.028756215850130298
0.0130077365009312,0.013003111337316287,0.012990275087269451,0.012988621375979914,0.013042460914420826,0.3310592651578405,0.6039085296262419
0.0059761144720845765,0.426963503655588,0.005967720479022874,0.0059735104848521285,0.5431451591111555,0.005984703626060375,0.005989288171236385
0.01587301863076924,0.015880762053555302,0.015875752164200528,0.01587305881267794,0.9047252561776115,0.015875351391451333,0.015896800769734244
0.047619088376679754,0.04761908439760113,0.047865747364773926,0.047619061535395024,0.7138874351568807,0.04767215992609385,0.04771742324257567
0.04819679541131263,0.04761910990408759,0.04761910684623662,0.047743877710941275,0.04761908159555588,0.7135321111204891,0.04766991741137697
0.14285714285714288,0.14285714285714288,0.14285714285714288,0.14285714285714288,0.14285714285714288,0.14285714285714288,0.14285714285714288
0.00894543233467961,0.00897155964913555,0.9462181027924025,0.008963057200818504,0.00898519377300962,0.0089476452985012,0.008969008951453035
0.4281219425014749,0.22819656764834512,0.02862721423495934,0.028702842023399115,0.028666729983468805,0.22883923972795397,0.028845463880398717
0.02381101754155553,0.5234404753761536,0.35740439125310464,0.023809527575889673,0.02380952919606103,0.023845571883721405,0.023879487173514024
0.047619053392654105,0.7142060075650791,0.047648300326815975,0.04762569317986413,0.04764978228600519,0.04763208055581045,0.04761908269377112
0.03572522405296606,0.03592231045752589,0.03578810967811573,0.49295057426571226,0.03573146384535533,0.3280964161917847,0.03578590150853998
0.03583850208298164,0.035717239636186365,0.0357571344619558,0.03571428706001242,0.035732983646192124,0.03574971624454003,0.7854901368681316
0.011916970988881389,0.40019568144689455,0.5401930744475864,0.011905399990092642,0.011912273850022637,0.011944158829412103,0.011932440447110237
0.028571432679483873,0.18136921821708096,0.02857143208827695,0.028571429973205158,0.028596866057241294,0.028571770941555975,0.6757478500431559
0.04761908921070244,0.04763378349358294,0.7136384286795573,0.047619061799229374,0.04788272306469025,0.047945352853255456,0.04766156089898219
0.047701587440503006,0.0476190597869776,0.3809319791607027,0.047619052198898594,0.04761905418859036,0.38074828029138236,0.04776098693294522
0.011003873135795386,0.9340119357873488,0.011001539477751834,0.010989156617740543,0.011001412332229753,0.010998377447009601,0.010993705202124343
0.011923230523675388,0.3620286285818056,0.011931760692460063,0.011904987088490896,0.011924913066817713,0.011952297073069634,0.5783341829736808
0.012989881670476579,0.20154271172767707,0.013004320767952111,0.7334464058459023,0.013042117789854856,0.012987048929889082,0.012987513268247925
0.04761905557657082,0.3809496665212621,0.04764061003223635,0.04761905034062106,0.38082815348701216,0.04764961486533014,0.047693849176967416
0.017909167087101024,0.3472818996297162,0.017870115165380503,0.017983383610345544,0.563024665305637,0.017916355779460363,0.01801441342235942
0.01430116873561131,0.01428572135495744,0.014302785036326567,0.014400773061976228,0.014316408076103277,0.9140649316550867,0.014328212079938321
0.07142859043934212,0.07181997752273203,0.07146356007263811,0.07142857791949024,0.5707702089680357,0.07154199702361211,0.07154708805414971
0.28548648889765976,0.0358449805883315,0.035793605273500055,0.5354923216264191,0.035920576196071294,0.03571429850961812,0.035747728908400174
0.011907396195549013,0.011905181703867104,0.0119059795082384,0.011905116880865171,0.9285498251737347,0.011916526061152068,0.011909974476593607
0.04761906315708951,0.4559022895152827,0.047912814044524826,0.30555282464333006,0.047619055367259626,0.047619506144979916,0.047774447127533426
0.012022367808697915,0.011914802915894238,0.011909837674275657,0.011904764034334072,0.012061707909130899,0.6113658244503484,0.3288206952073188
0.010256921474255314,0.010215139249885943,0.010229058798999609,0.01020587053207588,0.44268964983808473,0.010210386183810212,0.5061929739228883
0.04799654523400267,0.0476190543326365,0.04761905397443045,0.04761905013888862,0.04768401182661095,0.7138432314353514,0.0476190530580794
0.03572641850993776,0.03571429469932872,0.03577340674653116,0.035714289094812536,0.03573898039333342,0.03574220381327783,0.7855904067427786
0.0714286004892196,0.07142859717579281,0.0714285959080829,0.07142858119390094,0.571233916736443,0.07162311609626776,0.07142859240029308
0.020466897856599428,0.278983678012266,0.020445913540220666,0.020408166137717145,0.020507646994509486,0.020483843436180742,0.6187038540225066
0.04768379271299456,0.04761905055097352,0.04764020449046748,0.04762724204754009,0.4143038305263019,0.04767174869527228,0.3474541309764501
0.41426173693733936,0.5207067213731911,0.013007075126444802,0.012987308661111984,0.013018602910048683,0.012995193535400582,0.013023361456463526
0.01024964470210773,0.010212925296767546,0.010211983985457774,0.010219525337859487,0.01027057323734078,0.3845299425370502,0.5643054049034165
0.018146621011591892,0.8923846848052224,0.01785715023791345,0.01785714580466916,0.017940199315428593,0.017872223235538193,0.01794197558963628
0.04784021369407473,0.7135039013800614,0.04768813857500232,0.04761937073274661,0.04766473207025143,0.047730526441041844,0.04795311710682183
0.01587632595095259,0.3478760468595701,0.015902121462579376,0.015874149063344133,0.4557923154271156,0.13278817034554408,0.015890870890894058
0.017925997338457077,0.8926974489712634,0.017906694143752736,0.017857639609028503,0.017867273859519646,0.017867507527304767,0.01787743855067401
0.3603743120737505,0.020432640361998572,0.02047441986148286,0.020573132761771504,0.5371619123527602,0.020458053737418335,0.020525528850817973
0.04765070130775465,0.3807339332836648,0.04772596718439577,0.047743218835754324,0.04764044986268308,0.3808860257323669,0.04761970379338047
0.00952730919002293,0.5523292473539535,0.00953418911527797,0.009607690153222182,0.009576579634366022,0.3998793456878074,0.009545638865349983
0.047619069365334527,0.047619067338731565,0.3808242473535835,0.04761905499826866,0.047740639406370314,0.0476204719144567,0.3809574496232547
0.07142858194610592,0.07142858193466034,0.0714285805671507,0.07147424442987053,0.0714285765394954,0.07142857986586247,0.5713828547168546
0.8772477116146824,0.020526062999789475,0.020420639488940448,0.020408166192353954,0.020493619638643244,0.020486966917725436,0.02041683314786513
0.00799291803206866,0.007942799399379932,0.007980419953553336,0.007936511608758173,0.9521981979639387,0.00795699520832562,0.007992157833975597
0.047619060323167414,0.04761905927027914,0.0477092127599127,0.047619051977607664,0.7135146648952136,0.04776936161069149,0.04814958916312781
0.28569215542863546,0.0238297627158326,0.023906530900672622,0.023827723705893318,0.023863816491096465,0.023839158335831476,0.5950408524220381
0.8273980837281671,0.011955122782805135,0.1128969530267068,0.011933131898115675,0.011947109205400519,0.011934663478031762,0.0119349358807731
0.013010867842437325,0.9218342305525717,0.013015908843635423,0.013056004741832982,0.01300587332188543,0.013061097522550243,0.013016017175086814
0.01786421771900974,0.7543191297066537,0.01785938949744341,0.017874385817479826,0.017916835233972667,0.017857200209985827,0.1563088418154548
0.023859843451944075,0.023873478617064545,0.023848497816285456,0.4210341045238252,0.02380954561867138,0.023849063749845897,0.4597254662223635
0.9461977182856196,0.008956996705375123,0.008946891519877279,0.008987836189633032,0.00896930470757641,0.008959552330593205,0.00898170026132546
0.0478911574837282,0.047619053621669113,0.04767089869221424,0.047623842701127246,0.04765172531683494,0.04769476225068348,0.7138485599337427
0.07142859307579308,0.07142859100321015,0.07142858979669313,0.07142857885907906,0.07145883478877661,0.0714285902248678,0.5713982222515801
0.01594407177616514,0.9042260747270171,0.015886943910801744,0.01591411329921963,0.015931517612811488,0.015984991515348476,0.016112287158636114
0.028571437041899832,0.26045839149858746,0.02860623499796987,0.028584096470087507,0.028588041022181848,0.028590050535249555,0.5966017484340239
0.0020200482482430823,0.10176339108925014,0.0020126539639240696,0.8881574604854446,0.002015979032853483,0.0020143562431545947,0.0020161109371300725
0.023830516792893847,0.023848693803048795,0.023906127107491893,0.3189646059116248,0.5617488350085313,0.02384954816684992,0.02385167320955933
0.007560223072767942,0.007530821100661939,0.007535874170805529,0.0075280308419146185,0.9547781115322352,0.007527907640599342,0.007539031641015612
0.07147951748148985,0.571376103723644,0.07142857496510956,0.07142935942350417,0.07142857340697943,0.07142857470113823,0.07142929629813471
0.01193671191123569,0.011964132800656637,0.01196197237621479,0.2086755430541471,0.7315188881925438,0.011974505796298987,0.011968245868903098
0.04761907959382413,0.047666235881926915,0.04790192137011808,0.38049931988644625,0.38087462759191126,0.04761907451842664,0.04781974115734666
0.374473103139044,0.04783367626032743,0.04761905849215751,0.3871151312209383,0.047648545871993284,0.04765046235914633,0.04766002265639331
0.011043034026992997,0.9339577087238583,0.010993527929538565,0.010991095807314645,0.01100451069690016,0.011006424931500352,0.01100369788389486
0.007144491941810903,0.00715560710062086,0.007144313848893959,0.8071193532910227,0.1571430882156842,0.007146204448791072,0.00714694115317653
0.7855170763466535,0.03571429677361468,0.035751868451807736,0.0357220426625913,0.0357322026187581,0.03584821846832799,0.03571429467824661
0.007194901187534774,0.007162517990375061,0.30308675048771894,0.007143019796206468,0.6610786780954616,0.0071510571819355905,0.007183075260767573
0.0057410185164099665,0.9656396664805719,0.005717032891965704,0.005723343805812367,0.005732415622394497,0.005726675734956004,0.005719846947889389
0.07142858885290945,0.07170278541672809,0.5711193200901769,0.0714285774023087,0.07142857994536456,0.07146356404495238,0.07142858424755998
0.01587584175305092,0.015892168108893674,0.01587302279719987,0.9046668519194929,0.01587365705381954,0.01588080491742995,0.015937653450113373
0.047619070679232524,0.047619069173467456,0.04761906749422194,0.7141307437184712,0.047619058895229396,0.04763448731930434,0.0477585027200733
0.005109844285953263,0.2389348510734707,0.005107050512355948,0.7355146018393286,0.005120604491878167,0.005104507993257663,0.005108539803755647
0.017868141851676827,0.017890188331970126,0.01786487053903917,0.892801250725246,0.01785969945645591,0.017858639148432002,0.017857209947180187
0.0075295570225468135,0.007585074045504187,0.007523758054521387,0.954770897608477,0.007524151170544736,0.007520314471223625,0.007546247627182069
0.0179202056780402,0.3506966307451462,0.01802893182730053,0.156377244095508,0.017882174038681465,0.017860661028604688,0.42123415258671904
0.5712977264873194,0.07142857313904358,0.07142857304313852,0.07142857206791146,0.07155940947217196,0.0714285729409232,0.07142857284949199
0.0205478485500285,0.020411644619549727,0.020427890100770434,0.02041198509959893,0.0205735010068915,0.020477893483893096,0.8771492371392678
0.02860329516360218,0.028571435784296672,0.02858275960203892,0.02857143118071249,0.6168555726553394,0.2402266321868345,0.028588873427175827
0.02857864114548279,0.028571436123604875,0.02859621882223707,0.028571431416268122,0.02857817929272267,0.8285167836249697,0.028587309574714736
0.07149745709339285,0.0714285777880891,0.07161013090832145,0.07142857380008215,0.07145555145034646,0.07142857703935437,0.5711511319204136
0.03593974164973239,0.03574367688420235,0.7853962390881725,0.035714289557329394,0.03572563614343594,0.035760565313050385,0.03571985136407721
0.023932274656369334,0.023809545677703808,0.024011528193703786,0.023809531937115398,0.6208097845507174,0.023837823533990173,0.25978951145040013
0.877189566345209,0.020413707452222023,0.020709234250793414,0.020408165821274166,0.020418538368103034,0.02040911596182266,0.0204516718005756
0.19326268851667677,0.020445949433858666,0.020432553707452915,0.37498191964161404,0.02041119036467262,0.3500156363639358,0.020450061971789262
0.2857721629880817,0.023809534595157937,0.023832875648015645,0.02380952786373449,0.5951193637352358,0.023824345820725273,0.023832189349049224
0.014321111745907092,0.014503221872061928,0.014291576573592502,0.014285717569117319,0.9140059803716627,0.014288440718338596,0.014303951149319769
0.011919646637969813,0.011980167300084034,0.17434457317384897,0.01190551391488548,0.7659583969698784,0.01191606792941355,0.011975634073919618
0.008936910356448528,0.008930144450764234,0.008945644346317182,0.8503014583286015,0.008937974512021933,0.008940261512284869,0.1050076064935617
0.007155376368711007,0.007147946148738183,0.007151938387061663,0.007142918493153014,0.9570979881835561,0.007148427307023481,0.007155405111756509
0.028571442109191304,0.8282739824291364,0.028654252726066386,0.028571520887247383,0.028720278523781326,0.028635732950097116,0.028572790374480142
0.020471299949980305,0.6375612137688217,0.020502655450146665,0.020408221988656872,0.020453786199992316,0.260188912143849,0.020413910498553078
0.01786766604232921,0.29027530353149406,0.017865846088899344,0.6201248749941033,0.01807769077186914,0.01787068763004774,0.01791793094125713
0.01786766604232921,0.29027530353149406,0.017865846088899344,0.6201248749941033,0.01807769077186914,0.01787068763004774,0.01791793094125713
0.01786766604232921,0.29027530353149406,0.017865846088899344,0.6201248749941033,0.01807769077186914,0.01787068763004774,0.01791793094125713
0.07142857781177975,0.5711674718356419,0.07150783464644442,0.07142972597135624,0.07148329262882831,0.07154707411710583,0.0714360229888436
0.03571429482397931,0.7852260844171719,0.03573003403293364,0.03575943868379269,0.03603620771568922,0.03571992058546449,0.03581401974096878
0.01588526264731318,0.01587583959846962,0.015873018657408804,0.7670567066267471,0.015947175292219652,0.15346298194714786,0.01589901523069375
0.4246800404837278,0.015875894703172234,0.49589416333743874,0.01587301813892913,0.015876281283375045,0.015920545038257603,0.01588005701509927
0.007164712176553718,0.007147710311272659,0.007151037693981451,0.007147646403489595,0.376687001991526,0.5875470678886915,0.00715482353448513
0.007942441454226006,0.007954257160229818,0.952275272918962,0.007940909945246407,0.00798545547233671,0.007946806424288452,0.007954856624710472
0.007942441454226006,0.007954257160229818,0.952275272918962,0.007940909945246407,0.00798545547233671,0.007946806424288452,0.007954856624710472
0.009552803481650553,0.9427387038147093,0.009548449875025693,0.00953497184290839,0.009533340671429563,0.009561841000115794,0.009529889314160834
0.015943176311976448,0.40492309662748,0.01588461076078862,0.01587485563867534,0.015881496436026765,0.5155689337773038,0.01592383044774899
0.03573359087569557,0.322479661520133,0.24852604576589227,0.03571461309915524,0.03576438520612903,0.03578250127925365,0.2859992022537412
0.00893667633702696,0.008929307546181145,0.008947649817033764,0.008970699642909067,0.9461981349115287,0.008974831013233113,0.00904270073208719
0.5043193148531858,0.015890449130316266,0.015891562096877556,0.015879592784537332,0.015900631524266764,0.015956238001553404,0.416162211609263
0.023826229533137126,0.023825004345335635,0.02386635405953643,0.02383003536216102,0.8569471671239987,0.02389307576387443,0.023812133811956567
0.03578822765563948,0.5079240881534473,0.035733282313194906,0.035849695930614454,0.31327584061994995,0.03571433155911133,0.03571453376804265
0.2411117648617346,0.012987018480106615,0.01300772920705614,0.012987749991814842,0.5034198786107404,0.012996095293206427,0.20348976355534107
0.02857908207035259,0.02857784642305175,0.02870427688556409,0.028571433279565076,0.028683075228482523,0.8282271170344576,0.028657169078526314
0.9494360021586387,0.008415242347083282,0.008430884419170552,0.008406517698673803,0.008448335396629402,0.008433188407916426,0.008429829571888004
0.07164254992500381,0.07142857739037434,0.07142910930250669,0.07142857365766922,0.5711864471319813,0.07145616628179396,0.07142857631067082
0.023809532152744433,0.023809531426791413,0.023818947475304775,0.8571311848652972,0.023809527987747457,0.023811746123793172,0.02380952996832159
0.01300004311164052,0.12156505447899817,0.013039863442747858,0.012993863611892913,0.013029149303677004,0.01301983760897191,0.8133521884420717
0.0238851280562131,0.023817244582124412,0.023812135097166755,0.023810587890973605,0.6341595369101035,0.24666887280337718,0.023846494660041427
0.035731349131471885,0.03571497679670377,0.03571428795009387,0.035714442377242916,0.03591039551015826,0.035911719731202434,0.7853028285031269
0.011024580893545913,0.23204778366875772,0.011001407189292167,0.01107592529321738,0.46947902660955015,0.254310475942179,0.011060800403457739
0.010229078191303071,0.1673013032418163,0.010210085410474802,0.7815820158240221,0.01021466810235866,0.010235739277710971,0.01022710995231418
0.04761906051239663,0.047619051181798336,0.047619051028588606,0.04761904895874157,0.04780687319777167,0.047619051371756385,0.7140978637489468
0.3390313457972789,0.004477546486599407,0.004482669163645697,0.004468522242014689,0.22565153078983616,0.4174095582435058,0.004478827277119443
0.04770105257247812,0.047779340239389234,0.047619083493657684,0.0476190621378653,0.3809349135676633,0.047619081266841376,0.380727466722105
0.3687396870245762,0.5120118380177957,0.023903605507557046,0.02380952565715144,0.023833127636403044,0.023827060705998944,0.02387515545051764
0.015913687221286478,0.015873027499399794,0.25520209612917516,0.015875130820805525,0.01591082435072224,0.015902984936284687,0.665322249042326
0.011933279208651431,0.01191173281379812,0.011916604208162837,0.011904872789047598,0.9284931688701094,0.011921119391055031,0.011919222719175684
0.008969593607466242,0.008930630502757973,0.32274270356358997,0.008928795102303946,0.6325264358278578,0.00894318680674223,0.008958654589281708
0.502726879829789,0.0358191208846066,0.035719943806321326,0.035714290285833256,0.03579219051150006,0.035809814717940085,0.31841775996400984
0.07142859553531256,0.07142859315128094,0.07158127888387693,0.07142857960193566,0.07159168202190659,0.07142859109182648,0.5711126797138608
0.8284064797280145,0.02857143123386119,0.028667494002269048,0.028571429569844122,0.028620006446316928,0.028571430917564988,0.028591728102129295
0.07142861017857968,0.07142860610082835,0.07142860421681622,0.07142858509419973,0.5714283921992463,0.07142860265661737,0.0714285995537122
0.07142857881150373,0.5713267422325908,0.07142857785412839,0.0714285739303639,0.07146827518113989,0.07142857746883816,0.07149067452143511
0.7134234285385654,0.04766723451849601,0.047660975757905025,0.04763757618716236,0.04816853019048102,0.0477373858261767,0.0477048689812135
0.006503413053586466,0.006499565973455358,0.006505784844874268,0.16423765569224258,0.2265078185348711,0.006504310399516092,0.5832414515014541
0.011911849157189585,0.011937700779107347,0.1807292472675817,0.011923697663315103,0.3233649158731275,0.011914038028540488,0.4482185512311383
0.04768745605055856,0.04784706947913486,0.04776308719696736,0.38031552443242683,0.04787134867109366,0.04775927662756209,0.3807562375422567
0.7139047865858338,0.04761905465493324,0.04761938123804177,0.047619050257980536,0.047964265205279785,0.0476473114363458,0.04762615062158518
0.0025555179588737827,0.0025625477122186075,0.39552144930693534,0.0025564488282916456,0.0025545117587223824,0.5916925378535899,0.0025569865813682606
0.8567789074695621,0.02393892542729687,0.02382153284766898,0.023809528495643138,0.023832117897315704,0.023981495575384933,0.02383749228712829
0.01031030494932483,0.010206633634394084,0.010219726888106299,0.01021591478892809,0.4492128430974385,0.01022000642412152,0.4996145702176866
0.14285714285714288,0.14285714285714288,0.14285714285714288,0.14285714285714288,0.14285714285714288,0.14285714285714288,0.14285714285714288
0.047648513861035025,0.04761905518945854,0.7142352807458747,0.04761905047522799,0.04761905175578333,0.04763999423898627,0.047619053733634044
0.009528008837987134,0.009525482352199799,0.00958837915492462,0.00952391865964111,0.9427349657596086,0.009529555791405166,0.009569689444233644
0.011913107129131257,0.01195727151338255,0.9283780029666301,0.01191204740886302,0.011981896838459983,0.011922788315540417,0.011934885827992781
0.008946659494753399,0.008932628985724318,0.00893320894131645,0.008928574983077772,0.008965395324796083,0.9463408684376706,0.008952663832661412
0.008946659494753399,0.008932628985724318,0.00893320894131645,0.008928574983077772,0.008965395324796083,0.9463408684376706,0.008952663832661412
0.01785949519353411,0.01793058609328801,0.3975444293100957,0.017862652905661792,0.018014718352978243,0.5128216570264358,0.017966461118006427
0.04784410259743183,0.04766330382216447,0.0476643158188527,0.047797051297888936,0.047619055911268526,0.7137931104715575,0.04761906008083613
0.047675054831146674,0.0476190518533111,0.04766472221334268,0.04761948664524207,0.04762549133074667,0.71410654472236,0.04768964840385087
0.07142866209282425,0.07142865278865629,0.0714286475701789,0.07142860178304498,0.07171999836635976,0.5710538928936677,0.07151154450526812
0.047641818452452044,0.047619065510717526,0.04761906444862146,0.0476190543285114,0.047636288609130446,0.7141571969609237,0.04770751168964342
0.012994877668490923,0.4793454232400951,0.013000921791260327,0.45569210930032517,0.012987306560686149,0.012992325193887117,0.012987036245255226
0.03572036499168106,0.7855192591488042,0.035724223516143336,0.03571439089878344,0.035732558236095065,0.035770876908767686,0.035818326299725346
0.03571431043052922,0.3085454461747478,0.03571430717715114,0.03571429419882735,0.03574130192677457,0.03575869811978337,0.5128116419721865
0.14285714285714288,0.14285714285714288,0.14285714285714288,0.14285714285714288,0.14285714285714288,0.14285714285714288,0.14285714285714288
0.02383732987094526,0.023841635824976618,0.023820755347068637,0.023809526201306233,0.8570304180444088,0.023841600330348482,0.023818734380945922
0.02382115348456469,0.8568272413664393,0.02385442145060539,0.023819331567886598,0.023922786936840572,0.02381438241596873,0.02394068277769471
0.014297598573802871,0.7756582517663394,0.01429028048725481,0.014303444048397928,0.014287261999827465,0.014290075465833931,0.15287308765854357
0.02061937509353,0.31471738809250566,0.02044412409131689,0.020418764457806077,0.020427849606142554,0.5828633852369802,0.020509113421718607
0.03580257686810767,0.0361480393712463,0.7846223121351782,0.035714297866549324,0.035868043235624134,0.03607459632575171,0.035770134197542734
0.5322579907994827,0.2661712574405986,0.015891457637470283,0.015873086186964428,0.01589388027995538,0.13800767436687741,0.0159046532886512
0.04765163566029349,0.04768832963563033,0.38092116924522673,0.047619053858506434,0.04761905660542106,0.04761906228346829,0.38088169271145356
0.035824235692622976,0.03571830689025126,0.03583068854059745,0.03571428826115167,0.7853901004263388,0.03580625289804615,0.035716127290991634
0.47754263428284266,0.00793786771505863,0.007961269067595658,0.007942837943734697,0.00795745942123765,0.007985528187035873,0.48267240338249484
0.015881798328432818,0.015873022240066665,0.6499037264216391,0.015873018252871716,0.015946367129215325,0.14971587650535445,0.13680619112242
0.047645847573738055,0.04764263734541911,0.7140036963600522,0.047790267443709795,0.04761905270693302,0.04761905642386343,0.04767944214628427
0.009601175075365731,0.26665797960986926,0.21383979222495916,0.00952636374699292,0.00954604325210432,0.34838251430176875,0.14244613178893983
0.01788636322067824,0.8924134318311661,0.017964705414619517,0.017857677344628575,0.01806655498530965,0.017954119159076073,0.01785714804452182
0.07184158347760286,0.0714286485749671,0.07142864597167685,0.07155220548686393,0.07142861285503857,0.07147703697061589,0.5708432666632349
0.028616977075369605,0.028571457568079897,0.028596340121643554,0.028571439405209224,0.028783008228903097,0.8280144134986399,0.02884636410215477
0.04772725028107782,0.04767156869124705,0.04765771920011612,0.04761905065684106,0.7138280994526673,0.04771717174161904,0.047779139976431635
0.07142861837526254,0.0714286145345071,0.07142861215095035,0.07142858757451351,0.5714283518992772,0.07142860947848848,0.07142860598700078
0.01589345482336061,0.3975081530158714,0.36030171483730195,0.17842638825921966,0.01603270025980405,0.015919695491120222,0.015917893313322214
0.035825989346831656,0.03581619501922295,0.03574398588566571,0.03571428812385994,0.0357212609911983,0.035718727751459976,0.7854595528817615
0.015978463471214125,0.01588476429842853,0.015889640453590082,0.015877093874494305,0.015927012375753155,0.9045414088186284,0.015901616707891336
0.5713312645948805,0.07142860641992352,0.0714286043738286,0.0715257335271652,0.07142858992666361,0.071428601930432,0.07142859922710666
0.07142857896077613,0.07142857824801649,0.07142857792726415,0.07142857399805813,0.0714285751227119,0.07142857751527683,0.5714285382278963
0.03572207469389658,0.035718461365825786,0.035714527462311456,0.03596045994861326,0.7853133252976026,0.03585683397130067,0.035714317260449685
0.14285714285714288,0.14285714285714288,0.14285714285714288,0.14285714285714288,0.14285714285714288,0.14285714285714288,0.14285714285714288
0.03571845835930358,0.03574820309443618,0.03591286622729788,0.03572281093789059,0.03572925863567517,0.035720519756653614,0.7854478829887429
0.023863838089332196,0.8568730826217404,0.023885019561095185,0.02380953906701684,0.023829269821221417,0.023920625677402017,0.023818625162191923
0.5481802061851422,0.005114423205434067,0.005108059050230538,0.005102264592537131,0.005129904990070929,0.426248676414283,0.005116465562302128
0.14918672019129894,0.010224882265519103,0.09088634866934421,0.010204083549885612,0.7190394546415037,0.01022959556960573,0.01022891511284271
0.07142858188937083,0.07146037837098194,0.0715712642170737,0.0714285749862012,0.5708447087550198,0.07166863647624973,0.07159785530510272
0.04775571926056837,0.04762976458137691,0.04775431510620869,0.04761952835445139,0.7134704810635788,0.04780588394062334,0.04796430769319247
0.22392842854805597,0.01587859207445347,0.015875512580096597,0.015882707349023008,0.015962422813886663,0.26409051252219345,0.448381824112291
0.14285714285714288,0.14285714285714288,0.14285714285714288,0.14285714285714288,0.14285714285714288,0.14285714285714288,0.14285714285714288
0.07142859128180255,0.07142858915539986,0.07142858806533715,0.07142857802416022,0.07142858083035067,0.5713244943052429,0.0715325783377066
0.02859154812908836,0.8282041120562568,0.02863007432083215,0.028573736871717294,0.028755529356805316,0.02857143812153526,0.02867356114376477
0.8282112155994455,0.028581460357273384,0.028631685839899536,0.028586343627276554,0.028662544520181427,0.02857143329333048,0.028755316762593117
0.023865102910086287,0.21230349621775482,0.02382970728141076,0.023809748442030675,0.6684905242649914,0.023841888463282883,0.023859532420443162
0.5730767047624138,0.020459924336100124,0.020415892858922438,0.020408356550242195,0.32476508609372257,0.02042405972370724,0.020449975674891676
0.008415223930138563,0.008403563551075329,0.008413159441674069,0.008403451492956846,0.9495484943324494,0.00840797228040067,0.008408134971305223
0.02400086131926574,0.8567378840990539,0.02382572047444323,0.023843653151632914,0.023820614445173006,0.023835117340715858,0.02393614916971534
0.0476190767355269,0.047635022250809726,0.7139332015943043,0.047950926215065096,0.04762363300493827,0.047619071168755245,0.047619069030600536
0.009551600026916579,0.009572399425742022,0.009525440167690925,0.009550726727452009,0.2972887776006714,0.009564301925689397,0.6549467541258377
0.015878183760477945,0.015898164480903414,0.015896318271207414,0.015875055838904646,0.2470545719289471,0.6734544932738151,0.015943212445744266
0.015964592662825766,0.01588503925719681,0.015900990069752746,0.015873017549800604,0.9044536010728572,0.01596772402217755,0.015955035365389277
0.004336069785244955,0.004334403899108686,0.004338616616669436,0.00433313707286421,0.004357311879642918,0.9739531124130586,0.004347348333411199
0.04764759374604933,0.047625330693024756,0.047619057417316216,0.047619051482661705,0.04764245793008284,0.04761905683871416,0.714227451892151
0.07142858258271498,0.07142858185134286,0.07155316092292424,0.07143388784162628,0.0714285768652806,0.0717678770570796,0.5709593328790313
0.017886440509815738,0.5219402817835602,0.017943759671526976,0.01786682296309116,0.017936781475493834,0.017884149612204914,0.3885417639843071
0.0119287906578832,0.012056053531732582,0.011921315108674465,0.011910498720678625,0.01194019568734871,0.9283356029339555,0.011907543359726946
0.14285714285714288,0.14285714285714288,0.14285714285714288,0.14285714285714288,0.14285714285714288,0.14285714285714288,0.14285714285714288
0.4410691575937742,0.023833339385253838,0.439547984958404,0.02380952787532297,0.023850068145926613,0.023817072177766505,0.024072849863551984
0.010989027731140907,0.011064541031989963,0.7625997123670346,0.011045211924636549,0.01101531365599448,0.01101481669105938,0.18227137659814402
0.015904753904458613,0.01588769358049311,0.015895889099365523,0.015873115526638757,0.9045926989754205,0.015969212459942934,0.01587663645368034
0.20389313618929425,0.010995710394404928,0.011067052649105532,0.010989020310279157,0.011027475222859495,0.4084991623464763,0.3435284428875802
0.07142859843558208,0.07150284775021462,0.07142859461699855,0.07142858062796144,0.07142858457491169,0.5713541907976125,0.07142860319671904
0.0071485571807646435,0.007144539705119665,0.007149686832368947,0.007143230541822748,0.9570877113011068,0.007143759330274163,0.0071825151085430266
0.028630088684223544,0.6284065381380503,0.028571434194877468,0.028571430686685113,0.02862247618526993,0.028590816640543165,0.22860721547035048
0.023809529727614548,0.18660998289103473,0.02384043898729567,0.023809571320422687,0.6942642217694384,0.023826442583948112,0.023839812720245872
0.07142857991253462,0.5714014197817437,0.0714285788222348,0.07142857438238943,0.07142857556106441,0.07145569393678096,0.07142857760325201
0.14285714285714288,0.14285714285714288,0.14285714285714288,0.14285714285714288,0.14285714285714288,0.14285714285714288,0.14285714285714288
0.0714285838620768,0.07142858267781768,0.07142858210095226,0.07142857567922141,0.07151906057850252,0.5713308483047729,0.07143576679665657
0.017907139376303935,0.017864192037215176,0.017878988439942938,0.01785714618261653,0.892628701278846,0.017970757058272967,0.017893075626802476
0.015974380786230355,0.015891628029600386,0.9046074611868566,0.01587301763016476,0.015880805843799348,0.015879577160132892,0.015893129363215484
0.5714285331624177,0.07142857982796,0.07142857939893381,0.07142857457240266,0.07142857598728147,0.0714285788509142,0.07142857820009021
0.0357663475635337,0.03571429624176554,0.7854290618519011,0.0357142896481612,0.03586821290898228,0.03572401093440724,0.03578378085124896
0.3882980526187907,0.011918349647342863,0.01197416955951691,0.011917287778557023,0.5520241992207785,0.011933874262416336,0.011934066912597673
0.013011798510141295,0.01300316153442879,0.9219935336477046,0.012987013990185444,0.013015594454756604,0.01299051130470579,0.012998386558077375
0.04764477748633397,0.4304894963883402,0.3312893449285426,0.04761948339873975,0.04762745189524273,0.047709995996257214,0.04761944990654351
0.01023730844326473,0.129797351003133,0.01021583267798174,0.01020872680499286,0.01026715058565032,0.010228563881652018,0.8190450666033253
0.9569405616680368,0.007264674777885839,0.007146372001968454,0.007195386572912022,0.007150448717007922,0.00715165001450203,0.007150906247686772
0.010229898921125838,0.11683571916815519,0.5029423613275631,0.01020408432583628,0.010267464762528584,0.01023125742571418,0.3392892140690767
0.14285714285714288,0.14285714285714288,0.14285714285714288,0.14285714285714288,0.14285714285714288,0.14285714285714288,0.14285714285714288
0.036195142781210284,0.035714326300120086,0.03572719195105697,0.03572282556331246,0.03583901126874199,0.03571430114473988,0.7850872009908184
0.00895424179606069,0.008938339793952163,0.008939805533734833,0.008928833106343686,0.9463500829681573,0.00893362999234246,0.00895506680940894
0.014288491196970971,0.014317480139460072,0.014297567919981467,0.014363632585851627,0.014315830510460934,0.014312422908027488,0.9141045747392476
0.023913088821853456,0.023956143337962605,0.024001990195197723,0.023814910667823885,0.8565693658977962,0.02391593461429104,0.023828566465075075
0.04348819687550296,0.005112102228150398,0.005102844664927109,0.9309865416024974,0.005102523775940294,0.0051043802291001585,0.00510341062388173
0.03574395170299998,0.03578189802175058,0.035810285973826426,0.035714289866356934,0.785214306911085,0.035784361205458366,0.0359509063185228
0.011926713213474884,0.30554588062504817,0.011946781085506147,0.01190549351132327,0.6347601164698334,0.011956973558102407,0.01195804153671166
0.013011296774187001,0.013074422589477875,0.6636480346201178,0.013024446788627618,0.013073750487919037,0.012999692688424791,0.27116835605124584
0.028607006301474606,0.028656723245943132,0.0286622986863619,0.3605483493263523,0.02859005069419342,0.02869370599698081,0.4962418657486939
0.0119160842051975,0.011907988402645035,0.011910357180761551,0.011915867457432727,0.9284242724548716,0.011956633286910734,0.011968797012180985
0.9139411451679667,0.014363810133363401,0.0143096035778335,0.014285906597067554,0.0143639990757967,0.014366522454327433,0.014369012993644832
0.011949158704163692,0.01191442972246497,0.011917742973213958,0.011906521123116048,0.2231753682173738,0.7171918904640983,0.011944888795569403
0.009540077946668253,0.009595515766859027,0.009570490785168334,0.009589318011791862,0.7304525639161427,0.009590458331025849,0.2216615752423441
0.014329372610423781,0.014287145772124654,0.014297967941126635,0.014285819933729961,0.01430873219346238,0.014318847907174458,0.914172113641958
0.3634851045304892,0.3983454907147295,0.047619060676112206,0.04761905279700492,0.04761905507310726,0.04763771257072532,0.047674523637831714
0.009536417535838197,0.009543234446485421,0.009525328219996111,0.27595472968831153,0.5926681401927284,0.09322835333487187,0.009543796581768467
0.04765608232079667,0.04761906337905076,0.04761906220631271,0.04767389743678788,0.047619055899919,0.04761906122992852,0.7141937775272044
0.07167477287197109,0.5709796158730195,0.0714285885487704,0.07163067677151093,0.07142858124868115,0.07142917870452721,0.07142858598151974
0.028748149630898077,0.028571441185216755,0.02860305622976556,0.028571433322371425,0.5724598047751928,0.02858380698938515,0.2844623078671704
0.0476190904851646,0.04761908650193485,0.047798100540219414,0.047619062169991615,0.4022034872901731,0.047619081820715746,0.3595220911918008
0.023863918617359838,0.023819634933665335,0.023849223769899845,0.02381145747351513,0.33780993418505956,0.5430315213400758,0.02381430968042453
0.0357415605939256,0.035749178713912075,0.03571430864166849,0.03572467181226397,0.03592779038468974,0.03578028037660333,0.7853622094769369
0.035714310457861546,0.03579621072315087,0.3256000846565321,0.03575426551810779,0.4955662421757082,0.03573915915595531,0.03582972731268406
0.3808208518987842,0.3804721849616215,0.047771896102095444,0.04789014880471809,0.047653800651560774,0.04766827339364202,0.04772284418757804
0.07142862329766891,0.5711411654793916,0.07142861651566879,0.07171577551756335,0.07142859672285395,0.07142861301669676,0.07142860945015654
0.04777931959031327,0.27136079468354496,0.49021171486488907,0.047765057281030046,0.04764425270858225,0.047619054225474834,0.04761980664616535
0.008989043675437233,0.00894516924695057,0.008940214824448494,0.008928572904682068,0.31554334251682414,0.008934466893171948,0.6397191899384855
0.03575120240312992,0.03575904094194606,0.03574850861124449,0.7854764397263246,0.03572739489917684,0.03572126931126333,0.035816144106914714
0.028576173967052698,0.3370259323995534,0.028571437711196288,0.5201121486453021,0.02857143376630538,0.028571437137935488,0.02857143637265466
0.014306939852725412,0.0143171570945843,0.014294647853072972,0.9142091717617177,0.014288663886599095,0.014285718380224431,0.014297701171076059
0.023809539949443313,0.0238196550391125,0.2671024078144334,0.3343437959150035,0.30325427095666346,0.02383480540552129,0.023835524919822364
0.6131737930076964,0.02860335026340226,0.24380995963396976,0.02857143176645445,0.02865250710241292,0.028595424358645663,0.028593533867418544
0.9218948841540587,0.013057915430222998,0.013006287424087985,0.013020999564067503,0.013002671768762724,0.01298956094124238,0.01302768071755763
0.01191779018115482,0.011998559024105966,0.10252611101984331,0.011904764996243733,0.677621720398629,0.17206582410717183,0.011965230272851336
0.03571430745328584,0.036062120065427763,0.7852907875609426,0.03571429316349197,0.03578532781345191,0.03571885920636457,0.03571430473703527
0.028760139460613846,0.028606316018328436,0.028571437340025024,0.028571432069451425,0.02857479438453353,0.8283379775384485,0.0285779031885993
0.7140043811590718,0.04761905294791304,0.04766062627564557,0.04761904961963417,0.04766327250373444,0.04774222608652161,0.04769139140747935
0.035774806241846854,0.03571432930382129,0.03579973620281659,0.035895823011268105,0.03574893966479683,0.03605165136628966,0.7850147142091607
0.004469382383411326,0.004470084890119178,0.00448144726411982,0.04825205901437529,0.9293838810275158,0.004473365058660659,0.0044697803617979965
0.028580708708797618,0.02874004718368399,0.3108746578610664,0.02860505704097076,0.02857284018373441,0.028571720014591327,0.5460549690071556
0.01021679090103681,0.010223453054805341,0.01022297499899592,0.938686875723665,0.01023354157958053,0.010204434244249229,0.010211929497667206
0.07142859319363191,0.5714284792680842,0.0714285901772404,0.07142857890427833,0.07142858204346596,0.07142858903934578,0.07142858737395327
0.8773239617314369,0.02041597355958843,0.020445713558699147,0.020408166287643963,0.020518971814056947,0.020465800758577714,0.020421412289996797
0.3837261258722105,0.2261937386003541,0.015942857367820574,0.01587305430841893,0.015976700892568915,0.32629954759665747,0.015987975361969428
0.7850409417651653,0.0357946458643962,0.03574441264246694,0.03602976891271569,0.0357143424576215,0.035870186345446926,0.03580570201218742
0.07142859062642923,0.0714285887849043,0.5714284892700623,0.07142857798417541,0.07142858096313405,0.07142858682251266,0.07142858554878202
0.014344713774479698,0.01431131925090685,0.25115767053825966,0.014285742520512049,0.014346849839459434,0.014291613694615247,0.6772620903817671
0.07142857695393029,0.07142857648094131,0.07142857623789484,0.07142857335092734,0.5710363907265629,0.07182073072969149,0.07142857552005184
0.04770371212043587,0.0476639126315838,0.7136962196162369,0.047651441294960316,0.04766730354001452,0.047660064719185276,0.04795734607758336
0.07142858411430889,0.5709921104985821,0.07163272758938935,0.07144961292530995,0.07142857760647109,0.07163980653766776,0.0714285807282708
0.007167108374363937,0.007173466532101416,0.956955119218323,0.007168141990403598,0.007173176023064822,0.0071955585263743125,0.007167429335369002
0.07142857295753369,0.07142857285445041,0.07142857275162956,0.07142857195220202,0.07173807946699923,0.07142857477179318,0.5711190552453919
0.023851210985262015,0.8564476866582688,0.024020355860223035,0.0240199992218088,0.023858883410553623,0.023851639911837638,0.02395022395204623
0.7140277430956917,0.04768173782841391,0.047619053702058003,0.04761905001498681,0.0477811734677864,0.047652189134795256,0.04761905275626812
0.8566051718164448,0.023887884380554752,0.023816666971604183,0.023868583987461233,0.023921791260197334,0.023988275617951433,0.02391162596578624
0.023856833017300013,0.023870420189118804,0.023812778741560583,0.8569157679251439,0.023838930206260735,0.023885983763134305,0.02381928615748153
0.07142859319363191,0.5714284792680842,0.0714285901772404,0.07142857890427833,0.07142858204346596,0.07142858903934578,0.07142858737395327
0.01304601304134258,0.92195506601004,0.013009407952289468,0.01298742213919356,0.013006419899844584,0.013004009397484372,0.012991661559805415
0.007524964891620177,0.007531388005153105,0.007520278777418884,0.00753284747073679,0.0075624655391008724,0.007537690558123932,0.9547903647578463
0.009539346688738376,0.009527922353591347,0.009577953844916672,0.009523812904805187,0.9427210716318385,0.009552860683140062,0.009557031892969758
0.8772721363322465,0.020604871722049833,0.020421903369528913,0.02040843638211433,0.020466144717846618,0.020414849943253037,0.02041165753296057
0.8772721363322465,0.020604871722049833,0.020421903369528913,0.02040843638211433,0.020466144717846618,0.020414849943253037,0.02041165753296057
0.02393709468856187,0.023879574629324597,0.023850704437887612,0.02381283073536462,0.023903146372450345,0.8567865470121442,0.023830102124266738
0.07142858364178349,0.07142858263124674,0.07142858349359868,0.07142857559633099,0.07142879130321128,0.07142858129526296,0.5714283020385658
0.07145557199048885,0.0715701147004351,0.07144964555207868,0.07142857283816405,0.0714312290349985,0.5711521013392754,0.07151276454455942
0.07142860028663414,0.07146866643432866,0.07142859659583158,0.5712912767492335,0.0714285855376143,0.07142859480171558,0.07152567959464233
0.008932261251938876,0.008937855022910614,0.008942642322018619,0.00896762494369298,0.008945957120240175,0.008954740684174109,0.9463189186550246
0.008941595934616192,0.1502116451991527,0.008938350938885075,0.00894508859221019,0.00894274489060532,0.008939401161197763,0.8050811732833328
0.008958400468113682,0.2729405350053536,0.009007886642698297,0.008934014707350545,0.008967378096732087,0.008953822573184743,0.6822379625065671
0.012990340410121686,0.013012969242123341,0.012992344794257985,0.012987014044854198,0.9219779660346135,0.01300906454202502,0.013030300932004253
0.020408174432994385,0.02041271041242181,0.020613409537883955,0.02040822738723303,0.877338118204222,0.02040820280877582,0.020411157216469043
0.007537371778152745,0.007538007202453295,0.8149102125922154,0.007527040259583773,0.14736372192737146,0.0075509557159411924,0.007572690524282198
0.015892443264498263,0.015881435149077097,0.01589340987270895,0.015927062934322368,0.9046326358187274,0.015873944481786223,0.01589906847887965
0.03571429542586214,0.03576809859460185,0.035728309841219955,0.035714289066986024,0.7855588843768408,0.03576811797203811,0.03574800472245103
0.07147602279292418,0.5710732200803318,0.07151716075133542,0.07161482840064855,0.07146066111101641,0.07142857383870269,0.0714295330250409
0.020438796891109168,0.020432482064369255,0.020410460081951926,0.8774654206295853,0.020408170451803206,0.020423474460841334,0.02042119542033982
0.028586881301026174,0.428375949381146,0.02857144774058012,0.42874944006217847,0.028571439400961532,0.02857339728027229,0.028571444833835374
0.01599163200205668,0.01587809797064022,0.015886640865829593,0.015933340225510947,0.01589790737374318,0.015892840448729784,0.9045195411134896
0.07160956488933222,0.0714285805170519,0.07142857993496059,0.07147929156673033,0.07142857625390182,0.07142857943106219,0.571196827406961
0.036086232176016794,0.0357919364014758,0.03580418863757403,0.03587712956391646,0.035755938291939744,0.7848718687873739,0.03581270614170325
0.904499430212029,0.01590832798143567,0.01588954241016248,0.015881097482820954,0.01588674071102073,0.016035650140429847,0.015899211062101567
0.04761906873595851,0.7141134176733556,0.047786116901603844,0.047619060194566486,0.04762420849714911,0.04761906475381803,0.04761906324354844
0.047619068544877026,0.04761906753843226,0.047619071046454395,0.714201373181087,0.04761905786163806,0.04770329875801519,0.047619063069496134
0.42858669101118524,0.02857605006987244,0.028592197510959087,0.02857143293511058,0.42832313992880516,0.028644614941049105,0.028705873603018323
0.785569201488763,0.035714291051831784,0.03571444426094946,0.03571428773612236,0.03585124747477118,0.03572223795420707,0.03571429003335519
0.07142860276701254,0.07142859992286008,0.07142859836755908,0.07142858213984286,0.0714285959396719,0.07142859681428665,0.5714284240487669
0.828329135450674,0.028690785623165432,0.028586447485725787,0.028583846936169045,0.02862071608609541,0.028575723499710638,0.028613344918459637
0.014286486764113829,0.01434320059820768,0.24335097812172657,0.014378106208110001,0.6850244253793498,0.014309580133767761,0.014307222794724373
0.017882632540509404,0.017863893257319612,0.01790441845921736,0.017857143822689832,0.017873027926796327,0.01787309071849433,0.892745793274973
0.07142860446924784,0.5714284307837634,0.07142860002993234,0.0714285827593038,0.07142858754752145,0.0714285980380432,0.07142859637218806
0.14285714285714288,0.14285714285714288,0.14285714285714288,0.14285714285714288,0.14285714285714288,0.14285714285714288,0.14285714285714288
0.01792750483208759,0.18614984305530782,0.017857150792012343,0.01785727845271925,0.3198429721850982,0.017871301790593395,0.4224939488921814
0.07142857654696162,0.5712233347041255,0.07153569781777326,0.07142878581176355,0.07147928841114647,0.07147563063579727,0.0714286860724323
0.010992534339411376,0.010993216262550707,0.011049222118160224,0.010989015419749391,0.933964209797279,0.010996164626301083,0.011015637436548173
0.14285714285714288,0.14285714285714288,0.14285714285714288,0.14285714285714288,0.14285714285714288,0.14285714285714288,0.14285714285714288
0.14285714285714288,0.14285714285714288,0.14285714285714288,0.14285714285714288,0.14285714285714288,0.14285714285714288,0.14285714285714288
0.14285714285714288,0.14285714285714288,0.14285714285714288,0.14285714285714288,0.14285714285714288,0.14285714285714288,0.14285714285714288
0.07142858224474719,0.07142858123315421,0.5714284528136343,0.07142857508384629,0.07142864931935836,0.07142858003138876,0.07142857927387086
0.14285714285714288,0.14285714285714288,0.14285714285714288,0.14285714285714288,0.14285714285714288,0.14285714285714288,0.14285714285714288
0.20446766054054882,0.49985877559555436,0.011030545220182784,0.011015198697499616,0.2515769536957239,0.011045943799141162,0.011004922451349427
0.9044752340376169,0.015884020152620026,0.01598793723772559,0.015874192976800462,0.015967506715550528,0.01591462246039354,0.01589648641929292
0.07142859242118062,0.07149681503906401,0.07142858948963952,0.07142857865797363,0.5712511487427522,0.07142858844192518,0.07153768720746485
0.047747590469798484,0.04761905093472147,0.04761934675666536,0.0476190488587669,0.7141415247689543,0.047634387876852216,0.04761905033424131
0.04768895282481579,0.047619076264895005,0.047639839465823175,0.047619052138916464,0.7141316820460997,0.04765597872054689,0.04764541853890309
0.19770684093774135,0.018008778252258505,0.01789018654151055,0.01789384864136583,0.7127494986255626,0.01787286540651047,0.017877981595050788
0.04768846256825144,0.04781244245929692,0.04761906033510047,0.0476190528064818,0.047708011822764865,0.7137255803325966,0.047827389675508
0.0714286163881914,0.07142858284994762,0.07142858240023965,0.07142857573584971,0.07184960875414065,0.07142858162004521,0.5710074522515858
0.07164254992500381,0.07142857739037434,0.07142910930250669,0.07142857365766922,0.5711864471319813,0.07145616628179396,0.07142857631067082
0.008479470421270032,0.6229013675668013,0.008444007316673996,0.008403694126736685,0.00843992746812079,0.00844640698582928,0.334885126114568
0.014311056907331261,0.12432352564911042,0.8041677046792324,0.014297797385289857,0.014308929048707862,0.01429059897041576,0.014300387359912408
0.028696312579901778,0.02865892050165444,0.8281573944019146,0.02860281745874797,0.02869476031188814,0.02859754110073081,0.028592253645162092
0.00952989526337135,0.2524702644641942,0.009536288983125009,0.009541470813469524,0.39819383428865746,0.3111908333477702,0.009537412839412403
0.07149525312320888,0.07181227679081102,0.07142859153030467,0.07142858008394254,0.07142858285756101,0.5709781270305435,0.07142858858362831
0.010211755784780082,0.010214124433642774,0.010266117678203967,0.010212401815521197,0.5299402986116547,0.4189282448425558,0.010227056833641342
0.0714286273562085,0.07142862228516438,0.07142861955454663,0.0714285905577982,0.5714283113623544,0.07142861645665113,0.07142861242727672
0.14285714285714288,0.14285714285714288,0.14285714285714288,0.14285714285714288,0.14285714285714288,0.14285714285714288,0.14285714285714288
0.047643350443735535,0.04775504097952214,0.38093232825862544,0.04761905169305029,0.3807995767556227,0.047631595431455204,0.04761905643798871
0.14285714285714288,0.14285714285714288,0.14285714285714288,0.14285714285714288,0.14285714285714288,0.14285714285714288,0.14285714285714288
0.03578343788150826,0.0357947291269667,0.35010892573609254,0.03571576333732261,0.4710483107275473,0.03578351405421195,0.03576531913635047
0.00753109676545847,0.007526279148257447,0.007553313779503852,0.007521275919400401,0.9547734547987055,0.0075525729693673585,0.007542006619307077
0.009551725862104858,0.00955371038953488,0.40657666577989987,0.009559946501406862,0.41606602845791923,0.009577886375972807,0.13911403663316158
0.04766390548004127,0.04786922470707071,0.7139472967088605,0.04761905776745681,0.04761906257234446,0.04766238276964616,0.0476190699945801
0.023905492580967004,0.02380953761000897,0.02394699475898426,0.023809529001179212,0.8568987833834251,0.023810906520447886,0.02381875614498752
0.012998781723249482,0.012993997048679241,0.4175691101039413,0.013077686044348677,0.5172812645418,0.013031359303483883,0.01304780123449732
0.14285714285714288,0.14285714285714288,0.14285714285714288,0.14285714285714288,0.14285714285714288,0.14285714285714288,0.14285714285714288
0.07142860427876074,0.07142860111133686,0.07152479766352032,0.071428582678945,0.5713322206011272,0.07142859779261879,0.07142859587369112
0.04761906458828671,0.0476190630651617,0.04761906224759061,0.047619053453390243,0.7141913494356336,0.04771334712152132,0.04761906008841587
0.8567706530817714,0.023958114412338277,0.023814684769812137,0.023960077014151628,0.023819878082699177,0.023849968195000605,0.023826624444226924
0.01787317211729933,0.01785714714525486,0.14984911311473462,0.017857144469086678,0.7607976523437109,0.017875720969400915,0.017890049840512724
0.028578455155884263,0.02869060324306163,0.028626876706992908,0.028572480414811915,0.8282106422078293,0.028719034417268672,0.02860190785415135
0.570814719198683,0.07146577086054624,0.07156676447529103,0.0714285738764136,0.07149347230461842,0.07159381218701841,0.07163688709742937
0.035738367504301094,0.03574002237647853,0.035748929419521014,0.5201726731925905,0.035722893098401286,0.035750516274532324,0.3011265981341753
0.013028515846752943,0.013008067653558298,0.012998607977183755,0.013020384639080326,0.5041466343033066,0.013011599595420911,0.4307861899846971
0.7140579563786783,0.04763984935936873,0.04761906647018955,0.04761905512550358,0.04763947620531349,0.04780553241837632,0.04761906404256994
0.011922587721167876,0.01191070943809124,0.01190876676402561,0.011915485487779019,0.7770485523704856,0.011951002528457358,0.16334289568999313
0.02045300866143241,0.020408168729318995,0.020435333541825747,0.020411665313890413,0.8772958581522098,0.020420535715156868,0.020575429886165782
0.07152007714418973,0.07142858245885166,0.07142858193837853,0.07142857564283721,0.07153488897817219,0.07171914714596875,0.570940146691602
0.04781032707185611,0.38089129463257543,0.047667169939619454,0.0476190574548429,0.3807655123993217,0.04761907073782177,0.04762756776396265
0.02879709639125602,0.028618640620041012,0.028610749030446084,0.02863706800823005,0.593527339493748,0.26322850069878284,0.02858060575749577
0.23651127016681453,0.006555595956128686,0.006539999051915626,0.006498353430483928,0.3057642886852957,0.4316035903957314,0.006526902313630124
0.013037739330137332,0.012990578183113463,0.013001467652978393,0.012990079459221714,0.6201880533946212,0.012998055362322505,0.3147940266176054
0.14285714285714288,0.14285714285714288,0.14285714285714288,0.14285714285714288,0.14285714285714288,0.14285714285714288,0.14285714285714288
0.028584565458181495,0.028571693345434537,0.2750743726565932,0.028571490007696362,0.5818466906067229,0.028692072210853875,0.02865911571451763
0.02875999721676579,0.028571468088048755,0.02865697131169684,0.028788715886621186,0.028828972749138888,0.02871828940308254,0.827675585344646
0.020459209983422155,0.020428735218128425,0.020411381089072186,0.31860271563440123,0.020475309514266588,0.4204253153203716,0.17919733324033774
0.023824070273270093,0.02384656410235339,0.023815286326590017,0.023809528450252228,0.0239358236025364,0.023990261790465282,0.8567784654545326
0.14285714285714288,0.14285714285714288,0.14285714285714288,0.14285714285714288,0.14285714285714288,0.14285714285714288,0.14285714285714288
0.1005986090810449,0.23117326509449124,0.008414350496039983,0.008451334955022176,0.6344994332067508,0.008431282873990933,0.008431724292659995
0.5447860480648914,0.017891670778337705,0.017862241514380046,0.01791973739145189,0.017970907301248923,0.3656483594938208,0.017921035455869185
0.3117435093641233,0.0062155094024942915,0.08217830290277806,0.0062113995402036295,0.5811914714397977,0.006234548077493916,0.006225259273109177
0.020430589762660486,0.02042410274564976,0.02041796503930275,0.8772222110416572,0.02043086495055338,0.020408174661557844,0.0206660917986185
0.047647417839873744,0.04761906858845255,0.047728024945559486,0.04761905554840567,0.04761905911377984,0.047676093834573705,0.7140912801293551
0.04764459280488521,0.047619054639110425,0.04770797708033567,0.04761905026565056,0.0476235750042392,0.04770759058388057,0.7140781596218985
0.10876263655193547,0.008957287180143885,0.008994696204261111,0.5351521473274664,0.3202196032759665,0.008932202863415357,0.00898142659681119
0.023833155270890083,0.023827510363601423,0.023923005196247325,0.02380952848649513,0.6052655437676799,0.023873865722859444,0.27546739119222674
0.828528541790865,0.028571432781413438,0.02857143259060551,0.028573624423393194,0.028602744370333576,0.0285714327946204,0.028580791248768864
0.01435135533639839,0.014304786535013568,0.01429164344010306,0.014293806309029138,0.914095902383008,0.014298576204495895,0.014363929791951906
0.07153123859229331,0.07142858121457546,0.07142858074467036,0.07142857510401968,0.07142857671389509,0.07163864448117073,0.5711158031493754
0.020431644850780983,0.020408174870988737,0.020449203630322745,0.020408166822189648,0.8773346111632503,0.020520757003762376,0.02044744165870506
0.036019440800745234,0.035714311011228794,0.03571430979350664,0.035714295205982884,0.7852724901984597,0.03582627715099527,0.035738875839081405
0.03588404645015444,0.035714301986386254,0.5289643709992307,0.03571717895019701,0.29215719955320685,0.035848602865658226,0.03571429919516659
0.028571453491459658,0.028611915893312707,0.02869489280020926,0.028580903885540212,0.028656472087685774,0.828279428779838,0.028604933061954465
0.028571453491459658,0.028611915893312707,0.02869489280020926,0.028580903885540212,0.028656472087685774,0.828279428779838,0.028604933061954465
0.02383412570788184,0.5234837000896676,0.023924314020814488,0.02383787171432469,0.023933553184890072,0.023811537634177652,0.35717489764824356
0.14285714285714288,0.14285714285714288,0.14285714285714288,0.14285714285714288,0.14285714285714288,0.14285714285714288,0.14285714285714288
0.009549083255043283,0.00957811743954204,0.12089061778531235,0.009524301289203512,0.37557930791543237,0.009557482721017115,0.46532108959444934
0.0239176614016169,0.023829113537769002,0.023861213259950723,0.02382710924042438,0.39946154221420704,0.4812647803098754,0.023838580036156496
0.047619077648306904,0.04766644948966779,0.04777637364685206,0.047619057811040186,0.7140376466486863,0.047631784712150294,0.04764961004329648
0.023905593134483958,0.023902035322046242,0.024006450568725985,0.02380952629214768,0.023872831296506462,0.35339101194242817,0.5271125514436615
0.01792216128564449,0.017857151277981778,0.01786161517499252,0.01785714603439324,0.8926114422090426,0.017970379235717666,0.01792010478222762
0.07160918478578662,0.07142858382161689,0.5710632149246153,0.07142857611336598,0.07147522137401313,0.07142858272319064,0.0715666362574115
0.07152114682350202,0.07142859118076651,0.07176660520372119,0.07142857887382617,0.07142858229806895,0.0716507938464328,0.5707757017736823
0.02859737158511792,0.02861211597520513,0.02858937992354093,0.028610097476221136,0.8283856228044514,0.028616682375079017,0.02858872986038442
0.07156599224097443,0.0714285768012646,0.07142857645039938,0.0714345825900746,0.5709573307256336,0.07175636549474967,0.07142857569690363
0.01025395894071317,0.2217929028290807,0.010241710799502547,0.010219055827755947,0.7270246725916998,0.010220672413978917,0.010247026597268833
0.14285714285714288,0.14285714285714288,0.14285714285714288,0.14285714285714288,0.14285714285714288,0.14285714285714288,0.14285714285714288
0.04766466214764763,0.047645244046212155,0.04766924761666701,0.04765771422119552,0.3808358260423154,0.04761907030160944,0.38090823562435283
0.07142857687926679,0.07153032363274194,0.07142857615244703,0.07142893918277195,0.5711801555004317,0.0714285758346226,0.07157485281771807
0.028657459592257364,0.3380418625204695,0.028774497117554313,0.028621430118799595,0.5187275571084516,0.028571579891028574,0.028605613651438985
0.07156102759789548,0.5710809119632184,0.07142858010256027,0.07164374572144716,0.07142857633564861,0.07142857953387906,0.07142857874535088
0.20761950697867926,0.008937301496530489,0.008943129422636299,0.008939636278092305,0.2736237910078165,0.4829567887323666,0.008979846083878563
0.047619061511150834,0.04761906003174804,0.047650802136207676,0.04761905229740641,0.047725243080945966,0.04767622948637841,0.7140905514561627
0.07142857881150373,0.5713267422325908,0.07142857785412839,0.0714285739303639,0.07146827518113989,0.07142857746883816,0.07149067452143511
0.8281241823126656,0.028626831158406967,0.0286449468516969,0.028571432926679255,0.028643500122600585,0.028671588603323132,0.028717518024627353
0.04764246002374639,0.7142210261086562,0.04762789555275156,0.04761904992174116,0.047630000387338965,0.04763311670082854,0.04762645130493734
0.04761907422147425,0.047619071713011156,0.047825070143126855,0.047644923657385624,0.42113913624084337,0.04763291553098312,0.3405198084931756
0.008407706518648477,0.10133072642110658,0.008408117719544297,0.8566318105998769,0.00840527532766587,0.008403834863092915,0.008412528550065116
0.14285714285714288,0.14285714285714288,0.14285714285714288,0.14285714285714288,0.14285714285714288,0.14285714285714288,0.14285714285714288
0.017888720940148317,0.01787775456325688,0.20308159673523493,0.01785740295715267,0.57072941927135,0.017875848128242836,0.15468925740461428
0.14285714285714288,0.14285714285714288,0.14285714285714288,0.14285714285714288,0.14285714285714288,0.14285714285714288,0.14285714285714288
0.2160473655186016,0.01785886371343659,0.017896392654110006,0.017859914570869297,0.5353226337111608,0.017885109833380028,0.1771297199984417
0.04761906886197314,0.3459342537562767,0.047619066037111336,0.04779726498767955,0.41557261937087964,0.04783866235046821,0.04761906463561145
0.028591155856078656,0.028571432329265827,0.028588935665482658,0.028571429976931205,0.8285005508883371,0.028602332645067244,0.028574162638837282
0.047785519660599685,0.047619058863236904,0.047705620626707544,0.04761905184258615,0.7136683259921847,0.04792743900264887,0.04767498401203606
0.023883922160074452,0.023824757885009755,0.3616363463993505,0.023811037587127486,0.02395780158692138,0.3461742732036595,0.19671186117785688
0.020460072133913026,0.020426009221607817,0.02042915173385764,0.0207243913019138,0.8770580872032802,0.020441616267043338,0.020460672138384192
0.014288428125506058,0.014287969607424999,0.9139809620036565,0.014297830330523625,0.014450238383247263,0.014325346845104173,0.014369224704537444
0.01791691339432405,0.01795201158447821,0.017940025769710728,0.01785714742986299,0.2805819763597148,0.6298443563988697,0.01790756906303943
0.0716966879158882,0.07142864164984693,0.5709812790160556,0.071428598516616,0.07148292412668342,0.0714286337433722,0.07155323503153771
0.38483597490444177,0.023845099231313876,0.023919288943041902,0.023809528770057105,0.023844693604250226,0.02400678555522786,0.4957386289916674
0.02381625769983813,0.02414545421653016,0.023811134504874355,0.023809823535435422,0.8566957461090885,0.0238253758647304,0.023896208069503072
0.0357142964302637,0.0357363221856391,0.03571429494470201,0.03571433714307141,0.7856593537593757,0.03571429436572797,0.03574710117122012
0.07142858774004227,0.07142858634915614,0.5714285013298339,0.0714285770431842,0.07142857947359453,0.07142858462795937,0.07142858343622954
0.14285714285714288,0.14285714285714288,0.14285714285714288,0.14285714285714288,0.14285714285714288,0.14285714285714288,0.14285714285714288
0.02041674503929347,0.020424287104470983,0.0204200401183518,0.877222965633796,0.020443498065919163,0.020416474191964237,0.020655989846204405
0.3131258233410665,0.014309831954503123,0.014338560494174308,0.014323711874261465,0.6152806664051873,0.014324076714999254,0.014297329215808003
0.0357460442950839,0.03571454632456863,0.03571429520604611,0.2836972142353775,0.03574481985602821,0.5376344991407919,0.035748580942103626
0.01304297995955791,0.012998194945717745,0.01301899691437074,0.01298771613504726,0.6027740413957047,0.11578180011499838,0.2293962705346033
0.020431973493562315,0.020696380526636946,0.02045978053230954,0.02050230184967644,0.8770301626822233,0.020430307799565242,0.020449093116026242
0.008958912254888018,0.15972318794762252,0.08390584689273278,0.00895070890195087,0.008954440212202227,0.00894089701365527,0.7205660067769483
0.04781659337885919,0.04770189332408541,0.3744895107681382,0.38691249164597885,0.04764670740448502,0.04773557180595637,0.04769723167249691
0.047619071515191014,0.7138438835771682,0.0478281268264131,0.04774040069675044,0.04773022751748394,0.04761906721500661,0.04761922265198658
0.023809539381265368,0.0238271058735373,0.43728399068914586,0.023820591345374863,0.02390271706119469,0.023874950878072957,0.44348110477140895
0.04764832323037166,0.047619060928706075,0.0476656789391652,0.04761905245636834,0.047627082631863944,0.04761905897514808,0.7142017428383768
0.020439080352055584,0.020424533118937768,0.02041011826169724,0.15584040129660656,0.7419465924758424,0.020502442612698152,0.020436831882162224
0.013036495456924773,0.0129948077102091,0.012997252652845634,0.012995789310671824,0.8060718387071009,0.013023044091215439,0.1288807720710324
0.5710624599346256,0.07163384585440767,0.07142857787375954,0.07143691063564357,0.0714727036244294,0.07147557262276337,0.07148992945437094
0.014329076830924013,0.014292950286397784,0.014304249978801677,0.014292104591738405,0.9140856331006517,0.014308762392223109,0.014387222819263367
0.04778819566629313,0.04761905451819664,0.047619054167758114,0.047619050199309475,0.7141165385533326,0.04761905371195755,0.04761905318315259
0.04761905520636698,0.04761905456618574,0.04762050800428513,0.04762950646080608,0.047632098838138896,0.04761905378425741,0.7142607231399598
0.035742133163265986,0.035714300743255635,0.035770955584367964,0.03571429138275392,0.035843394770677696,0.03573480130390418,0.7854801230517746
0.7851654901412018,0.035759451678508504,0.03573553998042289,0.03571429331716555,0.03594920436148612,0.035904110621125834,0.03577190990008931
0.035882478147514274,0.0357551952256111,0.03572237191609202,0.03571742074863684,0.519897431351815,0.0358535487611235,0.3011715538492072
0.023891675623299826,0.023872336583731765,0.023820519791455715,0.8569758887335284,0.023813523319993368,0.02381640436355541,0.0238096515844356
0.01193534545600431,0.011939656452369553,0.011937142223036516,0.011904771231149244,0.1916323121860366,0.011950611712684654,0.748700160738719
0.02057568126822721,0.02043906993342909,0.020423806539030857,0.23059911444888542,0.3468434173631777,0.3406710710353176,0.020447839411932112
0.33422440945762133,0.01098936878981092,0.2333908945865753,0.011057657900017642,0.3883018510045177,0.011004162332521121,0.011031655928935978
0.035816585041289976,0.35465922452094395,0.03578443033563686,0.03571752832402741,0.03585499175132973,0.03576575344830796,0.4664014865784641
0.01587776263319373,0.015873018815744187,0.01588522738950754,0.01587301698426178,0.015939140405474863,0.01589179571692452,0.9046600380548934
0.028581741351423176,0.028571436699192407,0.028593124571758104,0.028600219644939362,0.8280838415362151,0.028606049190708912,0.028963587005763024
0.023899679639703075,0.477089669611335,0.023833685581587105,0.02391416893399148,0.4034410077010389,0.02387047301850459,0.023951315513839944
0.020408167074769577,0.02041457672599971,0.020408166576172324,0.020408164578099918,0.020426394859709554,0.02040816637265055,0.8775263638125984
0.07142860778789031,0.07142860427560903,0.07178494857008443,0.07142858379983054,0.5710478976646369,0.0714527598555395,0.07142859804640939
0.14285714285714288,0.14285714285714288,0.14285714285714288,0.14285714285714288,0.14285714285714288,0.14285714285714288,0.14285714285714288
0.0715577002696479,0.07142857473367127,0.0714717281277556,0.0714898622132227,0.07144869533822805,0.5711748652280264,0.071428574089448
0.014298302658756578,0.014293800446164526,0.014383448569604503,0.014299627372769802,0.014326857087376963,0.9140540922728043,0.014343871592523216
0.38828971885741015,0.014477669552126576,0.014372960682122274,0.014357898537657217,0.014390748543301819,0.014328878065707961,0.539782125761674
0.07142861475831351,0.07142872511761333,0.07142860856340251,0.5714282496912515,0.07142859247146735,0.07142860621162252,0.07142860318632939
0.035846011489178,0.0357901451946561,0.035733557794604666,0.19643537233259695,0.24307711155857817,0.03587128534040614,0.41724651628997994
0.04761907769828439,0.04761907492382387,0.04766924922682905,0.04761905786882995,0.04761906238120615,0.38094909789032494,0.3809053800107017
0.047676977710843935,0.04761905067476293,0.047619198387965,0.04761904877078984,0.7141240945207717,0.04772257982621332,0.0476190501086532
0.010255302426025093,0.2916646547760656,0.010231926334266514,0.010232655165213158,0.4538923388654871,0.21345803648760103,0.010265085945341628
0.047708778709284284,0.04766532780178417,0.04761905939329082,0.04762071413050259,0.714071732155536,0.04769533012075527,0.04761905768884697
0.14285714285714288,0.14285714285714288,0.14285714285714288,0.14285714285714288,0.14285714285714288,0.14285714285714288,0.14285714285714288
0.023879111601152317,0.023816438430440897,0.024000663728178596,0.023809553715831787,0.0239125722393296,0.8567696438497799,0.02381201643528697
0.07152114682350202,0.07142859118076651,0.07176660520372119,0.07142857887382617,0.07142858229806895,0.0716507938464328,0.5707757017736823
0.02385696059860124,0.18859765259570263,0.023819059124480704,0.02381090913398352,0.2443356332409066,0.02391107328302716,0.47166871202329813
0.03577995135029903,0.5189657661624992,0.03577133633365749,0.03585626491551472,0.03571429812218761,0.03586428974943456,0.3020480933664073
0.04761905860407907,0.04761905760533654,0.04762051102429408,0.0476295077201517,0.047632100740681464,0.04761905645642216,0.7142607078490351
0.014385227071618413,0.014315403491055059,0.014289030858392216,0.014368015178368599,0.9139725350399119,0.014367342456387213,0.014302445904266653
0.0715680181600564,0.07142861778283638,0.07142861492009477,0.07159150036618361,0.07142859619469379,0.07142861209876512,0.57112604047737
0.04766961893404988,0.0476281851287569,0.04769587877443551,0.04762076740933456,0.39645316835368594,0.3653078127824426,0.04762456861729458
0.015873023587636415,0.015873022915864038,0.01587302252427563,0.7238764732076177,0.01591651973366598,0.19671491648068953,0.01587302155025083
0.01431463061297922,0.014288594300969223,0.014302456669857067,0.014292372365619931,0.9141966616679864,0.014302421086188353,0.014302863296399649
0.035724481312094804,0.03575206184167989,0.2500649263177646,0.5712627816102255,0.03571429509025557,0.03572496942940772,0.03575648439857199
0.013011060933608444,0.01299625823685004,0.013029669916129529,0.01302089113938089,0.013015452557727552,0.2009104556219768,0.7340162115943268
0.03589611595491434,0.7851635329079601,0.035724563423176176,0.035866986443751664,0.035768843491395315,0.03573637267950656,0.03584358509929577
0.014303975597860147,0.01432249720828328,0.014307816539690885,0.014285973141515381,0.014307457237660009,0.014297121810616117,0.9141751584643742
0.0476319013437025,0.047619056973741004,0.04762050937498787,0.047629334221863905,0.04765105208469172,0.04761905595616063,0.7142290900448525
0.04761908347636965,0.047619080235882426,0.04761907862696285,0.04761906002627475,0.04826317694952906,0.04761907674786295,0.7136414439371183
0.011029628094290441,0.1245057988138633,0.37646761012208707,0.010998342473324934,0.13580430219783415,0.011073107059573619,0.33012121123902644
0.028579484972680678,0.02857533768003703,0.028571783998545604,0.42579161863966386,0.028584771590133628,0.431325562125625,0.028571440993314143
0.03571430259421416,0.035750104592150826,0.28566411484532706,0.035726850948677176,0.0357174728260185,0.535712856041725,0.03571429815188733
0.028741628575978832,0.028575710023967704,0.828234939283811,0.02857143491280644,0.028596786754970644,0.028633092041250887,0.028646408407214264
0.020553858845740704,0.020419591597429204,0.020435519433834076,0.020412210685057358,0.4266747479193236,0.1996337553863395,0.2918703161322755
0.37009922056290584,0.011022162325152407,0.5747280228495717,0.010991230006115356,0.011049071473401317,0.011058489880659925,0.011051802902193503
0.4661426178896249,0.017864295672500287,0.01791511879007102,0.017857145650133004,0.017951696793427313,0.44437836032151756,0.017890764882725924
0.015910331512826194,0.43175971265580865,0.3672901854963103,0.01593817948727924,0.015913796666205657,0.01595934556475185,0.1372284486168182
0.017929438720745008,0.017858797398888477,0.01787248413762122,0.017859799179562888,0.5776180268017412,0.14711919443003774,0.2037422593314034
0.007148069080971934,0.007150581305234306,0.4708545339806311,0.007144109903450667,0.2960375889352023,0.20449632711209564,0.007168789682413919
0.04768643738821089,0.04761906654404077,0.04781663818387525,0.04761905478231721,0.047866464787386015,0.04770707307752065,0.7136852652366493
0.2856674609035185,0.03571430230460505,0.03571430139243691,0.03573229811715647,0.03584305251223655,0.5352473090301486,0.036081275739897854
0.02864529741579898,0.028571443019401843,0.028645036803717577,0.02857143398981033,0.8282596133718687,0.028661328305382948,0.02864584709401953
0.028992046226390157,0.02858149868738428,0.028571482838650596,0.02876458807710048,0.827924584990179,0.02858383647172026,0.028581962708575336
0.04767306249937168,0.04761906672389607,0.047809018937585525,0.047619054845588364,0.04764006112552404,0.7137028842627762,0.04793685160525813
0.7136183945226962,0.04761905330112574,0.047825167703871956,0.047619049762848115,0.047935598692641995,0.04773030496600701,0.04765243105080908
0.020507521394648155,0.020573709589916667,0.020451210818630793,0.02040858839269678,0.8770668499201054,0.02048187244983861,0.020510247434163496
0.028665315334701656,0.028607464511880933,0.028573733016266756,0.23934609991308597,0.48731079633597035,0.02866484675737019,0.15883174413072398
0.14285714285714288,0.14285714285714288,0.14285714285714288,0.14285714285714288,0.14285714285714288,0.14285714285714288,0.14285714285714288
0.03587792604596854,0.03574322986163305,0.03571432448922536,0.03612885698815263,0.03584685548572401,0.7849401799553146,0.03574862717398178
0.023906050589000836,0.02388785200238283,0.023838683806553847,0.023816231971337216,0.3944196379126183,0.24283625499018408,0.2672952887279228
0.015930410550661436,0.015946318246445032,0.015934492279464564,0.248717297259073,0.47081704024801124,0.015909760111622703,0.21674468130472208
0.04761907018247499,0.04761906813653359,0.04761906708153561,0.04761905535384688,0.7139816002338418,0.047923074839971054,0.04761906417179589
0.14285714285714288,0.14285714285714288,0.14285714285714288,0.14285714285714288,0.14285714285714288,0.14285714285714288,0.14285714285714288
0.017862915955593597,0.01785715292461922,0.017872967951815488,0.8926542835499526,0.01787188812788582,0.017857151705890625,0.01802363978424276
0.03575076443141473,0.03571435193448541,0.03571434811362775,0.03612869550186911,0.03571499745435782,0.7851249515929379,0.035851890971307254
0.03574576249762083,0.0357326463783939,0.035796820186429636,0.03571545784195689,0.03599524719958435,0.03589645551586876,0.7851176103801456
0.015943213925759196,0.39404800573597454,0.01597121744389128,0.01591212861154586,0.25145438533129927,0.2907137941354366,0.015957254816093256
0.02040934669788568,0.020408176677047012,0.020447354653274522,0.02054061516558108,0.020536925621764617,0.02055400682451179,0.8771035743599352
0.0062224073729645,0.006222099856825773,0.20042327048583947,0.006258899542888375,0.00623349733250954,0.006241709671375899,0.7683981157375963
0.07142858222566945,0.07163254772967322,0.07142858071704981,0.07142857512911796,0.5712057472965086,0.07144738743132056,0.07142857947066034
0.035746265228132,0.03581226896714489,0.03574941118905021,0.41193696957292086,0.4092414160578916,0.03576268078808063,0.035750988196779715
0.04775563683632769,0.3807163762762053,0.047619057729371916,0.04777688665546636,0.04767204548687021,0.04761905705772822,0.3808409399580303
0.047619079058883504,0.0476836938047971,0.3809196514350183,0.3808498589794666,0.047636485776909765,0.04767216031361402,0.04761907063131072
0.14285714285714288,0.14285714285714288,0.14285714285714288,0.14285714285714288,0.14285714285714288,0.14285714285714288,0.14285714285714288
0.01790136852800729,0.01785985110415541,0.017898639222192245,0.017862076581180258,0.8925861806653127,0.017982829214860753,0.0179090546842914
0.011026279725087025,0.011004247806814832,0.2718956866186741,0.011026417845981755,0.4857115342513347,0.01101255573263463,0.19832327801947305
0.02057679271722458,0.020549384047717202,0.02043257893971344,0.020409765258045887,0.8771723748160718,0.020444064170610534,0.02041504005061655
0.03578455857770513,0.035714297626938105,0.03576109576928197,0.03571429017587877,0.03613659114038009,0.34461031493367994,0.476278851776136
0.0285714460679213,0.02867610002804423,0.028645321628432228,0.028692410717248262,0.6133447001063118,0.028571800369506545,0.2434982210825356
0.047636436753789875,0.047619080897618966,0.0476383446391714,0.04761906022458618,0.04796620478339813,0.04780619538261186,0.7137146773188235
0.6159711093957005,0.02380954681637569,0.02381914195975436,0.023905014195541197,0.26477920027360236,0.02383862114603028,0.02387736621299554
0.023842364536871274,0.19995713348535413,0.02389146346532764,0.1758781960139882,0.02383438008323593,0.3248778905477005,0.22771857186752226
0.5711509690508925,0.071428577224167,0.07142857697176999,0.07142857361132283,0.07157105225731146,0.0714285765969953,0.07156367428754078
0.007943156013873838,0.007938532107607567,0.007945496768451474,0.9523316092030061,0.007939491194773616,0.007938092243365212,0.007963622468921986
0.023892459963276217,0.023846787603716186,0.8565536522859257,0.023891539530359204,0.023928980638159313,0.02397308770970413,0.0239134922688591
0.7140043811590718,0.04761905294791304,0.04766062627564557,0.04761904961963417,0.04766327250373444,0.04774222608652161,0.04769139140747935
0.04764426895161863,0.04761905451602267,0.04765079071066251,0.047619050234107015,0.04775563315167883,0.04775051328028375,0.7139606891556266
0.017865849869766616,0.017864517841026464,0.01788150173353143,0.01785741064800218,0.01789542645916931,0.017945750572151076,0.8926895428763529
0.14285714285714288,0.14285714285714288,0.14285714285714288,0.14285714285714288,0.14285714285714288,0.14285714285714288,0.14285714285714288
0.04761905217442749,0.0477373006304583,0.04769433120568573,0.04778443656198823,0.7138318331172966,0.047713991101320345,0.04761905520882337
0.14285714285714288,0.14285714285714288,0.14285714285714288,0.14285714285714288,0.14285714285714288,0.14285714285714288,0.14285714285714288
0.03586888525891133,0.03573607903184809,0.2861424672920667,0.03571429023691027,0.03580689961293495,0.5348353418832225,0.0358960366841062
0.3665500040218277,0.28914174335383935,0.02859820773038347,0.22997075379516335,0.028579293775944134,0.028578873859267738,0.028581123463574196
0.21888738407014804,0.023846575404347883,0.023809534730736184,0.023809528160554757,0.6619724311250161,0.023828987603905148,0.023845558905291858
0.0357449665206375,0.035733247452607884,0.5112738050785978,0.0359855647626215,0.035714304945500444,0.03580890785167367,0.3097392033883613
0.020452259325932653,0.1996147643360829,0.020576196940580695,0.020431377489047095,0.251430593707106,0.020506246012816618,0.466988562188434
0.07142857399679414,0.07142857378045277,0.07142857431825055,0.0714285723117788,0.07151661093166599,0.07142857351335427,0.5713405211477035
0.0046116383261876,0.18556878428523355,0.004633949383249544,0.7913448247170058,0.0046154573563740985,0.004611781321651795,0.0046135646102974355
0.02867356950799654,0.028571454145168575,0.02871282663659265,0.028571438160729146,0.4823584867542898,0.3744785366667809,0.02863368812844246
0.07188141197349393,0.07162052481312818,0.07142858314885824,0.07142857603967705,0.5706827785461388,0.07152954418689092,0.07142858129181288
0.07148475946865272,0.07142857908386935,0.07142857870762814,0.07142857424718785,0.07150447015367921,0.5712415546312336,0.07148348370774901
0.07178437577132125,0.07148792768960188,0.07142862344802972,0.07142859184733003,0.07142860086567802,0.07142862109786897,0.57101325928017
0.07608872100132133,0.007942434801951963,0.007957428931535247,0.007970923705172972,0.6773144034500493,0.21476887443248718,0.007957213677482117
0.015891864503400646,0.01592201701454525,0.3878582163612567,0.015881036635662336,0.015943377171448603,0.3624554464321492,0.18604804188153723
0.047708449132566735,0.0476190603670929,0.04764819244139059,0.04763032773111524,0.31476864529227294,0.047749893577617726,0.4468754314579438
0.007543415625565466,0.007525259224833086,0.007526983312150149,0.007518858265510433,0.9548259462904575,0.007537786467067305,0.007521750814416298
0.567053061040878,0.023830723182873836,0.023856000384253853,0.02380952759667,0.023837733332723668,0.02382540142176875,0.31378755304083183
0.013005383871370442,0.012987022115692684,0.20064157850485306,0.01300063596924155,0.7343145171985063,0.013043560962405155,0.01300730137793095
0.07142859004922904,0.07142858833757977,0.07150385376424351,0.07142857777734567,0.07142858058809151,0.07142858642569916,0.5713532230578114
0.2151767075618215,0.028587027934287683,0.028571457414584004,0.21737986488349068,0.4530170087993933,0.02867721377577114,0.02859071963065183
0.02877345556330596,0.028571445175844635,0.8280168219297626,0.02857466800204712,0.028772974972085384,0.028571443450509413,0.028719190906444904
0.03571435658763358,0.03575084017843147,0.035716488525638135,0.30441386334622145,0.03573348294521158,0.03571429252789998,0.5169566758889638
0.008966565068345901,0.15565817635229473,0.13594120285696085,0.00893361739792413,0.36242401027183324,0.31910921636577677,0.008967211686864294
0.035714292450335555,0.03572245512265416,0.03581336825071302,0.03571428803353764,0.7855218740584919,0.035766439608296584,0.03574728247597114
0.04794124573970471,0.04761906298138112,0.04761906203110536,0.04761905334952465,0.713867682295696,0.04761906144678617,0.04771483215580188
0.014306521253143254,0.014294998554944975,0.014296579448438084,0.01442698076374125,0.9140260725623999,0.014323838212848324,0.014325009204484297
0.04770275947579417,0.3805215326282129,0.047823524495759814,0.04765982690576384,0.04779013760134473,0.38080576552297335,0.04769645337015111
0.02860076987972291,0.028585746202158393,0.02857389045379134,0.028571432534366246,0.8284481994686266,0.028619904406941055,0.02860005705439348
0.009526132639743968,0.009527110037652905,0.009532701029151144,0.6787113974457907,0.00953753170680459,0.12129063176161858,0.16187449537923812
0.047619104015173046,0.047619098492468884,0.04761909605917979,0.04773159723723299,0.047903248594468206,0.5105880968984929,0.2509197587029841
0.2773744893488814,0.028601496713205676,0.028817190829226114,0.028682606327029972,0.0286363888590548,0.579301183458527,0.028586644464075033
0.414814336597044,0.007527814027865486,0.007528466512236643,0.007518949336052802,0.5475356138494087,0.007538797714698285,0.007536021962694042
0.04767761931419518,0.04762995473783959,0.04761905470807466,0.047636797990208896,0.7141142414983402,0.04770327808650911,0.047619053664832336
0.028578591228654058,0.028571450174479537,0.028571449091671936,0.028571436750710128,0.38478055337188144,0.4723195926373757,0.028606926745227294
0.21952043126422843,0.02041021154930619,0.02042581390702507,0.020410758126849164,0.6783458408028298,0.020416251061813436,0.02047069328794804
0.028601002439504256,0.4252569019011687,0.028648122200142616,0.0285716274179411,0.028762581724450294,0.028606714622372437,0.4315530496944206
0.04765365039462966,0.04769575041454483,0.04772134655214594,0.047920193478944925,0.7134892421978842,0.04785884855896384,0.04766096840288662
0.015881021671816223,0.015873050673084692,0.015898756478873625,0.015890052933815936,0.48485706336869605,0.4356823404214957,0.015917714452217815
0.8281964283332596,0.02864761084283019,0.028589779448222243,0.028571431194806783,0.02862770724692692,0.028622999633719285,0.028744043300234886
0.035723818065955135,0.03571430426884713,0.7853839316391499,0.035714292711938024,0.03577689503689546,0.035972457542184186,0.03571430073503017
0.014302227756179191,0.014317613340639685,0.01430288818291175,0.014285736711445307,0.16742834026004014,0.7609849247664411,0.014378268982342849
0.03579963368730412,0.03578823452491465,0.31393091464549,0.03600429237914432,0.035762324489002836,0.5069630374354034,0.03575156283874069
0.020442581634869537,0.020430646952244932,0.3225741172057418,0.02041404993252268,0.5752328587398043,0.020419407080002963,0.02048633845481383
0.03577405668683603,0.035763847492532065,0.3988747202658881,0.03572473025136918,0.03574028255803824,0.03576029670167152,0.4223620660436649
0.7851162980739613,0.03574507315589904,0.035733064510305376,0.03571537497484337,0.03572063567950992,0.03609983559649733,0.03586971800898372
0.04761910833101892,0.04761910241530638,0.7139562425947681,0.04780302399789254,0.047677374440349654,0.04761909574959681,0.04770605247106778
0.01431847616421603,0.014356598130414356,0.014301768573337025,0.11408868074479472,0.014353287197280393,0.014315363757899293,0.8142658254320582
0.5711509690508925,0.071428577224167,0.07142857697176999,0.07142857361132283,0.07157105225731146,0.0714285765969953,0.07156367428754078
0.014344433282764928,0.014288227294244334,0.34659789077201836,0.014285730020883609,0.5818066699943482,0.014335818436219045,0.014341230199521606
0.8282039668608738,0.028658007351440102,0.0286190600430363,0.028572970109035742,0.028732156998004604,0.02864240545998778,0.028571433177621453
0.2796633056027701,0.01790133775094964,0.01787749458233697,0.017931713467456766,0.01787824473439997,0.01793418423084892,0.6308137196312377
0.02042310566164421,0.020417752630150887,0.020500239080547343,0.16316512943036673,0.020483781581372217,0.7344998445683876,0.02051014704753106
0.035755727046765155,0.03572256682362157,0.03576355469655301,0.03571428884977692,0.03583672663088143,0.7853955687431351,0.03581156720926686
0.01099772194149168,0.11602672124895366,0.010998385941363948,0.010989174184063505,0.8289796421703626,0.011000940690266641,0.01100741382349785
0.0072233950624612945,0.0071494530910767,0.5064157761205808,0.13065805307399933,0.3341812268704472,0.0071602965976122765,0.007211799183822555
0.4792264765215068,0.14637864448899454,0.01788708061424771,0.017913084637623335,0.017916308220780008,0.3027529579151028,0.017925447601744922
0.7141783502422917,0.047658119996828216,0.047659245293557584,0.047624219277178935,0.04763052660531533,0.0476190525420755,0.047630486042752614
0.04761909744327319,0.04768990044369845,0.7132047589240371,0.04763197062119677,0.04822079443273141,0.047667070568891225,0.04796640756617191
0.017922619255812105,0.0178729156018581,0.5820763243361005,0.017862840544804057,0.0179376267804524,0.017864665421704253,0.3284630080592686
0.014345576649892507,0.014298177389024348,0.014325178469318271,0.14812480497628197,0.3484220542991938,0.014310399523400507,0.4461738086928886
0.035735283897604435,0.035714291863360184,0.03575004767230036,0.035866231033839194,0.03581556143663034,0.7852793047838431,0.035839279312422326
0.4088176956523111,0.24809841899764928,0.22845581258985725,0.028571437175356183,0.028710270315602245,0.028719915268939702,0.028626450000284184
0.047648878760981964,0.047715564751784775,0.04778972571750032,0.047619056997817856,0.047624556767205346,0.04761906982586544,0.7139831471788443
0.07142861936558158,0.07142861797967405,0.0714286318157914,0.5714283190183571,0.07142859483390276,0.07142861013880877,0.07142860684788414
0.03571430580263566,0.03572751101706976,0.5876237322814104,0.035755371024516605,0.23363584852232303,0.035768475590967554,0.03577475576107697
0.047679581895640186,0.7141200830499455,0.04761905321533194,0.047619049801226665,0.047662539347563905,0.04766345426579142,0.04763623842450053
0.04772834503455322,0.04761905553309145,0.04761905511430554,0.047621849638356896,0.04789749960402819,0.71366285506902,0.04785134000664466
0.035740064574442044,0.03584336043253896,0.03571432697488208,0.03582239555491165,0.3434982415938381,0.03571430141191401,0.4776673094574732
0.7140389487336997,0.04761905247530441,0.04766885985355116,0.047619049436882485,0.047815986093741124,0.04761905189057548,0.04761905151624572
0.020521685813317946,0.020411895962257363,0.02048693444924031,0.020416293071425,0.020468182721235684,0.8772626788436864,0.020432329138837316
0.14285714285714288,0.14285714285714288,0.14285714285714288,0.14285714285714288,0.14285714285714288,0.14285714285714288,0.14285714285714288
0.3044696462164187,0.02046310391777396,0.5932514201881688,0.020462538125089507,0.020486090092395978,0.020411746119622192,0.020455455340530927
0.02395237407717477,0.023809536815098346,0.3944541569638202,0.023815189027074652,0.02387483511023209,0.023934540457605402,0.48615936754899464
0.14285714285714288,0.14285714285714288,0.14285714285714288,0.14285714285714288,0.14285714285714288,0.14285714285714288,0.14285714285714288
0.03572296488513238,0.785488191754881,0.035766588847870366,0.03579864147594365,0.03578282463785485,0.035721348273660226,0.0357194401246574
0.03572317026505266,0.03573474965926063,0.03574535132766186,0.03572182835650532,0.7856206331554528,0.035714291377588164,0.03573997585847864
0.07142859318719043,0.07142859116001216,0.5713827508584735,0.07147430632361233,0.07142858208645968,0.07142858880256807,0.07142858758168388
0.035763307745536224,0.035735755867648294,0.03573255175538225,0.03578371666436879,0.03585755723251711,0.5095299611329159,0.3115971496016313
0.028713529969773173,0.02857144322875688,0.028666707098651795,0.028571434065471368,0.8282527174158159,0.0285714417292277,0.028652726492303136
0.8568570510853573,0.023866738449289205,0.0238166782423456,0.02402309758337081,0.023811949671817267,0.023811920947512485,0.023812564020307354
0.006221067184400627,0.006221706059124214,0.006213370293781962,0.006211601372370433,0.7619478007307985,0.11031766563182031,0.1028667887277041
0.4510473941066372,0.023841047702896842,0.023837655280622125,0.0238306627568968,0.023940800467579706,0.42958439408426546,0.02391804560110188
0.5712977264873194,0.07142857313904358,0.07142857304313852,0.07142857206791146,0.07155940947217196,0.0714285729409232,0.07142857284949199
0.023902205397108793,0.023832072351740605,0.02383286095288125,0.023809823181817933,0.8568192305795612,0.02395335030309887,0.02385045723379133
0.023916332340287016,0.02381882574657842,0.024020029802974782,0.023824528744931333,0.8567091383387299,0.023839559515267107,0.023871585511231384
0.035728117732081136,0.03572700084417452,0.0357379882659095,0.03571912871015426,0.035836251870732555,0.035714294529214145,0.7855372180477339
0.14285714285714288,0.14285714285714288,0.14285714285714288,0.14285714285714288,0.14285714285714288,0.14285714285714288,0.14285714285714288
0.028645748133633128,0.02867036900201963,0.0286097652264183,0.02857264892413406,0.028621404505433202,0.028870520341580354,0.8280095438667814
0.03576453576485911,0.03571429533614842,0.035730765307807826,0.0357142893499297,0.7854751743361964,0.03574452889162231,0.03585641101343614
0.14285714285714288,0.14285714285714288,0.14285714285714288,0.14285714285714288,0.14285714285714288,0.14285714285714288,0.14285714285714288
0.07156006265285916,0.0714285750896847,0.07149416506540418,0.5709300971278067,0.07142867089276898,0.07152909160935345,0.0716293375621229
0.020433295395258587,0.020423471308102882,0.020414697005131256,0.020450283553102848,0.02047570131941855,0.8773433735088922,0.02045917791009366
0.07156599224097443,0.0714285768012646,0.07142857645039938,0.0714345825900746,0.5709573307256336,0.07175636549474967,0.07142857569690363
0.020457046136554365,0.020408253705233904,0.020498615256444284,0.02040818565391445,0.8772120999860464,0.02049784267744871,0.020517956584357858
0.07157419688807681,0.07142858023478169,0.07142857979953367,0.0714285747310153,0.07172032871539616,0.0714644885457205,0.570955251085476
0.07165004862773922,0.07142859196388411,0.5711598943817028,0.07142857908688821,0.0714285824288801,0.0714285894425405,0.07147571406836513
0.035714318739673,0.03572579233693763,0.03571429846859638,0.7856982202281432,0.035714292981905295,0.03571878051512819,0.03571429672961654
0.521023444299927,0.16643258552074452,0.020562960817268425,0.23059350570055376,0.020487891954823974,0.02048620174596158,0.020413409960720802
0.07142859225207876,0.07151205214537136,0.0715330569501498,0.07142857851817297,0.07143304910998363,0.07162577454875858,0.571038896475485
0.04761911051524861,0.04765218215064427,0.38058390639463335,0.04761906895304117,0.047796158652119475,0.38096285504424365,0.0477667182900696
0.047619056029209884,0.04761905521318466,0.04766165685398693,0.047619050486466884,0.04768357114772563,0.047674585372074356,0.7141230248973516
0.014290738678781428,0.49527993748778903,0.014348315356631865,0.014562228282659255,0.014324722574191356,0.43289837261836445,0.014295685001582516
0.023817694208691887,0.023809626163463323,0.023809533033114873,0.47635956921527617,0.023809529047423752,0.40458451666141,0.023809531670620016
0.023809577273910584,0.023906253008312037,0.023879832409295247,0.02392074754863559,0.2408292266687191,0.327723887456768,0.3359304756343595
0.035714293181157,0.035714394640469535,0.03571429213299752,0.035714420615341795,0.03571428937853533,0.7857140188594283,0.03571429119207057
0.03571430257800041,0.2856894147917888,0.03572220115466932,0.5353663744233612,0.03590343309121991,0.03588997485304942,0.03571429910791101
0.14285714285714288,0.14285714285714288,0.14285714285714288,0.14285714285714288,0.14285714285714288,0.14285714285714288,0.14285714285714288
0.07142861214846782,0.07142860817821191,0.07142860620934059,0.07142858532131467,0.07153780854427623,0.5713191784552177,0.07142860114317102
0.07147876970262144,0.07142860927605386,0.07142860748092666,0.07156387226598761,0.07142859185085067,0.07142860487531472,0.571242944548245
0.03573348589313929,0.03598411134155872,0.03573563222189999,0.28550680197706696,0.5354391128011439,0.035835326106823544,0.035765529658367656
0.04761908921542207,0.3809518791237192,0.047619083380133695,0.04761906171445383,0.0476190678248391,0.3809526401339587,0.04761917860747342
0.07142858774004227,0.07142858634915614,0.5714285013298339,0.0714285770431842,0.07142857947359453,0.07142858462795937,0.07142858343622954
0.07142857501701803,0.07145242638735952,0.07143063173773098,0.571396350970117,0.07142857320058466,0.0714348686029261,0.0714285740842638
0.04761905985113509,0.047625590936649996,0.047758963362063866,0.7141374697448166,0.04761905366236,0.047620805720658486,0.04761905672231584
0.04806350087892642,0.04767436316788163,0.7136832487734102,0.04761905464118119,0.04772170543754059,0.04761906440232503,0.04761906269873501
0.03573755191035939,0.035777143533624156,0.7856063846081337,0.035716201613635555,0.03571428852644805,0.03572831035416085,0.03572011945363837
0.017879543522184602,0.018001330346878126,0.0178772595740997,0.27587316225399966,0.1892167746637021,0.4632150237499089,0.017936905889226955
0.38138959194240296,0.03583611433304225,0.03571430413088984,0.03571429325426313,0.035765786885178265,0.03585489658374411,0.43972501287047944
0.04764981837134424,0.04761905226328134,0.04761905415363839,0.047619049360504824,0.047639306946740186,0.7142131379729637,0.04764058093152736
0.01596809597213029,0.015893851122357444,0.015898448975468292,0.015873038641746287,0.0159237394570051,0.612610904225659,0.30783192160563355
0.047642767333346,0.04761905453530248,0.047685677594687545,0.047619050227911,0.3909060334289512,0.37087507289577476,0.04765234398402708
0.02390211275880396,0.023924374281676097,0.2023980347841702,0.02382021639194412,0.6782255621687585,0.023877353063934355,0.023852346550712913
0.0178952041027693,0.017876872792582838,0.01791153184622993,0.017891963287784262,0.4057195136127804,0.5047766833946126,0.017928230963240727
0.03580575512817477,0.035715401983088126,0.035738265820093346,0.03571428839729697,0.7853620831116171,0.0358929409996215,0.03577126456010824
0.015971969114598382,0.15756406283306434,0.015896558366263264,0.01587594989128482,0.7628295996927361,0.015878510225525506,0.01598334987652742
0.623944961061462,0.02864985153676777,0.028699867615177024,0.028705695465588325,0.23281004603870534,0.02860174715359633,0.028587831128703268
0.04771433651763268,0.3807731961984748,0.047668257212194476,0.3809086798195827,0.04761906259941125,0.04765618894488383,0.04766027870782037
0.48723533362143595,0.03571431704702463,0.035827961822729744,0.035714297507048874,0.03576954323934027,0.035994922515985316,0.3337436242464353
0.46658356673809936,0.017857150700286425,0.017862407342349083,0.017866059894577208,0.01794893989724366,0.16415224550574586,0.2977296299216984
0.13209256476436904,0.003578584630557658,0.22392373415143813,0.003577031591395343,0.0035876879581564643,0.629654029608221,0.003586367295862328
0.07142890203080526,0.07142858472695694,0.07142858419265742,0.0714285764679492,0.5712438874237449,0.07161288290706502,0.07142858225082122
0.02054743237298133,0.02049066322772454,0.31181268594786277,0.020409865464737866,0.5858456743650716,0.020469997251093445,0.02042368137052855
0.14285714285714288,0.14285714285714288,0.14285714285714288,0.14285714285714288,0.14285714285714288,0.14285714285714288,0.14285714285714288
0.023827980280154135,0.023814230661475637,0.5001160446296815,0.023809528258972618,0.023834549175190636,0.20187351045113214,0.20272415654339332
0.028678888153452153,0.028656065119493798,0.02859906345106289,0.3501678207098937,0.028612320239160632,0.5066333060173108,0.028652536309626095
0.028693779526386888,0.02866972924120895,0.028599353838138025,0.23587645938486823,0.02869857136116446,0.02862725713304637,0.6208348495151871
0.00753698838058819,0.0075287488398962975,0.007534393998486742,0.00752888341582935,0.3601970151298517,0.6021236032806427,0.007550366954704881
0.007950209448496759,0.00794880429590286,0.007954164563344293,0.007961824976126491,0.007947131815658204,0.9522878909536078,0.007949973946863535
0.017870226310368165,0.017857429974827126,0.4407857987802515,0.01785730579713314,0.0179547872682848,0.017975723701032006,0.4696987281681034
0.5713376036042533,0.07142860268163603,0.07142860085159902,0.0715194088349173,0.07142858822305503,0.07142859900639902,0.07142859679814041
0.6902525541820491,0.02382719530173362,0.19040880072995506,0.02380952674784033,0.023908981698621306,0.023901369890151406,0.023891571449649394
0.035720818739063534,0.03571430074696539,0.03571443494610595,0.7856415810868942,0.03571429394414013,0.03578027268007684,0.035714297856754
0.01428572421244703,0.014301336961417,0.014291736721213325,0.7553611540909968,0.014285724014978275,0.17310328014479462,0.014371043854152919
0.014313625108840981,0.014320136753606133,0.014348741415543424,0.014285779757300084,0.508137664283936,0.42027915307428093,0.01431489960649252
0.013035586449148822,0.012988477168004142,0.012989394740247889,0.013152310764190695,0.013017728355110586,0.8070950936646992,0.12772140885859856
0.380840030000256,0.04764127395072885,0.0476190776614818,0.04761906003668449,0.04770151362232367,0.38090265377376303,0.047676390954762074
0.03571431158792088,0.03577791807127032,0.5354584084975986,0.28565969868701585,0.03594416222841914,0.03571430666166237,0.0357311942661129
0.017873196159463228,0.017865960342724255,0.2869397975210286,0.6235920886588237,0.017884746265879204,0.017878157953819845,0.017966053098261173
0.023843049407620664,0.023809639001174415,0.023846813359978358,0.023809551303330054,0.4287032775324837,0.45216324537756,0.023824424017852782
0.04765555986568621,0.7140545117507536,0.047619059768744774,0.04781369682466824,0.0476190545121076,0.04761905932296619,0.047619057955073416
0.013078636984048524,0.012988229460925798,0.013000157556965363,0.2580573883851793,0.013021856985095512,0.6768479979680886,0.013005732659696989
0.0017649932911933373,0.0017654080480313651,0.022203123726418,0.0017744449166410736,0.0017676151182254136,0.9469949045277227,0.023729510371768032
0.03571429795848974,0.03572595306630849,0.035745879686618194,0.03571428988830717,0.035945716938217416,0.7854395677572135,0.03571429470484561
0.07142860509669811,0.07142860216391332,0.07142860044015725,0.07142858299611035,0.5714284143000983,0.07142859878759189,0.0714285962154309
0.07142857590216856,0.07142935702973227,0.07142857527369681,0.07142958548360744,0.07142857361982662,0.5714267579751131,0.07142857471585512
0.14285714285714288,0.14285714285714288,0.14285714285714288,0.14285714285714288,0.14285714285714288,0.14285714285714288,0.14285714285714288
0.0476190687453349,0.0476190665098468,0.04761906546868856,0.04761905472359686,0.04765722305929504,0.7142474586569405,0.04761906283629737
0.9044157320412285,0.015920563089250054,0.01590384895415036,0.015930047591116044,0.0160468954317683,0.015892981047930275,0.015889931844556712
0.07142890203080526,0.07142858472695694,0.07142858419265742,0.0714285764679492,0.5712438874237449,0.07161288290706502,0.07142858225082122
0.020473660854474197,0.020429836810931846,0.4405666052366646,0.020408341126741312,0.18879898637098835,0.020511731367182838,0.2888108382330169
0.023926823353372352,0.023832835945284205,0.8569203987888924,0.023812775980237247,0.023823234847169115,0.02384399649096372,0.02383993459408114
0.04765873704695676,0.04761907188578805,0.04762011309606634,0.04761905680118912,0.3809129118658981,0.38095104203478153,0.04761906726932011
0.04769124704668985,0.04764908852928601,0.04768309712417591,0.04761905012041951,0.0476190520423532,0.7140902870584682,0.04764817807860735
0.07142966433625303,0.07142857501274595,0.571421285485211,0.07142857278461272,0.0714285733610815,0.0714347546929243,0.07142857432717165
0.02042730182694771,0.02041918172570535,0.31066918492940854,0.020410930666008048,0.020448195150464244,0.5871060466523109,0.020519159049155168
0.07142858664996203,0.0714285852731256,0.07154384334093274,0.07142857664586677,0.07184446477287368,0.07163747488646251,0.5706884684307767
0.028634597927987608,0.028571454359577284,0.42818149151568247,0.22853312332364809,0.02869461219679841,0.22858516636280538,0.028799554313500647
0.011016404541747881,0.010993602860324735,0.011006225584313443,0.010990064450505491,0.47990968713421756,0.3049389940041252,0.17114502142476556
0.02860824880920386,0.028585034736840213,0.02858533618851297,0.028571434185563255,0.8283153571285878,0.028723858465883774,0.02861073048540812
0.02041658736116253,0.020443660844277806,0.02040817102750951,0.020415423092076446,0.020475867153752884,0.877404663066905,0.020435627454315822
0.5704623780089089,0.07193547773101394,0.07145365149335829,0.07142857730511723,0.07142857990673322,0.07186275140721586,0.07142858414765255
0.04769767117426094,0.047760812901835634,0.047619055255751996,0.04763430267763961,0.04767104836696128,0.7137103620486083,0.04790674757494236
0.00893270594908849,0.008968650994512658,0.008966085464364037,0.008984503536105408,0.7952778645698819,0.008946721751143126,0.15992346773490435
0.02397788664282694,0.02381161221693063,0.023887526132674607,0.023810397361249083,0.3849899323150371,0.2296855085458363,0.28983713678544526
0.07153970600430332,0.0716079478893678,0.07149903785350686,0.07142892460219669,0.571067203926245,0.07142859076460072,0.07142858895977965
0.03572198739251756,0.03572230895191955,0.03573563251037284,0.0357146482804555,0.5354825768119363,0.2858978131812627,0.03572503287153546
0.04764851793126905,0.04761905894603028,0.04761905845239908,0.047619051899395574,0.04765231850984283,0.04761905777536366,0.7142229364856995
0.18300866875872532,0.014285733713492028,0.014300491861684353,0.01439574514106799,0.01434396337245595,0.7453296315351231,0.014335765617451285
0.6318623320048986,0.02393990572716783,0.023951757028744754,0.023830076297475532,0.02382757383898064,0.2487454200107231,0.023842935092009413
0.07142861525983911,0.07142861262919682,0.07162000059079347,0.0714285910870525,0.07142859289056848,0.5712369837812049,0.07142860376134466
0.016038256466298327,0.015931805442379494,0.015927485544800866,0.015874728602509568,0.23870953199017858,0.6816399616896425,0.015878230264190666
0.5713900991300046,0.07146035779748902,0.07142858246449686,0.07142857582366283,0.07143522194292386,0.07142858197485986,0.07142858086656298
0.008949258112665915,0.008937614445177607,0.008946928104947528,0.2066690458133731,0.16042208336648522,0.5971098917898395,0.008965178367511139
0.07147288439498337,0.07143036201738119,0.07142857498987519,0.0714289769766555,0.07182484475741081,0.5708287234583487,0.07158563340534521
0.011907687148436721,0.011907624000273507,0.11355045456961368,0.011955031018968432,0.011919089707628014,0.8268388329252541,0.011921280629825486
0.0476442878826881,0.047619053060128286,0.04761905278201175,0.047619049682810825,0.047660965024976534,0.04769537110571379,0.7141422204616708
0.020476225379320947,0.020491797890273052,0.22126523023292355,0.020451280554062343,0.020449503219930637,0.16003408017506668,0.5368318825484228
0.07160352683535329,0.07143161549070268,0.0714575052581375,0.07142857487204897,0.07159461279293336,0.5709178907722813,0.07156627397854289
0.028723404603333332,0.028571445146718822,0.02858462499403876,0.028571434807717087,0.02865914431500256,0.4283364765097231,0.42855346962346635
0.4378830764936795,0.04763405641196562,0.04762018528425201,0.047619055705816135,0.3239577272252766,0.047666833966355515,0.047619064912654586
0.04765492930408925,0.04761906297233101,0.04764232461897543,0.0476190534891671,0.7141095550207287,0.04766597019899501,0.0476891043957136
0.009528350449170468,0.009528122948801872,0.009533003781714225,0.009533870545307143,0.009533570254572065,0.9428182209434922,0.009524861076942054
0.023823193839942622,0.023844183941677827,0.02380953533512908,0.02380964349977525,0.4618103989552784,0.419093487344325,0.023809557083871707
0.04761905065318269,0.047619050338309224,0.04761905020468523,0.04761904864702655,0.047622712264195496,0.7142819844536186,0.047619103438982215
0.01790802161942354,0.017869544647517815,0.5246466277252965,0.017857146132182106,0.38589812236146936,0.017896876110561365,0.017923661403549222
0.014294722703264474,0.014309942367209104,0.3330136538896378,0.014329539548036518,0.014313074629227759,0.5954491467936107,0.014289920069013676
0.01788437545134789,0.01786416273245879,0.017918215166922904,0.01785761521713486,0.018014060563119643,0.7601819051734847,0.15027966569553136
0.14285714285714288,0.14285714285714288,0.14285714285714288,0.14285714285714288,0.14285714285714288,0.14285714285714288,0.14285714285714288
0.04772946588449263,0.04761908797695878,0.37032521209113684,0.04768794504055018,0.39116727487742825,0.04762089592202228,0.047850118207410954
0.28274687138997173,0.02861435169022718,0.028605652738962685,0.02857143167790074,0.5742429273688228,0.028632415373672972,0.028586349760442057
0.07142857590216856,0.07142935702973227,0.07142857527369681,0.07142958548360744,0.07142857361982662,0.5714267579751131,0.07142857471585512
0.023809693048189917,0.023809540116234658,0.3571349277014496,0.5237338552182427,0.023834643536078944,0.023867803245047402,0.023809537134756902
0.047660198616702926,0.047619054461768937,0.047729665303606277,0.04761905016969842,0.7140613399080694,0.0476863957929354,0.04762429574721877
0.3425958497612842,0.035714297630484705,0.03574830713728898,0.03571429013481095,0.03573556824712653,0.03571429712460575,0.4787773899643989
0.009547208782232178,0.009534214714652486,0.009523813606186794,0.9428203564084062,0.009523811847641893,0.009526781642135074,0.009523812998745423
0.014309163340242667,0.014391733887545898,0.014296917339239126,0.914137276648173,0.0142857185283646,0.014293469594211107,0.014285720662223509
0.023809535149732445,0.023809534281547258,0.023811790952379373,0.8571336998804608,0.0238095293603373,0.02381637819741664,0.02380953217812609
0.023809535149732445,0.023809534281547258,0.023811790952379373,0.8571336998804608,0.0238095293603373,0.02381637819741664,0.02380953217812609
0.02867488641603314,0.02857145196888056,0.028623053083502416,0.028571437310209367,0.8281882514067406,0.02869688110755124,0.02867403870708282
0.011911976416885734,0.011922392926207295,0.011924835299936544,0.01190476278565305,0.1323988964191184,0.8079327140066005,0.012004422145598466
0.01301513670592653,0.012987021032150093,0.01300420430083171,0.12632643009667666,0.01301871342022385,0.6086845973718137,0.2129638970723775
0.07142890203080526,0.07142858472695694,0.07142858419265742,0.0714285764679492,0.5712438874237449,0.07161288290706502,0.07142858225082122
0.023827218580397564,0.02381870887775933,0.02381774085148359,0.0238399053061914,0.023881837125803253,0.8569959478277439,0.023818641430621033
0.02388713158994265,0.02391651357592451,0.02381733267960991,0.2395017578150345,0.023840572954814482,0.6411929296960839,0.023843761688590037
0.020443658322284956,0.02040818341750606,0.020483338579756465,0.020410552517053593,0.02052812876416412,0.02043849612135724,0.8772876422778776
0.011951793324205465,0.011912943999577543,0.10195705069276637,0.011905084387004805,0.8384193093494406,0.011932420542749986,0.011921397704255128
0.01587648484695821,0.01587563994815376,0.015873021752315145,0.015873041792664706,0.015889052630583853,0.7925373129720683,0.12807544605725607
0.02382868669047867,0.02382155955551271,0.023830981781751002,0.02381104328672382,0.8569405338137096,0.023879963322439277,0.023887231549384894
0.04761905686618407,0.047619055977343804,0.04761905558492367,0.04761905081021754,0.047842090460903916,0.7140626359220026,0.04761905437842439
0.007576933339227056,0.007519437019748182,0.00753240680072578,0.06419719094496161,0.7672391559955206,0.0076221029721710125,0.13831277292764568
0.020488730929171466,0.020408170857513893,0.020408170340251282,0.020408996225966782,0.020440742181740974,0.23956209266567877,0.6582830967996768
0.035715429977146274,0.035767169964462,0.035714294040556115,0.035714289014869345,0.035789257517634704,0.7855684667025572,0.03573109278277435
0.014287021695851596,0.014290596625068317,0.01434387008812728,0.014285731582893715,0.014287147669974881,0.9142197662116537,0.014285866126430494
0.02380953538879892,0.023809534356595094,0.023809533792249944,0.8570015052985152,0.02380952947887482,0.02395082935589539,0.023809532329070557
0.020468948157395903,0.197596129435407,0.02043632553872304,0.020507413562464556,0.3303580870742557,0.1718479865503043,0.2387851096814495
0.04783591214822667,0.047833067763312684,0.04829436419368106,0.047636438635014045,0.04762272614510539,0.7131051874146173,0.04767230370004299
0.7140526736980584,0.047713668063448886,0.047619056761522456,0.0477154184238244,0.04763122406525545,0.04763201457214914,0.04763594441574135
0.03577779207857845,0.035747099351965315,0.03572486707220867,0.03571429192629191,0.7851338401697401,0.03588694690028327,0.0360151625009322
0.01787224493333387,0.01786606984162593,0.017864918740055892,0.01788441661320453,0.017874948245431985,0.4914316569551101,0.41920574467123767
0.023847736762463025,0.02384347548879658,0.6130005038407152,0.2677897293695609,0.023814316071004656,0.023817227475041162,0.02388701099241844
0.07147288439498337,0.07143036201738119,0.07142857498987519,0.0714289769766555,0.07182484475741081,0.5708287234583487,0.07158563340534521
0.07255775936552562,0.010222930126566996,0.010235370108671153,0.010213205415912165,0.8763439011573676,0.010216244137252225,0.010210589688704206
0.03573574295009623,0.03578090544661686,0.03571429032320272,0.03572149956011486,0.03576273981401426,0.785532864204127,0.03575195770182811
0.014288296788636122,0.014291791649076745,0.014310809798941908,0.014285723167779174,0.914200843585965,0.014308790501219549,0.014313744508381453
0.01595389856972633,0.0158841565190714,0.01593364481174057,0.01589382072459945,0.5776098706080063,0.16603882449965512,0.19268578426720073
0.47248247485621025,0.02857289660673585,0.028590582595101336,0.02863464323894924,0.028578832722206408,0.38433123113147805,0.028809338849318734
0.49342949381915063,0.02045011426585657,0.02052396578311157,0.020408166725989673,0.02040816822672407,0.404352319128575,0.020427772050592635
0.04761907735348251,0.38090566427815886,0.04761907334718171,0.047619057800141314,0.047645526451566514,0.380931136652328,0.04766046411714121
0.0286525707374582,0.028612214720231337,0.26413567716668035,0.028571433610171053,0.3674247283011555,0.2539579086465247,0.0286454668177789
0.010204521835685005,0.010229103686925338,0.010205946374897556,0.9387355093318349,0.010206021600820406,0.010209880167821898,0.010209017002014905
0.008991633577285841,0.00896452408958074,0.008944896192005555,0.008929039824269834,0.008968666471303592,0.7667324889472004,0.18846875089835413
0.0035075609850667615,0.003510664540764305,0.003498719060891524,0.003498338583269823,0.0035027250754885173,0.5975258006170832,0.3849561911374359
0.7142468957956649,0.04762762188648932,0.04761905844187186,0.04761905186419972,0.047649257521503056,0.04761905775145649,0.047619056738814634
0.023827471069787096,0.02380961677782628,0.023809527728910665,0.023809545567140367,0.02384805320013066,0.8570585542011375,0.023837231455067304
0.03571431472708417,0.03571431171413257,0.03596276566259925,0.03571429551954874,0.7854351662504614,0.03572814424073757,0.035731001885436285
0.03576409268228345,0.03572663914343251,0.03575505745877326,0.03571429628636532,0.3128337698479345,0.03572733321117596,0.508478811370035
0.028571441468848185,0.028571440326214514,0.028601955881378607,0.028571433029122684,0.028771890492661444,0.5979988483663569,0.2589129904354176
0.04761910190753821,0.7139956413833094,0.04764501492982013,0.04761905525633042,0.04788305662159407,0.047619066010473714,0.04761906389093403
0.03572872131290036,0.035714391656555586,0.035714290321144336,0.035714419477803266,0.03572380337147633,0.7856799739589486,0.03572439990117145
0.01790539706180508,0.49771850530106526,0.01787595540721469,0.017945820386365628,0.017913974565798012,0.4127384850458816,0.01790186223186973
0.012996174579515888,0.012998201371920084,0.14540710087975797,0.01299474130088729,0.3853528278026739,0.013039304514204264,0.4172116495510407
0.013030695865126061,0.013028179922106229,0.013040809283189002,0.20138170985264556,0.4115010585961964,0.013045060246775491,0.3349724862339613
0.04761906410371679,0.38064639200057915,0.04779342282058709,0.0476190532397232,0.047724260111613355,0.04783871120637159,0.3807590965174088
0.007964058039792913,0.007988804310408795,0.007953748514438209,0.2803451120641129,0.12214629262981389,0.36887012284281495,0.2047318615986183
0.02859012604110707,0.02857963309648319,0.02859235732543137,0.02857143174333882,0.028793707050054088,0.8282682531867095,0.028604491556876048
0.02040817252290019,0.020460423590718996,0.02050317586652404,0.0204081664160894,0.02045610129241482,0.219405380736866,0.6783585795744866
0.16021881921761041,0.017862408781665624,0.017942014857915797,0.017857201321205447,0.31524377614287374,0.4529768417255464,0.017898937953182512
0.0036676899873877467,0.003663176598742337,0.0036645882798944946,0.9779840437455825,0.0036763849985852496,0.00367541695394709,0.0036686994358606693
0.6715250120986397,0.023813843226316796,0.0238245990152634,0.023820511426410194,0.0238481644796936,0.023857912033168525,0.2093099577205079
0.017872566758085382,0.01785714993930996,0.017882425004846537,0.01785794082381512,0.892761382095731,0.01788107692986998,0.01788745844834202
0.04764930130478836,0.04761907877278158,0.04763597660886603,0.7141506939140713,0.04761906406823264,0.0477068127473028,0.047619072583957166
0.0476190562626809,0.04761905543654558,0.04761905502486735,0.04761905058337257,0.04762271503625723,0.7142819601037941,0.047619107552482304
0.03591065419577967,0.03581050802493651,0.03572829837537321,0.03571830325725103,0.035783533855416785,0.3151672475482487,0.5058814547429942
0.017868272157023052,0.017857159360994995,0.017902486799769832,0.2155614116565431,0.017863354395063237,0.5701347241285005,0.14281259150210524
0.03571431218576608,0.035909882965424696,0.03571430841928398,0.0357145057511652,0.035826889511059425,0.5357646356122886,0.28535546555501207
0.014316640683736477,0.014293851174646717,0.014288491385055039,0.014321083107736892,0.014340627890085424,0.9141146827714355,0.014324622987303906
0.015886752946898917,0.015888569360663282,0.015913618684037015,0.016092848677888388,0.6483455433869869,0.2719404367963441,0.01593223014718141
0.047619057372047614,0.04768901227437538,0.04761905604337906,0.047619050961177634,0.7140397724215639,0.047722977542204954,0.04769107338525157
0.07150469785668014,0.07162097235993835,0.07142859540125421,0.571159964005746,0.07142858498025823,0.0714285936788845,0.07142859171723868
0.011912219508060625,0.011905686719337394,0.011977286240730262,0.011912080641824991,0.9284416885636871,0.01192177275526184,0.011929265571097704
0.017867807147515288,0.017862545718096243,0.017868664060181273,0.0178685383454285,0.01789065496625368,0.8927729236558142,0.017868866106710807
0.02860219012194806,0.0285796125670263,0.02857301553665977,0.028571431041710515,0.02857696711412547,0.8284937571971897,0.02860302642134012
0.07142858077372471,0.07142858001211144,0.07142857953008594,0.07142857465371959,0.07147641284589763,0.07142857912601477,0.571380693058446
0.005323375334575788,0.005293870661002213,0.0052979857027506865,0.0052910722665838,0.193011016958102,0.6680605329899679,0.11772214608701763
0.010220924980347565,0.010237289255919772,0.010235978489199039,0.010213385636024678,0.3487306501620515,0.6001109104877458,0.010250860988711643
0.048033623619986573,0.04783211666235276,0.04764751343625779,0.047619050836621664,0.7134957652847499,0.04773853866880981,0.04763339149122139
0.023848849581719563,0.024184208688959218,0.18967449542984685,0.02380985713827444,0.518782850266178,0.19589018954226572,0.02380954935275617
0.02858838640162072,0.028576161324535033,0.028589888768449655,0.028586923629057816,0.028603662128422754,0.8284656743710211,0.02858930337689286
0.023844753810144954,0.023833164111599768,0.023809539144860104,0.668363520826825,0.023809532493866283,0.21251849036880424,0.023820999243899632
0.0179512296917098,0.017875404192729115,0.4359588769898723,0.017936282590910013,0.017882483546242472,0.4745237335545383,0.017871989433998054
0.03579420191730232,0.03571431683002443,0.03571431512841702,0.035714297389576204,0.7851706099203958,0.03571431345236881,0.036177945361915355
0.07160195224868436,0.07182858549954853,0.07142861436507021,0.5708550322214881,0.07142859576182047,0.07142861179647603,0.07142860810691233
0.03573121933770862,0.4079056220856091,0.03571430204599113,0.03595475190853352,0.035714295048374214,0.41324685042746323,0.03573295914632006
0.009608204283994011,0.2162184405194515,0.0095635450814219,0.08376561686738318,0.32131847015208576,0.009565529529540772,0.34996019356612296
0.03572517909544753,0.03591401006196637,0.40659304108800304,0.03571429102132232,0.03572910374118505,0.41455740244190403,0.03576697255017176
0.028575679874584328,0.028622047822264962,0.02857143790098765,0.02857147103455972,0.5509097989150611,0.30614091625475864,0.02860864819778358
0.03592883974951601,0.03583043201209923,0.035742557929180185,0.03571428826962765,0.43200917689301294,0.3890461236149118,0.03572858153165219
0.023861656213938272,0.1905460610669784,0.023967254923277614,0.02380952913460341,0.023846818332805306,0.023863301516984,0.6901053788114131
0.047702854153359654,0.047739525690479255,0.047750967479833734,0.047619068247156074,0.38071143699198007,0.3808570548719747,0.04761909256521659
0.015904553924842288,0.015886452546497926,0.9045031076188993,0.01590687361498372,0.015985621783653543,0.01590251948178609,0.015910871029337286
0.07153888776655459,0.07142860961869736,0.07142860794735503,0.07142858571594664,0.5710377945366562,0.07170434048027569,0.07143317393451452
0.07142865225575047,0.07142864444814664,0.07172640384597173,0.5711304107462604,0.07142862395366475,0.07142863521445642,0.07142862953574966
0.14285714285714288,0.14285714285714288,0.14285714285714288,0.14285714285714288,0.14285714285714288,0.14285714285714288,0.14285714285714288
0.04784700723626907,0.04762093131970511,0.04772858203108869,0.3807149295702494,0.047619059722256524,0.38085042427727755,0.047619065843153605
0.07177048202123104,0.07143138149004916,0.07142858884177589,0.5710837925268858,0.07142858125869425,0.07142858765170064,0.07142858620966329
0.04775108616307708,0.047619056013869863,0.7141536452717788,0.04761905087376938,0.047619052130512714,0.04761905511075666,0.04761905443623558
0.2957336825774253,0.03574275246562796,0.03573819208957326,0.035714389024805185,0.03576400807828226,0.5254928707567729,0.03581410500751314
0.07142858774004227,0.07142858634915614,0.5714285013298339,0.0714285770431842,0.07142857947359453,0.07142858462795937,0.07142858343622954
0.071428592386426,0.07142859047071605,0.0714874957371751,0.07142857857970954,0.571369567601469,0.07142858821700848,0.07142858700749584
0.14285714285714288,0.14285714285714288,0.14285714285714288,0.14285714285714288,0.14285714285714288,0.14285714285714288,0.14285714285714288
0.028678604473597206,0.028698097492037437,0.02865748024472607,0.0286282193462356,0.028848230533874693,0.8278562468103182,0.02863312109921074
0.07142859102730752,0.07149936001031734,0.07185961339574469,0.5707443761904796,0.07142858121657696,0.07142858887994828,0.0716108892796257
0.2127177025122639,0.023844384281949512,0.023851816137009627,0.19039907432805095,0.501420744856794,0.023952130317746588,0.023814147566185412
0.07142858372885855,0.07142858265512547,0.07145950947647757,0.07148828534014144,0.07142859619298898,0.07142858131637399,0.5713378612900339
0.07142860010046563,0.0714285975214123,0.07142859603314627,0.07142858123102318,0.0714285854904296,0.571428297095289,0.07142874252823406
0.03574679291130262,0.03571429912449187,0.03574496005388989,0.03571737225901289,0.5111302526059522,0.3102075396118925,0.03573878343345792
0.3808213819132822,0.04761906855056081,0.04761906768306779,0.38083926572792315,0.04770985131481711,0.04772517632665848,0.04766618848369032
0.016037556959973658,0.01590355424991622,0.16115212890229658,0.01587302022514515,0.7592137326932573,0.01587808870624823,0.015941918263162946
0.023849899582563696,0.023826896326374608,0.02382786848577914,0.26280802908151046,0.0238254757452553,0.6180361886250405,0.023825642153476382
0.020452390785410376,0.020424926389714528,0.020508555426887454,0.020477219158076963,0.4547178585823966,0.4429755448313797,0.020443504826134377
0.03571430691978564,0.03574591518672096,0.035857431658555816,0.3288780093906213,0.035774001675666224,0.49230945907751594,0.03572087609113412
0.25233306144689066,0.023823341242758846,0.3289983109948742,0.02380953265676187,0.323350276956897,0.023873676723753862,0.02381179997806351
0.023842716524683998,0.023850715651472194,0.023876744314070587,0.2985013999690367,0.023818333470054253,0.5823005431957986,0.02380954687488363
0.02056631252686375,0.020683584734135584,0.020466284601499535,0.020428662723416934,0.8769699993453381,0.020468484981964474,0.02041667108678156
0.035731126901254455,0.03571429481127582,0.035725230747312105,0.035714289157440134,0.7854101949641793,0.03593356762104904,0.03577129579748917
0.028733885948980267,0.22854053150997725,0.028571450710123493,0.028574622387952994,0.6283702409327268,0.028599118842963747,0.02861014966727551
0.03571430827814647,0.03571430636899686,0.03620686210354922,0.03571429346214579,0.785107975605222,0.03575430257834096,0.03578795160359865
0.028591812916888226,0.028582015060024862,0.028600913496329292,0.8283839519748198,0.028616454688372855,0.028653411882381113,0.028571439981183774
0.14285714285714288,0.14285714285714288,0.14285714285714288,0.14285714285714288,0.14285714285714288,0.14285714285714288,0.14285714285714288
0.04761905331741435,0.047619052902402315,0.047653483786701215,0.04762052607853891,0.047631343301946516,0.04772361391662828,0.7141329266963684
0.04761909390396972,0.7138763637809424,0.04771257009944968,0.047746900902873965,0.047806904408205925,0.04761908524111789,0.047619081663440484
0.02380953890201792,0.023822060762002033,0.02392638127666262,0.023809610215017055,0.3308501632572728,0.5498685767692236,0.02391366881780398
0.01103229915203252,0.011004012031802058,0.011013626878428115,0.010990037448436865,0.12363646990958846,0.22161091411576353,0.6107126404639485
0.03571430134725011,0.035714462842589376,0.03583737357571175,0.0357145021499822,0.2855810098717186,0.5357240530071995,0.0357142972055486
0.014308457420813724,0.014338455401649583,0.014301638455956504,0.21268524706517383,0.014361935318317531,0.7156446361356712,0.014359630202417633
0.01785759879851441,0.01785716445614507,0.01785715083461905,0.8928480681188906,0.01785793873595316,0.0178619052768001,0.017860173779077587
0.14285714285714288,0.14285714285714288,0.14285714285714288,0.14285714285714288,0.14285714285714288,0.14285714285714288,0.14285714285714288
0.07153549716544186,0.5709926945781244,0.0714285883804523,0.07173459911768479,0.07142858107163426,0.07145145342178937,0.07142858626487295
0.8279256979932526,0.028789220549931337,0.028674834163081895,0.028669202105320778,0.028709939192399947,0.02862899719065243,0.028602108805360977
0.017892533064049452,0.01786882683017495,0.17808550930342598,0.01790285003191395,0.15971289420769025,0.5906742008444109,0.01786318571833457
0.3562335758010317,0.020423940088788034,0.020408171336413768,0.02040818842799997,0.5416800256108952,0.02041618221847133,0.020429916516399957
0.04761908137982884,0.0476190783950179,0.047619076669594515,0.04763376543276757,0.047853788964576906,0.713927159967765,0.047728049190449165
0.03573755191035939,0.035777143533624156,0.7856063846081337,0.035716201613635555,0.03571428852644805,0.03572831035416085,0.03572011945363837
0.02041756241592818,0.020408279280763643,0.020459126630521476,0.02041272462242108,0.02048632171733142,0.3837381344468433,0.514077850886191
0.01791473581323186,0.01790226448225021,0.3172012621881724,0.017884066581436625,0.01788338321756732,0.5933480729705524,0.017866214746789295
0.07142857620383518,0.07142857564611167,0.07142857544521726,0.07142857302664328,0.07144179132127412,0.5714151405619092,0.0714287677950093
0.011034733745741985,0.011006871928267782,0.01102201021964333,0.010989070045536809,0.4191792533287333,0.5257513967210916,0.011016664010985168
0.28558027674005554,0.03571446168723228,0.035714297770234604,0.03571450158778681,0.03573176345557529,0.5357369753929878,0.03580772336612771
0.014354933048140343,0.014302602977191853,0.014319997989462612,0.014285738807382629,0.014334337891043375,0.6706471817334595,0.25775520755331977
0.017905066178798303,0.01796022517789266,0.2631088345031997,0.017857161606217926,0.017934995474589075,0.6473708343231505,0.017862882736151966
0.023809685424381298,0.023816706839376006,0.35659274984051154,0.19619883143863492,0.02385742057441043,0.3518797366656201,0.023844869217065724
0.011931189502952206,0.011912346348265547,0.01193389397842407,0.011989636309808375,0.011970726304644484,0.5500211600171476,0.39024104753875766
0.42308752953740275,0.39826269045174545,0.03571430948188648,0.03573985195770348,0.035736407708292464,0.03571430810655681,0.035744902756412754
0.03571430649784355,0.035714304673619204,0.03571430364395875,0.3168628906600332,0.03571429589612565,0.50456559759635,0.03571430103206966
0.017891107824943936,0.017877613873067515,0.01788886180193092,0.01785951013740053,0.017892588832215034,0.8926984011680208,0.017891916362421233
0.028612453044531062,0.02860980486892295,0.8282505351005601,0.02865937694700838,0.02857143574838218,0.02872156098071582,0.028574833309879488
0.07163428407687349,0.07142859431071495,0.07142865787691989,0.07142857996997888,0.5712227023536035,0.07142859164747202,0.07142858976443724
0.02857143886545443,0.02857143792422709,0.028571437427077108,0.028686438494376607,0.028579546143221193,0.828448265012216,0.028571436133427636
0.047747684532347366,0.04764688361239981,0.04788342388702089,0.04761915542845863,0.7135720191053617,0.04761906226812958,0.04791177116628198
0.14285714285714288,0.14285714285714288,0.14285714285714288,0.14285714285714288,0.14285714285714288,0.14285714285714288,0.14285714285714288
0.013002465356868215,0.012996395458724459,0.012996176839317098,0.10124999237607347,0.013020082866428966,0.8337458422604181,0.01298904484216963
0.035722821140003934,0.03571481482609113,0.03577249513378106,0.03571459830749342,0.03579544422551861,0.4958293481050645,0.32545047826204737
0.035822628182545176,0.03573294388930989,0.03571430009938352,0.035714291078777535,0.38019200003984355,0.44110953936419073,0.03571429734594965
0.03571972539692038,0.035741408432862824,0.03571853508436112,0.035873112808583005,0.03571483076795044,0.5151689085535696,0.30606347895575264
0.0714285790219217,0.07142857800639074,0.07157908567666169,0.07142857390730152,0.07144921871602068,0.07142858130585956,0.5712573833658441
0.047619098951652644,0.04767278163519865,0.7138346612545976,0.04778959152555561,0.04772761469820984,0.04769875329557903,0.04765749863920684
0.04761907141286297,0.04761959024742204,0.04761906808088206,0.047619730737941554,0.04761906536958978,0.38096727194017443,0.38093620221112706
0.023814227663588435,0.19025705484259803,0.02383051597262399,0.023968588277046846,0.02389997206870004,0.6903079942073987,0.023921646968043827
0.011002162656731828,0.010996650274061487,0.011007090770719302,0.010991528567105674,0.011040865221739762,0.9339519835438601,0.011009718965781824
0.03575806404470693,0.03572013376960755,0.035816469484995894,0.03571430254455025,0.47346902682168135,0.3475775348961615,0.035944468438296524
0.011009497637918078,0.010992583341481076,0.011040161144557553,0.01099229703541689,0.0110632409988533,0.933860172574719,0.011042047267054126
0.047619059888791476,0.04761905877229233,0.047619058211453076,0.047619051797284734,0.04767634563083818,0.04761905758925161,0.7142283681100886
0.010995625635551705,0.010992542261467758,0.011022484871733775,0.01100240678721384,0.010990020750729487,0.9340041887172675,0.010992730976035916
0.023809530636581814,0.023817107633064168,0.023893009938201884,0.02380957660690318,0.024057171745037232,0.856746581029437,0.023867022410774732
0.028583645366941735,0.0285714366154999,0.02857143619793388,0.02869947593884008,0.02858560196899206,0.8283545756597737,0.028633828252018715
0.3114125728507806,0.12497856418297555,0.013001329771689605,0.013067886300604683,0.3305124514621958,0.19400096483590012,0.013026230595853606
0.04761905674434211,0.04761905596421522,0.04765348211382526,0.04762052712117061,0.04762725017374998,0.047722930000435614,0.7141376978822612
0.07142861705924274,0.07142861299141662,0.07147814344012945,0.5713788201840523,0.07142859359493092,0.071428607979161,0.07142860475106703
0.017864641884740504,0.01785777981008793,0.017870253130866143,0.8927752418685988,0.017857148140244264,0.017917784926059187,0.01785715023940314
0.0476190961258216,0.047619093265036855,0.047669261842861556,0.04761906427652729,0.04773193827785726,0.3808207366980766,0.38092080951381885
0.023814537221623713,0.023820152031142593,0.02383423832715945,0.023809526250257604,0.02386572055006129,0.023924471944477138,0.8569313536752783
0.02380954153937464,0.023834134283358253,0.2573582597982769,0.023810267309798357,0.2351825067617802,0.4121039255679788,0.02390136473943289
0.028599062482493758,0.02857146699152842,0.02868735425940296,0.028571443093861917,0.35071619361584666,0.22847434529514324,0.3063801342617231
0.02393117681832455,0.02396459615252432,0.02391359534894618,0.3396669478916996,0.5407192694099161,0.023861496165012992,0.023942918213576202
0.047619080611335615,0.04795835536272424,0.38052977106014313,0.047619058789643336,0.047648908444419914,0.38094920290405965,0.04767562282767419
0.01590792322553868,0.9045416969874505,0.015998092832154285,0.015874561302842295,0.015899410478253093,0.015887570234943058,0.015890744938817924
0.017946078762901153,0.017891802568212024,0.017980663680219635,0.017857158674942423,0.8925318699773059,0.01789590076336817,0.017896525573050732
0.07146554647402148,0.07142857778732094,0.0715325687147886,0.07142857381960721,0.5712358787419829,0.07142857714153844,0.07148027732074036
0.014392143812590952,0.01438311330522407,0.014309118322779032,0.01430537818886415,0.014324908314386252,0.014363472674359206,0.9139218653817964
0.020443884699752418,0.020443696365043767,0.020414313014821564,0.02046023385759754,0.020427184611954054,0.8774025174657804,0.0204081699850504
0.02857529791727087,0.028617374431763886,0.028582933880651907,0.22855885755537245,0.6284761427589683,0.028573952173294424,0.02861544128267804
0.07156006265285916,0.0714285750896847,0.07149416506540418,0.5709300971278067,0.07142867089276898,0.07152909160935345,0.0716293375621229
0.22657777912835378,0.35788516332244674,0.00955657834216881,0.00955015849845064,0.37724124660132824,0.009617484203806028,0.009571589903445978
0.39417973784654553,0.04761940203057556,0.04761906124710621,0.36757485396297757,0.0477232654943437,0.047620075908166117,0.04766360351028534
0.07142859587217669,0.07142859368592587,0.07142859248166102,0.07142857979996976,0.07150754074979082,0.07142859129645904,0.5713495061140169
0.014294389064949882,0.014289838954229297,0.13589292517586202,0.014285719408071188,0.5755263590901016,0.014388013744341866,0.2313227545624442
0.047651663319419287,0.04786169315004888,0.7137748930568597,0.04763099972392488,0.047737287678905393,0.04762036124887397,0.04772310182196777
0.0059705729729773015,0.08920833619403079,0.005963241911234362,0.005952792967468324,0.880920571388139,0.00600657239084057,0.005977912175309857
0.03580111847284773,0.035721048581847104,0.03572669406384384,0.4492706774257945,0.03581648436817709,0.3719496857576326,0.03571429132985701
0.03571431656369894,0.03572930215898731,0.035714312267844404,0.6158479271498302,0.03571430084290156,0.20556553260455998,0.03571430841217765
0.02044307552081231,0.02040817569221927,0.18382220948924805,0.1676941722859011,0.020514599322973375,0.02044839197863395,0.5666693757102119
0.028571435918655384,0.028710809102117617,0.028601013430634977,0.028571431066101525,0.028715629835970473,0.02871321204011855,0.8281164686064015
0.011919610334326508,0.01190476384198051,0.011910862979031548,0.01192849647189388,0.011924033397981914,0.8013733796961438,0.1390388532786419
0.013021115786412145,0.013105916141936529,0.013074601780664058,0.012987041481751954,0.9216643265160067,0.013017108850793557,0.013129889442434995
0.020434219148745256,0.020457981115770033,0.02041983317278242,0.02045787174427478,0.39323857022060754,0.5044983370714194,0.02049318752640048
0.023865031637925496,0.02380961957402831,0.023925519080597937,0.02384385947193105,0.023883527479982677,0.5996536993027598,0.28101874345277467
0.023927420387696793,0.023846971924735658,0.023870489733152523,0.02381599445197513,0.2762333460020956,0.6044449285050729,0.02386084899527149
0.020445442243456676,0.020412604415038563,0.02048703257821376,0.8772780456255571,0.020414953138417524,0.020551504596217806,0.020410417403098492
0.07142858233796388,0.07142858139798539,0.07142858086033316,0.07173498722968567,0.5707371413679864,0.07181354727456915,0.07142857953147637
0.03574472287853663,0.03571430322356691,0.0357437905595307,0.4590560486270256,0.035714295130325584,0.3622250342795547,0.03580180530145995
0.00841967157405012,0.00841168157819048,0.7770953553354341,0.0084112104023888,0.008421144308905589,0.18082244108679907,0.008418495714231884
0.013010710282919438,0.012987366215560273,0.01298795714607021,0.012987395725149346,0.9220219862737367,0.012999443496738853,0.013005140859825154
0.07155363638968039,0.5709565380017012,0.07142858253263572,0.07142857582634891,0.07147860752815957,0.07172547878895327,0.07142858093252101
0.017875733087689933,0.01785715627859237,0.017938191907958,0.01792548649383734,0.6240628200190352,0.28638010930069036,0.017960502912196717
0.017862135568685968,0.01785968503819762,0.017862091175275038,0.01785714558909511,0.017990205855405447,0.017890767183782595,0.8926779695895583
0.07192456828167376,0.07142861203272173,0.07142861041910464,0.0714285867152817,0.5709324110553909,0.0714286075234519,0.07142860397237522
0.014348460324625622,0.014414069174164698,0.014382778688181856,0.014340817644961559,0.6036737941906981,0.01435368717004888,0.32448639280731945
0.255469146419297,0.015883444487015633,0.015884002119505393,0.015935004342609995,0.015891710680869198,0.6650616577861136,0.015875034164589404
0.023853668252862448,0.02395106113586092,0.023831581684542455,0.8569101582828961,0.02381752690565286,0.023826235844102435,0.023809767894082835
0.011059443152855135,0.011025262590335415,0.010990424725006264,0.7707399744589419,0.17415458814448997,0.011015783012101052,0.011014523916270077
0.01587881039215966,0.015875409537803867,0.015880731280182452,0.9047382328809083,0.015874690802639396,0.015875155533407546,0.015876969572898626
0.020439234004211285,0.020503010083848527,0.02042370853079054,0.8773919588384274,0.02041380799686707,0.0204199441111299,0.020408336434725168
0.1993246294562755,0.02382475763589188,0.02384561993849762,0.023952401908141886,0.02391511829042021,0.6813114609766354,0.02382601179413743
0.03571431642988536,0.0357143147063607,0.0357143125136019,0.5012805252279872,0.03571430432641842,0.32014791842624374,0.03571430836950271
0.013059986589880102,0.013006062933399041,0.013006699750688624,0.012987053685713144,0.5938740106219811,0.34104113499776817,0.01302505142056993
0.3808732142558415,0.04761905625885247,0.04761905581034208,0.04761905087904026,0.04776830138924288,0.3808774755613268,0.04762384584535415
0.03585543561991839,0.035714307407018295,0.2907942409229285,0.28047184080421944,0.03577342007445646,0.2856728598283998,0.035717895343059115
0.02857143411251027,0.028575604898858634,0.8282801262337405,0.028571430404669154,0.02858165298607236,0.028571434897431313,0.028848316466717996
0.01599104760992613,0.1121843148711636,0.01592229407353404,0.015885663527764632,0.6415055877792847,0.0159544392000129,0.18255665293831408
0.5294423828588841,0.028571447922281185,0.02873348261797008,0.028571435828879277,0.32736925139068396,0.028605071977869902,0.028706927403431646
0.02858088698033009,0.028571431715466184,0.02857469828984249,0.02859314317885742,0.028572956927354915,0.8285354517887913,0.028571431119357622
0.028571457460067517,0.02857143394023947,0.02857337900913161,0.028580379366102183,0.8285208388131986,0.02861107922999556,0.02857143218126511
0.03585589219455095,0.035769685759984265,0.03581856122699397,0.03574145314230784,0.035733360976953836,0.03579731547574297,0.7852837312234662
0.07142858535053552,0.07142880315997702,0.5714282930817849,0.07142857612741946,0.07142857816903496,0.07142858257936036,0.07142858153188782
0.03581873346500106,0.24642874102870896,0.0358111609098275,0.03571429532694363,0.5745447962658599,0.035758592431835795,0.03592368057182321
0.02383965033036607,0.02394769457101719,0.023823578640660335,0.398392808669153,0.02381080608231523,0.02396204327759123,0.482223418428897
0.013087531323227819,0.013040950335916589,0.013045063992649805,0.013024313239897133,0.5303937278083412,0.4044159667780942,0.012992446521873303
0.03579419056362427,0.03574915286130086,0.03572799900781337,0.03579596124063025,0.43526369470206716,0.38592090369205856,0.03574809793250555
0.02857144001694081,0.028595635104807088,0.028588987420781586,0.5975233834279217,0.028571434185174917,0.028757367962269652,0.25939175188210434
0.04761908598391923,0.04763625018359625,0.0476190804280083,0.3915389169620854,0.0476190663865198,0.370348524396835,0.047619075659036024
0.21985144128883422,0.00953707344584355,0.009537581345723072,0.40952285509244474,0.33242709193806486,0.009550219764042944,0.009573737125046661
0.5377978687062475,0.02052415731075697,0.02050356263875231,0.35981573299303,0.020408176282167276,0.020447403462535055,0.020503098606510953
0.023809625627810922,0.023810734346914286,0.023833060783185714,0.02399390823268345,0.8568165168688653,0.023922435807028058,0.023813718333512292
0.07155363638968039,0.5709565380017012,0.07142858253263572,0.07142857582634891,0.07147860752815957,0.07172547878895327,0.07142858093252101
0.03575663259500119,0.03581186403398011,0.03575574438934996,0.03582377171712671,0.03572733593570146,0.7853939041453794,0.03573074718346112
0.024042331722766805,0.6874911504469439,0.02387870201631605,0.023810030334385533,0.1931346090765912,0.023809533939832893,0.023833642463163583
0.0179316579593885,0.017896830663657198,0.8054623933230206,0.018013914825422413,0.01791565789065389,0.10484852566610767,0.017931019671749593
0.04768404440793955,0.04761905395651402,0.04772231804050527,0.04761905001708749,0.7139899972294964,0.0477296010952215,0.04763593525323573
0.04761905629823868,0.047619072101164416,0.04763938757220997,0.04770252219276745,0.7140144650949696,0.0477601298821322,0.04764536685851775
0.02041807778758519,0.2870180599463524,0.020426137709277255,0.6108094605873955,0.020447559335721004,0.020458126251500102,0.02042257838216874
0.04769114666571683,0.04761906524373027,0.3626833618229128,0.04773899933438227,0.047630617803755285,0.39901774746206836,0.04761906166743434
0.0358268934692409,0.035727087709805525,0.035756805236846975,0.03571428877632358,0.3325338089323953,0.03573885519806533,0.48870226067732236
0.03603172637770003,0.03571429933100174,0.035747249278944876,0.03571442252736022,0.7851601318508389,0.03577817608639992,0.03585399454775428
0.02383122133573849,0.023835072221853385,0.023886240389218317,0.3026195465347355,0.4318675383798774,0.17011201752325916,0.023848363615317756
0.035714287772107334,0.035714287591629965,0.03571850008166213,0.03571428642243788,0.7856880434287024,0.03572025210491537,0.035730342598544906
0.26728514706422946,0.023839331398540192,0.023880594973297625,0.023888043721001995,0.6134613231714362,0.023836020699679845,0.023809538971814637
0.04795425478910312,0.047619070634731406,0.04761906968553668,0.04761905629871948,0.04764328301217916,0.04761906816456834,0.7139261974151618
0.010208805438371459,0.22817497545975837,0.19609202283107333,0.010222230883492488,0.010245492335260866,0.24892815419585293,0.29612831885619045
0.14285714285714288,0.14285714285714288,0.14285714285714288,0.14285714285714288,0.14285714285714288,0.14285714285714288,0.14285714285714288
0.02857143667760831,0.028801746309510254,0.8282550351798852,0.02857194088331636,0.028595619382352163,0.028622925941078323,0.028581295626249177
0.008982159122643621,0.008959487903336836,0.008944143364365857,0.5546593998037315,0.2663530718288152,0.14316235025517363,0.008939387721933388
0.028782147696743886,0.6278799487118684,0.028730268942014574,0.02857145335048706,0.028901534177173036,0.22854123018041575,0.028593416941297318
0.0030459881327076148,0.003044180322072394,0.02533669605696937,0.9594493428656261,0.0030398803671970688,0.003042532275337314,0.0030413799800902176
0.02857144496280816,0.028571444877274504,0.028605445452291045,0.828524521432392,0.02857143660290954,0.028584266049963933,0.028571440622360816
0.14285714285714288,0.14285714285714288,0.14285714285714288,0.14285714285714288,0.14285714285714288,0.14285714285714288,0.14285714285714288
0.7134689489204384,0.04786100340027369,0.047637632425661165,0.04761905646982016,0.04764463207967458,0.047954553382765844,0.0478141733213662
0.0204518473609091,0.02041414334831597,0.020533145158767276,0.02040816542323864,0.020439627908979352,0.8773070240277382,0.020446046772051467
0.07142857854030875,0.0714285779199963,0.07142857761052752,0.07142857386761968,0.0714285749266632,0.07142857717020479,0.5714285399646798
0.017882087987415394,0.017983041002843717,0.017990641193503822,0.018071435615935407,0.8923132956855698,0.017870519214040686,0.01788897930069117
0.028629586650695885,0.02858035412699847,0.53910970629051,0.028581226727240408,0.31787162226727694,0.02865606561492215,0.028571438322356202
0.02859994715240295,0.02858800161337913,0.028574320101426055,0.8283474989155434,0.028576987626163744,0.028730249768689736,0.028582994822395
0.04761905977897237,0.047619062139621776,0.047626172340647345,0.04765191074147562,0.7142456807806884,0.04761905755120597,0.04761905666738852
0.047638132518179326,0.04769584552221765,0.04766879971922315,0.04761905185240856,0.04794362043084583,0.047619057681973775,0.7138154922751518
0.01787334318048746,0.017864043102470084,0.017902745773302853,0.017920824271381742,0.3841526163060795,0.5264037978565598,0.017882629509718577
0.047705156028808704,0.04761907225153904,0.047647837845087464,0.04765991339461056,0.04763247456412357,0.3808031802490761,0.38093236566675454
0.03574686802486489,0.035753113626775364,0.03607858200336126,0.035753408397318644,0.7850793292189705,0.03584365393849224,0.03574504479021704
0.028595534262827883,0.028571702734471127,0.028571431091617333,0.0285722567836677,0.028695097347350557,0.8283989213423593,0.028595056437706125
0.015951309684364444,0.01591340881307182,0.015875195830172845,0.015880316321284657,0.9045863147131746,0.015873020748415536,0.015920433889515886
0.014311783690429663,0.014297178970841849,0.3051782964086915,0.014300542587526775,0.3063726373246052,0.33124813324299124,0.014291427774913809
0.03571430404076953,0.03577851702362448,0.03581853090383489,0.7854835486373277,0.03576958361357788,0.035721137716603305,0.0357143780642622
0.04761916512995786,0.047619188486712545,0.04771548251666466,0.04816982521717111,0.7135212073883058,0.04773599845038713,0.04761913281080078
0.20331059520646222,0.02045716546163262,0.020435441236075186,0.02047823496408098,0.020436842739407136,0.6944215961345064,0.020460124257835513
0.011003763834884802,0.011007843797387992,0.011002120953352523,0.20983309898689606,0.011053557266545468,0.011042518066546934,0.7350570970943863
0.14285714285714288,0.14285714285714288,0.14285714285714288,0.14285714285714288,0.14285714285714288,0.14285714285714288,0.14285714285714288
0.07142859242182162,0.07175551542153871,0.5706394967633297,0.07142857861929365,0.07189064147118765,0.07142858841967215,0.07142858688315651
0.02878856142106446,0.028741683680856903,0.028782011865394082,0.028571432583147496,0.8276107532849518,0.028726386543077926,0.02877917062150745
0.8926741540911808,0.017902091719002027,0.017891596521914285,0.017857146186737113,0.017908713382408143,0.017858915954548315,0.017907382144209325
0.020418411270751533,0.02040972696748313,0.8774675068746071,0.020408164103470607,0.02045576756065374,0.02042589703658535,0.020414526186448605
0.02861478395913639,0.028571431016996565,0.02857143107577859,0.028573333172874884,0.266188007633987,0.02865959029648118,0.5908214228447455
0.047619066431236604,0.0476190648378851,0.3152984022857863,0.04777916416972329,0.4462494193619822,0.04781582138119977,0.047619061532186605
0.04761907386749832,0.047619070882463276,0.047619070067008204,0.3809333327763092,0.04767774826210078,0.047619068526771516,0.38091263561784855
0.047661568534029614,0.0476384649305292,0.047619053466460066,0.04761904994760616,0.04764246159084854,0.04761905308148133,0.7142003484490451
0.011926873362452408,0.011907099243146955,0.8011092352654183,0.011905394578982775,0.011938045997423414,0.011945767059253647,0.13926758449332247
0.1937740668297612,0.5793748808823631,0.008437157386207723,0.008412946561445537,0.19315481445602922,0.008414510816097029,0.008431623068096321
0.005736457238680828,0.30923173751758243,0.005721689655240322,0.005716562815747609,0.4245530821912719,0.005722005357654336,0.2433184652238227
0.38877145678030905,0.4555982622621943,0.007159693432851344,0.12694777813576893,0.007185741107207636,0.007170172303310077,0.007166895978358645
0.16803134003620634,0.004477103818970612,0.004475246790565346,0.00450402574340351,0.2616806985236941,0.5523303785742303,0.004501206512929813
0.011939637062305655,0.011924038430896794,0.011948801227317372,0.21240438501081998,0.2303507274627663,0.011978602658204374,0.5094538081476896
0.015896217259466206,0.015913560279346782,0.015890836916081556,0.9046505934144975,0.015875690824791032,0.01587977940069375,0.015893321905123027
0.30152055618138557,0.01432312615822731,0.014291973438552215,0.014348882940598514,0.17819789490711424,0.46298572535874466,0.014331841015377633
0.07152007714418973,0.07142858245885166,0.07142858193837853,0.07142857564283721,0.07153488897817219,0.07171914714596875,0.570940146691602
0.02858114192501971,0.26845922778553605,0.5884429047953893,0.02872605431912692,0.028647496843302356,0.02857144040612834,0.028571733925497222
0.02859717602254462,0.02858071455219014,0.028571434089965472,0.028571430755593454,0.5675311912595897,0.02859281796241571,0.2895552353577009
0.14285714285714288,0.14285714285714288,0.14285714285714288,0.14285714285714288,0.14285714285714288,0.14285714285714288,0.14285714285714288
0.19040336674939834,0.023809537827973078,0.02386964501588614,0.6904774573447711,0.023812397809357694,0.023818060410111832,0.023809534842502048
0.023829128266004702,0.023870037719133645,0.02383043552830763,0.8569871503668346,0.023816123436430477,0.023815516173923336,0.023851608509365647
0.38082917867599425,0.04764124708724268,0.04761906808536189,0.04761905618875275,0.04788742112874423,0.04761906869833512,0.3807849601355692
0.011938466693331476,0.4525274414437892,0.011942938654259149,0.011933707573670713,0.12288609719955824,0.21759721051484499,0.17117413792054625
0.035805291104462664,0.03571430507579867,0.03577966869100468,0.03571429297439422,0.035944407335068346,0.42281238265396587,0.3982296521653056
0.047619055556940314,0.047619054933146686,0.04762617445827816,0.04774096948275581,0.7140538192526947,0.0477218728300193,0.047619053486165006
0.028686384743856888,0.028572795689085877,0.028732308376540946,0.02858583703703148,0.2858799567796102,0.028596331325962045,0.5709463860479125
0.07142859500286179,0.5713279824771008,0.0714285914838452,0.07142857945243104,0.07142858285108489,0.07142859036248828,0.07152907837018792
0.04761905813171142,0.7141259559728562,0.047619116364170815,0.047746522157137,0.04765123593441607,0.04761905608396289,0.04761905535574551
0.4910767761046213,0.028606386941578087,0.028700509547816378,0.028571438420052803,0.36587810917065233,0.02857619713250132,0.028590582682777733
0.36979834089117214,0.03582400754668861,0.45139581380003674,0.03571429246269553,0.03579289243714637,0.03571430166249055,0.03576035119977002
0.4373793631125294,0.01588372666831999,0.015905671546471815,0.4831182248430795,0.0159159404171584,0.01591236285330988,0.015884710559131168
0.7852092422504099,0.035714289781898875,0.03573517320067836,0.03574369903528405,0.03588076115071165,0.035985640647855636,0.03573119393316139
0.03576012895696742,0.0357182747513968,0.4829962586378504,0.03571428925014419,0.3382947729603548,0.035797709051726204,0.035718566391559986
0.14285714285714288,0.14285714285714288,0.14285714285714288,0.14285714285714288,0.14285714285714288,0.14285714285714288,0.14285714285714288
0.0717154365562247,0.07142858178317457,0.07142858116128496,0.07142857528990174,0.5711416649213117,0.07142858047531168,0.07142857981279067
0.7496473603781062,0.014294829617634317,0.17886821363911704,0.01428571644736096,0.014302601930817678,0.014312510925903452,0.014288767061060428
0.023818839978690182,0.023831444075449865,0.023822165442831635,0.02380952860943252,0.023884283546564352,0.364795241663354,0.5160384966836774
0.01587744634043011,0.015873019368247008,0.015878521020375,0.015880597147751904,0.01589038889989759,0.9047195355137801,0.015880491709518187
0.10652966300594156,0.012988251808168514,0.013008841335986466,0.0130031105819509,0.013013299189234653,0.8284406920182429,0.013016142060474929
0.0717154365562247,0.07142858178317457,0.07142858116128496,0.07142857528990174,0.5711416649213117,0.07142858047531168,0.07142857981279067
0.04761905356317462,0.04762788059593299,0.047658374281307925,0.04770271649168569,0.7139092270791553,0.04781718036779941,0.0476655676209441
0.035814112236199964,0.035824569045505725,0.03571430458955837,0.7854976941443869,0.035714296478602324,0.03572072167525644,0.035714301830490375
0.14285714285714288,0.14285714285714288,0.14285714285714288,0.14285714285714288,0.14285714285714288,0.14285714285714288,0.14285714285714288
0.03582204549967698,0.03571634488774109,0.2792798071820001,0.035738099667620066,0.035931167694574134,0.5417163906615274,0.0357961444068602
0.09675610118528626,0.010259248136825492,0.010234029289443785,0.17788767089263527,0.010257935513532344,0.23967774826347094,0.45492726671880584
0.011015650638009777,0.1994344986423185,0.011051788888446233,0.011031548662557907,0.3492567713691414,0.4072075631426738,0.01100217865685239
0.02383426774557571,0.02381105624810942,0.0238284922079519,0.02380982286173766,0.8570013884208425,0.02387601641981753,0.023838956095965334
0.007520726374544975,0.007526682682124121,0.007583979673085157,0.9547458402573932,0.007553216852408067,0.007538858233129094,0.007530695927315444
0.07147602279292418,0.5710732200803318,0.07151716075133542,0.07161482840064855,0.07146066111101641,0.07142857383870269,0.0714295330250409
0.028571448220042473,0.028582377260801962,0.028640187797575243,0.26598884256053423,0.028677824231152144,0.5909061353409651,0.028633184588928943
0.009540962918534165,0.009529137518607777,0.009554417465891429,0.00952381397764036,0.8611740835031585,0.09112773364517474,0.009549850970993028
0.035762710544588495,0.03575335211301047,0.5356455155709972,0.2856154124910859,0.035714296684658524,0.03572134352533611,0.03578736907032334
0.0717154365562247,0.07142858178317457,0.07142858116128496,0.07142857528990174,0.5711416649213117,0.07142858047531168,0.07142857981279067
0.02384567096043833,0.02380952670337527,0.023826610760096553,0.023940370354799158,0.023810547301242983,0.8569125782326998,0.0238546956873479
0.5428318437231031,0.028638547794307804,0.31415116699889195,0.02857143163947338,0.02862624421315433,0.028609330455182217,0.02857143517588713
0.023842147354018958,0.023899167756410915,0.3700220948675977,0.023941170828810705,0.023889441769459053,0.0238099474252755,0.5105960299984271
0.017901456026636817,0.017861236721828523,0.31924556615751276,0.01785716035127474,0.5912582225708198,0.017902688167757495,0.01797367000416967
0.02861479121382486,0.20562351643007307,0.028571889874064706,0.2514945504790404,0.2426196230024737,0.028712788834652996,0.21436284016587026
0.7019860349955303,0.020560515036693518,0.19560174640866054,0.020408168378106616,0.020470595911917817,0.02042959389295336,0.02054334537613794
0.5709622354700898,0.07142859614235857,0.07142859460340635,0.0714285806479739,0.07170333465583291,0.07142859382371412,0.07162006465662435
0.4825941807818534,0.023825590411597364,0.023863190758041154,0.023886724078998747,0.39815622229828934,0.023856836734151864,0.02381725493706817
0.14285714285714288,0.14285714285714288,0.14285714285714288,0.14285714285714288,0.14285714285714288,0.14285714285714288,0.14285714285714288
0.04771044811732979,0.047619067995509516,0.38081024586864054,0.04771287847651037,0.3806513004034841,0.04787699530334548,0.04761906383518015
0.007533438850056243,0.46718334345045137,0.007577336022439154,0.1471590373566348,0.355459986276955,0.007549152590590846,0.007537705452872422
0.07142857399679414,0.07142857378045277,0.07142857431825055,0.0714285723117788,0.07151661093166599,0.07142857351335427,0.5713405211477035
0.020423201840661334,0.020423124927138082,0.020460325944717764,0.4523048015048005,0.16983352669935148,0.02042900885618975,0.296126010227141
0.03579097518906814,0.03577654304673001,0.44184813870747697,0.035736096197197836,0.03573049534113367,0.37930219596642095,0.03581555555197235
0.007179910613161463,0.0071469142695749135,0.007147566386922788,0.007145650572190833,0.007157695974968084,0.9570711584007788,0.0071511037824029825
0.04771642547910228,0.3809487537094407,0.04761905235343089,0.04762336391476899,0.3806357503973282,0.04783741836162418,0.04761923578430484
0.028703203248356783,0.028589024449430556,0.028688821116138293,0.028736339805011488,0.8278009051501817,0.028623853063528378,0.028857853167352843
0.04761905468626235,0.04761905408118163,0.0476190542499766,0.047759960792417705,0.48668440802509866,0.04779209267686969,0.27490637548819336
0.07150654949260299,0.07142858288953426,0.0714285822973492,0.07142857573793754,0.5713505473098123,0.07142858155647495,0.07142858071628873
0.04772513341723613,0.04764901011662056,0.04763680136709533,0.04763598778091458,0.04762463191247913,0.7140803289007087,0.047648106504945546
0.7140033929912025,0.04761905564635781,0.04761905518461279,0.04762707154579749,0.0478590522087532,0.04761905469638214,0.04765331772689421
0.19157925287398533,0.020415095335062444,0.020439896171915335,0.02047411438879585,0.02040965683770228,0.7062558058859186,0.020426178506620124
0.015880491626286315,0.015873043048518883,0.46022637485780316,0.4601468582310949,0.0160059900362855,0.015885688399467895,0.015981553800543336
0.011038933062245463,0.011017371722446075,0.41284595567675597,0.011042413232324095,0.011062692645930615,0.011010986453166385,0.5319816472071313
0.017857204424837576,0.017911654193443833,0.0178840498116014,0.017950399441907936,0.8924756090478949,0.018021861674961847,0.017899221405352474
0.017870770628395084,0.01792043003155424,0.017861000079168264,0.017904744826627357,0.20262590260842325,0.7079039005447479,0.01791325128108384
0.0715577002696479,0.07142857473367127,0.0714717281277556,0.0714898622132227,0.07144869533822805,0.5711748652280264,0.071428574089448
0.04775479518395133,0.047619073767863555,0.047619075153291,0.04771965889894672,0.04761906162830913,0.3386118740670926,0.4230564613005456
0.007522291942631748,0.007520330720421116,0.007526066056619884,0.9548645621459986,0.007522304549048325,0.007524682608299917,0.007519761976980301
0.028576218821594154,0.028673121258710212,0.028628023329774398,0.6098730332772773,0.02857144223510702,0.028732187372894232,0.24694597370464264
0.013087758540212598,0.012993391970213973,0.5294081626982026,0.012987037324893973,0.40548036005168864,0.013029865751748122,0.013013423663040133
0.007980276130938761,0.007977710479015545,0.14147304992500326,0.6519860975672901,0.00794675517879493,0.17469369025930603,0.0079424204596515
0.03584170654143576,0.03571710322126797,0.7847510347147547,0.036269333899066517,0.03571437806220263,0.035806888754380005,0.035899554806892435
0.02862208346218721,0.22952180076484177,0.02858256043009059,0.028584654568799016,0.6272844352886723,0.02876953244497467,0.028634933040434477
0.07156006265285916,0.0714285750896847,0.07149416506540418,0.5709300971278067,0.07142867089276898,0.07152909160935345,0.0716293375621229
0.01594368502415212,0.01597195689470778,0.5004951848392698,0.30311819404037954,0.015907300444736767,0.016043177534077857,0.13252050122267617
0.023824767426401692,0.8569642806494019,0.023817505746453586,0.023896999633066032,0.023820418302286647,0.023827912769899068,0.02384811547249111
0.07160325460728235,0.07145550295678563,0.0715903877609802,0.07171750048436021,0.07149018857533829,0.07146132089364131,0.5706818447216121
0.02045687629767937,0.020435405035774505,0.8770968326121521,0.020471504046171766,0.020446482634502376,0.020670420197663023,0.020422479176056853
0.04769114666571683,0.04761906524373027,0.3626833618229128,0.04773899933438227,0.047630617803755285,0.39901774746206836,0.04761906166743434
0.017867182179353465,0.017880705714105438,0.6113779507576975,0.01785714673198085,0.017887816295875644,0.017909835037395155,0.29921936328359194
0.020452876297014175,0.02045641659064306,0.43854781415902255,0.020431791419014744,0.020534662508991493,0.45911500721254683,0.020461431812767147
0.023856137418792004,0.023809532567056816,0.023899584453475415,0.023809526895486634,0.8567932528577469,0.023971524066848108,0.02386044174059408
0.2495474412801762,0.13795000230686463,0.028613047737321755,0.02857989431211934,0.49804023444423207,0.028694027135976113,0.02857535278330983
0.07142860859444707,0.07142860529367857,0.07151342894445309,0.07142858420996269,0.07142858951951306,0.07142860131262199,0.5713435821253235
0.0178710836192378,0.017860298039811866,0.017870770560213283,0.8928050262106138,0.01786432586717128,0.01786961875373985,0.017858876949212135
0.035735299253435424,0.035720109206680145,0.7851367482071372,0.03571686169502085,0.035808429676016336,0.03590555259717452,0.03597699936453546
0.03579746199954198,0.03571429408815855,0.7855679457106992,0.03571428888023514,0.035742932793849366,0.03571429325367858,0.03574878327383716
0.07142858693937723,0.07142858560876723,0.571428504649263,0.0714285767563691,0.07142857916442018,0.07142858401883251,0.07142858286297056
0.04770580997086879,0.047619051699256024,0.04763480727058463,0.04762184846829232,0.047873164762839794,0.7139237836874082,0.04762153414075027
0.07180126940001572,0.5701872312700812,0.07175425892072736,0.07142857678953954,0.07154937162310553,0.0714285848835587,0.07185070711297203
0.14285714285714288,0.14285714285714288,0.14285714285714288,0.14285714285714288,0.14285714285714288,0.14285714285714288,0.14285714285714288
0.02871612543173585,0.028637127649728793,0.028620449737584604,0.028571457247324232,0.8282452176553975,0.028571434588298143,0.02863818768993081
0.028656847126758797,0.028571441838441323,0.0287189432443962,0.028603204877620636,0.828252881713106,0.0286252418862711,0.028571439313405986
0.03571431310390455,0.7850599093248828,0.03581024227695436,0.03597309430362693,0.03584768072330305,0.03583227758771572,0.03576248267961263
0.035714316945425456,0.349137415824758,0.03571431259948598,0.03581423975083634,0.035751253417678264,0.4721283707167818,0.03574009074503419
0.5738754251249312,0.28315163283911304,0.028587277606218656,0.02857143294951254,0.028619707457608598,0.028622177567977265,0.02857234645463851
0.023843433734030157,0.4553559788564579,0.21344530861545474,0.023904301779066117,0.2357472141882359,0.023894199560917102,0.023809563265838184
0.008983974490161995,0.00893493790457888,0.008964897131380748,0.13390780725857765,0.8212603134887477,0.008976482442285926,0.008971587284267031
0.028691343139245224,0.028746521047709115,0.028613094735713832,0.8278350120695492,0.028597335846193082,0.028913037624905557,0.028603655536683936
0.01590812395264018,0.0159322002128519,0.015878220281751343,0.7994425210337769,0.015907847167739506,0.015906098655577457,0.12102498869566279
0.04786989630709823,0.047793212414451745,0.45673422471657377,0.04761905274728221,0.047653384007287865,0.04779130287620166,0.3045389269311046
0.5390262135565385,0.028580867022243505,0.31789596977009227,0.028571431697338886,0.028746682288628346,0.028599055673160928,0.028579779991997515
0.023877354064744814,0.023812547472123274,0.023875206825642606,0.023839840330896374,0.4790881290654962,0.023884948223499316,0.40162197401759736
0.07173885765972167,0.07144341099718933,0.07142860279046433,0.5710422072765297,0.07142858916323902,0.07142860071396875,0.0714897313988874
0.7856311423983897,0.03571504920817754,0.03572685345379919,0.03571428878983469,0.03576225321971815,0.035723590592182566,0.03572682233789808
0.04804788475627722,0.047783750497464896,0.04763015961148782,0.04762335571985597,0.7135171264082059,0.047646636736549786,0.04775108627015847
0.047682789274777614,0.047619060303592434,0.04766971114625177,0.04762185389388057,0.0478699898374771,0.7139175376584381,0.047619057885582315
0.03600572820147348,0.035740958307477234,0.03581511832901029,0.17802293735627092,0.6429130260762219,0.03571432290412112,0.03578790882542492
0.04761906577240936,0.04819304614257006,0.04775857630843494,0.04762032390626555,0.04767952118380217,0.7135021951478514,0.0476272715386664
0.07142860030353543,0.07142859774225238,0.571428446987059,0.07142858135290692,0.07142858587111796,0.07142859478514897,0.07142859295797929
0.04773003152724135,0.04761906545409776,0.047626193769442625,0.047651906669932104,0.7131893402964915,0.047945869714101606,0.04823759256869307
0.03578423920137914,0.035718762914756,0.035949495896665684,0.03573034215311131,0.03573384928016776,0.0357174228457548,0.7853658877081653
0.03572394396276834,0.035745312082169176,0.03583714945027972,0.03583422356313754,0.03581813324499175,0.7853099506826585,0.035731287013994896
0.02386176099979276,0.023874826020809287,0.0238447753001355,0.023812081984949565,0.6549133743172232,0.02392440433458754,0.2257687770425023
0.02857164265563106,0.02871705221882873,0.02861762167047237,0.028572890057956254,0.02864651714879372,0.8281644812180173,0.02870979503030046
0.07142858233796388,0.07142858139798539,0.07142858086033316,0.07173498722968567,0.5707371413679864,0.07181354727456915,0.07142857953147637
0.017900558927699223,0.2676360192163191,0.01790933286743736,0.01787571432001248,0.01791535339876403,0.6429037757510607,0.01785924551870715
0.013009595882760527,0.01302209700978951,0.01304245528702474,0.3306947164408461,0.013049168635299795,0.6041792134154984,0.013002753328780967
0.02052318650858824,0.10586223917076792,0.02043918980577412,0.02041559504641233,0.7918448626282292,0.020490497563985206,0.020424429276243026
0.02047008917983371,0.15381612275892145,0.020457138975833573,0.7440321220729756,0.02040817219357854,0.020408178177150592,0.02040817664170648
0.023819004996911506,0.0238116223541254,0.023809529746713902,0.023835865639076297,0.538045931508703,0.023881821833464267,0.3427962239210057
0.017890365771761674,0.01786580464817578,0.15847838777847564,0.01786350640171782,0.4464655337155881,0.32353407013239693,0.017902331551884042
0.3639497263242505,0.015888320823067875,0.01592126509112755,0.015934106513584113,0.1345620052464583,0.43778547058424655,0.015959105417265196
0.04771044811732979,0.047619067995509516,0.38081024586864054,0.04771287847651037,0.3806513004034841,0.04787699530334548,0.04761906383518015
0.0715680181600564,0.07142861778283638,0.07142861492009477,0.07159150036618361,0.07142859619469379,0.07142861209876512,0.57112604047737
0.5373660708050393,0.0158743025104875,0.015873022813615488,0.015876241655274227,0.3831831726539544,0.015937019120144526,0.015890170441484643
0.047740419756331524,0.36499445468188374,0.047619109591287845,0.047619056138295514,0.39678867606945095,0.04761921780999529,0.04761906595275512
0.015885504854979377,0.01588190714915374,0.015953141402309412,0.01604615001731901,0.904162776161488,0.0159138469019477,0.016156673512802786
0.010211379147582226,0.010256062460532536,0.010214934421575084,0.010225187267469151,0.0102265330802903,0.9386182703187612,0.010247633303789446
0.020428144105288752,0.020443009242994276,0.02050680775296815,0.020455697905710273,0.8772134615300058,0.02048975832429289,0.02046312113873974
0.18330529826597786,0.005957888297997068,0.005963821734467865,0.7868728156100586,0.005975691462219639,0.005969451388164622,0.005955033241114408
0.0714285963009057,0.07142859436224006,0.07142859293651377,0.07142857997573414,0.5713543501818024,0.07142859156342783,0.07150269467937614
0.07142858908858285,0.07142858778338827,0.07145424599168852,0.0715502148106423,0.5712811919884203,0.07142858589514027,0.07142858444213745
0.02859913701569991,0.02858630972461013,0.02857144485847859,0.16531255826019287,0.6917068062449908,0.028646016472436493,0.028577727423591024
0.04769610376559846,0.7140667971533214,0.04764353705437097,0.04767001137548009,0.04763400303684781,0.047670227336055686,0.04761932027832557
0.01791288843653855,0.017857263568038947,0.0178571493435664,0.8927957843269,0.01785714639697616,0.017857148677867137,0.017862619250112895
0.3746135525714419,0.00649519662541491,0.006498942728980221,0.14486337011884037,0.0065053965482522805,0.4545103360304443,0.006513205376626043
0.2589550387647991,0.02866157316627138,0.028575656414654236,0.028654677048982995,0.028745467416549614,0.5978263271096799,0.028581260079062875
0.020428077468575008,0.020408183715682808,0.02043399449738935,0.02059208047557077,0.8772608754046225,0.020468047280780725,0.02040874115737886
0.7853393571427728,0.03585611332999302,0.035822769221441696,0.035714292017051216,0.03583886825839969,0.03571430078700953,0.03571429924333202
0.5708111621057704,0.07142858556873637,0.07162937535541486,0.07142857668567393,0.07183213713373637,0.07142858397444077,0.07144157917622727
0.014287296032839196,0.014296046884374108,0.014292128710276387,0.014349758911637448,0.014304048190186701,0.8122571641780112,0.11621355709267502
0.028631933626619373,0.028626437018321262,0.22849147893952193,0.38135238053337256,0.028580182644054333,0.02857144640557982,0.27574614083253074
0.028619817923032115,0.028588317910137447,0.02857144122122197,0.8283290521649915,0.02857143575194909,0.02874849563341469,0.028571439395253133
0.5713312645948805,0.07142860641992352,0.0714286043738286,0.0715257335271652,0.07142858992666361,0.071428601930432,0.07142859922710666
0.009538818667110765,0.009525471441504306,0.1867829552572567,0.009524389100429803,0.454764068908222,0.3203050284652776,0.009559268160198807
0.028571438566348705,0.21546063238729551,0.028582871194582936,0.6416690561360933,0.028573082005533296,0.028571483787564172,0.028571435922582093
0.14285714285714288,0.14285714285714288,0.14285714285714288,0.14285714285714288,0.14285714285714288,0.14285714285714288,0.14285714285714288
0.02865562214480868,0.02860738511750473,0.20300977855815458,0.028585746059304994,0.2541298060221823,0.028571456655527943,0.4284402054425167
0.07145557199048885,0.0715701147004351,0.07144964555207868,0.07142857283816405,0.0714312290349985,0.5711521013392754,0.07151276454455942
0.014312645029152792,0.014292178113768761,0.014308062680310502,0.6048476564304408,0.014337227708902526,0.014310149249340624,0.323592080788084
0.07142858077372471,0.07142858001211144,0.07142857953008594,0.07142857465371959,0.07147641284589763,0.07142857912601477,0.571380693058446
0.023950648442785463,0.6214944775049355,0.023835173172605664,0.02387622472682986,0.25918411424913207,0.023827156647837355,0.023832205255874105
0.43476014382342965,0.02857945643849884,0.028596159601447815,0.028571437616811444,0.02877758382400599,0.028605606154992712,0.42210961254081364
0.003988741415482358,0.003983984622661928,0.0039722819816847416,0.9761223629726401,0.003968256521943853,0.0039703282618995805,0.003994044223687346
0.01589132446068939,0.10211055489207885,0.29685889893609513,0.01587642796542979,0.01594681265610101,0.39352828460347417,0.1597876964861318
0.02386428428934907,0.18127517894450584,0.02391824033654543,0.2479977915920838,0.47528530552094467,0.023849661133172568,0.023809538183398635
0.14285714285714288,0.14285714285714288,0.14285714285714288,0.14285714285714288,0.14285714285714288,0.14285714285714288,0.14285714285714288
0.14285714285714288,0.14285714285714288,0.14285714285714288,0.14285714285714288,0.14285714285714288,0.14285714285714288,0.14285714285714288
0.200156026053672,0.020469923794998134,0.02042197268670749,0.020413484457700224,0.6975402677939635,0.02049673640909983,0.020501588803858724
0.011915841958793255,0.01197718078246079,0.3757226398292994,0.011978488557758118,0.15132483555805634,0.4251642268139822,0.011916786499649992
0.011922883092700797,0.011927483491298066,0.5679367949576778,0.01194508920471468,0.18406198020433778,0.20028262542147912,0.01192314362779178
0.22847629744631326,0.028571449489247107,0.028571445340559252,0.42341050030026434,0.028585413872697987,0.23373871336627325,0.02864618018464477
0.35720018972129813,0.01298998305128683,0.4648392522367257,0.12582789548405152,0.013003597104468804,0.013094425995697418,0.013044656406471554
0.5090210009558293,0.023829812754827644,0.37157901722819026,0.02383777015207749,0.023864802117572984,0.023948637083374105,0.023918959708128386
0.07158125750826033,0.07142860160190243,0.07142859997560674,0.571275759452809,0.0714285876722901,0.07142859813794374,0.07142859565118773
0.293913455274699,0.02046332478107316,0.020423175214215848,0.02064368224370424,0.6035172637975045,0.0205628951352402,0.020476203553562968
0.013031136603051769,0.01298738985856585,0.012999049333440338,0.012997388584101334,0.84966827379151,0.08528670852025554,0.013030053309075069
0.020447015509524744,0.020408169927286824,0.020530222465262836,0.020417236002018314,0.020514654255122396,0.5088539035457024,0.38882879829508254
0.028690141204068213,0.028635464904005967,0.6098866936647418,0.02876525624695149,0.24681665959615878,0.028618169637525965,0.028587614746547623
0.011052853973089305,0.6134794262197057,0.06001762468575675,0.011041118611523508,0.16142286830445463,0.1319589418784472,0.011027166327023002
0.047714747052472355,0.047734450228142405,0.04761907278450943,0.38084745804253645,0.38083365108423295,0.047631551729127565,0.04761906907897872
0.01592909377727015,0.015881139975210262,0.0159097607820401,0.41213486373454,0.015882768100698864,0.016073842609883232,0.5081885310203573
0.14285714285714288,0.14285714285714288,0.14285714285714288,0.14285714285714288,0.14285714285714288,0.14285714285714288,0.14285714285714288
0.07143124188090566,0.07142859890886936,0.07142859746365145,0.07142858172006268,0.5712618763369802,0.07142859562660164,0.0715925080629289
0.14285714285714288,0.14285714285714288,0.14285714285714288,0.14285714285714288,0.14285714285714288,0.14285714285714288,0.14285714285714288
0.4974189839363565,0.38322270106094536,0.02384135546520784,0.02390034758684157,0.023849589839061255,0.023924197173529727,0.02384282493805769
0.14285714285714288,0.14285714285714288,0.14285714285714288,0.14285714285714288,0.14285714285714288,0.14285714285714288,0.14285714285714288
0.14285714285714288,0.14285714285714288,0.14285714285714288,0.14285714285714288,0.14285714285714288,0.14285714285714288,0.14285714285714288
0.023874538685436698,0.4129802419444211,0.02391641685110239,0.02389395944073992,0.023863318330249465,0.46763376306832244,0.023837761679728016
0.020418744047080568,0.6673084704152608,0.020410073822860083,0.2306342436476146,0.020408356883562736,0.020411929394917545,0.020408181788703784
0.02389062849265393,0.02388615393182976,0.02380953500658667,0.8569850845435348,0.023809530184818586,0.023809534279694882,0.023809533560881377
0.04761906450568962,0.047669171646177566,0.04789918639130816,0.047966108135739656,0.047619055978913624,0.047619062322128695,0.7136083510200427
0.010242419282505133,0.010228031166244723,0.5096101617529597,0.43917860443904594,0.01024344594135012,0.010267090922979429,0.010230246494915208
0.023811879349631762,0.8570276811353063,0.02384467572240812,0.023850957754744367,0.02383942351833096,0.02381543754981904,0.023809944969759456
0.023809539037063603,0.023852243557015755,0.02388121135573452,0.8570208108689391,0.0238095311843509,0.023809849003778496,0.023816814993117504
0.013002049994806046,0.013039214545673247,0.013004019738007223,0.9219734056281375,0.012987017677027528,0.013004707909035447,0.012989584507313008
0.011960022370697997,0.01190853628849885,0.09853936128910283,0.8418720421138601,0.011905366893500401,0.01190603018723882,0.011908640857100992
0.015888192920199138,0.015883250905529007,0.01590281146806705,0.557864965648553,0.01588097342766,0.01591113046838637,0.36266867516160534
0.04761955216661566,0.047619060260182554,0.047619248420440505,0.7142531827519615,0.047619054401201615,0.04765084395568873,0.047619058043909424
0.0016254118724565217,0.07168959319034314,0.0016256547672645375,0.920187781752819,0.0016235585153268285,0.0016239813288573754,0.0016240185729325333
0.03572980488023477,0.03587341311392776,0.03576126295291237,0.7854678930021031,0.035731478923105284,0.03572153911620679,0.035714608011509975
0.4111891309049057,0.008435743530969476,0.12392887521132419,0.008429588805396114,0.008424193345387875,0.008410000712241157,0.4311824674897755
0.04761905834345918,0.0478028713906178,0.047619056743658406,0.7141018490467843,0.047619052816559315,0.047619056185040254,0.04761905547388078
0.03574599410897605,0.035756162849627945,0.03571429492880311,0.7856042804802696,0.03571658410029055,0.035748389952712775,0.03571429357931992
0.010996079310007586,0.011031104982362766,0.01099289601138936,0.9340000038151031,0.010995072627395972,0.01099282020433463,0.010992023049406852
0.03589988094060035,0.29120062130445434,0.03571429570874946,0.03571451426451755,0.03573170508385793,0.03571429520487043,0.5300246874929501
0.023924746497530368,0.023809550776123307,0.023823301931374607,0.0238304431754028,0.023838374570220873,0.8566279084302351,0.024145674619113083
0.005963383848263514,0.005963023339480845,0.005957376374656563,0.005954011538294218,0.9642330575618112,0.005969237561638751,0.005959909775854876
0.035804261622605416,0.5353611895723205,0.03574235624369416,0.03580586137001756,0.035797866345094194,0.035734602735713016,0.28575386211055515
0.07142858292055514,0.07146102520929251,0.07142858142479637,0.5713960726203084,0.07142857706293144,0.07142858090589764,0.07142857985621848
0.014323263304869629,0.014299945338148972,0.014300323295898323,0.9141873267237741,0.014303612346867979,0.014297742855547137,0.014287786134893711
0.007185819066132048,0.007151183386590406,0.007153231780195206,0.007142906100660583,0.5551622365266561,0.4090451077551369,0.0071595153846288236
0.008407997706978703,0.008437961895382195,0.0784903768812597,0.8794375878521714,0.008413403834902473,0.008406912245016149,0.00840575958428961
0.013021779873322542,0.23671779336159585,0.01300614771182408,0.69824832986471,0.013009013960868857,0.013009916819866922,0.012987018407811825
0.013025904458387057,0.012987037077338767,0.2835993311442329,0.012987035666649934,0.013027735920473111,0.6513562272674048,0.013016728465513234
0.07142882564722162,0.571428151878829,0.07142872881388215,0.071428572579353,0.0714285730615854,0.07142857413190715,0.07142857388722168
0.007939577673770196,0.0944433543154149,0.007944377649411874,0.8658595129243793,0.007937191125334938,0.007938261350828929,0.007937724960859907
0.017857150604057775,0.01791174522180272,0.017859558482565208,0.8927930014813571,0.017857146694318923,0.01786424376490488,0.017857153750993327
0.005731869623295737,0.17132392465520985,0.005722071085513232,0.800022515520026,0.0057552831283219355,0.00572353990096556,0.005720796086667668
0.01589691379591796,0.2689052716039085,0.41787422523156925,0.015896854722903527,0.01592363502865556,0.015880956093250166,0.24962214352379494
0.008406620361555836,0.008420112369831962,0.008404515291641025,0.9495478590285343,0.008405036680137028,0.008405490886667255,0.00841036538163273
0.023833314224486285,0.30579443743415985,0.023809559331671597,0.5750853841645376,0.02380952915321123,0.023812964908110287,0.023854810783823
0.01786024161735152,0.017895850955858546,0.01786290580342526,0.8927852962104244,0.017859240043459332,0.01786424077897016,0.017872224590510962
0.14285714285714288,0.14285714285714288,0.14285714285714288,0.14285714285714288,0.14285714285714288,0.14285714285714288,0.14285714285714288
0.008941592746744153,0.008954436197129201,0.008946348958193677,0.008931215996497436,0.008930769195690226,0.9463574785754483,0.008938158330296958
0.011915936593921502,0.09524174397806587,0.011935747473674038,0.011964025546805658,0.011987652884785451,0.41524758907435505,0.44170730444839246
0.017861847517078307,0.017889366429477818,0.32044996189237335,0.01795310449816657,0.5900658484235359,0.01791274450602173,0.017867126733346294
0.007194220565327117,0.1952720989690321,0.24975832287285782,0.007190224156088036,0.5262298945621581,0.007168943494090457,0.007186295380446357
0.007158619626712999,0.4764226230422697,0.2286373230677467,0.007143960704293059,0.2662349675710397,0.0072067659915753274,0.007195739996362632
0.020444994845985016,0.020408176327715143,0.02042318747320558,0.6508976818228528,0.2467255999814866,0.020408174871779795,0.020692184676975076
0.07040548331674822,0.007942588249852653,0.007940237080409907,0.007936614618173883,0.6996038347328666,0.1982087970764785,0.007962444925470316
0.04761909741593262,0.04761909451583862,0.04761909077699856,0.38076267271391306,0.047791243087025835,0.04780580946199902,0.3807829920282923
0.03578052386215735,0.2855439380851364,0.035714302295184915,0.03582187076887765,0.0357929845998838,0.5355154251173472,0.0358309552714127
0.005738272240051973,0.005723051475427729,0.1729179054967425,0.00572757576739455,0.4661044050816435,0.1534590632172578,0.19032972672148196
0.713539901243451,0.04814492694340519,0.04772345584786713,0.04769927684982576,0.04765406893972927,0.047619294954498154,0.04761907522122347
0.04761906696210259,0.047642847319685704,0.04761906425841449,0.7142511351967377,0.04762393047777642,0.04762489384915411,0.04761906193612892
0.006221325122711491,0.006222698468435451,0.006214675530757366,0.9626946070038659,0.006211818458510399,0.006221769953585068,0.00621310546213437
0.07142857612754319,0.07148166057871534,0.5712317326886911,0.0714285730301344,0.07144039681621489,0.07156048586386876,0.0714285748948323
0.007537337461247913,0.007528280139459002,0.007530509443272754,0.007526416188945698,0.3350982698620435,0.3074846807440042,0.3272945061610269
0.048081273250483024,0.047619073619721806,0.04761907241435056,0.04761905734681542,0.04770983483533337,0.7137326197768921,0.04761906875640378
0.14285714285714288,0.14285714285714288,0.14285714285714288,0.14285714285714288,0.14285714285714288,0.14285714285714288,0.14285714285714288
0.5713895488119352,0.07142859291252318,0.07142859224623822,0.07142857954199104,0.07146750680490473,0.07142859073284215,0.07142858894956554
0.35639615458349255,0.01786637658374887,0.01788119736974276,0.01791859114994271,0.01792253414587909,0.5540409068113537,0.01797423935584027
0.020495424445127204,0.3927345535943218,0.020432310273186538,0.020409480606567203,0.020522444828269884,0.020411929635821183,0.5049938566167061
0.023857250321196014,0.023960234726378024,0.023859363949439664,0.023897446558748044,0.3400132618562745,0.023810030342718513,0.5406024122452453
0.010245635781518072,0.11332041687745742,0.010298846470789885,0.010225358376834165,0.8353934281002822,0.010232745334776,0.010283569058342271
0.0358833570615342,0.03589314292222652,0.035753629780155796,0.03603626473289858,0.03580750698262018,0.7847706030267884,0.03585549549377636
0.011912092159445463,0.011963603177628086,0.011911902141894332,0.9284779132692803,0.011906510583784245,0.01192151007482292,0.011906468593144752
0.020453252424329788,0.020413304003761533,0.020408305228535106,0.020408167180528302,0.8773937455489597,0.020484548230235298,0.020438677383650232
0.023818640248421293,0.023863243789882974,0.023810905112104982,0.8570004052195433,0.02384479908471476,0.023849259984881084,0.023812746560451566
0.013018376009675888,0.013005649938939965,0.6811683295079024,0.01304009700405417,0.013008456577101538,0.25376886436713747,0.01299022659518854
0.020408185906951575,0.02040818399446129,0.020408182821698626,0.49762061804340846,0.22495076311621903,0.19579588638438075,0.020408179732880134
0.02390882728667411,0.023809538691424378,0.023869803391751564,0.023821003373787824,0.02394449326032093,0.8567602547657778,0.023886079230263438
0.014350865373740859,0.01428575092207757,0.014285722154786327,0.914045031897931,0.014288985354599413,0.01445792333682708,0.014285720960037829
0.008999118307270983,0.00898554131889811,0.2621144157858296,0.008982647660461517,0.3873773172838828,0.3145348815554301,0.009006078088226871
0.2701453233074866,0.02057350983622456,0.02042567238185645,0.020408174304975876,0.6272820040000047,0.020749722911413526,0.020415593258038323
0.028682292892075915,0.19932266494931436,0.028642169990909218,0.6574865059545613,0.028670694803208698,0.028612461629717985,0.028583209780212667
0.028628267631691344,0.02873036121387106,0.028587730055186937,0.02857143777986779,0.8281102476569766,0.028792994052057458,0.028578961610348737
0.035723130805952796,0.03571429929134539,0.03578217933652705,0.03571429087366963,0.035814515308235206,0.03578843590541186,0.785463148478858
0.0476190586847534,0.047619057941200214,0.04762511419116639,0.04772467255020412,0.047793956353090035,0.7139990844567403,0.04761905582284549
0.37258879774048703,0.020447454495861998,0.20388966751844284,0.3417602375108002,0.020435796603012892,0.02043558195866026,0.020442464172734872
0.04763088620114717,0.38095571663469924,0.04765480923024223,0.04761906321278342,0.047632552253604694,0.047714335940105414,0.3807926365274178
0.014295588208758097,0.21425982148127495,0.014302804426770638,0.19826123394168021,0.014291396846423002,0.5302935897513327,0.014295565343760275
0.26799423212374746,0.035714320942617686,0.03571431821246896,0.3035207361143099,0.28547173880941595,0.03580648246115728,0.03577817133628272
0.03571429422347048,0.03571429345726952,0.5093364857698087,0.0357142886277889,0.0357514405706497,0.035714293391182116,0.3120549039598306
0.02858786027357627,0.37867253342525903,0.028617454572913398,0.02860420558350197,0.47823296690880335,0.028671760192225976,0.028613219043720103
0.015879436440906673,0.1366124804398774,0.015974412778593357,0.01587302117337107,0.01596254734950034,0.5260879027879548,0.2736101990297962
0.017864662597110413,0.12985570263437865,0.017896691306302923,0.1725085103624177,0.3429265795548437,0.017902069499057555,0.301045784045889
0.01304165971627337,0.013016399667992945,0.013032667586318606,0.01298719102858127,0.4357708702677053,0.013029601314532496,0.49912161041859604
0.04778835086757321,0.04761906246066681,0.047755002834895116,0.04827963588520714,0.04761917966720218,0.7130612394585177,0.047877528825937724
0.035714307576492375,0.03574807331226131,0.285678257464785,0.5357081527819415,0.03572260388246514,0.03571430328389464,0.03571430169815998
0.04761906138196007,0.047700146880287494,0.04770968102620251,0.38070422042584057,0.047825389299950435,0.0476856797613128,0.3807558212244461
0.017881604348703728,0.01788992595262236,0.017862912640256898,0.8927093645611558,0.01785924357340403,0.017857151044582277,0.017939797879274785
0.04785415697325411,0.04791645467716723,0.047619072342774606,0.3807373833132387,0.3805231161271918,0.04773074802123275,0.04761906854514077
0.07142864560580942,0.07142863794834867,0.07142863414301373,0.5714282187567711,0.07142860712488845,0.07142863156665735,0.07142862485451133
0.0285714358445517,0.028573225043105808,0.02857159124790911,0.8285689692315968,0.028571432143901152,0.028571912570428168,0.028571433918507264
0.023824390198666782,0.02388485225956268,0.02380953479654904,0.8570526253019003,0.023809530070714166,0.023809534092037118,0.023809533280570006
0.07171069827399663,0.07142858601178792,0.07142858524041419,0.07142857692238441,0.5709995596758591,0.07142858455711679,0.0715754093184409
0.18159473033920684,0.020408175089052117,0.020411004061884563,0.7160288292112738,0.020432987628805646,0.020432064671566705,0.02069220899821049
0.006497421944503319,0.006498980440287998,0.006495805851832878,0.961008122335182,0.006497470599008986,0.006507244859976289,0.006494953969208647
0.14285714285714288,0.14285714285714288,0.14285714285714288,0.14285714285714288,0.14285714285714288,0.14285714285714288,0.14285714285714288
0.12877049483831018,0.01021556198149146,0.010219197908393337,0.15457522842943683,0.2244833796936283,0.46150898646681204,0.010227150681927772
0.44297048848651155,0.023820614702942125,0.023960175690294776,0.19044968608667545,0.27116180276516866,0.023822810010363155,0.023814422258044244
0.3877746482010246,0.04773123322249081,0.04761905494621739,0.3738999611867869,0.04766725319303284,0.04764988458748701,0.047657964662960385
0.02041975649217173,0.020428085636972855,0.020424284439613093,0.020460855677295334,0.02047149230355483,0.5226286641668473,0.37516686128354493
0.006809278610234316,0.006819791108911408,0.29557943641921014,0.47182618891108297,0.006854624090676232,0.20528023668667847,0.006830444173206412
0.0714286076059827,0.07142860423421142,0.5713522466873877,0.07142858364080128,0.07142858882190564,0.07142860046117538,0.07150476854853588
0.02864946977915276,0.02857144915497708,0.586707900432764,0.028718629905935128,0.270018711992802,0.028714518334722886,0.028619320399646223
0.0717154365562247,0.07142858178317457,0.07142858116128496,0.07142857528990174,0.5711416649213117,0.07142858047531168,0.07142857981279067
0.14285714285714288,0.14285714285714288,0.14285714285714288,0.14285714285714288,0.14285714285714288,0.14285714285714288,0.14285714285714288
0.18071134992897925,0.007172121488332765,0.5450380311574471,0.007150047806850613,0.24556658208331159,0.007188375147304574,0.007173492387774037
0.04761910855012748,0.0476191029151499,0.04770092436896601,0.3808502065882413,0.04769188215865725,0.3808996813389488,0.047619094079909066
0.07142858233796388,0.07142858139798539,0.07142858086033316,0.07173498722968567,0.5707371413679864,0.07181354727456915,0.07142857953147637
0.008428608634581057,0.008421832236417452,0.35837476175647803,0.008463802271721572,0.00848716148683112,0.5994130477369121,0.00841078587705857
0.07142859578387502,0.07142859368458994,0.07142859239860434,0.07142857980138952,0.5713182899017457,0.07143269001274002,0.07153465841705549
0.02865315610479296,0.2840145480637408,0.02857144936160013,0.028652270741627954,0.02866032814350117,0.2281115211324572,0.3733367264522797
0.00578547504958206,0.005726641515790141,0.1097796312076088,0.23752407701706968,0.37794296210122524,0.2575100926802891,0.005731120428434945
0.7853406053786084,0.03574917845620479,0.0357349970611785,0.03574366918296046,0.03574540385588125,0.03597185762581743,0.035714288439349075
0.028571446381378828,0.2284372486786777,0.02857462939033867,0.02870732196337061,0.6282919892277381,0.028781088021095785,0.028636276337400356
0.023810556136593816,0.02380953931201754,0.023813252367448984,0.8570667361453185,0.02384834088967211,0.023842043370631838,0.02380953177831727
0.011914516016129568,0.011947686264995353,0.011940323971373939,0.011947700429090128,0.011920777226777122,0.9284003909000469,0.011928605191587071
0.04780782410130836,0.04761906063019485,0.4152751679477017,0.047634686325705965,0.34627909570727455,0.04768820444827573,0.04769596083953883
0.03571430757619793,0.035722040796358205,0.035728301305018036,0.03571429149128921,0.7855393171098664,0.03574394201241063,0.03583779970885954
0.4836012515366904,0.004632309459090012,0.004628134708120814,0.004621457164969143,0.0858527936952777,0.4120373119634399,0.004626741472411988
0.023825354090457992,0.023830137172769876,0.02381316518974987,0.8570006225917467,0.023855851524318867,0.02386533972512193,0.023809529705834873
0.3738732637038666,0.023824642372972438,0.023815651285634898,0.02380952839357653,0.023872560550958207,0.5069371996453508,0.023867154047640574
0.005958642505058269,0.07313471614398355,0.005978482031074719,0.35162990448735526,0.28438661585334707,0.27295333245430564,0.005958306524875514
0.01787408146641487,0.017859749264122995,0.017869799869305182,0.017857557441150005,0.8927315371425733,0.017872263972724872,0.01793501084370882
0.017884168456171055,0.01791034821863752,0.017859842720259502,0.017864920028826302,0.8927243067085149,0.01789926437285938,0.017857149494731273
0.03571429269409732,0.035714292090131196,0.03571429174461615,0.035763536998980744,0.03579076945471816,0.7855885261525245,0.035714290864931914
0.04761927033946783,0.04761907659367785,0.04761907511125212,0.35478298216892185,0.4070105551152936,0.04772996962481226,0.04761907104657452
0.047703871426695715,0.047619058410118986,0.04761905714117354,0.7141908020987775,0.04761905303801164,0.04762910210342418,0.04761905578179842
0.047703871426695715,0.047619058410118986,0.04761905714117354,0.7141908020987775,0.04761905303801164,0.04762910210342418,0.04761905578179842
0.047703871426695715,0.047619058410118986,0.04761905714117354,0.7141908020987775,0.04761905303801164,0.04762910210342418,0.04761905578179842
0.014297224774157383,0.014300774313750193,0.3687517261881124,0.014286318217483785,0.014326626447229146,0.014349886865905218,0.5596874431933619
0.571271467189676,0.0714618949986805,0.07142860082561264,0.07142858376804895,0.07155225689510697,0.07142859973123716,0.07142859659163765
0.023811743374953547,0.02382612268770005,0.18114576549585532,0.023809525461073424,0.6996685969536438,0.023875296097533374,0.023862949929240526
0.07142859225207876,0.07151205214537136,0.0715330569501498,0.07142857851817297,0.07143304910998363,0.07162577454875858,0.571038896475485
0.004471095143372615,0.004466154303216364,0.004479646044921402,0.00448382533325301,0.8245220039054256,0.15308743387610144,0.00448984139370952
0.14285714285714288,0.14285714285714288,0.14285714285714288,0.14285714285714288,0.14285714285714288,0.14285714285714288,0.14285714285714288
0.03579317975059954,0.03578414878606224,0.03580411841019264,0.03602703253885449,0.035739778749487,0.7849933189951734,0.035858422769630624
0.0476190913023786,0.047747584323049076,0.047675347173185945,0.3807535320340699,0.04768332358160187,0.04761908269648812,0.3809020388892264
0.005303249139726202,0.005293488293121206,0.005309266748633776,0.005293504713128684,0.6645137865728302,0.22057158503427107,0.09371511949828884
0.02384219650822432,0.02381413915770528,0.023809535078203718,0.023809527309201044,0.023888117396273056,0.023980471280121495,0.856856013270271
0.01439802795538734,0.014304477459349119,0.24076959133070658,0.6876384897603935,0.014286801663685563,0.014312149070661027,0.01429046275981677
0.07142857501701803,0.07145242638735952,0.07143063173773098,0.571396350970117,0.07142857320058466,0.0714348686029261,0.0714285740842638
0.028590524609307087,0.028629924061072103,0.028580219094179373,0.028571429956472705,0.028578937432223325,0.028787114852885164,0.8282618499938601
0.017857219705587634,0.01786976081382114,0.40380269097308075,0.017857145613169433,0.5068368140048858,0.01788510561495826,0.017891263274496992
0.07145557199048885,0.0715701147004351,0.07144964555207868,0.07142857283816405,0.0714312290349985,0.5711521013392754,0.07151276454455942
0.2875456283971108,0.5338225132293607,0.03571430536778065,0.03571438913171893,0.0357654935451827,0.03572331131215994,0.03571435901668636
0.14285714285714288,0.14285714285714288,0.14285714285714288,0.14285714285714288,0.14285714285714288,0.14285714285714288,0.14285714285714288
0.023815430448952613,0.023868629673742817,0.023820515494661326,0.857062725745982,0.02381352100153879,0.02380952922753521,0.023809648407587345
0.5711509690508925,0.071428577224167,0.07142857697176999,0.07142857361132283,0.07157105225731146,0.0714285765969953,0.07156367428754078
0.02857144608694578,0.02862808192586009,0.028601151623423075,0.028651624518049694,0.8282725323606849,0.028670899432677595,0.02860426405235873
0.023874018407240776,0.023834298071365362,0.023837857854477933,0.023823588625305234,0.02381545728054025,0.5843282308750688,0.2964865488860017
0.047631195840709684,0.04761906270892079,0.7140024417614789,0.04761905330949949,0.04761905579141847,0.04780673430940861,0.04770245627856399
0.015873396924150265,0.01603174292496598,0.015956326547506523,0.9042323791321355,0.01587363961167523,0.015873795344606468,0.01615871951496003
0.8564817013342807,0.023987217286743398,0.024022836467909463,0.023809534430019038,0.023843404521987528,0.023812162065051715,0.024043143894008318
0.00649366103760843,0.6649419989901378,0.0064938750761957325,0.30258258864598253,0.006493544031504453,0.006493542051226575,0.006500790167344424
0.028582864255760575,0.028571449447407138,0.02858406548421756,0.028571436475045647,0.4575836766837242,0.028609734038878086,0.3994967736149669
0.26855407399576975,0.3874191158960784,0.02860710975965303,0.028572841576141914,0.028591181250484484,0.2295699857822093,0.028685691739663167
0.020558365336107765,0.020595904358982377,0.020418714592297414,0.4486839015550328,0.44885920513683597,0.020437097037335913,0.020446811983407778
0.047656587578102934,0.04772649884728979,0.047619057735530455,0.04761952826990222,0.7141399670604013,0.047619298450580855,0.047619062058192455
0.035714304148575626,0.535729168996482,0.03575193483288117,0.03571429198507784,0.035714294725537735,0.035714300501106425,0.28566170481033915
0.14285714285714288,0.14285714285714288,0.14285714285714288,0.14285714285714288,0.14285714285714288,0.14285714285714288,0.14285714285714288
0.12286962018550893,0.37481915420647594,0.0071667178035164794,0.0712683159507388,0.00718346573952115,0.40953680031091216,0.007155925803326523
0.035752015413523956,0.03584959299120858,0.03571429612285463,0.785541213843144,0.035714291614374054,0.03571429545094941,0.03571429456394533
0.006807079875089127,0.0068072438941487266,0.0068080094643533234,0.9591620524659642,0.006805531695680919,0.006805274154712255,0.006804808450051484
0.2143625367656735,0.009562605140046945,0.25063768555151505,0.4967115706071322,0.00961080782128182,0.009560063600464378,0.009554730513886143
0.8569343605012735,0.023820696158518877,0.023887795515219308,0.023809528943970724,0.023893962123009697,0.02384412195669637,0.023809534801311656
0.028647122533617658,0.028585253578942104,0.22844803626093152,0.6285234304568962,0.028591535510418722,0.02859995586013968,0.02860466579905423
0.005297475763027079,0.561709222996023,0.005307217763697427,0.4118083933361358,0.005292523103903248,0.005293427904206672,0.005291739133006886
0.023843306203889886,0.023809529901065524,0.02382234187942298,0.023816748314086974,0.4883973956880781,0.25974154432639773,0.15656913368705883
0.04761909032256762,0.380741151283782,0.04761908570276894,0.04781051679307075,0.047619207520325946,0.04761908190937948,0.3809718664681051
0.02386793888590761,0.02393197206786746,0.8565033260673286,0.024068871368438598,0.02386850766003442,0.02385117607558093,0.023908207874842376
0.04765732593900914,0.26602295631197176,0.4956663046139002,0.04776952229578821,0.04764501188735849,0.04761905393795233,0.047619825014019956
0.356758224975197,0.03571430378742317,0.035714302850675596,0.035754547938456,0.03571429543148057,0.03571430173989281,0.46463002327687486
0.017916079039038958,0.3926264519780255,0.017939042897790122,0.01786323719318467,0.01795306838267534,0.1566075503364774,0.379094570172808
0.14285714285714288,0.14285714285714288,0.14285714285714288,0.14285714285714288,0.14285714285714288,0.14285714285714288,0.14285714285714288
0.017864908040765175,0.017913423218465053,0.5577780828895191,0.017900939320333157,0.017921781057194955,0.017894311916177876,0.3527265535575447
0.035789146646573705,0.0357566840776502,0.035807821937254944,0.035714289312079546,0.5208506390303276,0.03581824875066095,0.30026317024545307
0.8275056717009066,0.028783878333012308,0.028677918101202935,0.028576986031557814,0.028717480239659955,0.028992068676701552,0.028745996916958665
0.7338657736347267,0.0130047775781584,0.01312540443980285,0.013000355555340647,0.012992172020173613,0.20096708848587658,0.013044428285921368
0.023860270160739248,0.5262935208484876,0.023881972927581607,0.023842385916508793,0.023907736653512576,0.02387332102113778,0.35434079247203243
0.02384475466387506,0.3988948409168738,0.023871900405840665,0.0238849569745853,0.2315628511651968,0.2741311310556001,0.023809564818028425
0.035714302335108,0.03593070518238672,0.7854106903554607,0.035714291359112714,0.0357465976595894,0.03571429917290499,0.03576911393543749
0.04761906250709338,0.047642630987330105,0.048216884968084156,0.7136642485326803,0.04761905488415909,0.04761905955599225,0.04761905856466072
0.521136833640399,0.023901549592150042,0.023859852821294096,0.023809527935543418,0.023848088865081225,0.02383811704894744,0.3596060300965848
0.047645146856745535,0.04766962285628689,0.714160325006892,0.047619052794168795,0.047619054903783306,0.04766773889393615,0.047619058688187506
0.03575211010124835,0.7855770796601043,0.03572420638590699,0.03572730395950885,0.035728372920173376,0.035776632674259845,0.0357142942987984
0.036025902582477225,0.784978785549135,0.03571432140051734,0.03596042677114573,0.03571429478134604,0.03589196959570677,0.03571429931967197
0.035739479066894446,0.535710746874881,0.03581086267703029,0.03573885108587034,0.0357143035641638,0.035714315036184635,0.28557144169497567
0.07156102759789548,0.5710809119632184,0.07142858010256027,0.07164374572144716,0.07142857633564861,0.07142857953387906,0.07142857874535088
0.03571775554198349,0.27241425752899784,0.035714752428282016,0.5490039215750792,0.035720422317018,0.035714597547589697,0.035714293061049854
0.04765563559953958,0.7141799105385168,0.047619058051619576,0.0476785941738986,0.0476190535139981,0.04762869165257584,0.047619056469851574
0.020497034124503866,0.02044128926958096,0.020408172790573186,0.8774111083414545,0.020410446030664282,0.02041640949320453,0.020415539950018678
0.02858738806322034,0.02868940094079753,0.22853580808803453,0.028590011148324906,0.028613527723417093,0.4284733707364437,0.2285104932997619
0.017887955989216688,0.017874824491729006,0.01789116297840852,0.7480919537746727,0.017861294567695935,0.16248372761113722,0.017909080587139966
0.03586442380331249,0.5293690517667888,0.29170357477950387,0.03571592001753717,0.03571511928861869,0.035831659180375196,0.03580025116386376
0.047619294251752084,0.0476190558292585,0.04825902235772789,0.047619050712396326,0.047643295495018154,0.04762482635676565,0.7136154549970813
0.5713735803014864,0.0714285799384653,0.07142857938430047,0.07143225177818392,0.07147985147031546,0.07142857884473049,0.07142857828251789
0.028609857538819134,0.4242073331738083,0.028583292611494938,0.02860683382083215,0.4324730761766249,0.02885005960042557,0.02866954707799494
0.04765563559953958,0.7141799105385168,0.047619058051619576,0.0476785941738986,0.0476190535139981,0.04762869165257584,0.047619056469851574
0.015887910746964714,0.015891608972347135,0.01588365670788041,0.4663837839063151,0.016026120055210653,0.1467575460752209,0.3231693735360613
0.7853877767285544,0.03574984914318202,0.03586051979469304,0.03571428897489096,0.03572273126263748,0.03575174118397193,0.03581309291207024
0.020453298758248473,0.020408171963071355,0.020424488484303845,0.6245367644375506,0.020451292216520093,0.16121327291781815,0.13251271122248753
0.005988591633343875,0.09094033497389284,0.005964180974337299,0.5813860136447587,0.3037705108103129,0.005967026167401753,0.005983341795952613
0.02883485199885945,0.028579488498585926,0.028621932980628987,0.8280680237325135,0.028721100470036388,0.028584619655150467,0.02858998266422552
0.07150425347249162,0.07142862793248611,0.07142862487459778,0.5713526532072328,0.07142860178865697,0.07142862141732284,0.07142861730721183
0.03571432047240267,0.035781265705296675,0.03571431582183445,0.035714299016585,0.03579035451594825,0.7853007196091883,0.03598472485874466
0.03571430514996265,0.03572120004260838,0.03575131956106489,0.785635188223405,0.03572220036227302,0.03572559609349057,0.0357301905671955
0.8283277894345807,0.028580782999306976,0.02858028205373004,0.028787673036659134,0.028580589233753544,0.028571442317743213,0.028571440924226525
0.40758921091587713,0.020436386422144598,0.020550618442298208,0.020438646563247474,0.020615751663933268,0.02043611754571524,0.48993326844678414
0.0477648960386615,0.0476190531611252,0.28331511580100494,0.04761904969899936,0.04769980300017864,0.04761905248848396,0.4783630298115463
0.008952789871062303,0.008934621559612249,0.008938890592871217,0.8295741510233541,0.00896636962835262,0.12569899001682897,0.008934187307918607
0.07142860375929995,0.07171060646588097,0.07142859929424776,0.5711388874073337,0.07142858736573529,0.07143612051432356,0.07142859519317883
0.00953119580229198,0.009534423192593186,0.009546458022105351,0.009540208949222528,0.5695341961236677,0.3827527668735521,0.00956075103656703
0.010209833543311123,0.18860376256420175,0.01023207673390007,0.3045040241471615,0.4659295807062702,0.01023820546452013,0.0102825168406352
0.07156599224097443,0.0714285768012646,0.07142857645039938,0.0714345825900746,0.5709573307256336,0.07175636549474967,0.07142857569690363
0.14285714285714288,0.14285714285714288,0.14285714285714288,0.14285714285714288,0.14285714285714288,0.14285714285714288,0.14285714285714288
0.047619066335407856,0.047633749579693914,0.0477011899685543,0.7141140169494098,0.047635889919600057,0.04764312920896541,0.0476529580383687
0.07151067942311207,0.07142857709779236,0.0714854667535839,0.07142857356291699,0.07149176894840215,0.5712174252974727,0.07143750891671972
0.7138243239673328,0.047619054446303766,0.047959879568317085,0.04761905018149167,0.04766494087044233,0.0476190536377337,0.04769369732837868
0.07142858010684917,0.07142857934279166,0.07142857893132364,0.07142857439901147,0.0714285756791583,0.5714285337526236,0.07142857778824235
0.04761905682993222,0.04777143003696572,0.04769867627444277,0.0476192959175182,0.04767322690764685,0.7139499672780318,0.047668346755462464
0.03588050388352131,0.5352249538277866,0.035749513718274326,0.28565297820201496,0.035737103101089386,0.03577327120901281,0.0359816760583006
0.07142858010684917,0.07142857934279166,0.07142857893132364,0.07142857439901147,0.0714285756791583,0.5714285337526236,0.07142857778824235
0.014308882123310161,0.014285764263962624,0.014285719195662778,0.9142361751867687,0.014285717068800836,0.014285726291126734,0.014312015870368275
0.04770440803948939,0.047626259494283764,0.04761905778794125,0.7141923209135169,0.04761905339784752,0.04761984408014517,0.047619056286775915
0.03588386321982998,0.03571429391574677,0.7854082522292312,0.03571428878136224,0.035835975858164455,0.03571429299488413,0.03572903300078125
0.028577477103326383,0.028571447254150423,0.02857144404465583,0.8285488096022552,0.02858032089620511,0.028579059474947637,0.028571441624459546
0.011975581295135426,0.10570327798827327,0.011960972859130182,0.011951634607707968,0.3498729845820809,0.4966046592919214,0.011930889375751022
0.00895519958613605,0.008938563545514483,0.10618010803709994,0.49134129259702486,0.36666612429628487,0.008955883729866457,0.008962828208073478
0.020408830377125722,0.44882222105310227,0.16318185723274184,0.02043626425386264,0.020649480658459334,0.3059596428043044,0.020541703620403893
0.14285714285714288,0.14285714285714288,0.14285714285714288,0.14285714285714288,0.14285714285714288,0.14285714285714288,0.14285714285714288
0.02381338162788363,0.023850203553071693,0.023817582728155373,0.8570788480068455,0.023812973006958747,0.02380952903796237,0.023817482039122585
0.02041732874860056,0.020434069120257595,0.020467214441781945,0.8774568718784149,0.02040816953610522,0.02040817353164927,0.020408172743190508
0.02859278603619189,0.8284286946349002,0.028608043461659023,0.028624554149360635,0.028573867162429427,0.028600546524043386,0.028571508031415314
0.04772133734251126,0.04761909024954336,0.7139118622402427,0.04785351762815605,0.04763301650987599,0.04761908537969669,0.04764209064997393
0.14285714285714288,0.14285714285714288,0.14285714285714288,0.14285714285714288,0.14285714285714288,0.14285714285714288,0.14285714285714288
0.07142857287301957,0.5713891709907003,0.07145649686784919,0.07143602133626951,0.07143259284696729,0.07142857258937915,0.07142857249581488
0.023814241217356237,0.24100379005198097,0.023904731851861778,0.6397911878878004,0.023809531827843563,0.023828953108607998,0.023847564054549086
0.017889209186714747,0.018133499585207907,0.8923949406588605,0.017900571974707655,0.017886497014787745,0.017893107704042083,0.01790217387567946
0.04765162631780621,0.047620184197061155,0.7141122400411044,0.04763098643284123,0.04767091753372196,0.047620348016884466,0.047693697460580525
0.14285714285714288,0.14285714285714288,0.14285714285714288,0.14285714285714288,0.14285714285714288,0.14285714285714288,0.14285714285714288
0.035743210229092104,0.03574466138283956,0.7856143891311564,0.035734583089544615,0.03572378009929528,0.035714292970533426,0.03572508309753867
0.015913044924313443,0.01590316096541866,0.23669753319567877,0.5336921767277462,0.015896275835407703,0.015886227615244376,0.16601158073619102
0.02857423402413124,0.028606520528929126,0.8279754238784572,0.0285950761534157,0.028578446039171267,0.028691012227571352,0.028979287148324154
0.009569921249266176,0.35595355119835753,0.009548131055766029,0.5962260985325505,0.009637547068084219,0.009529057237369281,0.009535693658606268
0.04777582644234405,0.7136006084974045,0.047793855950720755,0.0476211203497079,0.047653986952077176,0.047738998939000236,0.04781560286874549
0.03587878717488019,0.0359265969211864,0.03582100152984589,0.0361371430707273,0.03580478986504254,0.7847064755706851,0.03572520586763271
0.01788207715539559,0.017860178192617086,0.017862517558338127,0.8928029874390173,0.017857149076725698,0.017872829791071042,0.017862260786835255
0.014401392859093563,0.014288204724592062,0.014285739592476554,0.9140960596656095,0.014285719880634233,0.014288656618027527,0.014354226659566495
0.07142859244448216,0.5714029127823144,0.07142858960138104,0.07145414788396337,0.07142858177327356,0.0714285884985024,0.07142858701608314
0.017921687831189876,0.18878765174446155,0.5666217527197049,0.017881242889899243,0.01787725504305621,0.0178598106886739,0.17305059908301432
0.14285714285714288,0.14285714285714288,0.14285714285714288,0.14285714285714288,0.14285714285714288,0.14285714285714288,0.14285714285714288
0.008405176564142873,0.008411724463972684,0.008409113821270655,0.9495205157529552,0.00841493832521631,0.008426098041921225,0.008412433030520989
0.02857144796088346,0.028589133329481414,0.45818564574536313,0.39893439790991186,0.02857648792083993,0.028571444272603892,0.02857144286091653
0.011928037632009694,0.35851580040798825,0.012014134879649845,0.011920921229149955,0.012016273504405902,0.011982807516233167,0.5816220248305631
0.07142860082740637,0.07181872659191908,0.07142859654919716,0.0716405583056705,0.07142858574326102,0.0714285958250728,0.5708263361574731
0.028571443242504855,0.028573233428329604,0.028571597711072837,0.8285601322365288,0.028580235173604297,0.028571918825432103,0.028571439382527503
0.14285714285714288,0.14285714285714288,0.14285714285714288,0.14285714285714288,0.14285714285714288,0.14285714285714288,0.14285714285714288
0.8563834416429045,0.023850377749744182,0.023853067976608994,0.023813555305172974,0.023998956637878162,0.023960458269442497,0.024140142418248738
0.6860583851901315,0.028696393674456654,0.028704392319074845,0.028629549523689398,0.02862796844585628,0.17056806010733205,0.02871525073945933
0.015915915838223698,0.01593237994611799,0.015873912965624692,0.9045878111370992,0.015873022486248996,0.015885016730678533,0.01593194089600701
0.14285714285714288,0.14285714285714288,0.14285714285714288,0.14285714285714288,0.14285714285714288,0.14285714285714288,0.14285714285714288
0.02380952858534745,0.23207245441173105,0.02381591080752746,0.6488695476004697,0.023810464514204432,0.023812557417876773,0.02380953666284315
0.020439696653803293,0.2153465813384419,0.02040817862361851,0.6825022536270167,0.02040817198855503,0.020420779845416997,0.020474337923147522
0.028838501896816728,0.8280389726419689,0.02861362908587705,0.028765520566132963,0.028571739236668524,0.02860020064044757,0.02857143593208821
0.017862674713087123,0.01785715142971794,0.01792936171564421,0.017862960531702377,0.017932833676584246,0.01790160589725747,0.8926534120360067
0.028612498795212788,0.028627735048814357,0.028571456281492193,0.8282105263265803,0.02857144438916708,0.028834871202149916,0.028571467956583264
0.011925428289303826,0.17750096071240262,0.011960419746893073,0.01193945047012902,0.011983550401001249,0.011971348463196063,0.7627188419170742
0.015879618641643455,0.015873025514685012,0.015919746664804817,0.015873071202626796,0.015944489047250113,0.24392668544234633,0.6765833634866434
0.017918719896883765,0.017996592265981978,0.5253212664526253,0.01785714490517447,0.01786920878399345,0.385149732184342,0.017887335510998897
0.07153298453919063,0.07145119543888129,0.07142857726189254,0.07142857371985213,0.07151362263206763,0.07142857683485454,0.5712164695732612
0.035727619583783586,0.03596112545422139,0.035739887730341695,0.035714291441106556,0.03579243967758807,0.035741035653957226,0.7853236004590015
0.020414939269858164,0.4408430506549399,0.020465045909622014,0.02040880784266103,0.45692441072047235,0.02044506516782054,0.020498680434626076
0.1965599590342475,0.12371871859519097,0.014307983585097935,0.26740119907369797,0.014298347505652304,0.014289581169235135,0.3694242110368782
0.01594093768984567,0.015879160279121396,0.01587447061719402,0.015873113665612313,0.4725316424700859,0.44798085178795166,0.015919823490189108
0.3808632057253279,0.04766323207292233,0.04768320397108948,0.04768532451048433,0.38086689674570895,0.04761906931966255,0.04761906765480438
0.4494792182358806,0.17685038221626806,0.309947475809385,0.01588140933624373,0.015985039238111152,0.015926487748714663,0.01592998741539676
0.023908731788719776,0.6312951038914167,0.023921190636538626,0.023811288853984192,0.2493358047939907,0.02384353939601576,0.023884340639334457
0.03571434203008013,0.03571433593369439,0.03598591596290677,0.28566266510107885,0.5353994506015891,0.035754184938168364,0.03576910543248243
0.02861682142134791,0.6240053854404256,0.028628396135158194,0.028572214776503665,0.23299218700088797,0.028606523149310215,0.028578472076366327
0.047631879430036925,0.04761905199707617,0.7142711497135039,0.04761904926651602,0.0476190499678662,0.04762076847868878,0.047619051146311916
0.3679222254476742,0.020420070943622016,0.020456397353479813,0.5299620671309826,0.020409062400243688,0.020408173149869497,0.020422003574128243
0.14285714285714288,0.14285714285714288,0.14285714285714288,0.14285714285714288,0.14285714285714288,0.14285714285714288,0.14285714285714288
0.03579499984493162,0.3114984011498369,0.035779177300026985,0.03571429113742716,0.5095806463397639,0.03582116595849055,0.035811318269522864
0.035858390826928425,0.035812816359644783,0.7853485745322674,0.03571428851377898,0.0358292584226183,0.03571844548136032,0.03571822586340175
0.03574117884799774,0.03571429532378788,0.03574090341641193,0.03571428930998714,0.035742539676830436,0.0357635168332297,0.7855832765917552
0.07163171579440714,0.07158906702740421,0.5707677092182812,0.07172572483307572,0.0714285881445715,0.0714285989542601,0.07142859602800004
0.028606831149281448,0.22857109694997618,0.02857145293452399,0.6285313407906932,0.02857144239954922,0.02857638640205643,0.028571449373919398
0.03571430465071635,0.035714303112897215,0.03572342788484175,0.03571429221035301,0.035795584937847576,0.785581479974163,0.03575660722918114
0.00324916813412747,0.003253279829023242,0.0032476253535092857,0.9805051701980685,0.0032478450904938824,0.0032477785643093876,0.00324913283046824
0.015885474495464198,0.01590064435283343,0.01597802002466401,0.01587987466681441,0.01598311175073977,0.5654907304535122,0.3548821442559719
0.07142859259978093,0.07143669805358732,0.5712810872104083,0.07146723567436895,0.07142862488258091,0.07142858849681442,0.07152917308245924
0.07164821739851442,0.07142861738658575,0.5712087555285661,0.0714285887623144,0.07142859615918443,0.07142861421186804,0.07142861055296686
0.1573332956074825,0.011921393081577917,0.171096594186685,0.011904776693369376,0.2354958231785936,0.011964347616942114,0.40028376963534945
0.07163647384617411,0.5709723874335152,0.07167682457108261,0.0714285755153508,0.07142857728665555,0.07142858112105603,0.07142858022616562
0.14285714285714288,0.14285714285714288,0.14285714285714288,0.14285714285714288,0.14285714285714288,0.14285714285714288,0.14285714285714288
0.14285714285714288,0.14285714285714288,0.14285714285714288,0.14285714285714288,0.14285714285714288,0.14285714285714288,0.14285714285714288
0.7785397438175838,0.020426141631217552,0.020443778108103335,0.11922518147527514,0.02044628402822636,0.020432011319916326,0.020486859619677344
0.011908752555813786,0.011926525951825402,0.011910200815117133,0.9285233021618562,0.01191002043806181,0.011913584700830752,0.011907613376495159
0.02859059449001201,0.028658507367054855,0.02857165034593963,0.6284551548642546,0.028679909009472752,0.028576213835882696,0.22846797008738345
0.14285714285714288,0.14285714285714288,0.14285714285714288,0.14285714285714288,0.14285714285714288,0.14285714285714288,0.14285714285714288
0.03576342213494354,0.035714840491181135,0.785200995601456,0.035719908060919014,0.03584562888441327,0.03590012863066841,0.03585507619641871
0.828456239436446,0.028573083804474642,0.028571434723676892,0.028571430994050212,0.02867674693878878,0.02857350979158769,0.028577554310975695
0.020464011549487637,0.32551580968827026,0.5720416342675398,0.02045470167097701,0.020557568729919855,0.02044393348824161,0.020522340605563596
0.07142858602828642,0.07145549651381664,0.07142858400760303,0.07144234872085846,0.5713204913276807,0.07142858326997395,0.07149591013178083
0.1548031545561089,0.011932820852514415,0.011938977077247776,0.011936754506725104,0.7854870600473348,0.011968444498421835,0.01193278846164712
0.03574690465469863,0.785394647164393,0.03572649005784076,0.03586934104767244,0.0357157376760156,0.03578945111918773,0.03575742828019183
0.017987664660489944,0.5171194079726025,0.01789339330753748,0.3932447361457765,0.017904021939273793,0.017892541273039273,0.01795823470128058
0.028651005749502287,0.22844187582267525,0.02860128173082938,0.028720148976288974,0.028660123527693055,0.22838665162773764,0.4285389125652733
0.035780635977750185,0.7854518329737987,0.03571430500444154,0.03571429341110956,0.035910326454309804,0.03571430374901739,0.03571430242957279
0.03576694027924236,0.03587541570812124,0.03577906569306019,0.785305386668618,0.03573794327421852,0.03572126584329634,0.03581398253344331
0.017914523312438507,0.017900541857960205,0.017877040855885148,0.3928580062183711,0.5176139803083989,0.017912860102195376,0.017923047344750892
0.04765208403171088,0.047957618139016805,0.04768072826214638,0.7138294100674418,0.04764138682457894,0.047619052696821845,0.047619719978283376
0.09681456562565964,0.3274132016176732,0.24601202973915484,0.1174390165007711,0.1931954292739522,0.009544157180962602,0.009581600061826448
0.03572314708826622,0.03575863724372575,0.035791605180043984,0.03571429432926695,0.442952213375968,0.3782952736469004,0.03576482913582867
0.047629300254698644,0.04761905215343127,0.04764746094673967,0.0477026183280027,0.7140462959095704,0.047721908474355354,0.04763336393320206
0.8281023503929418,0.028670067120228102,0.02860842623224895,0.028571434310009435,0.028716722927745436,0.028592050487691034,0.02873894852913549
0.02383454780061739,0.23655178491915457,0.02380953792794029,0.023809939063363237,0.6442138409043888,0.023909196080753852,0.023871153303781898
0.14285714285714288,0.14285714285714288,0.14285714285714288,0.14285714285714288,0.14285714285714288,0.14285714285714288,0.14285714285714288
0.03598460577989227,0.03574398529693999,0.03571429010709276,0.03571451168806921,0.7853432060285901,0.03572744852211375,0.035771952577301834
0.03571652752430746,0.03571435697545784,0.03571429170109902,0.7856249984098155,0.035718250229742975,0.03572030710411076,0.03579126805546652
0.010210617698471135,0.010209317819892476,0.0102185831280246,0.01020408498912657,0.938603318844452,0.010239321594466569,0.010314755925566682
0.03574778773949651,0.035766791165705115,0.03603583106112328,0.03631237368571925,0.7843914863448104,0.03586181693087546,0.03588391307227013
0.03572326394415041,0.03629358889144337,0.03573764166214016,0.03571654384760131,0.03571781425634477,0.03573274506268025,0.7850784023356397
0.007165843275718563,0.7550839035614245,0.00716809700949144,0.007145445206843731,0.007151668730248043,0.2091325023302762,0.00715253988599743
0.007165843275718563,0.7550839035614245,0.00716809700949144,0.007145445206843731,0.007151668730248043,0.2091325023302762,0.00715253988599743
0.14285714285714288,0.14285714285714288,0.14285714285714288,0.14285714285714288,0.14285714285714288,0.14285714285714288,0.14285714285714288
0.02861753968633385,0.028571457785144704,0.028614244921988365,0.36176016337980876,0.028576813093757755,0.028694251044679483,0.495165530088287
0.04761906395631484,0.047619062592581855,0.04767911448566117,0.04761905323434093,0.7141092806021719,0.047735365260774563,0.04761905986815464
0.047766853616344744,0.04761905336061151,0.04761905301577761,0.04761904976013196,0.7141378853436785,0.04761905263540972,0.04761905226804595
0.8772084112967112,0.02042538896128365,0.020533801487929167,0.02047157008971159,0.020461524355947457,0.020433527874206426,0.020465775934210513
0.00895345767232222,0.008938404527483207,0.008951647428576194,0.008928572287412917,0.9463347315287698,0.00894728740138023,0.008945899154055434
0.013051522246336,0.012989269759243836,0.013068408642171056,0.5865018450894438,0.09052473381933246,0.2707934793600876,0.013070741083385127
0.015920559193320957,0.509443078457788,0.01591129797632204,0.0159212117215747,0.2856241436191532,0.015930503933442034,0.14124920509839886
0.07142858001726322,0.07177059317930191,0.07164462033576581,0.5704893908594584,0.0718070244670343,0.07143120137901013,0.07142858976216616
0.6354228813576294,0.03572598217584227,0.03578440259972565,0.03583856904185333,0.03578648331774175,0.1854854384682941,0.035956243038913545
0.011930760036434444,0.011973424772905764,0.7746339050048221,0.011905080664779868,0.011948570228661982,0.011929377607962036,0.16567888168443393
0.04761908617608558,0.04761908328534463,0.047619080975222064,0.04761906085855454,0.7138715967960317,0.04761907873850021,0.04803301317026122
0.04761905030738352,0.047619050075150625,0.04761905013869293,0.04761904854205969,0.047643260962376546,0.04761904979285607,0.7142614901814807
0.14285714285714288,0.14285714285714288,0.14285714285714288,0.14285714285714288,0.14285714285714288,0.14285714285714288,0.14285714285714288
0.01786053823789066,0.017858189102630522,0.017861756699630662,0.8928378354314456,0.017857147420580154,0.01785974668334789,0.017864786424474553
0.028584964885602356,0.02860723868829557,0.8285010515250751,0.02857254349457284,0.028571430828377084,0.028579947796807812,0.028582822781269338
0.035774700495943224,0.21030994557847973,0.036040828504242936,0.6104259377482687,0.03571429360148363,0.03595330698113877,0.03578098709044287
0.01599275821077404,0.01592446252286902,0.015895031412323627,0.015894728082987187,0.6336548689221594,0.01589674027662039,0.28674141057226643
0.03571430753058358,0.03571430541517752,0.03572908817877706,0.03571429314178969,0.03585223073999071,0.7855378015171636,0.03573797347651793
0.29097255533877797,0.0204682923845345,0.020446544511062266,0.4515742031487652,0.02047044626523725,0.17560697046992685,0.02046098788169587
0.5282331907370161,0.013046895763502974,0.013029468102384405,0.013095583970210562,0.40651511162363996,0.013048202262933316,0.013031547540312716
0.028602500172862703,0.028667209354229634,0.02883810905863808,0.028654615184157434,0.028577850116657946,0.028613511853650988,0.8280462042598032
0.47544875283410293,0.020442434081318364,0.02045293364115163,0.02047234725134367,0.42217815945045056,0.02058139043506195,0.020423982306571085
0.37490706737293045,0.008933647283434487,0.008931619360273922,0.008929044177261175,0.008982856035599115,0.5803721935789067,0.008943572191594116
0.14285714285714288,0.14285714285714288,0.14285714285714288,0.14285714285714288,0.14285714285714288,0.14285714285714288,0.14285714285714288
0.39663796109192134,0.047689175502970124,0.04773049397894182,0.3647159299805475,0.047866771031021126,0.04771343836222326,0.04764623005237491
0.023889123468905878,0.02384031309489149,0.13460864310878634,0.02407597993644564,0.023812715102004375,0.7459570623599723,0.02381616292899405
0.009581360266368888,0.00956929324084925,0.009597115459701109,0.009572547511700918,0.5440169129189112,0.009553522488947986,0.4081092481135206
0.035786301268504746,0.2858191400169835,0.035714301409384794,0.5355307175071031,0.035720626749944945,0.03571461399543957,0.0357142990526393
0.04766267794874904,0.04761905398921138,0.047619053660066704,0.047619050014254094,0.7142420583581489,0.04761905324827849,0.047619052781291284
0.07142857501701803,0.07145242638735952,0.07143063173773098,0.571396350970117,0.07142857320058466,0.0714348686029261,0.0714285740842638
0.01192375792654782,0.01205683028579547,0.011915203481033672,0.011904764448248234,0.9283572624496386,0.011912076304002912,0.011930105104733425
0.03571429611021697,0.5352608057963868,0.03583990309415004,0.03585242198357458,0.03582017163329357,0.03588457583565381,0.2856278255467242
0.04761907317630783,0.047619070567660564,0.047725365115159984,0.04761905640017897,0.04791517567047015,0.04761906822987474,0.7138831908403478
0.32615380724969123,0.028765094093668,0.028596390804008224,0.028594812018849388,0.028573934362104703,0.028765997812786527,0.5305499636588921
0.015934679467903317,0.015918252561690816,0.738847329876794,0.18157672893528434,0.015894075266036003,0.015875596212333757,0.01595333767995766
0.8925953789801665,0.01785716876988739,0.01790910012762823,0.01790839479592488,0.017939989840562987,0.017857153970667432,0.017932813515162595
0.011003967202833562,0.011017857388229435,0.27852810983609294,0.011071318067901058,0.010994423333234693,0.010992748520072681,0.6663915756516358
0.008964924455307525,0.008960817844192337,0.008979078410304956,0.5568489171948898,0.008934813472072284,0.39837498457301146,0.008936464050221608
0.03571429701941003,0.7854535838908164,0.03573207102938859,0.03595716796012928,0.03571429127577367,0.0357142947952333,0.035714294029248694
0.03620834221953693,0.03571962091974977,0.49376806484143215,0.03571429667684003,0.035855688258639176,0.03578031981052419,0.32695366727327774
0.009575404116985868,0.00955353018808094,0.009536673808998317,0.6701544022826793,0.16268634370012658,0.009552410490386192,0.12894123541274288
0.03571430115411632,0.03572504966054056,0.035796433112416925,0.03571979406766389,0.3088040993058909,0.28562718425699674,0.26261313844237466
0.07153482686340601,0.07142857947761014,0.0716125589983835,0.07142860177392457,0.07174411491514146,0.07142857861767932,0.5708227393538551
0.03575558973619759,0.785362035093283,0.035714306179426954,0.035714293887264686,0.03580281015009307,0.035783199385227414,0.03586776556850748
0.04761905738993102,0.047666795765189875,0.3808843553335139,0.04763486375430716,0.04767774328045055,0.04761905549060139,0.3808981289860061
0.02382815252747885,0.023834041114554675,0.20959007466610777,0.023976310339191655,0.5065609858321758,0.18831316389745106,0.023897271623040034
0.7851529224882307,0.03586598664703543,0.03592206971488152,0.03575323303674903,0.035751774822692796,0.035813922812086056,0.035740090478324556
0.2271617592490982,0.10438945868628392,0.014285724012962199,0.6113050536991633,0.014286460284000877,0.01428582146210459,0.01428572260638702
0.023841004907029034,0.023838701317602594,0.8569374632600358,0.023809527012664703,0.023865783768648726,0.02385600593679068,0.02385151379722847
0.007175119348636696,0.046180708303909544,0.14499904752486448,0.007156788275109161,0.47316894795945263,0.08566573261626732,0.2356536559717602
0.38095566939447967,0.3809201838908589,0.04761907083085422,0.04761905689200583,0.047647881163518674,0.047619069120871556,0.047619068707411095
0.07142864147626157,0.0714286352806785,0.07161231118970411,0.07142859554259821,0.5712445651815334,0.0714286283957449,0.07142862293347928
0.02860451442002757,0.028576708535363943,0.028583198959292407,0.02857143119927256,0.4289100353749463,0.02861557868704303,0.4281385328240541
0.01786307590708186,0.017883426022663032,0.017870448934057148,0.017967430990222688,0.8926575477442783,0.01787464121287161,0.01788342918882538
0.01197299335092894,0.2755874963785436,0.011955874018969456,0.6646889646380921,0.01190754527289697,0.01194536340053817,0.011941762940030888
0.00895333733920542,0.008960488365228995,0.008960472583115109,0.22321035738401152,0.00896132291896046,0.7319907041997955,0.00896331720968308
0.02865728994021207,0.028643160284056376,0.20874875171777468,0.6481455871873493,0.02857144234819014,0.02862495510824632,0.028608813414171094
0.004763427430799676,0.004770968279995517,0.0047649844604365854,0.9714054833068115,0.004762603031380294,0.004763202103622932,0.004769331386953497
0.01593069693336258,0.015883136471897555,0.015878217821062933,0.36343623502774336,0.016010823670866252,0.015932548587696094,0.5569283414873712
0.015906714214407723,0.015912516029647224,0.015877474016715257,0.9046365911815429,0.015888988231335516,0.015894051741490806,0.015883664584860603
0.028621486181495008,0.028611838869376953,0.028571455362919145,0.028704924223024054,0.028571444193827296,0.8283473997100536,0.02857145145930409
0.015953964977190312,0.015890500606967832,0.015893997897127428,0.015874125772618083,0.015942988870081255,0.015928997942136085,0.904515423933879
0.047736233382349544,0.04761907545460766,0.047619073732671435,0.38081499659187906,0.047704482627677146,0.38081730120237506,0.04768883700844015
0.006830760762638341,0.006813166670618261,0.006813320898827627,0.0068745045265276245,0.13326104185139548,0.46131690292769395,0.3780903023622987
0.785320572613178,0.03579130375238421,0.03582099535802576,0.0357142907268738,0.035849102450321774,0.03571429744952016,0.035789437649696304
0.035714292715689974,0.03571429253338492,0.035714291896583386,0.03571428812537887,0.035734961053134694,0.28570405504309115,0.5357038186327371
0.04761906218660327,0.04761906073384657,0.0476190606092939,0.047619052571561,0.4874008952734731,0.04788262105219052,0.27424024757303184
0.38811885354251374,0.020421100085554995,0.02041067163409618,0.020415105060471703,0.17269968463313143,0.020494745492469966,0.357439839551762
0.0476769669513493,0.04761905337638604,0.04769477961751996,0.047619049766446785,0.7141147665355133,0.047656229976722024,0.04761915377606264
0.023809559319659918,0.2145844251016475,0.023858609498369807,0.3554735685122374,0.02380954148252432,0.33460701332489984,0.023857282760661347
0.013037196522549251,0.013035163302300578,0.4070578534024921,0.012987016016155673,0.5278269547168594,0.013017109030773522,0.013038707008869617
0.028755867120051997,0.02859217497193507,0.02894869945004519,0.028571433212026594,0.8278977254556947,0.028571751108771876,0.028662348681474523
0.41652606756099275,0.008413501041068049,0.00840652233105319,0.00842384991829653,0.5413522108880736,0.008443335953982218,0.00843451230653393
0.014316541743067715,0.2209246245786771,0.01436138090786365,0.014327469659949275,0.7072796078327399,0.014382002675853621,0.014408372601848601
0.07142859578387502,0.07142859368458994,0.07142859239860434,0.07142857980138952,0.5713182899017457,0.07143269001274002,0.07153465841705549
0.07149351620899964,0.07142859868196427,0.07145737835049878,0.07142863075042702,0.0714285860626697,0.5713346966377069,0.07142859330773371
0.04761907912124714,0.04766192757051408,0.047619076338346354,0.7140783991668735,0.04761906363503594,0.04761907314047068,0.04778338102751217
0.0359539397247828,0.7853395520011527,0.03577133439825584,0.03579224518534252,0.03571430300664969,0.03571431433408377,0.03571431134973267
0.07142857654696162,0.5712233347041255,0.07153569781777326,0.07142878581176355,0.07147928841114647,0.07147563063579727,0.0714286860724323
0.6646186333991491,0.21604277987585582,0.023857382211139654,0.02383299845488271,0.023954652744796304,0.02383074583075326,0.02386280748342335
0.3319408399577828,0.5249531423447309,0.02858613915835979,0.028571440310854422,0.028663003663231115,0.028694110449125176,0.02859132411591588
0.14285714285714288,0.14285714285714288,0.14285714285714288,0.14285714285714288,0.14285714285714288,0.14285714285714288,0.14285714285714288
0.3001092394122431,0.014290734525716354,0.014307081269686396,0.6283733199211491,0.014298487591326358,0.014306138479122092,0.014314998800756668
0.035745067588297055,0.03575857458471432,0.03622807130078462,0.03571429189734487,0.03577842394288755,0.035946491465581085,0.7848290792203905
0.07142859578387502,0.07142859368458994,0.07142859239860434,0.07142857980138952,0.5713182899017457,0.07143269001274002,0.07153465841705549
0.0178849046121022,0.5472199679962465,0.01787197970954648,0.3632546444869072,0.017959885474900086,0.017901818958098052,0.017906798762199354
0.035738949004555653,0.03577321040955687,0.036015211847912024,0.03571428978761931,0.03584612202793789,0.7850072857624522,0.03590493115996616
0.02865367260822763,0.028598839231043442,0.02862883739869465,0.028573024142335354,0.37559840133874023,0.48126870678585804,0.028678518495100534
0.028571436492551974,0.02859748877989098,0.028654282290962067,0.028571431295685165,0.8283740418512978,0.028629390889995818,0.028601928399616273
0.03571429560396376,0.035725564874807755,0.035938199985803894,0.035714289082212816,0.03576557403030294,0.03579113339613009,0.7853509430267787
0.02053255977180926,0.17455435184192586,0.0204275028761484,0.020408168554487124,0.5525202940463931,0.19113455377691277,0.020422569132323286
0.008427580318441853,0.008439843941695405,0.008440852521258889,0.008431250110378862,0.2219096626778587,0.452023992657933,0.29232681777243325
0.047759090932320176,0.04761905616921683,0.04761905629246473,0.04761905082481379,0.4875361742948663,0.04761905522133347,0.2742285162649847
0.008430353315988123,0.008416342130300188,0.43655335748,0.24990286292751424,0.2797857513872393,0.008452534319887291,0.008458798439070752
0.04789909620977893,0.04770994068664509,0.047619096262828134,0.047619067859801203,0.047655449150215155,0.7137608071912608,0.04773654263947068
0.028587543718077327,0.0285714315631539,0.02857143141958623,0.0285727396582243,0.028625995797072538,0.028574147429309794,0.828496710414576
0.017921901961787338,0.01788159408755074,0.18648088301576593,0.01786114090229514,0.7240150027030894,0.017891844037198713,0.017947633292312803
0.03580309026560569,0.0357580036554224,0.03576873047460938,0.03571428905084103,0.7854420090576862,0.035767032245643426,0.03574684525019184
0.008423850458475214,0.008411663566239867,0.3831324941835948,0.07120667279347284,0.218801713129297,0.30160079111490906,0.008422814754011236
0.37110476469940795,0.028571437619776104,0.02860947943043386,0.028571431964264857,0.028893228340660562,0.028598765867727128,0.4856508920777296
0.020418999474648796,0.2952618501949302,0.020454843354876167,0.020429943861556676,0.21699512105437463,0.020427082702285004,0.40601215935732854
0.2432323835233627,0.6133716409446457,0.028671986224802017,0.028716353173454886,0.028672215980451055,0.02872469021942145,0.02861072993386213
0.047647598451159054,0.047625324360488754,0.047619050042669676,0.04761904850103453,0.047667654315729405,0.047619049700334856,0.7142022746285838
0.017931250311568794,0.41822791196250975,0.49232140411778375,0.017874881031753147,0.0178765947616109,0.017901759919995684,0.01786619789477806
0.010239846162355334,0.6535689173166178,0.2179277720597772,0.010256806851998791,0.08753281723570508,0.010242002106022214,0.01023183826752354
0.028602466022763198,0.028588703996639077,0.02861336711381793,0.5811361452465951,0.02862012496245729,0.2757490880256926,0.028690104632034894
0.07161443621832689,0.07159716882011927,0.07142860880599125,0.07142858633448904,0.5710739899870974,0.07142860641234182,0.0714286034216343
0.015899651436422503,0.015873019341877476,0.01593656583266546,0.015873498509558773,0.29355425103796656,0.01587528312943398,0.6269877307120753
0.010998020180885412,0.011032811539167907,0.011088133861582373,0.010989399421833385,0.6699926494672436,0.011004077217627462,0.27489490831165986
0.047885493530175224,0.04761905395714709,0.04772184285430867,0.04761905755992812,0.047705449185446426,0.047694713360542894,0.7137543895524515
0.02057155553448651,0.020644746419716302,0.020431647980748695,0.0204088615504574,0.8770973536968466,0.020431176845668784,0.020414657972075683
0.10276084344520513,0.007962043991004399,0.007964129981632245,0.007961594750764616,0.00797272765572542,0.007962929502342902,0.8574157306733253
0.01790674056669288,0.25448949953153027,0.01791079465182962,0.017857892867088332,0.21133737867008187,0.46256583725119504,0.017931856461581835
0.19868314539642307,0.32893726795311007,0.0057182352692125744,0.00575647064121014,0.005722038336079579,0.44946598217736705,0.005716860226597379
0.013069857988167202,0.12199723824624407,0.32409082644550014,0.013025604282525343,0.013003943132867795,0.013039329901161719,0.5017732000035338
0.48124699300398005,0.011912387301598418,0.011908048418275623,0.011904777876550907,0.4591736240526201,0.011936256910835427,0.011917912436139547
0.047763334241294385,0.38062910780982856,0.047720745097205995,0.04761905663461639,0.04780900003828668,0.04772608295509747,0.38073267322367044
0.01100355610789935,0.0109916767091679,0.010990393788503196,0.01098901642666482,0.011026489224786207,0.011030253734861961,0.9339686140081166
0.047631327343497405,0.047619557679092116,0.047619060967817595,0.047619165105309134,0.04772260157305605,0.7140332214778405,0.04775506585338718
0.5709577759448563,0.07142858228304912,0.07147315812203255,0.07142857551511878,0.07156750358921764,0.07171582437160996,0.07142858017411569
0.0357415871370422,0.035749246297501244,0.03572749643741943,0.035765815277696,0.7853503538279533,0.035942327899254896,0.0357231731231329
0.14285714285714288,0.14285714285714288,0.14285714285714288,0.14285714285714288,0.14285714285714288,0.14285714285714288,0.14285714285714288
0.04761906708472083,0.04762562797526965,0.04761963582410399,0.7142767393894871,0.04761905716272771,0.047620810627031475,0.04761906193665924
0.03571430259642154,0.03572561437054994,0.035720496290149874,0.7856966954210918,0.035714293897471654,0.03571429941546529,0.03571429800884996
0.020416907519143268,0.020425625437328957,0.020418001294337483,0.877481422643796,0.020422478568912224,0.02041823641638453,0.020417328120097528
0.03572985101827388,0.0357223230470235,0.03577210090442816,0.03574077663696653,0.035912643870170194,0.7854080093959482,0.03571429512718942
0.01432755829045968,0.014314270086600559,0.6885920059346321,0.11477534252478756,0.1393125026693431,0.014330390876435091,0.014347929617741914
0.035752992342015594,0.03577128076588877,0.03574252117235318,0.7855674207388149,0.03571429505395105,0.03571430104313166,0.03573718888384487
0.07142859762016804,0.07142860748890993,0.07142859478563514,0.07142858041411786,0.571428435891241,0.071428592768292,0.07142859103163603
0.03577972267201694,0.03572555959660387,0.0357290159464037,0.03571429164065282,0.7854116593473784,0.035859328002722374,0.035780422794221715
0.4115329038005839,0.04761905545811341,0.35021352539604306,0.04761905057247004,0.04769997433202262,0.04761905458936964,0.047696435851397254
0.017920509174538034,0.01788690287339752,0.01789451817264798,0.017899078715096557,0.01793936250532881,0.579252671886701,0.33120695667229
0.020434935889401484,0.020434592379826824,0.020478322474093327,0.020410359068559564,0.02046156952282882,0.8773545761382702,0.020425644527019837
0.18900637862062813,0.005303063859030034,0.005298732930052598,0.11638043383796898,0.46071049683523224,0.2179996920926332,0.005301201824454875
0.07142859578387502,0.07142859368458994,0.07142859239860434,0.07142857980138952,0.5713182899017457,0.07143269001274002,0.07153465841705549
0.1745768397356517,0.2621954685934016,0.005969489057355965,0.38567957719744017,0.005972118291471924,0.005962248048196954,0.1596442590764818
0.028571457438521505,0.028597161044021418,0.028615414842551562,0.42844449538807294,0.4284933019472409,0.02866362713387521,0.028614542205716357
0.14285714285714288,0.14285714285714288,0.14285714285714288,0.14285714285714288,0.14285714285714288,0.14285714285714288,0.14285714285714288
0.013024190542754577,0.14859186105684438,0.5156158309577862,0.013026651099950591,0.16429662758605332,0.013034868731762428,0.1324099700248485
0.010232230651710495,0.010303717331470048,0.010216077413084413,0.09007139569357857,0.3269981121110115,0.3108164637483511,0.24136200305079386
0.01789916112684585,0.017955249513511254,0.017891206327314255,0.017876333982685903,0.01788382987808158,0.017931165888703162,0.892563053282858
0.07142859318719043,0.07142859116001216,0.5713827508584735,0.07147430632361233,0.07142858208645968,0.07142858880256807,0.07142858758168388
0.07151525257914229,0.07142858328439788,0.07142858274305357,0.07142857588791564,0.07142857780022553,0.5711289363758362,0.07164149132942885
0.015912466511535925,0.01588823400350398,0.16220207677600826,0.015874834712091338,0.5053391520267252,0.2687942419249606,0.015988994045174808
0.005331201496895062,0.24170263024009114,0.28275158967113284,0.005300614160753999,0.005326018420344384,0.2864244523120354,0.17316349369874712
0.01589683646742735,0.1505482641980912,0.015892129396406652,0.5425384687791389,0.015948771177109855,0.24328152500476874,0.01589400497705735
0.008439961139466963,0.008417776702520622,0.4425326899151622,0.12681499076177302,0.39691080498077197,0.008448682567564736,0.008435093932740313
0.02384267472457806,0.023843458793370853,0.023858431608096534,0.19041981169013178,0.690251012196767,0.023913317975744388,0.02387129301131141
0.44798531878774167,0.007947256182468694,0.09503753344199227,0.007937537103393396,0.4251183969333523,0.008001117647645413,0.007972839903406246
0.07142860508722786,0.07166938355880254,0.571030441560073,0.07158578872960816,0.07142858738543521,0.07142859776882526,0.07142859591002801
0.5966253319981532,0.01592016475224423,0.01588824362231837,0.016078331500744746,0.015899042481158,0.015900562565896427,0.3236883230794852
0.01804087806022203,0.017859799096006043,0.0179193487223808,0.01785759701928199,0.017881888553553764,0.017894649346018594,0.8925458392025367
0.3416660413701545,0.017872039849828103,0.01787017710621655,0.41860870781662063,0.017906241328532756,0.16818875025015612,0.017888042278491383
0.006506422668206869,0.006495318389160236,0.0065129747682622615,0.006503775671817392,0.35456144843976656,0.2745849354085055,0.3448351246542813
0.0714825638599361,0.07142858729713865,0.07142858641222452,0.07142857735125055,0.07143376515365926,0.5713693357264729,0.07142858419931822
0.14285714285714288,0.14285714285714288,0.14285714285714288,0.14285714285714288,0.14285714285714288,0.14285714285714288,0.14285714285714288
0.04784747431944188,0.04823889786522147,0.7133378960250087,0.047718219377060916,0.04761907211273227,0.04761935573023616,0.04761908457029853
0.07142858682065062,0.0714960923057994,0.5713443833275458,0.07142857689878526,0.07144519405591743,0.07142858388666225,0.07142858270463927
0.7850018186274588,0.035989276257095276,0.03571429649634747,0.035741718119204006,0.03579333645029654,0.03595402008702279,0.03580553396257512
0.27742722494435584,0.010993315837230795,0.01101867838581729,0.011032228442378956,0.5209806317877216,0.011002013678739361,0.15754590692375608
0.14285714285714288,0.14285714285714288,0.14285714285714288,0.14285714285714288,0.14285714285714288,0.14285714285714288,0.14285714285714288
0.047619069626237895,0.047619067555646065,0.04782057975301234,0.047619055144251056,0.04761905844747385,0.04796638400470598,0.7137367854686729
0.035930575427399955,0.035890898633815886,0.7850562551856837,0.03571429323631971,0.03572837876445442,0.03580099615876379,0.035878602593562646
0.3979306757662642,0.3413964674051643,0.013005935641244798,0.2085699117405957,0.013071476546157689,0.013018471380545798,0.013007061520027514
0.14285714285714288,0.14285714285714288,0.14285714285714288,0.14285714285714288,0.14285714285714288,0.14285714285714288,0.14285714285714288
0.27055133989159985,0.02858122188449789,0.0285714388630173,0.028571432622438053,0.02859432533144664,0.028673544599681123,0.586456696807319
0.04761905277776162,0.047619052372886245,0.047619052245550096,0.047619049427396705,0.04764326221422,0.04761905180855271,0.7142614791536326
0.011935684962553116,0.01193564015500762,0.011915744992692783,0.011904841669761648,0.6106630199305833,0.32969685860400555,0.011948209685396099
0.017933494805616113,0.017857148635444173,0.01787526114766626,0.017862739679417105,0.4575981855965539,0.017871331532294824,0.45300183860300763
0.8771509978025432,0.020437978261342412,0.020408945479913863,0.02055860516328251,0.020494362628233835,0.020417629355482463,0.020531481309201734
0.3809586849718696,0.047619072582453265,0.04761907164755978,0.04761905704124799,0.04761906108999313,0.047692825272852436,0.38087222739402377
0.01302152856990336,0.013005440376088357,0.01303240473766541,0.013032952520330059,0.33569706657542003,0.599184534226442,0.013026072994150747
0.02857146238275438,0.028586919545267916,0.028587383039266688,0.34395580413808835,0.5127294031803227,0.02863225393717332,0.02893677377712663
0.014318120609975383,0.29403440102567974,0.014289913436762811,0.4729612425745881,0.014352931739844883,0.1757467397997551,0.014296650813394035
0.011925115376638153,0.012001461197816168,0.4593580537155787,0.011904764468399628,0.011936633994698215,0.011952574283039643,0.4809213969638294
0.04761905176022505,0.04762561848039097,0.04761962259685444,0.7142768086233909,0.04761904964481618,0.04762079823581918,0.047619050658503366
0.14285714285714288,0.14285714285714288,0.14285714285714288,0.14285714285714288,0.14285714285714288,0.14285714285714288,0.14285714285714288
0.028775531808665693,0.02857144211955058,0.028646389981817035,0.028572986467408072,0.6166259517788438,0.24022973394197705,0.02857796390173757
0.023847724254044914,0.023897148993195606,0.4990521765065733,0.02390206405157706,0.023896548750484057,0.38156864051596934,0.023835696928155674
0.010999234483057337,0.010991786010974587,0.011020053716190643,0.010989040395334852,0.7175726959101175,0.011025081139417749,0.22740210834490754
0.07149954248852157,0.07142858397663189,0.07143015461495414,0.07142857615599306,0.5713559784602631,0.0714285826619162,0.07142858164172007
0.047652852519555915,0.04761905367253983,0.047644619224860595,0.047623336821575796,0.7141764963660172,0.0476465589569238,0.04763708243852679
0.04782356622950005,0.04761906173843513,0.04761906111895852,0.04761905292447947,0.7140811389028208,0.04761906012660006,0.04761905895920589
0.07160965083635687,0.07160725904914506,0.5709011369242945,0.07144324176550829,0.07142857667303089,0.0715367916226441,0.07147334312902019
0.07142860881876051,0.0714286065696953,0.07142860372543522,0.07142858422273458,0.07142858972854035,0.5714284081254292,0.07142859880940496
0.04769606768971119,0.047665354757423666,0.04780940936371826,0.04761905446468567,0.7139047706295935,0.0476862807227335,0.047619062372134355
0.07153363065007658,0.0714286140734775,0.07168538882031736,0.07142858749318444,0.07157585946340828,0.5706730667143087,0.07167485278522712
0.047619066560712305,0.04773407852909951,0.04761906393315026,0.3807752201071575,0.38082811760120333,0.04780539162363782,0.04761906164503922
0.047619057725650546,0.04761905784542673,0.047619056401920476,0.7142546968667652,0.04761905258346465,0.047650023482854756,0.047619055093917735
0.0476190914068499,0.7128849645613089,0.04824590999457986,0.047689009527229646,0.047865695770435514,0.048076252317779664,0.04761907642181634
0.2856902687141206,0.035835548841470034,0.03571432545690074,0.03571430146356912,0.298232550900287,0.035839721049563456,0.272973283574089
0.14285714285714288,0.14285714285714288,0.14285714285714288,0.14285714285714288,0.14285714285714288,0.14285714285714288,0.14285714285714288
0.07147602279292418,0.5710732200803318,0.07151716075133542,0.07161482840064855,0.07146066111101641,0.07142857383870269,0.0714295330250409
0.04761906118684891,0.04764319046699204,0.7139204295409679,0.047837163075103294,0.04764672011552097,0.047658631886549105,0.04767480372801777
0.07142857399679414,0.07142857378045277,0.07142857431825055,0.0714285723117788,0.07151661093166599,0.07142857351335427,0.5713405211477035
0.013016466043486889,0.013068562838053166,0.648782467872097,0.013010421193663567,0.013044374395776877,0.01298883403777472,0.28608887361914775
0.07142859578387502,0.07142859368458994,0.07142859239860434,0.07142857980138952,0.5713182899017457,0.07143269001274002,0.07153465841705549
0.0715787736272684,0.07142858321754737,0.07174352206555219,0.07142857583374779,0.5708092085549845,0.07158183663306217,0.07142950006783752
0.07142861055617951,0.07155071467791616,0.07155442092700451,0.5706608929375564,0.07163597893755243,0.07167410506416028,0.07149527689963074
0.14285714285714288,0.14285714285714288,0.14285714285714288,0.14285714285714288,0.14285714285714288,0.14285714285714288,0.14285714285714288
0.14285714285714288,0.14285714285714288,0.14285714285714288,0.14285714285714288,0.14285714285714288,0.14285714285714288,0.14285714285714288
0.03592956255503073,0.03571458802163688,0.03573368559174027,0.0357143559309515,0.785234925470198,0.035933368197973915,0.03573951423246859
0.023835316829186985,0.023809533585745696,0.4601032205327765,0.023809527505190768,0.023922327498422356,0.02384284616493252,0.42067722788374506
0.047647598451159054,0.047625324360488754,0.047619050042669676,0.04761904850103453,0.047667654315729405,0.047619049700334856,0.7142022746285838
0.02041884808885198,0.020408182515512456,0.020426010725546954,0.020446078278996777,0.020507267481376622,0.020493069968583397,0.8773005429411318
0.07142858595889247,0.07142858471662424,0.07143787628315838,0.5714192090521404,0.071428578582082,0.07142858325792062,0.07142858214918194
0.028592418404393465,0.39607968550654776,0.4604365336313745,0.028611778068142787,0.028846602659194292,0.028773365553176534,0.028659616177170496
0.04763812249734948,0.04761905873822939,0.04766931692479256,0.047619051805303104,0.047626536754283424,0.04761905750522479,0.7142088557748173
0.0357142906037117,0.03575784923284126,0.03571429012733528,0.035714445823426505,0.035934961661109724,0.035714289652909535,0.785449872898666
0.04766844787949356,0.04761907568499419,0.04761907407642825,0.38092949075233057,0.04774952219985279,0.38078051819928377,0.04763387120761692
0.21648523131626685,0.007943032245364287,0.007955577130534732,0.23444755341409118,0.5172284821459816,0.007943513833637715,0.007996609914123506
0.015883761063449027,0.015889653043519223,0.01588078372034574,0.015873018677844544,0.3643582115437516,0.015939368407068666,0.5561752035440212
0.07142858742844964,0.0714285862504047,0.07175055914817748,0.07142857695142808,0.5709989353816258,0.07153580464954719,0.071428950190367
0.7134738166380533,0.04775745722639601,0.04805059320396007,0.04762954703835724,0.047637043966737604,0.047743103255983715,0.047708438670512006
0.023815250273970703,0.023809696569164776,0.6904058343196018,0.1904512512243165,0.023884842825831063,0.023816940970553604,0.023816183816561677
0.035714302999460316,0.03571430078931723,0.03571430074545108,0.7856101677072619,0.03572091870182883,0.03571429938492293,0.03581170967175778
0.02382792108781917,0.023809530932310655,0.023809530275298484,0.8571244310305252,0.023809527478385974,0.02380952985573574,0.023809529339924848
0.2853965968078859,0.0357143041434538,0.035873156072569565,0.5356628456860861,0.03589488859423303,0.03571429888771711,0.035743909808054565
0.017888036185825497,0.017861499425631467,0.01786817412341176,0.01785714501964389,0.7473104474562203,0.017870677046663983,0.1633440207426031
0.04779465497100014,0.0476834223103662,0.04761905768228664,0.04761905159151952,0.713941513131229,0.04769964741302364,0.0476426529005749
0.04779465497100014,0.0476834223103662,0.04761905768228664,0.04761905159151952,0.713941513131229,0.04769964741302364,0.0476426529005749
0.04761906460311149,0.047644675545741276,0.04761906229407372,0.04761905347651937,0.7142557847456759,0.047619061449579815,0.04762329788529842
0.035758911789662645,0.03573227458487654,0.03571429048341986,0.035714287617541425,0.7855238950211566,0.035735872015198705,0.03582046848814422
0.07150010370471255,0.07142860797555375,0.07142860597602477,0.07142858506066006,0.0715525341321318,0.07142860345725065,0.5712329596936665
0.02043274421130551,0.0204309772912283,0.6148896709940876,0.020408173861963325,0.020658985301614707,0.28273500318686995,0.020444445152930594
0.5111166269601787,0.028612390183221446,0.3456295566649169,0.02857143615644664,0.0286763213984258,0.028704058940575188,0.028689609696235303
0.028571443841432034,0.02860801528146525,0.22856746913760345,0.028571433826833675,0.6282102654694409,0.028613163560680575,0.02885820888254404
0.04786751012686777,0.0476190552648664,0.04770558798431392,0.047619050480833036,0.7138947798875842,0.04761905439363732,0.047674961861897354
0.0476190695190329,0.04774806206864765,0.047623243394161754,0.047619055111006295,0.3807214628930606,0.04771417781445786,0.3809549291996331
0.048134009108351125,0.04773741990953078,0.04769441419358254,0.04778402115393773,0.7134111039506411,0.04761997616185607,0.0476190555221006
0.01785803615095201,0.017865811915842956,0.017857144327713338,0.017857175118360713,0.01793329372626681,0.017863859106820208,0.892764679654044
0.023940930596735507,0.023809537713255426,0.02387140698708567,0.023809528305109028,0.0238504649626931,0.023809535327292988,0.8569085961078282
0.028585375311138934,0.02864257473109896,0.028571439197380106,0.8284737644272234,0.028580973079039246,0.028574435491486225,0.02857143776263309
0.5320177930406561,0.02042788836220584,0.020410005165680166,0.02040873255833854,0.0204503207097354,0.3658612072930762,0.0204240528703076
0.14285714285714288,0.14285714285714288,0.14285714285714288,0.14285714285714288,0.14285714285714288,0.14285714285714288,0.14285714285714288
0.7851251425987096,0.03577024025931847,0.035714335914031906,0.03579548631697631,0.03610034649773068,0.03573657019323071,0.035757878220002315
0.14285714285714288,0.14285714285714288,0.14285714285714288,0.14285714285714288,0.14285714285714288,0.14285714285714288,0.14285714285714288
0.004788128777165107,0.004767061038814007,0.004764689213734429,0.9713571641223532,0.004786453321422234,0.004767713912944744,0.004768789613566359
0.04763552975225506,0.04764905465767566,0.04761949365434144,0.04761917962691451,0.7141564776222757,0.04764064279418154,0.04767962189235618
0.02381784399862602,0.023818952371574033,0.02380984130558256,0.023809526102547836,0.8570360511538392,0.02383660552837059,0.023871179539459917
0.5188848336443717,0.010989097616584237,0.01099072419382223,0.010989369639516805,0.2423684877312149,0.011015236945437067,0.19476225022905305
0.07147288439498337,0.07143036201738119,0.07142857498987519,0.0714289769766555,0.07182484475741081,0.5708287234583487,0.07158563340534521
0.02381123397293939,0.023809533524313614,0.02385292245565685,0.02380952745971634,0.023928177510265634,0.023873614197483958,0.8569149908796243
0.01429805785249323,0.014312214416375701,0.014319205186174992,0.014285716275932548,0.2300861297403038,0.6983299951185081,0.014368681410211625
0.04766726601096948,0.04762652528440473,0.047663702404160214,0.047700628124360094,0.04763610864256493,0.04762813500632876,0.7140776345272117
0.047682734497619124,0.047757564054245055,0.04764167305755623,0.047621851123317564,0.047895756629610466,0.7137813644058629,0.04761905623178867
0.015918787304859253,0.015982396371390675,0.27738342876410765,0.015873538351134874,0.642866500238621,0.01592332026026331,0.016052028709623217
0.009552561109477537,0.009543627635887836,0.009543479858060193,0.009543208874271169,0.4581937242731556,0.49405010465313753,0.009573293596010108
0.015912377058353137,0.01589830603069142,0.01587747318262902,0.904365130516981,0.0159175755645821,0.01587302171953994,0.016156115927223276
0.047619075542363776,0.04761907249988636,0.04761907120131297,0.04761905703633985,0.047865760603809676,0.7139494484062087,0.04770851471007879
0.01593316550834068,0.43628715882008046,0.015900843598453587,0.015912308738142728,0.015897659448894947,0.31418851766241684,0.18588034622367072
0.006813395731001975,0.959032818032122,0.006849874424329699,0.006821122289369831,0.006853685614584321,0.006813902651321241,0.006815201257270749
0.04778474417402734,0.04773569700220601,0.04766767674254602,0.047643127092401975,0.04767862039068563,0.04773007956003478,0.7137600550380983
0.02391783499247873,0.02381778018964183,0.023819767309112803,0.02381029340491983,0.856955650210586,0.023833835594596627,0.023844838298664173
0.017880085524577365,0.018019492586681868,0.2956469267257719,0.017905465916642247,0.6147748832940546,0.01790526965352709,0.017867876298744995
0.047619094307772176,0.047619610530515374,0.38072793158926005,0.0476197383507788,0.0478079449873644,0.3809865984211719,0.047619081813137384
0.07164254992500381,0.07142857739037434,0.07142910930250669,0.07142857365766922,0.5711864471319813,0.07145616628179396,0.07142857631067082
0.011113065913171918,0.18599410511811462,0.5856940526795127,0.011029250923055359,0.18415532370248783,0.010990556822815578,0.011023644840841833
0.017929115911247084,0.01791760610282173,0.01787250757560429,0.017857145741433256,0.6138337852644818,0.017873136978102812,0.29671670242630904
0.013030009013364952,0.013028137881775367,0.013017170510601883,0.0130149146205759,0.9218790685693006,0.013006901886039854,0.013023797518341509
0.0021489039024001687,0.1591650310330491,0.08647124253952314,0.6546359515280054,0.002141702548880717,0.0021485593087421234,0.09328860913939946
0.008430307305179815,0.008420922285949595,0.008406179402655438,0.008403529502641751,0.35885995542407856,0.23536681395631634,0.37211229212317853
0.7855173214700362,0.035738706215461574,0.035714298340167545,0.035873093254198275,0.03571429285965214,0.03571429753987862,0.03572799032060562
0.07142859445002353,0.0715531707913444,0.5712374354183462,0.07142857920256628,0.07142858256096661,0.07149504953078814,0.07142858804596493
0.03601681651698986,0.03571457820021712,0.03571428771737329,0.03571513491534376,0.7852731690562292,0.035826479288490386,0.03573953430535639
0.01795377443294435,0.01805599517427088,0.2862447064143325,0.01785737691818894,0.6239735814473719,0.018019894481378477,0.017894671131512933
0.07142860778789031,0.07142860427560903,0.07178494857008443,0.07142858379983054,0.5710478976646369,0.0714527598555395,0.07142859804640939
0.015933873470391085,0.32163433767943644,0.015906563471389374,0.12683756295752613,0.015917784138704975,0.01592354216586217,0.4878463361166899
0.028571456322054222,0.028657872234539132,0.02857404550243031,0.02857143661692091,0.8284410344848823,0.028609693430832,0.028574461408341113
0.023822816646891842,0.023872398382958345,0.023809532122698658,0.023814156346292154,0.02382487116803113,0.5835740588108698,0.2972821665222581
0.010303163312463219,0.010222516274716612,0.010207093889964805,0.9386316899083954,0.010214335059562972,0.010208126894300298,0.010213074660596833
0.01786053823789066,0.017858189102630522,0.017861756699630662,0.8928378354314456,0.017857147420580154,0.01785974668334789,0.017864786424474553
0.03573755191035939,0.035777143533624156,0.7856063846081337,0.035716201613635555,0.03571428852644805,0.03572831035416085,0.03572011945363837
0.7852158273730917,0.035714294882456005,0.03575613316199452,0.03572136545123809,0.03577680989161066,0.036094715436176775,0.03572085380343218
0.02383270273335851,0.023816102433674505,0.023812774192863664,0.8570909851383776,0.02381365577118545,0.023814487596678483,0.023819292133861747
0.020448097205050794,0.1668726152471821,0.020425071563514762,0.17058255179897208,0.580835466550903,0.020417396430335664,0.020418801204041555
0.02858498872265283,0.028717695026277267,0.827881638952934,0.02880418963286287,0.028780709759861328,0.02862947222946209,0.02860130567594943
0.028592314355511513,0.028586122158080866,0.028571438726607275,0.8285318377782103,0.028571434358335288,0.0285754147321573,0.02857143789109746
0.27252633242100316,0.03571430772967286,0.03581156575768835,0.2921175645808592,0.2921606118736258,0.03589281540827017,0.03577680222888053
0.0075206767517351225,0.12739857713472044,0.007521423936798806,0.834973048752158,0.007530315994405124,0.007533053970185753,0.007522903459996699
0.2788299902117584,0.023809537955498433,0.023926916516527078,0.023948203393868023,0.26155658900691636,0.023881413149870922,0.3640473497655608
0.5539685265967721,0.18696801601895574,0.020430533161314608,0.02045595801080511,0.17730035073031664,0.02042462213074664,0.020451993351089114
0.0030485170425967717,0.003045129336872235,0.0030431404215264727,0.19652355296448412,0.6381528641082355,0.15313199802073263,0.0030547981055523477
0.3548834693209231,0.01588558106164511,0.015887218434646796,0.015879186538195252,0.565630645297955,0.015908116197390607,0.015925783149243877
0.8925953789801665,0.01785716876988739,0.01790910012762823,0.01790839479592488,0.017939989840562987,0.017857153970667432,0.017932813515162595
0.035817169699141026,0.035730358691896114,0.03575617960344719,0.03571429055018961,0.7851549256684124,0.03573900326480858,0.0360880725221051
0.023822165763639488,0.023846932726260255,0.02385107532472578,0.02380952611965394,0.856934143876432,0.023831168687502877,0.023904987501785813
0.015928577457783585,0.015879622222833952,0.745956396522249,0.015873087387598492,0.1744975091419054,0.015964626181499422,0.015900181086130307
0.03596038487029409,0.03572621288901127,0.03571534677941622,0.2771751978944906,0.03574023344550782,0.5439473196988608,0.03573530442241919
0.015907166888618998,0.015890189550733565,0.015930166957563087,0.015873037878210313,0.2515746544890792,0.13965451054887978,0.5451702736869152
0.36076134619938255,0.011002160017939341,0.010992928944015283,0.010989012460333585,0.31129132265989706,0.01102798118360472,0.28393524853482743
0.5609404584934046,0.03571429946700458,0.03602323205271996,0.035714290926627694,0.26008647803590756,0.03571429810280256,0.03580694292153303
0.011958047418965901,0.011918532330780147,0.1146118662995473,0.011904789835842327,0.23044112008862017,0.6072344769307157,0.01193116709552841
0.009566383526268324,0.009528286704289037,0.009537316899515206,0.009524010846272359,0.009554250464600164,0.33907861816965906,0.6132111333893958
0.0715577002696479,0.07142857473367127,0.0714717281277556,0.0714898622132227,0.07144869533822805,0.5711748652280264,0.071428574089448
0.07161443621832689,0.07159716882011927,0.07142860880599125,0.07142858633448904,0.5710739899870974,0.07142860641234182,0.0714286034216343
0.017857150345979445,0.01786514364111055,0.0178708765736441,0.017858583502585623,0.3603047637350092,0.01789008070045539,0.5503534015012157
0.01190617669649425,0.011933381308799607,0.011910727836415742,0.9285141589674901,0.011904764710418103,0.011911344205224205,0.011919446275157956
0.02040817541578156,0.33878587182087505,0.02047998263221426,0.02041398983921457,0.02044619561178075,0.5590079972120251,0.020457787468108703
0.0205847409686521,0.02040816958355217,0.02041091400173208,0.020408165641735226,0.3238468724354204,0.30182837579019656,0.29251276157871153
0.0205847409686521,0.02040816958355217,0.02041091400173208,0.020408165641735226,0.3238468724354204,0.30182837579019656,0.29251276157871153
0.005112789669159599,0.0051068173296760526,0.005106306705911444,0.005102044564944618,0.525242819499885,0.3131097647829809,0.14121945744744233
0.04762652992255151,0.047656586037059086,0.04762492837037624,0.04761904903007331,0.04761978644734381,0.7142109172542939,0.04764220293830217
0.14285714285714288,0.14285714285714288,0.14285714285714288,0.14285714285714288,0.14285714285714288,0.14285714285714288,0.14285714285714288
0.01197299335092894,0.2755874963785436,0.011955874018969456,0.6646889646380921,0.01190754527289697,0.01194536340053817,0.011941762940030888
0.03576601429952753,0.7855791424076993,0.035714289113624,0.035797689069287195,0.03571428763737066,0.03571428889075775,0.035714288581733436
0.047619127088059245,0.04761912067738118,0.04761911615133416,0.04796495627669819,0.04761908671624757,0.71385717479552,0.04770141829475963
0.04761906341023552,0.04768002037220063,0.04761906114058833,0.04761905303331598,0.7139714622486574,0.04774889001283608,0.047742449782166116
0.5252243302021575,0.01590250509410404,0.01588487717985443,0.015908585652180847,0.1352032985447453,0.2759614188019447,0.01591498452501315
0.7665725058896651,0.014323410462942422,0.014304677698649786,0.014289770321366727,0.16183442626114478,0.014350418495709052,0.014324790870522257
0.5213959727606128,0.035826532925905895,0.03597497913662998,0.2995613843532981,0.035722038198262564,0.0357720953670318,0.035746997258258716
0.14285714285714288,0.14285714285714288,0.14285714285714288,0.14285714285714288,0.14285714285714288,0.14285714285714288,0.14285714285714288
0.04771453886372142,0.047650075708912686,0.04761906657717486,0.04761905490268318,0.7138339546384134,0.047714994151263096,0.047848315157831445
0.01786159923850487,0.017857734727443356,0.017860662445858683,0.017857593544141306,0.01799254548251218,0.01786212640669657,0.8927077381548431
0.14285714285714288,0.14285714285714288,0.14285714285714288,0.14285714285714288,0.14285714285714288,0.14285714285714288,0.14285714285714288
0.023845805331591304,0.02380953038846353,0.023815636379091433,0.02380952627291925,0.023815314062927386,0.8570870608793081,0.02381712668569901
0.42772218978662474,0.023811605325989214,0.45300718849974175,0.023896915215760074,0.02384150667882949,0.02391105390568794,0.02380954058736673
0.011921787480186297,0.011906816915635287,0.011908165097936236,0.5982463838589037,0.10050643390339913,0.011920210356905728,0.2535902023870336
0.023842508092394066,0.2770148240303809,0.023815659231933666,0.19044418635925955,0.02381632071310797,0.43712355428912925,0.023942947283794556
0.42471720350866493,0.04765218392123808,0.047619077600425885,0.047693641636686726,0.04761906250307563,0.04762351585943001,0.3370753149704788
0.023866688626692185,0.023829379648252123,0.1901996800040669,0.023812567056664728,0.6906361592821902,0.0238145538928847,0.023840971489249158
0.013087073082404338,0.012997490567235797,0.6180830700987971,0.013053609918236028,0.31668890144665773,0.013031546535484799,0.013058308351184041
0.04773334380041851,0.04770499025344364,0.38074435499784126,0.04762464361756489,0.38091885594544284,0.04761907999012293,0.047654731395165975
0.03571430062311222,0.7856176982242838,0.03574990712273633,0.03571429091686286,0.0357302270821908,0.03575927933899303,0.03571429669182086
0.57135950286905,0.07142858356196721,0.07142858292530939,0.071428575994841,0.0714285779735951,0.07147159467894802,0.07145458199628942
0.04761905851980046,0.04761905737557126,0.04761905695428902,0.04761905129708049,0.3806916736421953,0.047880501475768056,0.3809516007352953
0.03577589184579483,0.03578366190456079,0.4411816826537105,0.03599536036644627,0.035776138197801496,0.3796570671955764,0.03583019783610978
0.4841099910553947,0.3030890383341429,0.00511981946332567,0.12599468654796472,0.005110432389772031,0.005123857007476318,0.07145217520192351
0.07142860797893787,0.07142860570677606,0.07142860280158843,0.07142858384991192,0.5711758184674273,0.07162782366519704,0.07148195753016151
0.014327026107346414,0.014338356855905596,0.5065214561128676,0.014361082753680478,0.014407521593218724,0.421740687116635,0.014303869460346287
0.03575834616270787,0.03571805923733397,0.5305546199400324,0.03571428879245172,0.2907458438932847,0.035744439915051975,0.035764402059137446
0.14285714285714288,0.14285714285714288,0.14285714285714288,0.14285714285714288,0.14285714285714288,0.14285714285714288,0.14285714285714288
0.03633768940214809,0.035794264521249654,0.03571433457200176,0.7849257385057408,0.03573004626854489,0.0357143154794487,0.035783611250866244
0.028663491257808746,0.028571728961480997,0.028571441343020847,0.02857143401616913,0.30434486551234763,0.028585942371072332,0.5526910965381004
0.023815915969419617,0.023823072593513153,0.02398154065324911,0.02380952932506714,0.023850241559399323,0.1904719649643876,0.6902477349349642
0.014473316722017337,0.014307938566630245,0.014285722235751188,0.014285717442114843,0.18792983709318706,0.014302200719745358,0.740415267220554
0.028571438036558015,0.02857143704953992,0.02858168656066074,0.028571431767809838,0.028770921688873068,0.02858595987166791,0.8283471250248906
0.023815553475511307,0.02382078708470016,0.023813113254482668,0.023810293088033455,0.857042652478499,0.023816717521494564,0.02388088309727886
0.020408174730234274,0.02042795789314727,0.3854835204295115,0.020408167183186998,0.020439633275526087,0.19059126908684357,0.34224127740155025
0.03571430956569579,0.035784574030126345,0.03573859955182524,0.03571429420940473,0.03591810357111263,0.03576094484054762,0.7853691742312877
0.014473316722017337,0.014307938566630245,0.014285722235751188,0.014285717442114843,0.18792983709318706,0.014302200719745358,0.740415267220554
0.020453739638648664,0.020415202582181123,0.020557318051848288,0.020483054025146646,0.8771210754919485,0.020436877208112793,0.020532733002113928
0.020451414533840043,0.23915954545848558,0.020495535285506,0.020481489639408455,0.020522505558360507,0.6583165839135727,0.020572925610826753
0.07164798816976457,0.570931902693916,0.07142858514441848,0.07142857678059021,0.07154492944886064,0.0715894347253434,0.07142858303710665
0.01192248296099823,0.011930111799405254,0.011989971298999955,0.011930699470400968,0.3315172251714582,0.6087509261896287,0.011958583109108818
0.0357500851408828,0.7852496571957888,0.036034900520811985,0.035728833651342246,0.035714292924715355,0.03580793464930548,0.03571429591715333
0.5666431142508558,0.020575835087696562,0.02045179759988359,0.020408166498307897,0.02043437552174881,0.02044608490231084,0.33104062613919666
0.0716177894077675,0.07142857717598818,0.5711060028738455,0.07142857358525288,0.07147882954351674,0.07142857646708922,0.07151165094654006
0.07149683563614173,0.07142862775096313,0.07161469414549099,0.07142859268106003,0.07142860202495992,0.07142862235874635,0.571174025402638
0.8163932296345068,0.01201405073891115,0.12386408473333518,0.01190476496299234,0.011932225907332273,0.011933947033203886,0.01195769698971843
0.0714286315104551,0.07144229015057897,0.07142862311524384,0.5714146082803073,0.07142860147484656,0.0714286288614046,0.07142861660716356
0.02386059205803953,0.023822155342383876,0.023933709008259772,0.0238192156639646,0.02383739533340825,0.023810564348463705,0.8569163682454802
0.01430377505826613,0.014293867510513073,0.3225096418830162,0.014285890704019331,0.45517430370552,0.16511390815940435,0.014318612979261016
0.14285714285714288,0.14285714285714288,0.14285714285714288,0.14285714285714288,0.14285714285714288,0.14285714285714288,0.14285714285714288
0.03572739156952893,0.035746567245506525,0.03576319125548238,0.035883751016225394,0.03577496708811115,0.785372857835623,0.03573127398952261
0.01194017497392692,0.011918358236063704,0.011916146875781786,0.011904912360490736,0.928475660075798,0.011913831500779144,0.011930915977159834
0.07165004862773922,0.07142859196388411,0.5711598943817028,0.07142857908688821,0.0714285824288801,0.0714285894425405,0.07147571406836513
0.01803061222338594,0.6716426678811416,0.017897077139477642,0.017859874929703607,0.23880794828793636,0.017858901581845665,0.01790291795650914
0.0714286442675527,0.07142863797592583,0.0714286351665895,0.5714282200788,0.07142860750994068,0.07142863013392767,0.07142862486726378
0.04784071341751515,0.047619063947876336,0.04800081444827787,0.047619053743531516,0.04772487773401799,0.047795748232024364,0.7133997284767568
0.03571428921591136,0.035716384470851535,0.0357234141891503,0.03571468131838575,0.7852868598527903,0.035765050938677705,0.03607932001423306
0.02384649649997923,0.02382508729739774,0.023948694476257623,0.023809565709282915,0.4403695045031411,0.4403511103847766,0.0238495411291648
0.02859638554084133,0.028674358434182052,0.02871433917842699,0.028571442298050125,0.6153232966731863,0.02861990974900828,0.24150026812630493
0.07142857399679414,0.07142857378045277,0.07142857431825055,0.0714285723117788,0.07151661093166599,0.07142857351335427,0.5713405211477035
0.14285714285714288,0.14285714285714288,0.14285714285714288,0.14285714285714288,0.14285714285714288,0.14285714285714288,0.14285714285714288
0.07142858535053552,0.07142880315997702,0.5714282930817849,0.07142857612741946,0.07142857816903496,0.07142858257936036,0.07142858153188782
0.02861466756765403,0.02859937970355798,0.0285950909601598,0.028571429950056317,0.8282390960393501,0.028583458742363847,0.028796877036857987
0.02386809812605339,0.02385945432006903,0.0238365587268236,0.02380952584324213,0.02383155376102778,0.023940912667378654,0.8568538965554053
0.02875282000854868,0.02867701050458718,0.028655249689870845,0.028571431868832157,0.02874310862912442,0.8279891258715749,0.028611253427462006
0.020495730389327303,0.02041888361019908,0.2843427463695806,0.020408166779569772,0.02049217596706666,0.31676415494303756,0.31707814194121897
0.023824315032379858,0.02382271555871954,0.023809527561742306,0.023809543419998212,0.856970184844227,0.023821956212369034,0.023941757370563945
0.07142859320183201,0.07142859135821966,0.07142859049311932,0.07142857891954811,0.07149379747873669,0.5713632610241349,0.0714285875244094
0.3027699781529131,0.003257318064198812,0.0032507382125873375,0.23171659006988068,0.1305184881537352,0.32522776133392467,0.0032591260127602596
0.03573845469082325,0.035714291770817114,0.03578128076898183,0.03571428795027284,0.7855321551316674,0.03578036239380878,0.03573916729362868
0.07142861593710474,0.07142861200044255,0.0719264440424432,0.071428586763326,0.071428593767121,0.5709305427348759,0.07142860475468667
0.04766063200149079,0.04765023979463685,0.047619063899840684,0.04761905408878398,0.04773536621587197,0.7140965824959572,0.047619061503418394
0.02869917015582271,0.028712838972789468,0.028576265945154382,0.028580768476691304,0.43541608707793555,0.42140432217761864,0.028610547193987985
0.017979111211361302,0.017881934649529835,0.017935231422764895,0.3826480890134718,0.01788918581251041,0.5277891007406026,0.01787734714975913
0.04765231262153756,0.04770379301190951,0.047678632129934395,0.04761905775852233,0.7139145886848264,0.047716342597149526,0.04771527319612033
0.04769663013886606,0.04761907947526762,0.04761907758374498,0.7142080004236586,0.04761906435601499,0.047619075262412804,0.04761907276003486
0.028571453499274535,0.02857545102007123,0.02857145030298396,0.6274600849857784,0.229669781505518,0.0285803316660353,0.028571447020338293
0.07142858222566945,0.07163254772967322,0.07142858071704981,0.07142857512911796,0.5712057472965086,0.07144738743132056,0.07142857947066034
0.37228072532777723,0.017864605880524857,0.298492943094473,0.01785943832389384,0.017933862948262273,0.2576312168563797,0.017937207568689002
0.035742573945464616,0.03586897167711346,0.035714305826883674,0.03574530772957844,0.035757006635003065,0.5091994903183611,0.3119723438675956
0.020408767624355603,0.020412345749592584,0.020414961509641217,0.877538090092509,0.02040922938461575,0.020408439750603614,0.02040816588868204
0.017880629792783098,0.01788161657886078,0.2440850962479227,0.2655899340634749,0.017875840094273798,0.4187864047696011,0.01790047845308358
0.3411674441928298,0.028577680041935043,0.515763826210345,0.028637181059167988,0.028585970822058798,0.028587826413707235,0.02868007125995597
0.010273849428277757,0.5083867978755612,0.010220030768005577,0.01022525078986522,0.44042410522315323,0.010237674368253024,0.010232291546883961
0.015897815778608267,0.14086545905154807,0.015895089977429194,0.12862932520027723,0.01589896789527486,0.015878680315844704,0.6669346617810177
0.047649233633424735,0.047663628675966865,0.047811265138855176,0.04761915188977497,0.7140185858703453,0.04761906846582718,0.047619066325805884
0.271821087209283,0.02862221955002513,0.028618467245602214,0.028571539440144074,0.22842775474794894,0.028594932205279155,0.3853439996017175
0.03579156102120444,0.03572778767955287,0.16310149962854756,0.03571429178638291,0.03596097088278753,0.6579039790176745,0.03579990998385021
0.035828315319142524,0.035761034746671104,0.03571431654109269,0.03571429859263278,0.03600544940550485,0.03578304257573331,0.7851935428192228
0.5714285489541683,0.07142857637349617,0.07142857609248235,0.07142857328412007,0.07142857408631001,0.07142857580260567,0.07142857540681744
0.03577151507524682,0.03571498356919819,0.035734249308108396,0.03585772412871499,0.035891631608970305,0.035930983434884045,0.7850989128748773
0.014310825052179309,0.014285845755067006,0.01437865414832416,0.014285717637811304,0.5164051882942091,0.15754052216412368,0.2687932469482855
0.07142860873290385,0.07142860521349621,0.07142860341110284,0.07142858414169521,0.07142858955728766,0.07142860149855255,0.5714284074449617
0.03574151926761388,0.03571430702153291,0.03572795775918876,0.5356004666946468,0.2857248463929136,0.03573512748559904,0.035755775378504905
0.14285714285714288,0.14285714285714288,0.14285714285714288,0.14285714285714288,0.14285714285714288,0.14285714285714288,0.14285714285714288
0.02383157760221374,0.023809532562228713,0.41510392718316763,0.02380952710015054,0.02384672009068035,0.02380953157932369,0.4657891838822352
0.1246220650125459,0.005511538341962781,0.005499048130949492,0.00550268715571313,0.5982282082027195,0.2551138360907899,0.00552261706531936
0.04761908745505831,0.047619083531376664,0.047686351279579424,0.047619061095194336,0.3809576507462765,0.047619079556021134,0.3808796863364936
0.04761907838937671,0.047619075847418514,0.047619074288891956,0.047623437812361835,0.04761906278045938,0.38094491256178264,0.38095535831970895
0.013066387118497792,0.012992974935668538,0.012989289861414548,0.9219347201806695,0.012987020507171251,0.013037456032118876,0.012992151364459697
0.07166076373507488,0.07142859875036252,0.5705096297495709,0.07142858157685045,0.07166173201077207,0.07142859556071793,0.07188209861665129
0.009031834846382484,0.00896948195120555,0.2465156514048406,0.6119499184901065,0.008936809134687735,0.008937428781814707,0.10565887539096253
0.008440558335694943,0.008474791827599956,0.008419039186835934,0.00841140989898785,0.2545330535561557,0.008422686605174956,0.7032984605895508
0.01789451307611125,0.017922968210572234,0.017884218503655333,0.017857145794365488,0.5448852118485115,0.018064992855838714,0.36549094971094565
0.03578582853000737,0.28546129575477375,0.035807318096035004,0.035768812565528045,0.3657938626436246,0.03571432144939016,0.20566856096064115
0.009567427789290426,0.00953585949321486,0.7844107277391529,0.009523998096986425,0.009562486255953332,0.009529997193816114,0.16786950343158602
0.02857143775201581,0.028572730631074125,0.028599834596023815,0.028571431743168,0.8284854885913331,0.028590648104942794,0.028608428581442514
0.07142857287301957,0.5713891709907003,0.07145649686784919,0.07143602133626951,0.07143259284696729,0.07142857258937915,0.07142857249581488
0.028685738827200723,0.028571568102067756,0.028600329525268444,0.028738090670292312,0.028618410668931407,0.8281329835742208,0.028652878632018545
0.7140590438684477,0.04761906523877709,0.04763759556606938,0.04772148276252694,0.04764458545821829,0.047677018142420945,0.047641208963539614
0.023847652857243117,0.023831735098300156,0.023933826376274035,0.023809528115914694,0.023815158431106084,0.023937698143756576,0.8568244009774054
0.028650553152316016,0.0286002738023722,0.3994536037663189,0.028573648126674362,0.4574620946075595,0.028655385697019062,0.02860444084773996
0.5712977264873194,0.07142857313904358,0.07142857304313852,0.07142857206791146,0.07155940947217196,0.0714285729409232,0.07142857284949199
0.023813434188373554,0.023839932845946737,0.44059496287963873,0.02380953049952184,0.44011133797450386,0.024021262077012266,0.023809539535003008
0.017910065444184737,0.017860708837580154,0.017863015728938555,0.01785985279408341,0.6783586387182055,0.23225462117440207,0.01789309730260558
0.011930059256658718,0.011911930152402389,0.011954273100097702,0.011904764885079988,0.5007496860533577,0.23413881378217122,0.21741047277023226
0.008422335903106863,0.008439518152075531,0.008413796087893222,0.008453469593446006,0.36864627587153104,0.3066942724659594,0.29093033192598794
0.04766384133449728,0.04761905869341646,0.0476652404703908,0.04761905172660522,0.04764477862420147,0.04781243585666988,0.7139755932942189
0.02382615418371494,0.023883523476067314,0.02400607215665661,0.023809626523053892,0.39478715514214086,0.485817975141407,0.02386949337695948
0.14285714285714288,0.14285714285714288,0.14285714285714288,0.14285714285714288,0.14285714285714288,0.14285714285714288,0.14285714285714288
0.014311630945409638,0.014316324191536998,0.014286697524068479,0.014317326164979468,0.01433336030589706,0.18452614581037932,0.7439085150577289
0.8280289624146597,0.028612271569631358,0.028720958895870122,0.02868604362031993,0.02857634731147095,0.02877972172317938,0.028595694464868694
0.023809530794457735,0.023849344927812443,0.02380953008718873,0.5238101486206279,0.24372844300634383,0.0238138702904165,0.13717913227315287
0.01193216150323507,0.011918320143835077,0.11720567237773721,0.10973383942964118,0.47254485020528847,0.26471772010313266,0.011947436237130253
0.03571430221724295,0.03572763426144392,0.03574539977791819,0.03613919513621409,0.7849408690400139,0.03597030608270652,0.03576229348446033
0.2304536210064426,0.015892424583870298,0.40798230564730625,0.29791190339585644,0.015964512523071402,0.015905935628416516,0.015889297215036492
0.7136375935359818,0.04776891101211727,0.04797048218571913,0.047634726701538815,0.04762922723369362,0.047696442798739976,0.047662616532209295
0.023877124058648704,0.023841330118725513,0.023866583606688797,0.02380952689331843,0.02393192573388547,0.023865136337628608,0.8568083732511045
0.495053010402507,0.023823772901981233,0.023899870314822304,0.02381862908991788,0.023875623765853733,0.023891017550072433,0.3856380759748454
0.007979198140875613,0.007979798572503591,0.7305889237955826,0.007950411299802744,0.0079526514892405,0.007941893730536309,0.22960712297145872
0.14803040806078382,0.013026112548829086,0.012989486888453397,0.6808906580747472,0.11904368763342367,0.013022377375816565,0.012997269417946385
0.02383250649740907,0.023957936803161918,0.6227373792807479,0.2580243386636556,0.023816539108821713,0.02381841858586843,0.023812881060335356
0.017916271673277993,0.017966320956413106,0.46249927078744707,0.44783066638545893,0.01801757512116593,0.017905294021667618,0.01786460105456939
0.19053268926021072,0.007939264613445372,0.007960723855318944,0.007938653056175438,0.4658131822665737,0.007950710405558786,0.311864776542717
0.003338125013634989,0.09596261291283616,0.003338834635253135,0.003338386179077247,0.19087811728552392,0.0033391959664984547,0.699804728007176
0.14285714285714288,0.14285714285714288,0.14285714285714288,0.14285714285714288,0.14285714285714288,0.14285714285714288,0.14285714285714288
0.0238193765417721,0.024030135302128913,0.02381825710896951,0.023809526095602458,0.02384481209735004,0.02383408041218558,0.8568438124419914
0.00895216208509221,0.1906688040475957,0.00895846540463882,0.12056901324881963,0.5397750176038008,0.008947466892200459,0.12212907071785246
0.03577653669762565,0.035733406428618476,0.03571478792338072,0.03571429014917489,0.785306075020286,0.035926805165789936,0.03582809861512432
0.04761907976555894,0.047684088730389346,0.047646691001583884,0.04761933363624226,0.04792086205691143,0.047665820753981965,0.713844124055332
0.020464256201383785,0.47136755491683185,0.020574154972858392,0.02040919538101386,0.42618882992502494,0.020524497838209543,0.020471510764677472
0.14285714285714288,0.14285714285714288,0.14285714285714288,0.14285714285714288,0.14285714285714288,0.14285714285714288,0.14285714285714288
0.014444513512082638,0.13620437175301905,0.014289422398473946,0.7921412914252647,0.014288631536457309,0.014285775590269736,0.01434599378443245
0.014285719628365843,0.014296815731222186,0.014285751791716867,0.9142744584548945,0.014285716833749582,0.014285819469055045,0.014285718090996092
0.013026457814833688,0.013000293998064091,0.012997099695410571,0.012987014284854888,0.9219587971062063,0.012998816199759896,0.013031520900870465
0.0357178773810885,0.03571440653946038,0.03571430106044216,0.5357041232101907,0.0357206794284821,0.03571461269372701,0.2857139996866091
0.04761908392722349,0.04761908023751885,0.04772034933884002,0.7141842636619835,0.0476190650597896,0.04761908380363071,0.04761907397101391
0.047636504598883786,0.047619056735722184,0.047619056193720574,0.7142621303442258,0.04761905249186062,0.04762514469260419,0.047619054942982755
0.3538229981476821,0.015879390274204135,0.015922207671585482,0.01603897215096119,0.5664048494005924,0.01593293179727381,0.015998650557700746
0.04761906237538968,0.047647739757447974,0.7134457272401644,0.04761905264746499,0.048064539708354455,0.047831738159902555,0.04777214011127583
0.15078059273569394,0.017898125745562838,0.017858951611948354,0.5800658416978213,0.017857149816442836,0.01786041995697604,0.1976789184355548
0.04763295011723851,0.04761905688572778,0.04761905642579096,0.047619051140544225,0.7139732170237063,0.047683178554392296,0.047853489852599955
0.14285714285714288,0.14285714285714288,0.14285714285714288,0.14285714285714288,0.14285714285714288,0.14285714285714288,0.14285714285714288
0.01799257733917365,0.7278579372569987,0.017916093664219694,0.017857146695715784,0.01794347148938732,0.017858781439679516,0.1825739921148254
0.48318420358096587,0.014327048798271154,0.4452400118971845,0.014287338056868519,0.014343471529230814,0.014295856386010766,0.014322069751468559
0.023829195523354052,0.023873724617108124,0.02386331902833446,0.023818573576255872,0.0238954461728562,0.024073126024869287,0.856646615057222
0.0479008144386609,0.047623521562158995,0.047638485473089895,0.047619892768870006,0.7138836206012045,0.04771460169289946,0.0476190634631163
0.02865025311075791,0.028674489893211412,0.028704909843914665,0.02857143425102301,0.02859250203161286,0.02872497951365346,0.8280814313558268
0.03573196894749215,0.03572836353382587,0.03573952220872871,0.03571513101242868,0.7855509759004481,0.0357603183378227,0.035773720059253764
0.8924261364614327,0.01787779368822429,0.017913369255583438,0.01785726344019476,0.01799010962256655,0.018051484094299613,0.017883843437698783
0.07142858595889247,0.07142858471662424,0.07143787628315838,0.5714192090521404,0.071428578582082,0.07142858325792062,0.07142858214918194
0.14285714285714288,0.14285714285714288,0.14285714285714288,0.14285714285714288,0.14285714285714288,0.14285714285714288,0.14285714285714288
0.012997841817653278,0.013010723447637571,0.012994887593800965,0.012987511245409986,0.9218374912915149,0.013129023778206076,0.013042520825777263
0.028597347035382203,0.028579897649419712,0.0285714385601536,0.02857143251533361,0.8284846378769035,0.028583981833258422,0.02861126452954879
0.00841487426301754,0.008414315429747184,0.008409309829074159,0.9495141206760891,0.008403522445845366,0.008406859063690287,0.008436998292536153
0.028571440284217757,0.028584232570207025,0.028576868931179545,0.8285417591520708,0.028571441593865737,0.028582820310512586,0.02857143715794645
0.017887530478831352,0.017877366678545295,0.017891031968536215,0.017859588880384296,0.017875714255291424,0.6017625347812471,0.30884623295716424
0.01789509973971619,0.18985299739686215,0.17556888138555146,0.5630229485935552,0.017890322071357222,0.017867227707798822,0.01790252310515894
0.0715787736272684,0.07142858321754737,0.07174352206555219,0.07142857583374779,0.5708092085549845,0.07158183663306217,0.07142950006783752
0.006809057544520708,0.006863991361668204,0.006866827688776673,0.05913658894398845,0.5918946252065715,0.006824087624423319,0.3216048216300512
0.009561602071912062,0.49413408985402,0.00953193704536348,0.2906354227544431,0.00954404562369526,0.1770219830694102,0.009570919581155893
0.02382091738308955,0.023855758487916864,0.023860973465005382,0.023809525332176246,0.8570059927793298,0.02381787859199178,0.023828953960490278
0.010223592032307341,0.29539968362275065,0.12302907777087613,0.08696136628061275,0.010240969102178204,0.10426667900734414,0.36987863218393074
0.014320873514839487,0.49400804422729544,0.01429489214296796,0.014321335105850338,0.014302544618562112,0.014289092456533408,0.43446321793395126
0.16353133217110197,0.007951452436421676,0.007974688816301756,0.2873952643811912,0.45666112124928815,0.06852850189133652,0.007957639054358723
0.19779186401493648,0.020414335390651586,0.02051629700760384,0.3060881313056134,0.02044606806279811,0.020506110198817904,0.41423719401957865
0.0357489335676881,0.03571430065390168,0.5351155421113273,0.03571429133764965,0.03625174177637083,0.28569241793411193,0.03576277261895053
0.047741589136911955,0.04773997111233907,0.36922391971980717,0.3923338444609817,0.04761905552513504,0.0476922785498783,0.04764934149494689
0.03573014827580663,0.03571429585678804,0.03579900008378106,0.035716307162621495,0.7852347240564962,0.035727213451152755,0.03607831111335382
0.04765285303958462,0.04761906575563708,0.04781946181998094,0.047623347261056985,0.7140015687828439,0.04764658823824999,0.047637115102646406
0.047619072317729876,0.38094935097487526,0.04779321837706043,0.04762401457191655,0.04772589067870897,0.3804232866594137,0.04786516642029531
0.07142859500286179,0.5713279824771008,0.0714285914838452,0.07142857945243104,0.07142858285108489,0.07142859036248828,0.07152907837018792
0.14285714285714288,0.14285714285714288,0.14285714285714288,0.14285714285714288,0.14285714285714288,0.14285714285714288,0.14285714285714288
0.8568933175104608,0.023813492032961354,0.02386926665510368,0.023814919031561063,0.023833161959409006,0.023837199571366877,0.023938643239137268
0.023859998251777186,0.023813858770410236,0.023973632879779754,0.023809525831539207,0.4764192065426549,0.02386675164184509,0.40425702608199354
0.01591225961721249,0.01590931963849628,0.015978298969384772,0.01587301775516027,0.637469367019335,0.28293983252897853,0.015917904471432497
0.02042223829233397,0.020409885749763764,0.020575345957352466,0.02040816944307135,0.8772166351542228,0.020423058859244028,0.020544666544011624
0.03577902455282336,0.03574172962706834,0.2856959923197466,0.5356170316208698,0.03571429495705743,0.03571430097888214,0.03573762594355233
0.07157913716283805,0.07174234785140647,0.07142860680951528,0.07145068869122903,0.07142906455517252,0.07142860360907625,0.5709415513207624
0.07142966433625303,0.07142857501274595,0.571421285485211,0.07142857278461272,0.0714285733610815,0.0714347546929243,0.07142857432717165
0.017879400952779487,0.01787422444306538,0.01787119204049887,0.017910832522917006,0.2051052899068855,0.017867225478088965,0.7054918346557647
0.028571433785751523,0.02857143331047355,0.028571433333286742,0.6285694764160314,0.028606645921524648,0.02857143279750047,0.22853814443543166
0.02388352513773698,0.023819295951413067,0.023847668719605183,0.02381025581241822,0.5760585955686246,0.024100677570913838,0.3044799812392881
0.004357057211902121,0.004340401688911783,0.004354776090254804,0.004329810782871261,0.6988299490885911,0.0043412886369412285,0.2794467165005277
0.7140830280687684,0.04767216832135209,0.04761906811811917,0.04761905571876454,0.04772040567582998,0.04766720901026088,0.04761906508690483
0.03573735589377585,0.03573003408528707,0.7854914296957067,0.03571428871948553,0.035723334858819684,0.03572291851085005,0.03588063823607522
0.028765733191707853,0.028571442063808537,0.02858391292631145,0.02857143369632134,0.6574072171964944,0.02857144061020848,0.19952882031514782
0.023900673516027895,0.02382222386742055,0.023817029506388084,0.02382016116215069,0.02387013484188924,0.5236474357923282,0.3571223413137954
0.04761905884575791,0.04772845986459214,0.04765827248319603,0.04761905145275642,0.04788784544204849,0.047719300310409225,0.7137680116012398
0.26995819379672553,0.028602600196704735,0.42858148696661297,0.028578954215913353,0.028686909950117086,0.028671066549249724,0.1869207883246768
0.304810023681377,0.023841932590196045,0.023831448117663447,0.19381368387926914,0.023888123196501375,0.023844302647535977,0.405970485887457
0.023822160117779597,0.024140005522133374,0.02381114088258898,0.023809528221003535,0.8564437174811428,0.024033424314432176,0.023940023460919436
0.7138649276703268,0.04770728322347847,0.047657798572381116,0.04762062336341301,0.04766686406999713,0.047760761770752856,0.04772174132965077
0.14285714285714288,0.14285714285714288,0.14285714285714288,0.14285714285714288,0.14285714285714288,0.14285714285714288,0.14285714285714288
0.02391487431732771,0.3461814757855163,0.2257954041379552,0.023833461502906644,0.023950184315095224,0.3324877004230808,0.023836899518118237
0.02885191426633092,0.25906541297252567,0.028618430312739886,0.02857143999817596,0.597626825580966,0.02861624825253823,0.028649728616723335
0.14285714285714288,0.14285714285714288,0.14285714285714288,0.14285714285714288,0.14285714285714288,0.14285714285714288,0.14285714285714288
0.14285714285714288,0.14285714285714288,0.14285714285714288,0.14285714285714288,0.14285714285714288,0.14285714285714288,0.14285714285714288
0.047671639945103636,0.04768173811114158,0.04821560760748861,0.04761905258736675,0.04771647705630939,0.7134290091148628,0.047666475577727234
0.01787695180960893,0.01785930345274631,0.017866701797678863,0.017858369103147007,0.4836642382824629,0.2149516327937529,0.229922802760603
0.02388593478808809,0.023825443453874662,0.023829911834401928,0.023812595905562384,0.29205719033472244,0.21367603888249911,0.3989128848008513
0.7606266465823806,0.0159293643310406,0.015916822148644632,0.01587935163042905,0.015893523100487455,0.01596349792499746,0.15979079428202014
0.14285714285714288,0.14285714285714288,0.14285714285714288,0.14285714285714288,0.14285714285714288,0.14285714285714288,0.14285714285714288
0.020442480615865125,0.020629290515141223,0.02047605557820391,0.020498821961644,0.020586748959546316,0.8769032531331558,0.020463349236443648
0.04795621528965717,0.04776841473365979,0.04761910370385767,0.04773170288461762,0.047824584534060036,0.04761907042193761,0.7134809084322101
0.03571429214622675,0.03571429151664389,0.78568964910106,0.035714287901497506,0.035725262510817445,0.035727926431033064,0.035714290392721317
0.028610267353209835,0.5436816894987124,0.028614319017170216,0.02857361015251017,0.028786017685253608,0.028610265653455553,0.3131238306396882
0.3877746482010246,0.04773123322249081,0.04761905494621739,0.3738999611867869,0.04766725319303284,0.04764988458748701,0.047657964662960385
0.03582620616697779,0.7854549881902064,0.035732095725181955,0.03577796979629734,0.035714301807141524,0.03577210229565617,0.03572233601853867
0.047619057987302066,0.0476468649156898,0.047628555433825305,0.047619152536791866,0.7142097253259415,0.04761905570177888,0.04765758809867056
0.03571433329723975,0.035786637417437206,0.035771252502385456,0.0358019372110308,0.5352373227752539,0.28597102481226516,0.03571749198438753
0.8277187937476636,0.028571454251820873,0.02863348459092433,0.02872974568979623,0.02857154149834718,0.02873551447347291,0.029039465747974787
0.047678443091000666,0.713738959599604,0.04770128250674984,0.04780046747363274,0.04779750270236481,0.04766428673713736,0.047619057889510576
0.047619060421416566,0.047822906603035294,0.7135025861542601,0.047957224570587945,0.0478420421860594,0.047637115877728044,0.04761906418691268
0.04765287357759868,0.04761905557426656,0.04763011659721739,0.04762333881237035,0.714158157667338,0.04764657247902536,0.047669885292183696
0.04011312483347762,0.004614141530250296,0.004626250414928362,0.004627579318119381,0.4524500779325922,0.1998814910435135,0.2936873349271187
0.5710804165550867,0.07166261008061406,0.07142859836417462,0.0714285820449522,0.07150578612338761,0.07142859638873304,0.07146541044305159
0.015893168467963348,0.015893368629743762,0.015919775443502055,0.015897313527957608,0.015894765233455017,0.015896816265765012,0.9046047924316133
0.03574810752167231,0.03580549112720472,0.28547754194313935,0.035714296108933744,0.03571430231530646,0.03584551230225244,0.5356947486814909
0.008432802847901422,0.00842963195213907,0.34129998322048705,0.008429191443801028,0.008449257235358219,0.5317734028868338,0.09318573041347927
0.04766865501809329,0.047619054486748635,0.04761905536055429,0.047743003939723604,0.04761905130043589,0.04761905368266149,0.7141121262117829
0.0714286231342452,0.07142861911478487,0.5710625545392379,0.07142858910484925,0.07179439056355998,0.07142861402672965,0.071428609516593
0.028576348728221842,0.028571749310105553,0.02887211556207486,0.028571433300040215,0.02866769352381631,0.028715731206522533,0.8280249283692187
0.14285714285714288,0.14285714285714288,0.14285714285714288,0.14285714285714288,0.14285714285714288,0.14285714285714288,0.14285714285714288
0.028732831087253906,0.028571437918660916,0.02857613768584351,0.02857143209482241,0.8282492220681913,0.028589210116749458,0.028709729028478514
0.02042288269067678,0.14998454158250538,0.02044009573028783,0.02045702342960932,0.3594884101097047,0.40878501768186093,0.020422028775355136
0.07142859578387502,0.07142859368458994,0.07142859239860434,0.07142857980138952,0.5713182899017457,0.07143269001274002,0.07153465841705549
0.03578767407575523,0.03581054051774317,0.03579240839912107,0.03572021717175599,0.421312301226656,0.03576442063983424,0.3998124379691344
0.07142862941042295,0.07142862449120482,0.07142862252547447,0.07142859136310722,0.5712543031313424,0.07160261448152626,0.07142861459692187
0.39600644618410635,0.013011679344573562,0.16465906167708322,0.013058964951138934,0.01305422256452797,0.013026386965282565,0.3871832383132875
0.9045058129800106,0.015875736798451362,0.01589929405882796,0.015873018652853937,0.01591018223608245,0.015980122534894753,0.015955832738878736
0.02875241136919071,0.028929551359855945,0.02864806575528356,0.028572169787213494,0.8278246317407846,0.028660864179630006,0.02861230580804171
0.03579493100889302,0.035734934296530095,0.03577909038214146,0.28566897492740845,0.03583292724582215,0.03580434123599743,0.5353848009032074
0.04761906740953674,0.3809353023999349,0.047619066419162186,0.047619054388504854,0.047634968981969145,0.38095347825958153,0.04761906214131059
0.003976358703978891,0.003982314204616917,0.003989527554218923,0.21880175365319077,0.19893374030372138,0.0906963548921101,0.47961995068816304
0.047619072726338835,0.04761907060248898,0.04761906953216346,0.04767494856956847,0.04786846284171412,0.04794896948690038,0.7136504062408257
0.018103293819671854,0.018096762668560584,0.8920682766986574,0.0178571464115971,0.01791314871738674,0.018101437132669315,0.01785993455145702
0.035882530465361204,0.03574510376349535,0.03574222727642649,0.03571433786389374,0.784928029794688,0.036183745522757126,0.035804025313378
0.07142858750546856,0.07162207938419025,0.07143484994862999,0.0714285769232544,0.571086068092244,0.07157125491426196,0.07142858323195078
0.014304622155108877,0.01430589442307602,0.014298789970116282,0.20318947178020208,0.5608831645943247,0.17871354980997128,0.014304507267200882
0.035714300267727615,0.2803209244596042,0.03582364596730339,0.035718038536055034,0.540981922414502,0.03572687177647267,0.035714296578335025
0.015926408003216496,0.01587543091618378,0.7698734660009495,0.01587301805157606,0.15069702087468975,0.015881635597340616,0.01587302055604382
0.015966267423940143,0.015891523335872654,0.01589211645668621,0.12696594467950761,0.6635269615000923,0.01594292990487099,0.14581425669903011
0.047690580542848575,0.04763818786750577,0.047619065717470106,0.04761905478057773,0.04761907331414876,0.0479146446384876,0.7138993931389616
0.035738278593680915,0.03577222948895692,0.03571429903101781,0.035714290991690975,0.785571914195018,0.03574061115972289,0.03574837653991243
0.28566646611240604,0.03571430325320654,0.28570812069285345,0.035714292157079205,0.03573715025859663,0.2857140478852777,0.03574561964058039
0.020490467391841648,0.5740249947586029,0.020457357474820838,0.02040858655759748,0.02049803428995415,0.02043399098877966,0.32368656853840355
0.07142859979498359,0.07162134356456241,0.07142859729040367,0.5711393038401724,0.07152496890900338,0.0714285941665763,0.07142859243429801
0.37875526126090964,0.02380954294179814,0.5019606342316684,0.023984202771844876,0.023834410719035793,0.023846408724309202,0.023809539350434
0.14285714285714288,0.14285714285714288,0.14285714285714288,0.14285714285714288,0.14285714285714288,0.14285714285714288,0.14285714285714288
0.165694512083107,0.017863872695215444,0.017893300622454318,0.017860445252349862,0.017932398149293392,0.017900901566232866,0.7448545696313471
0.047750834875278106,0.7140001640346217,0.04762602865126954,0.04761904995250079,0.04763006181420028,0.04773762633880564,0.04763623433332397
0.0714285806965337,0.07142857987659035,0.07152321791524668,0.0714285745956773,0.07142857597432638,0.5713338927009025,0.07142857824072306
0.07154166827338597,0.07142858258087426,0.07142858966880013,0.0714285755969875,0.07150201748696049,0.57116386156848,0.07150670482451171
0.14285714285714288,0.14285714285714288,0.14285714285714288,0.14285714285714288,0.14285714285714288,0.14285714285714288,0.14285714285714288
0.023821525408963873,0.5135130525967768,0.023832638498928346,0.02404652808639741,0.3671671089364571,0.023809532798766405,0.023809613673710203
0.5230947280699952,0.3745834604545815,0.020458602183053006,0.020414374620593832,0.020522138244281014,0.020472503831119086,0.020454192596376347
0.03571429097212093,0.0357142904820072,0.03571429023970762,0.785714260382872,0.03571428832869729,0.03571428997039342,0.0357142896242016
0.02382281133198965,0.02392406543813179,0.023809529126931996,0.023809525837375327,0.023859852994123316,0.3569931472594655,0.5237810680119823
0.14285714285714288,0.14285714285714288,0.14285714285714288,0.14285714285714288,0.14285714285714288,0.14285714285714288,0.14285714285714288
0.023820333414202567,0.0238956972054659,0.023954072739463622,0.023809528916867273,0.39058987458658945,0.48999285156071504,0.02393764157669624
0.028580897053542813,0.028593140637123645,0.02858181919759194,0.028577337069355363,0.02860564410874616,0.8284897282950625,0.028571433638577514
0.017860985364281757,0.017858201190019178,0.017858847841573683,0.8928394572795331,0.017857938244079833,0.01785978508653556,0.0178647849939769
0.028591600021379213,0.19856737046986456,0.028615077243925154,0.028667579202767413,0.3737186699422813,0.3130576863907636,0.028782016729018704
0.020417016793766247,0.020678892206787727,0.3302757840823487,0.02040914946140325,0.02045024103915528,0.020408172680934224,0.5673607437356045
0.04761905737948153,0.047619056485025964,0.7140193673270372,0.047619050941216386,0.04788535660734819,0.047619056495275404,0.047619054764615434
0.013023827446229583,0.013030527952784565,0.013013117547913948,0.013001083927780346,0.01303579166214673,0.013010529198429132,0.9218851222647158
0.028571433737511875,0.028596725594062924,0.028571437119901233,0.028571522531539533,0.028692221951495935,0.02857143269057147,0.828425226374917
0.0361260915205392,0.03571430347068061,0.03571430248072598,0.03571429237362865,0.03581573282317251,0.28569355262647433,0.5352217247047787
0.028587209079089945,0.028571436722098914,0.028573928778051445,0.028573690308880736,0.828444125052251,0.0285770042864155,0.02867260577321257
0.03576867698748904,0.0357670280733054,0.03585895542227523,0.0360201045513359,0.28455307404845764,0.5363152730486849,0.0357168878684518
0.00954478886503888,0.009533148357547068,0.009585189632176591,0.009524136056043978,0.41827358325942315,0.009570832292780843,0.5339683215369895
0.01786792918831823,0.017859595251295487,0.01789170676945675,0.01785714500825552,0.7671426299210454,0.017888714210743808,0.14349227965088493
0.03587790657487968,0.7849499379968107,0.03586335616955567,0.03571434987284891,0.03582437724046612,0.03581155706777176,0.035958515077667265
0.04762462565037321,0.3807511715283708,0.047702040363676076,0.04762289792712382,0.04761905252537767,0.04784496423034348,0.380835247774735
0.02866276015841708,0.02860181857880995,0.3609736357555121,0.02876725956528692,0.2474010910331853,0.2769925394484235,0.028600895460365133
0.017868075390420207,0.017861840073468874,0.017906585487713175,0.017891284751565182,0.017864776664059747,0.017880882564917662,0.8927265550678551
0.09542782138402961,0.011915004028947906,0.37688515226948094,0.011906780663119428,0.2654947634160886,0.22644619912729064,0.011924279111042834
0.0071626166430920155,0.007151445933498897,0.5464558622185456,0.007142861873670985,0.007183388558259175,0.4177420436085054,0.007161781164427979
0.6346744227485038,0.023809542760386906,0.023960743347668036,0.023971850899248966,0.024152759804843202,0.024016910832489823,0.24541376960685923
0.0714285963009057,0.07142859436224006,0.07142859293651377,0.07142857997573414,0.5713543501818024,0.07142859156342783,0.07150269467937614
0.017921920232428938,0.017873084763342765,0.017900559187286783,0.017857367345623598,0.3307084355239248,0.01790927737607746,0.5798293555713158
0.02383334870418419,0.1748970834048448,0.023942136565451168,0.02387670136318226,0.02388648070536933,0.023915951770261346,0.705648297486707
0.035879520393755686,0.03586512434104654,0.035714298413191785,0.2080926375988321,0.6125580906721012,0.03594385363080872,0.035946474950263874
0.23852230618488734,0.028571449634725566,0.028693997423758867,0.028741355936738492,0.028715336597190895,0.6181582723813611,0.028597281841337703
0.04768955177748928,0.047619064266741146,0.04761906347100451,0.04761905390391894,0.047906774402090985,0.3806758696991005,0.3808706224796547
0.023935510044564356,0.023867259759923768,0.023904503105079487,0.02381057058679055,0.30021134361156276,0.02388699981381403,0.5803838130782649
0.047619084470567896,0.37799491310974037,0.047690174143670494,0.047624030713689966,0.38373634453661903,0.04771637838571872,0.0476190746399936
0.03578299943137081,0.0357142911044463,0.03571429080020095,0.0357172923222271,0.28547463453120236,0.03587819326811823,0.5357182985424342
0.04768866195903299,0.04763413572004522,0.0476821486681627,0.04761905125792607,0.047675750696034386,0.38088824200418364,0.3808120096946151
0.0075268435400005365,0.007523252215867503,0.007528493259641837,0.6122760796948278,0.35005118608565927,0.007558150305763722,0.007535994898239243
0.07147288439498337,0.07143036201738119,0.07142857498987519,0.0714289769766555,0.07182484475741081,0.5708287234583487,0.07158563340534521
0.03581733257371545,0.30600323706854576,0.25505893712501515,0.03571524072965313,0.29593244711682637,0.03571466762048138,0.03575813776576272
0.020434414794390954,0.17151957133011783,0.020451503935691617,0.02041003404709341,0.7261489934019772,0.02046592661000099,0.02056955588072795
0.008951069946410258,0.09393860565521266,0.2701788214443251,0.008950391370624061,0.10289072209857957,0.008942975307688193,0.5061474141771601
0.3588763606406544,0.023832914435050694,0.02389745865311487,0.02380999544485984,0.023972021299585065,0.023837321963952895,0.5217739275627823
0.3206193298034719,0.047745858867036424,0.0476355328485021,0.04765687138295342,0.04765084810542447,0.047652903702993465,0.44103865528961816
0.04761906497299277,0.3809322824119134,0.047619064307197714,0.047619053533110106,0.04763151521810795,0.3809599592662737,0.04761906029040441
0.18140698623588408,0.01304015024911496,0.01300933364165516,0.013004571984868448,0.5554147261778544,0.21110527156064776,0.013018960149975233
0.8112060136604987,0.01428752468729184,0.1172977845898397,0.014286745296036837,0.014332703044360498,0.014298043575107383,0.014291185146865117
0.028649116452234228,0.028626431902498407,0.3730484094333086,0.028749871676230866,0.02870309975712925,0.4836278032281994,0.028595267550399327
0.07146671038750216,0.07142857783253426,0.5713904092913983,0.07142857384198192,0.07142857491553316,0.07142857710980657,0.07142857662124372
0.047652107251098114,0.047989207684780266,0.04768136054929168,0.7137954035816954,0.047641402819302126,0.04762079998084893,0.047619718132983595
0.07142857800363506,0.07142857741783806,0.07142857709550357,0.07142857368624175,0.07142860915217292,0.571428508345605,0.07142857629900366
0.07153906026262898,0.5707031010391529,0.0714285795830257,0.07147888774465298,0.0714285760842406,0.07187124161495839,0.07155055367134046
0.14285714285714288,0.14285714285714288,0.14285714285714288,0.14285714285714288,0.14285714285714288,0.14285714285714288,0.14285714285714288
0.14285714285714288,0.14285714285714288,0.14285714285714288,0.14285714285714288,0.14285714285714288,0.14285714285714288,0.14285714285714288
0.03573742199382362,0.03577938765150226,0.035842757104799734,0.03571429754307672,0.785291518064798,0.03586802068017226,0.03576659696182739
0.04771457947547043,0.04765007699660156,0.04761905196429159,0.04761904930440994,0.7138655775399967,0.0476651197112522,0.04786654500797754
0.07142861074144345,0.07142860739454711,0.07142860496459036,0.5713926415932001,0.07142859078912811,0.07146434448624929,0.07142860003084152
0.035714311236333604,0.03571430872933783,0.03585355212259428,0.03590853191691401,0.03584824784374935,0.7851853725338066,0.035775675617264274
0.047782696582371026,0.04761905719109244,0.047880885186572755,0.04761905123251784,0.33330361621165033,0.04781492392573937,0.4279797696700562
0.028624761975521867,0.0285714398314272,0.8281398019714966,0.02857143278754086,0.02879050602415837,0.028703522386352796,0.02859853502350218
0.1802590720657453,0.028571456217677163,0.028571457177373957,0.3035088408426639,0.028744504050642907,0.4017718899367257,0.02857277970917107
0.048046226586719844,0.047703387769886106,0.04782031156859117,0.0476190530722436,0.04792231786271432,0.04761906059754701,0.713269642542298
0.5714285331624177,0.07142857982796,0.07142857939893381,0.07142857457240266,0.07142857598728147,0.0714285788509142,0.07142857820009021
0.03573167445457504,0.03572776769120915,0.7851489466530471,0.03571429049556298,0.03591574990309436,0.03585619872711538,0.03590537207539619
0.04774099478856612,0.04761907932458311,0.0478135943757449,0.047619059441718445,0.04787114080904246,0.04786379431774369,0.7134723369426013
0.07153575021378628,0.07142857609064351,0.07142857587763525,0.07142857317952575,0.07145752080209798,0.07142857560267725,0.571292428233634
0.07173920492425562,0.07142858591386347,0.07142858527383607,0.07142857685726639,0.5711178796344704,0.07142858431872773,0.07142858307758033
0.21911973354279415,0.1388296093170555,0.020418810064187602,0.020408340923201665,0.5602919595455366,0.02041771260102824,0.02051383400619636
0.14285714285714288,0.14285714285714288,0.14285714285714288,0.14285714285714288,0.14285714285714288,0.14285714285714288,0.14285714285714288
0.14285714285714288,0.14285714285714288,0.14285714285714288,0.14285714285714288,0.14285714285714288,0.14285714285714288,0.14285714285714288
0.013011008174784828,0.013055588387037746,0.01304461629795364,0.28337234752309265,0.49167045894524586,0.17280771769190412,0.013038262979981148
0.028718034153622247,0.02860301425295986,0.028579204061053888,0.028571434042342875,0.8282492968288564,0.028622177058078076,0.028656839603086556
0.29553488367368047,0.03578723831511672,0.03571430765056113,0.03571429440076444,0.03576151218143713,0.03575328427718419,0.525734479501256
0.035730149766563975,0.03571429944401003,0.03571950033158075,0.03571630823080102,0.7851663531482789,0.035867299908740914,0.03608608917002443
0.22854370572608307,0.28107483646152553,0.028614359752335804,0.02857143910725659,0.028707316962141096,0.3758227108250995,0.028665631165558435
0.047694483152977085,0.047619051660666586,0.04770615755662425,0.047623337257961654,0.714030710005418,0.047688921481329104,0.047637338885023466
0.017880405261093708,0.017857150790108477,0.017933258280581874,0.3975062026027087,0.33530342734778124,0.017907971595142656,0.19561158412258337
0.7852192204797056,0.03579650076948628,0.03579981250269263,0.03571429114516927,0.03584572521988869,0.03588796135368777,0.03573648852936975
0.04761906091465128,0.04764335707121008,0.04772818388766546,0.04761905216435263,0.0480475214732785,0.04779852209530009,0.7135443023935419
0.028625534304043132,0.028641086841116926,0.028629131976390478,0.028571431793664986,0.8282955385408607,0.02865484542463975,0.028582431119284085
0.017922974893857063,0.01792490371706654,0.018018851806330515,0.01786846427826015,0.018021071958585898,0.017976297008891064,0.8922674363370088
0.03571431449760869,0.03586843050833327,0.03576091168034519,0.03588858294592146,0.03571429951827261,0.5354915793010115,0.2855618815485071
0.0476191003567733,0.04761909508921763,0.7136444290140088,0.047619065535302006,0.0481530080603119,0.04772621491875411,0.04761908702563238
0.011914724332072567,0.011916959335587163,0.3847249968113733,0.011962720830696187,0.011937485717464015,0.011954848139335627,0.5555882648334711
0.03571430525124333,0.03600904410424243,0.7851286284659784,0.03591099688094973,0.03574004274893021,0.035722929893038775,0.035774052655617214
0.04761907863807942,0.04764025700048514,0.04787952032221221,0.3807794572888041,0.3805751278998314,0.04777499007429534,0.04773156877629231
0.14285714285714288,0.14285714285714288,0.14285714285714288,0.14285714285714288,0.14285714285714288,0.14285714285714288,0.14285714285714288
0.3520405550659817,0.25296250751552213,0.1416003998932127,0.020411512607255863,0.1921167748537808,0.020427486446251593,0.020440763617995378
0.014367961661367105,0.014292441969692874,0.0142882956535137,0.01428582790480283,0.42524982918496534,0.014293918548563904,0.5032217250770942
0.03571430518309068,0.035806373497188626,0.035788305055402786,0.03571429242558152,0.4569705725390694,0.36426564397849404,0.03574050732117292
0.028609406017436716,0.028705331453011303,0.028576338031752475,0.028573260218595232,0.509802963932511,0.34708567524664585,0.028647025100047394
0.03571432001461649,0.0357671627302373,0.035822080502130066,0.03571429731555784,0.785258584290048,0.03600919666680136,0.035714358480609006
0.04774232484153771,0.047721144997383835,0.7137001741121243,0.047619051662968766,0.04769819038598572,0.04771379220411902,0.0478053217958807
0.011934259722535583,0.21347896806460587,0.7269134379556234,0.011909552140549584,0.011923797696016942,0.011931810455948823,0.011908173964719942
0.02386833502625144,0.023820550499044548,0.023836809896307137,0.023809957786158215,0.46597479380669726,0.41484620687596,0.023843346109581214
0.07144582278320703,0.07142908014164673,0.0714285763369086,0.5713780647132076,0.07145980109161952,0.07143007935401353,0.07142857557939682
0.028649122413818014,0.02859795814931665,0.028571452559963958,0.02859492502118569,0.02867264537029464,0.6238238833208928,0.23309001316452835
0.047619294251752084,0.0476190558292585,0.04825902235772789,0.047619050712396326,0.047643295495018154,0.04762482635676565,0.7136154549970813
0.04761907706599699,0.38069527407590736,0.047744571735829425,0.3809459846027475,0.04762129248773749,0.04761907100503877,0.04775472902674232
0.017872846152121678,0.017864948349913846,0.017860961988269575,0.017857307425034545,0.46088462261822116,0.017877802790129772,0.44978151067630945
0.07142858894745857,0.07142858738831842,0.07142858647044088,0.07142857735348354,0.5713863313025555,0.07142858542825127,0.07147074310949189
0.14285714285714288,0.14285714285714288,0.14285714285714288,0.14285714285714288,0.14285714285714288,0.14285714285714288,0.14285714285714288
0.02047393881511119,0.020418374662593154,0.020449613904636954,0.020408167613642912,0.6708959756341257,0.020478682863592702,0.22687524650629748
0.14285714285714288,0.14285714285714288,0.14285714285714288,0.14285714285714288,0.14285714285714288,0.14285714285714288,0.14285714285714288
0.02386702408993285,0.15090637170592153,0.4941396117221431,0.02381228992212541,0.02392128326420243,0.2594410035545812,0.023912415741093287
0.03579152946099097,0.03571507181305731,0.7853273773817214,0.03571429297161474,0.035970794637311246,0.03576663275301682,0.03571430098228743
0.0477648960386615,0.0476190531611252,0.28331511580100494,0.04761904969899936,0.04769980300017864,0.04761905248848396,0.4783630298115463
0.02382636966561397,0.023809685313655737,0.023857918338428267,0.02380956175904218,0.5297581255167036,0.023913475816346782,0.3510248635902094
0.017891430699346726,0.01787523349313511,0.017874634589603405,0.017936326514622077,0.01791836773822412,0.7617975957235001,0.1487064112415685
0.047723440742591536,0.047619062215020325,0.047879079578202116,0.04761905311037136,0.0476389223367269,0.7138671348669823,0.04765330715010561
0.035714290921003804,0.03571770610905783,0.035733437775948125,0.03571428751998643,0.7856572504922613,0.03573204553392695,0.0357309816478155
0.028591921621311706,0.028642790007517845,0.6070782250439886,0.028671951372177085,0.2497869465030992,0.02861903377631618,0.028609131675589344
0.01101278845284336,0.21075849930262336,0.011055059248318231,0.010989355782539902,0.5868487821214006,0.011048701927222574,0.15828681316505203
0.023809552353791463,0.023809549729194263,0.3504961002218845,0.2697282340926629,0.2844582417963113,0.023860409189675857,0.023837912616479856
0.020445811508295608,0.25729819170799556,0.020430934994419274,0.0204087304721484,0.6404961052556786,0.020490614047803987,0.020429612013658564
0.02041058186489736,0.020408174775849053,0.020419182128806182,0.020484673243897866,0.02060125134740092,0.02041487686328544,0.8772612597758631
0.011045879740196806,0.010992529632467376,0.011006388908943246,0.010990602507918763,0.4518233301834169,0.011000233799174971,0.49314103522788183
0.03585150818471312,0.035714294140746464,0.036087691160894275,0.035714288882646605,0.035750690748025026,0.035714293142683394,0.7851672337402911
0.07142862332485313,0.07142861810219264,0.07152603426728438,0.5709663519185151,0.07142859649210238,0.07179316616708789,0.0714286097279644
0.011924976743838321,0.011944468426964118,0.011972952395855004,0.20824027805629727,0.29704602556547544,0.011913055446790851,0.446958243364779
0.03571429674218858,0.035714296141407476,0.035736159292956454,0.7856449823083667,0.0357142911286792,0.0357516167216819,0.03572435766471981
0.03579056608818665,0.03576254873428371,0.03578971264051642,0.03571428879493677,0.785470964895021,0.03572898009226361,0.03574293875479181
0.04761909896770238,0.04761909427383506,0.04778451950863243,0.3807839160101878,0.3809551967399745,0.04761908890425638,0.04761908559541147
0.0239806783713658,0.023822618858444656,0.023870812225525118,0.02394224927359682,0.8566250651444366,0.02386994934666837,0.023888626779962657
0.071428592386426,0.07142859047071605,0.0714874957371751,0.07142857857970954,0.571369567601469,0.07142858821700848,0.07142858700749584
0.04768790024740726,0.04771043230051841,0.04761907419725394,0.04761905823355679,0.047756989463058064,0.38077815024687484,0.3808283953113308
0.11947675088139713,0.009536314715374975,0.00954754792122122,0.009523812214853976,0.5994572016081705,0.00962190383032629,0.24283646882865592
0.17372443478690072,0.01100888647941272,0.01099925974706257,0.7712484473473273,0.01099212615031038,0.011009155566862404,0.011017689922123871
0.3046649720753091,0.012997499958693662,0.013014429817911972,0.17778071315181934,0.013006791187314858,0.4655390696655638,0.012996524143387206
0.03576557745087868,0.035721888480779715,0.5370622191334927,0.0357393030041853,0.03587560506693412,0.2841211106226434,0.03571429624108614
0.04771649692894463,0.04780068474407978,0.04765083956176191,0.04761905347843215,0.0477250175015147,0.04792412677291356,0.7135637810123534
0.15256658802230622,0.0178571514579566,0.01795955839225122,0.017857146084473807,0.017900616460322007,0.17096990402767248,0.6048890355550177
0.7140237818185419,0.0476499546980378,0.047667992658976324,0.04761904896290017,0.04776190080984164,0.047646251506435415,0.047631069545266545
0.11342489687316257,0.012998280120212286,0.7345612492929161,0.09993013695437404,0.013030165108230766,0.013011534913647179,0.013043736737457129
0.028615135483210503,0.5776567029708439,0.028571453158902648,0.028675855500537115,0.028589242323124067,0.02857144347948378,0.2793201670838979
0.5380087211807922,0.017866368870518012,0.3724786638173737,0.017859327948601462,0.017975566424143545,0.017914879402905967,0.01789647235566516
0.5712977264873194,0.07142857313904358,0.07142857304313852,0.07142857206791146,0.07155940947217196,0.0714285729409232,0.07142857284949199
0.035748698171410846,0.03571430386971663,0.035719856916522866,0.03571429253044342,0.03577655313024055,0.03593306657766928,0.7853932288039964
0.0476304776989335,0.04765778828218197,0.3809025498972463,0.3809197168592631,0.04765034917383666,0.04762006022048011,0.047619057868058146
0.014285752543039874,0.014286603401831553,0.5998692081993673,0.014346885908461076,0.014313429074699565,0.32860400104780524,0.014294119824795587
0.02046107421110971,0.02060032137669444,0.5290854108675059,0.020408169800099667,0.02045796377316807,0.3683913598309747,0.02059570014044735
0.015885707662740067,0.0159198878773974,0.18533378424151192,0.1268415931050237,0.31356195463876707,0.01594548257808575,0.3265115898964741
0.0716401342686676,0.07142858251632117,0.07163783300140261,0.07142857553355533,0.07162810857198103,0.07175745658441066,0.5704793095236615
0.14285714285714288,0.14285714285714288,0.14285714285714288,0.14285714285714288,0.14285714285714288,0.14285714285714288,0.14285714285714288
0.017966289977364262,0.017959787097319563,0.01792321343702902,0.017857343630727926,0.017956298457454778,0.6011068987811399,0.30923016861896463
0.02043590417305495,0.8771167454179257,0.020539953637959078,0.02042396221833553,0.02044645068201614,0.02057781425287415,0.02045916961783429
0.02043807154738365,0.020408178654651676,0.020479643694847453,0.4489927988969571,0.14594737389892248,0.1786862333345981,0.16504769997263952
0.0286978927778971,0.028571602558349556,0.0285746471127737,0.028571468715832403,0.828323466076152,0.028641136349778093,0.028619786409217054
0.01432403820705515,0.014291523270887427,0.014366053282625685,0.014285723682074647,0.700881993648664,0.01432475724425895,0.22752591066443423
0.023953987830744265,0.29290209647958376,0.023855322059177512,0.25918050009278515,0.3523313675344798,0.02390079068880505,0.023875935314424522
0.03574501796669764,0.03575336686046129,0.03574130850071236,0.03571433765515934,0.7855894389818717,0.035724169150679684,0.03573236088441796
0.03580794506834319,0.035738175946732335,0.2302060766977898,0.03571435512204644,0.5909690712891208,0.03575359036250567,0.035810785513461764
0.020408174318831802,0.02042329460177256,0.020424097302468167,0.020447579250082094,0.16142046670610646,0.7364620271422608,0.02041436067847804
0.005519406008700347,0.005500543685994861,0.005521453237915273,0.005495618657900687,0.4485405111858373,0.3035287388885783,0.22589372833507315
0.14285714285714288,0.14285714285714288,0.14285714285714288,0.14285714285714288,0.14285714285714288,0.14285714285714288,0.14285714285714288
0.14285714285714288,0.14285714285714288,0.14285714285714288,0.14285714285714288,0.14285714285714288,0.14285714285714288,0.14285714285714288
0.07142857944111711,0.07142857872759308,0.5712115606921236,0.07142857418208085,0.07146760062993561,0.07143323045094982,0.07160187587619998
0.047674467079627095,0.380649187856362,0.04762102077644083,0.04781914373139829,0.04779984292295835,0.047619094913549286,0.38081724271966416
0.14285714285714288,0.14285714285714288,0.14285714285714288,0.14285714285714288,0.14285714285714288,0.14285714285714288,0.14285714285714288
0.44747602431031885,0.020411008572037464,0.020415054370176655,0.020416835437960724,0.02048774966804809,0.4501099859099739,0.020683341731484405
0.07328488781922612,0.040271536297254724,0.0059686498965328865,0.005953532532053423,0.862586876612328,0.005959121846014319,0.0059753949965904276
0.8770364071882704,0.02054643752069601,0.020607651499795484,0.020410354128771933,0.020425735753593757,0.02051329111647289,0.020460122792399577
0.007960032207351482,0.007939784739024902,0.007944902978013185,0.14876529405436428,0.007962758206881759,0.1890301235817821,0.6303971042325822
0.0075244564070909015,0.2062013067110155,0.20091718072298811,0.007536076047195597,0.007545847674780924,0.007535224944789898,0.5627399074921391
0.013052751660974662,0.013061944110544671,0.013019348124547915,0.012999289391044338,0.5253126984925791,0.013079147596714245,0.40947482062359514
0.007941343786956257,0.00793927134506631,0.15892175359240984,0.007937067751309531,0.801328964148197,0.00794773859869339,0.007983860777367765
0.007532767408786286,0.007547073753477978,0.48775800269710257,0.24489766211175654,0.007564455299144469,0.23715818634197397,0.00754185238775826
0.023809543518242254,0.023815382402939757,0.02388587413451515,0.2926227030525085,0.023848976813983163,0.023873645376690008,0.5881438747011213
0.4956242890394941,0.011951232242324434,0.011949912668847942,0.011991285283054199,0.011942966357938576,0.011925507976720305,0.4446148064316204
0.028571439842632336,0.02857143893059674,0.02860319798549859,0.028571432430518837,0.8284333505067484,0.028589835071028538,0.028659305232976537
0.5713251874267874,0.0714285817974032,0.07142858122069315,0.07142857532142251,0.07146927044204973,0.07142858063897607,0.07149122315266798
0.028579238955727303,0.028586840460621647,0.02864632854974183,0.028820672580751067,0.028579075838130845,0.028578783191588967,0.8282090604234383
0.07142861237707074,0.07142860884860736,0.07147035408302603,0.5712518182276874,0.07142859163141373,0.07142860451672003,0.07156341031547472
0.0715577002696479,0.07142857473367127,0.0714717281277556,0.0714898622132227,0.07144869533822805,0.5711748652280264,0.071428574089448
0.0715577002696479,0.07142857473367127,0.0714717281277556,0.0714898622132227,0.07144869533822805,0.5711748652280264,0.071428574089448
0.04761905063442649,0.04761905039463771,0.04761905023247129,0.04761904865858154,0.0477058369752453,0.0476190506796804,0.7141989124249574
0.04761905569363471,0.04761905500503058,0.047619093437782437,0.047619050956113435,0.04761905218148015,0.7142856391705381,0.04761905355542047
0.006239211781307876,0.006283601140485075,0.0062344028148352566,0.006252859328103707,0.9625240894835644,0.006234043808099982,0.006231791643603757
0.5708278250995431,0.015893414040191872,0.015890140339486682,0.015877343172042,0.015905106059676,0.34962022658748987,0.01598594470157049
0.14285714285714288,0.14285714285714288,0.14285714285714288,0.14285714285714288,0.14285714285714288,0.14285714285714288,0.14285714285714288
0.28566652689387845,0.03571430131943847,0.03571430048020363,0.03571429159807734,0.0357959656588493,0.03571429968931781,0.535680314360235
0.14285714285714288,0.14285714285714288,0.14285714285714288,0.14285714285714288,0.14285714285714288,0.14285714285714288,0.14285714285714288
0.03594222826703637,0.03632144553568703,0.035801604578874165,0.03571555249532068,0.7846532550532899,0.03584345757647104,0.035722456493320835
0.015882787613868438,0.01587953851447423,0.01602251456844229,0.015873019760542822,0.35971304286885303,0.18780843403105474,0.3888206626427644
0.008968707531707216,0.008953095812004382,0.008990798121150034,0.008933071186579234,0.7367322738271682,0.21845119672465002,0.008970856796741021
0.012998473055063901,0.27310665435012477,0.013079125347781544,0.012988360761513114,0.6617633136564981,0.012999753227392953,0.013064319601625487
0.07152007714418973,0.07142858245885166,0.07142858193837853,0.07142857564283721,0.07153488897817219,0.07171914714596875,0.570940146691602
0.013008187352461629,0.01302722835970141,0.49158824057758743,0.012990429735538732,0.4433242958281219,0.013034286479001515,0.013027331667587327
0.017888032329076937,0.01789932297242283,0.4693912907291205,0.2752372577488515,0.18380964952790665,0.01790048903316492,0.017873957659456593
0.5712329426813298,0.07142860500279842,0.0714286033530366,0.07142858409164013,0.0714285899467164,0.07142860140557006,0.07162407351890854
0.07150290084824287,0.07142859485248393,0.07142859367475675,0.07142858013133259,0.07158117393123936,0.07149073782369027,0.5711394187382542
0.5860547759860902,0.014343463527153108,0.014367861855947276,0.01434304120226216,0.34226907716281396,0.01432288759586629,0.014298892669866937
0.04763889713819403,0.358732164670489,0.40313109541457987,0.04762413123545445,0.04763558634889996,0.047619063196833025,0.04761906199554954
0.07142857287301957,0.5713891709907003,0.07145649686784919,0.07143602133626951,0.07143259284696729,0.07142857258937915,0.07142857249581488
0.017859910220452184,0.01785721686985357,0.01788571657814274,0.017857144934951014,0.8928149126218934,0.01786795143486043,0.0178571473398467
0.04783379581649059,0.04761906616552388,0.04761906513750812,0.04761905459139342,0.047619057620451904,0.7140708979696535,0.04761906269897861
0.02041796120138964,0.020427453050094704,0.6841654361854617,0.020408236232347363,0.2136815106868524,0.020411640520137546,0.020487762123716554
0.14285714285714288,0.14285714285714288,0.14285714285714288,0.14285714285714288,0.14285714285714288,0.14285714285714288,0.14285714285714288
0.5710524378244046,0.071428599032541,0.07142859749321138,0.0714285817680717,0.07166183699750726,0.07157135306400514,0.07142859382025882
0.02866083562181787,0.028643299232783047,0.028594449103318927,0.0285744649879363,0.3505910012122035,0.5063540597195069,0.028581890122433583
0.015929707749886994,0.015876225772580226,0.9044907820864175,0.01587341945676034,0.01601030544293521,0.0158904124177522,0.015929147073667507
0.03571429097212093,0.0357142904820072,0.03571429023970762,0.785714260382872,0.03571428832869729,0.03571428997039342,0.0357142896242016
0.07142860943542409,0.0714286060980932,0.07142860411678421,0.07142858446792258,0.571428389942935,0.07142860644405706,0.07142859949478388
0.07142863993710356,0.07142863432151324,0.07164891743360355,0.07142859478596808,0.07189937593378992,0.5706648978902262,0.07150093969779549
0.3350296815598969,0.2899656925396543,0.03571431371410468,0.035714296737399065,0.03581283792679652,0.03573676085410279,0.2320264166680457
0.04813293525595667,0.04761906221109478,0.047619061457672536,0.047619053132598003,0.7137717674075963,0.04761906104364995,0.04761905949143163
0.015895602332641628,0.12200251534705965,0.35230622762622504,0.015935207591046323,0.46196466569870537,0.01594548355631586,0.01595029784800612
0.023822564799080806,0.023809527322546747,0.02381252795271355,0.023809525126501474,0.3975871416369031,0.02383969613897635,0.483319017023278
0.4916054674374928,0.02381658750874956,0.023908557053186633,0.023811249072190916,0.023853724878723784,0.023809531343243696,0.38919488270641256
0.035714311252982314,0.3773684559746975,0.03576483738452902,0.443861288687862,0.03575758244469831,0.03581921923421424,0.03571430502101652
0.5712394960558925,0.07142860695987334,0.07142860505877996,0.07142858489942971,0.0714298727580499,0.07161623394772762,0.0714286003202469
0.013045570803089011,0.013023392291493789,0.012993136123339003,0.013058663641142531,0.013052117077680796,0.35074419435413595,0.5840829257091189
0.028572134816769287,0.028587516690131428,0.028571704006354757,0.23019523852458582,0.6269088623955053,0.028571434834208945,0.028593108732444538
0.03571429097212093,0.0357142904820072,0.03571429023970762,0.785714260382872,0.03571428832869729,0.03571428997039342,0.0357142896242016
0.014291371947836501,0.14153520480491022,0.01429930640993861,0.40916236405079814,0.014348719437159586,0.39205045424627677,0.014312579103080158
0.01786151756021635,0.01785715081235066,0.0179982246063612,0.5242139091628157,0.0178621452784589,0.017858532299796736,0.3863485202800004
0.5712414272045429,0.07142857667052946,0.07142857636662968,0.07142857339355127,0.07144010703390491,0.07160416364014618,0.07142857569069563
0.571282476029399,0.07142860591323551,0.07157454154620771,0.07142858444500587,0.07142859011861624,0.07142860259976104,0.07142859934777475
0.14285714285714288,0.14285714285714288,0.14285714285714288,0.14285714285714288,0.14285714285714288,0.14285714285714288,0.14285714285714288
0.0714286055728426,0.07153719843049793,0.07142860033269588,0.07142904198605061,0.5710220886251464,0.0715066503828751,0.07164781466989142
0.5115877231350497,0.023834750008610964,0.023813817293890274,0.023843572509899862,0.3692131663760208,0.023865839749764983,0.023841130926763307
0.035798895799375875,0.5455990426447782,0.03581161572975155,0.03571429109734996,0.035811915900311735,0.03578201428095824,0.27548222454747434
0.035732645979129764,0.2572812162310703,0.3194165435970032,0.28024567517881976,0.03577439134033145,0.0358151302970632,0.03573439737658239
0.047679171123026685,0.04761904966913652,0.047628165041186284,0.04761904838465028,0.7141655027962102,0.04763944122755913,0.04764962175823083
0.028780517446173024,0.028621574999845918,0.028769245149648792,0.028571435630831435,0.028588996716929188,0.6273418619654797,0.22932636809109197
0.07142857854030875,0.0714285779199963,0.07142857761052752,0.07142857386761968,0.0714285749266632,0.07142857717020479,0.5714285399646798
0.2301310346118792,0.047619066005672346,0.047731449029475376,0.04764057641954542,0.5312356249511919,0.047854132853003835,0.0477881161292319
0.011934194899314098,0.011946050254689446,0.25950878841969255,0.011905110889811084,0.4252523933472508,0.16666105729286232,0.11279240489637969
0.07150043882615946,0.07142859498872367,0.07142859377625166,0.5713566053364822,0.07142858406644131,0.07142859259931782,0.07142859040662394
0.02873225868334684,0.028571599440753815,0.028571430582090097,0.02857146753510373,0.8282905637739775,0.028615034394873222,0.028647645589854873
0.04761907889591725,0.04761906619103062,0.04761906549402983,0.04761905460174769,0.7140828465855049,0.04766232758888849,0.04777856064288118
0.010221482431172482,0.010307934189858639,0.010257917474779589,0.010243322451302883,0.5039126099966517,0.010208199516135634,0.44484853394009927
0.7137475926566981,0.04761905317637165,0.047990815578643355,0.047619049706618406,0.04769164243705952,0.047619052515281306,0.047712793929327764
0.04761906953579408,0.04761906757181685,0.04786211981388893,0.380527948005114,0.3809533891941091,0.04761906559765466,0.047799340281622346
0.8569021714079289,0.023904022078397716,0.023871962829922343,0.023827013426039635,0.02382926097195152,0.023832955398797227,0.02383261388696267
0.38085022201935753,0.047696139864604976,0.04773929107532093,0.3808513811655249,0.047624802164217335,0.04761908341302281,0.04761908029795163
0.028733716410105317,0.028580377372858998,0.02857763582213066,0.028571429895120445,0.828311382871511,0.02859286808630747,0.02863258954196634
0.14285714285714288,0.14285714285714288,0.14285714285714288,0.14285714285714288,0.14285714285714288,0.14285714285714288,0.14285714285714288
0.7141513812704479,0.04761906431013489,0.047619063399920496,0.047619053900243846,0.04761905666308321,0.04775331927052216,0.04761906118564759
0.07142858222566945,0.07163254772967322,0.07142858071704981,0.07142857512911796,0.5712057472965086,0.07144738743132056,0.07142857947066034
0.013010648336589905,0.01299655231406264,0.013003598542108937,0.012990084238563545,0.754248850255092,0.013014275242799201,0.1807359910707836
0.02858045135618424,0.02866691148473187,0.028588233010200952,0.8284438237641517,0.028577534808730112,0.02857143149980498,0.02857161407619607
0.03584980690382306,0.7852700770539687,0.035717870263917706,0.03571950700813813,0.035781390992026,0.03583571591031023,0.03582563186781618
0.047619063108195935,0.04761906174155727,0.04764126472776636,0.04761905296590464,0.7142151628599103,0.04765054618472206,0.04763584841194337
0.04767581872436191,0.04761907252780676,0.047752482246547136,0.047619057000889344,0.047698503727984114,0.04788489832882169,0.7137501674435891
0.014326832265330887,0.10972002781109358,0.014305238496758377,0.014305100686298984,0.8186989986816592,0.01431631760239744,0.014327484456461634
0.07142857287301957,0.5713891709907003,0.07145649686784919,0.07143602133626951,0.07143259284696729,0.07142857258937915,0.07142857249581488
0.028584840267880506,0.028573154384567465,0.028571437273446708,0.028571432018371982,0.02868989606691787,0.028626673048932426,0.8283825669398831
0.01194723461772006,0.011909235727004098,0.011921036652269618,0.01190476335144481,0.9283653341332532,0.011955532159824447,0.011996863358483722
0.07142859597791806,0.5707219488780443,0.07155063686663911,0.07183989387397652,0.07148071217250186,0.07142859139429317,0.07154962083662714
0.03572415091656847,0.5354322776705754,0.03573843378693659,0.03575464252022399,0.03572180160109397,0.035714293172928284,0.28591440033167304
0.2855955185428034,0.28561941416171394,0.03572977781360726,0.03579734799535121,0.03579150021800373,0.035786085391339095,0.28568035587718144
0.785488869879439,0.0357143014383996,0.03574599158279479,0.03572204168491805,0.03582028400438892,0.035794211980180145,0.03571429942987956
0.011064572362356263,0.011008759984688681,0.011064567800772437,0.011002522423489449,0.011041675939849543,0.725921114680629,0.2188967868082145
0.07142862243341531,0.07142861791264102,0.07142861552887778,0.07142858896225365,0.5714283316556396,0.07142861440150931,0.07142860910566347
0.007537769659899175,0.007521133640891315,0.8079019983261476,0.007571664696431907,0.007583730436889339,0.15435927667204427,0.007524426567696361
0.07142861934317153,0.07142861538821578,0.07142861349616932,0.0714285879634949,0.07170993409278348,0.5711470226226317,0.07142860709353331
0.1819303409856509,0.017871557837766144,0.01787689862475986,0.017862185692984093,0.7284985034886491,0.01798620897921186,0.017974304390977885
0.014344660935078782,0.014318574728280575,0.01429108725827333,0.014285738327260614,0.9141273828867453,0.014308501500257741,0.01432405436410348
0.01194722412057565,0.17397482669044365,0.011908106654496849,0.33846598275306106,0.011927060738099186,0.011911925201834926,0.43986487384148876
0.5708111621057704,0.07142858556873637,0.07162937535541486,0.07142857668567393,0.07183213713373637,0.07142858397444077,0.07144157917622727
0.04766069739855034,0.04771466205667069,0.04761905826204328,0.047625190334289025,0.047643458984328285,0.04761905714803179,0.7141178758160867
0.011940552850763914,0.012011052954581398,0.9281828819655611,0.012013701279749375,0.011945128450298116,0.011954795819563664,0.011951886679482484
0.07160352683535329,0.07143161549070268,0.0714575052581375,0.07142857487204897,0.07159461279293336,0.5709178907722813,0.07156627397854289
0.03593116207848669,0.28032505817034237,0.035752789475706766,0.03571803400045184,0.54084437462634,0.035714291068371914,0.03571429058030033
0.011007163649162514,0.0891515862904142,0.011034480409333589,0.010995930461617344,0.6923206191799836,0.0110269464477948,0.17446327356169397
0.023833315654979054,0.02384284511010251,0.02384757591175702,0.023809587151653485,0.023931138443115143,0.02382388955655495,0.856911648171838
0.010211044239569166,0.010210532064659961,0.18723789410188652,0.15223120861463402,0.18889079364571806,0.010224228889462157,0.4409942984440701
0.03572082936213567,0.035926445436651695,0.03571443566663447,0.7854895993710088,0.035714294259525284,0.0357200973842547,0.03571429851978931
0.028621862929252014,0.02859042207894776,0.22191275225203444,0.22847770608443388,0.028622229854235407,0.02872414117299993,0.43505088562809663
0.020435335158407508,0.0204398039621301,0.020482332896630037,0.14769439002707405,0.5934691390024484,0.1770436710239137,0.02043532792939632
0.0714285963009057,0.07142859436224006,0.07142859293651377,0.07142857997573414,0.5713543501818024,0.07142859156342783,0.07150269467937614
0.14285714285714288,0.14285714285714288,0.14285714285714288,0.14285714285714288,0.14285714285714288,0.14285714285714288,0.14285714285714288
0.19110472406256687,0.02053080686405899,0.020413126488231792,0.7067057165894686,0.020417247303689514,0.020420203138123552,0.020408175553860725
0.9463492063951897,0.008938281819130056,0.008930627334988046,0.008929009173251642,0.008946479136152912,0.008953575740669222,0.008952820400618459
0.35277686607567793,0.02381841782293531,0.023939565718342156,0.023905598882091556,0.5278721059141508,0.023829549728391713,0.023857895858410545
0.04761906948414652,0.047619068075950254,0.047700688685443846,0.04762742698199233,0.7141660047095365,0.04764857677372051,0.04761916528920988
0.03574405126765493,0.03571893129715357,0.03574188452421178,0.03586046690187685,0.03572486722001621,0.2043179288898381,0.6168918698992485
0.011914257035213021,0.011906040313187562,0.36560222040875495,0.01190476407039648,0.49493831621273493,0.09176876628483417,0.011965635674878934
0.2005694745247773,0.028665466676657383,0.028571447692206584,0.6562183569381832,0.028657904726133266,0.028579276811349273,0.028738072630692998
0.005292859925655838,0.005296955496557149,0.005292616186203669,0.9682442186899636,0.00529100648121982,0.005291336464547467,0.005291006755852356
0.047697923031752375,0.04763127097434137,0.047692145178863256,0.7134985147046872,0.047853524218804795,0.047793340588937645,0.047833281302613474
0.3991990650189636,0.01791322236421421,0.017964035072861415,0.018018715628000653,0.017988962250349638,0.017947363708814647,0.5109686359567959
0.03596114970083091,0.03577383188637305,0.036026299789940514,0.035716317366931156,0.7848046720423733,0.035886032219931405,0.035831696993619794
0.07142859886711882,0.5714284553683319,0.07142859504132741,0.07142858080295432,0.07142858486917057,0.07142859345634663,0.07142859159475042
0.4074997290078347,0.49038877134067194,0.020408171296794394,0.020416181545080382,0.0204482096746317,0.020426611738950058,0.0204123253960369
0.07142860130966606,0.571428444238258,0.07142859734785566,0.07142858168958853,0.07142858629346355,0.07142859574050961,0.07142859338065843
0.7133999052433078,0.04761908107893963,0.04782328583250422,0.04761906010398741,0.0478718864417886,0.047910752346766686,0.04775602895270579
0.7142473495713301,0.04761905882829942,0.04761905825662329,0.04761905184470688,0.047619053711598,0.047657371017123126,0.04761905677031926
0.023823550199574214,0.023812888646689803,0.02385334028180983,0.8570290208274333,0.023814515999574324,0.023812501598870748,0.02385418244604788
0.8284359335352554,0.028574364421992016,0.02859747715522358,0.028677897467838463,0.02857143862408892,0.028571445140429107,0.028571443655172616
0.01590563138682188,0.01588304603175832,0.18109164688722104,0.2306380449939689,0.5246884746985306,0.015904483131599683,0.015888672870099544
0.07142857272489044,0.07145690929313617,0.5713673733019692,0.07142857187374742,0.07142857206199978,0.07146142836432541,0.07142857237993164
0.14285714285714288,0.14285714285714288,0.14285714285714288,0.14285714285714288,0.14285714285714288,0.14285714285714288,0.14285714285714288
0.14285714285714288,0.14285714285714288,0.14285714285714288,0.14285714285714288,0.14285714285714288,0.14285714285714288,0.14285714285714288
0.02393262036013435,0.023809535843198584,0.023955432980812884,0.023814943886874558,0.024040018950734546,0.023868082119794947,0.8565793658584502
0.570814719198683,0.07146577086054624,0.07156676447529103,0.0714285738764136,0.07149347230461842,0.07159381218701841,0.07163688709742937
0.011950532739466188,0.011967521361327548,0.5660344480816036,0.011935039483491438,0.10311898401214428,0.16856714507666987,0.12642632924529684
0.5708735733996133,0.0714286068469485,0.0714286051109725,0.07181093269980786,0.07142859050421838,0.0716010912896153,0.07142860014882409
0.02043184392339372,0.020462502034249774,0.0204454767416125,0.8773817830177023,0.02041687501867909,0.02041364335783989,0.020447875906522653
0.014297071059091627,0.014313813361920202,0.01440148480230575,0.7132283992548815,0.21509546467437202,0.014362685588285067,0.014301081259143835
0.02045915679005554,0.020441304497934912,0.7274932612374262,0.020408168029908715,0.020514220059105213,0.1702610213251664,0.020422868060403037
0.01307207712564142,0.012998593508293918,0.48768832945265456,0.01302028191659563,0.012998463834079033,0.13926116602223945,0.320961088140496
0.03593096700593139,0.03576247914616369,0.03571887523282546,0.035721672346861535,0.7851764496916457,0.03572900353372087,0.03596055304285122
0.017875964322197357,0.017860126107947922,0.720878700550511,0.017875075978015898,0.01787167923526708,0.01788815533670872,0.18975029846935212
0.14285714285714288,0.14285714285714288,0.14285714285714288,0.14285714285714288,0.14285714285714288,0.14285714285714288,0.14285714285714288
0.6091324999870393,0.028593898159021643,0.02871289650447098,0.02857143233519126,0.24778991135012887,0.028608633112561926,0.028590728551585877
0.024011349748324858,0.02381117376407653,0.023809535314239676,0.69010832892608,0.023809530328108133,0.1905706103662892,0.023879471552881514
0.028579739717615547,0.028571446758169052,0.028571445810555,0.02857143537602981,0.8284071387829421,0.028727003490814473,0.028571790063873767
0.22850792915920318,0.2285675755852445,0.42850316422784884,0.02857143403888067,0.028630543651931496,0.028616196169458718,0.028603157167432648
0.2260623716996505,0.014287959891930588,0.7022182928783884,0.014313113630195313,0.01441636994878813,0.014332800373525032,0.014369091577521968
0.14285714285714288,0.14285714285714288,0.14285714285714288,0.14285714285714288,0.14285714285714288,0.14285714285714288,0.14285714285714288
0.14285714285714288,0.14285714285714288,0.14285714285714288,0.14285714285714288,0.14285714285714288,0.14285714285714288,0.14285714285714288
0.07142858273247087,0.5714277903378722,0.07142858109713181,0.07142857528947143,0.0714285769250352,0.07142858061697263,0.07142931300104587
0.6369008345626302,0.023827670348211576,0.023862910229343445,0.24373012094386942,0.023817418588689885,0.02388214618566165,0.023978899141593926
0.14285714285714288,0.14285714285714288,0.14285714285714288,0.14285714285714288,0.14285714285714288,0.14285714285714288,0.14285714285714288
0.14285714285714288,0.14285714285714288,0.14285714285714288,0.14285714285714288,0.14285714285714288,0.14285714285714288,0.14285714285714288
0.07142859606756002,0.07155011154164478,0.07142859300059418,0.07142857989842706,0.5713069257046967,0.07142859144590585,0.0714286023411714
0.01792836671828383,0.017924484745223304,0.2916867837532609,0.017875579515998205,0.01793042767190145,0.6187803769564999,0.017873980638832485
0.04785004315998687,0.7138406995495143,0.04768285868337808,0.047619051095152166,0.0476391671980214,0.04761905450775893,0.04774912580618827
0.38706119062385147,0.3746971894106397,0.04761906197227175,0.047619362834263455,0.047675036661690824,0.04770891359537918,0.047619244901903474
0.02863019459533804,0.028571449595195315,0.028739815109060332,0.02857143647739972,0.5480573707901155,0.02859457557090061,0.3088351578619905
0.02050210250835701,0.02044096837912118,0.020432039176092875,0.02040816676844522,0.020420483912286683,0.020575896412073403,0.8772203428436236
0.047776367182403044,0.04761906536064105,0.3807857190441928,0.04762463954904024,0.04766957690815552,0.38083290313692914,0.04769172881863822
0.035714303957188276,0.035774098544704064,0.035757088245754916,0.035811288104741185,0.7854845877484646,0.03572899056388715,0.0357296428352597
0.5711081004357328,0.0716727660759916,0.07142861105643376,0.07150471520653087,0.07142859393807043,0.0714286084567508,0.07142860483048986
0.04761920057946024,0.047619067041245536,0.3773373383130238,0.047621251130295514,0.04762908864637187,0.3844830917916202,0.04769096249798264
0.07148075108954348,0.07142858698311506,0.07142858618589532,0.07142857727528235,0.07144223768485386,0.5713626768409327,0.0714285839403773
0.0714285741718816,0.07158570398008342,0.5712714296578423,0.07142857236347448,0.07142857276576774,0.07142857362498813,0.07142857343596239
0.14285714285714288,0.14285714285714288,0.14285714285714288,0.14285714285714288,0.14285714285714288,0.14285714285714288,0.14285714285714288
0.14285714285714288,0.14285714285714288,0.14285714285714288,0.14285714285714288,0.14285714285714288,0.14285714285714288,0.14285714285714288
0.017905148069476354,0.2733276674493151,0.44230091453215586,0.2127753408107605,0.017909295271895834,0.017875188321602245,0.01790644554479418
0.14285714285714288,0.14285714285714288,0.14285714285714288,0.14285714285714288,0.14285714285714288,0.14285714285714288,0.14285714285714288
0.07148475946865272,0.07142857908386935,0.07142857870762814,0.07142857424718785,0.07150447015367921,0.5712415546312336,0.07148348370774901
0.03583898250256208,0.7852109595134119,0.035911618288085305,0.03571428806343236,0.03586364472379789,0.03574612743427044,0.03571437947444
0.8283776654192827,0.028600427446665702,0.02862080860671504,0.028571861148172156,0.028630006689997677,0.028595401712937365,0.02860382897622923
0.015959750886032003,0.015873024739756172,0.015938759648222993,0.01587302537963868,0.015928511122872968,0.9045453080613248,0.015881620162152343
0.011932564243299729,0.6140201033486636,0.133724816883535,0.011940894720815262,0.011970335455009347,0.011981706232953368,0.2044295791157237
0.07142859264712628,0.5704321976211866,0.07168034641781952,0.07142934369738134,0.07159916816985627,0.07184667873924873,0.07158367270738136
0.028571433776392593,0.028584565930449404,0.8284597745222877,0.028571430351351877,0.028571431149077668,0.028657847209460467,0.02858351706098022
0.07142858157391369,0.07142858064629229,0.07159783500049037,0.5708923752652045,0.07142857644293372,0.07171798587650878,0.07150606519465656
0.07142860309184917,0.07142860038415613,0.07142859874853721,0.5714284192180532,0.07142858690031616,0.07142859696829279,0.07142859468879528
0.035748379899660815,0.035714291058731265,0.03571436032351835,0.035714287718287954,0.7855354249423053,0.035747968417049525,0.035825287640446735
0.010225954251464412,0.010269988449228759,0.010253405387654277,0.010205752863198905,0.6083989043434272,0.34039896977214024,0.010247024932886123
0.14285714285714288,0.14285714285714288,0.14285714285714288,0.14285714285714288,0.14285714285714288,0.14285714285714288,0.14285714285714288
0.047634566597145996,0.04761906131548339,0.047619060548034664,0.047619052733337414,0.7139999140116488,0.04761906069642992,0.04788928409791983
0.2856595913407431,0.03571430635350368,0.03571430534304225,0.03571429353249467,0.03604605265014244,0.5354193796168675,0.035732071163206446
0.01789126963320483,0.01787386824876554,0.4007111038716791,0.017857844210429578,0.5099245745733249,0.017864997551128626,0.017876341911467558
0.518187983952335,0.014364508816233341,0.4102192469593247,0.01431868552880165,0.014300337868949787,0.014306427368770745,0.014302809505584714
0.5092569278611326,0.03579808072023159,0.31157976277466765,0.03603469130846176,0.03571429728559985,0.035895199511237735,0.035721040538668564
0.14285714285714288,0.14285714285714288,0.14285714285714288,0.14285714285714288,0.14285714285714288,0.14285714285714288,0.14285714285714288
0.04769330778963526,0.04762652872237475,0.047787754438045865,0.04769757540470404,0.047654377394754706,0.04763110806488914,0.7139093481855961
0.03571429157481021,0.7851390470925558,0.035910172158463156,0.035714506268376106,0.0360097585497098,0.03571429044983035,0.03579793390625461
0.01786043074224396,0.017888058285235375,0.7679069947819446,0.017857147167912965,0.017857149005307847,0.017903299050398693,0.14272692096695666
0.42544596775723403,0.023848499134957107,0.023819508447853507,0.02380952652233611,0.023907885579112966,0.023873618194854142,0.45529499436365206
0.4113032425259383,0.03574120947079988,0.40974991497546437,0.03571429009370562,0.03577918314306577,0.035816035574431464,0.035896124216594515
0.01786084453417567,0.017915389979919587,0.14645980996884672,0.01785767001585414,0.7641003290476776,0.017925487461439293,0.017880468992086868
0.29477778512017044,0.006502991525221641,0.006506670406311882,0.21315255557205406,0.006523627141754663,0.4150081565544058,0.05752821368008147
0.028571436314265012,0.028612880922028607,0.82828852420406,0.02857143120909623,0.028572946312662443,0.02863212333905639,0.02875065769883133
0.028774979689753413,0.028714250804083154,0.02865911988206229,0.028571779580148914,0.02870333030543958,0.8279984805492557,0.028578059189256926
0.03571430254947328,0.035737380502688015,0.7855130991415632,0.03571429142687829,0.03582933146241937,0.03574891556837517,0.03574267934860276
0.013022266482196893,0.012999861783160085,0.3010939511826275,0.013043047497560994,0.013057051485773704,0.3714223680801781,0.2753614534885028
0.2005348483616519,0.014311291707764896,0.014298603933089281,0.014296065724440673,0.4255277563898856,0.014334275505535898,0.3166971583776318
0.8282693208808011,0.02861043653582245,0.028644147701047378,0.028638902146176908,0.028606594716837005,0.02859277147128231,0.028637826548032878
0.023824883250038714,0.023854376374883815,0.02387119593942948,0.024000511076225476,0.023884691229616322,0.023899828604637414,0.8566645135251687
0.028624494041303017,0.6280718503982866,0.02865614456858372,0.22860371459644002,0.028719726001449022,0.028720070234042973,0.028604000159894827
0.07142857781177975,0.5711674718356419,0.07150783464644442,0.07142972597135624,0.07148329262882831,0.07154707411710583,0.0714360229888436
0.0476607443596933,0.04779384384566501,0.04787461401590895,0.047619053582077374,0.4617215885541267,0.299670358361237,0.047659797281291764
0.047619055314089005,0.04763802680881211,0.3546568201598259,0.047619050248457244,0.047743450207227964,0.40710454400673796,0.0476190532548498
0.0357827240638458,0.2855701551888207,0.0358050109035649,0.03571429406295526,0.535502324800229,0.03579749014951474,0.035828000831069656
0.028784422129968283,0.02868830355259183,0.028844398757732394,0.028732320734338727,0.02861803575144011,0.8276563198638491,0.02867619921007955
0.03583078391873784,0.7853050930883162,0.035834740919716564,0.03571536388404498,0.03574673624601638,0.03577457200130389,0.03579270994186413
0.5042246230791435,0.03593684599359465,0.31652213380185396,0.03571429154477229,0.035738788108208186,0.03596346165966899,0.03589985581275853
0.33161768457397184,0.0357892618786531,0.48969567394559005,0.03571428884258566,0.03571429023436004,0.035754508044465685,0.03571429248037364
0.07145557199048885,0.0715701147004351,0.07144964555207868,0.07142857283816405,0.0714312290349985,0.5711521013392754,0.07151276454455942
0.07153657244095406,0.0714285762732209,0.5712446175820202,0.07142857325570935,0.07142857422011994,0.07150451085259044,0.07142857537538522
0.4039846520258591,0.028645939537263954,0.028684312038479688,0.028571433434424354,0.45278354496846646,0.028618992737147672,0.02871112525835862
0.14285714285714288,0.14285714285714288,0.14285714285714288,0.14285714285714288,0.14285714285714288,0.14285714285714288,0.14285714285714288
0.015940688485146088,0.015900022896452773,0.015909724742699798,0.01589584200020402,0.6995299416395196,0.015927685555694928,0.22089609468028276
0.047739009744560565,0.047637541397927495,0.04779469554660835,0.047816440540874465,0.427089410861354,0.04769102872390768,0.33423187318476744
0.00843551387396772,0.16662677255995362,0.008403988026386283,0.008404201727543156,0.5612362626012333,0.00843574435342739,0.23845751685748862
0.2857158384247691,0.035741899082470295,0.03571429203257482,0.035714364362859435,0.5356216908784428,0.035748681014391444,0.035743234204492054
0.04761905376574933,0.047655862168622845,0.047619052936078606,0.04761915124718994,0.714164331568334,0.047664905422734334,0.04765764289129093
0.02865892674181885,0.02858585494790737,0.028946969009630702,0.02857158134213731,0.02857368013426391,0.5816769614238104,0.2749860264004313
0.020463021333299438,0.02049065275423204,0.19414393375705472,0.020410797105930863,0.020457156971993323,0.7035868110146639,0.020447627062825637
0.014296851715674954,0.014330706908372598,0.7097802185476584,0.11462189633876274,0.01439854690717273,0.014300373034136327,0.11827140654822195
0.03572500374780801,0.035723290397909085,0.035714316859665564,0.03589824538233309,0.03575521746919482,0.035847770565591845,0.7853361555774976
0.04765545581752228,0.04762052113213938,0.04761905430760807,0.047621212353082275,0.04793565451623694,0.04809174168255544,0.7134563601908556
0.24973116923820002,0.01591971892271758,0.2975747226720114,0.015873021571040747,0.12766336338596096,0.01592117181314758,0.2773168323969218
0.01100318288316726,0.010994302311913364,0.010999183179935933,0.25688046984880625,0.011017873783627563,0.20499927878720886,0.49410570920534075
0.03574394646175916,0.035985531151870344,0.03575802910400359,0.03571488756544207,0.03585557908579921,0.7852118818219892,0.03573014480913642
0.01791227939032109,0.01786563452629817,0.8926875315483614,0.01787820674180854,0.017888582038471348,0.01787519116655078,0.017892574588188624
0.14285714285714288,0.14285714285714288,0.14285714285714288,0.14285714285714288,0.14285714285714288,0.14285714285714288,0.14285714285714288
0.048085901563373695,0.047653690490574115,0.7133276344917866,0.04761905238896428,0.047727614942429795,0.04777343584302102,0.04781267027985045
0.028581368427654835,0.44511662755286907,0.41191091900857824,0.02857143231050652,0.02859496031754836,0.02862892104024327,0.028595771342599725
0.028615757636879322,0.02857143539263077,0.028571435028502498,0.8285270710329284,0.028571432230077208,0.02857143460712981,0.028571434071851812
0.07169191445642212,0.07153729275908388,0.07144943400111049,0.07142857433663488,0.07142857859105989,0.5709302152130393,0.07153399064264943
0.02385627856560119,0.023909819314246968,0.02384042991040382,0.5082621495257825,0.21895167014780692,0.02390216309607493,0.17727748944008356
0.5911969844124231,0.020528916232817024,0.020642588277063823,0.3061900132747502,0.020562503942904282,0.020452989659495616,0.02042600420054608
0.03576145627510681,0.03572030219953084,0.5188098737544501,0.03571429120316202,0.035830671484831926,0.03588102287242074,0.3022823822104975
0.020428760901976702,0.020411364133531743,0.24100142033607008,0.288212125254038,0.3889968645792494,0.020466452229329874,0.02048301256580416
0.012987060935699395,0.012987020346928333,0.012993321802694075,0.20703212480792219,0.7279506920467453,0.013000778059944994,0.013049002000065684
0.07147602279292418,0.5710732200803318,0.07151716075133542,0.07161482840064855,0.07146066111101641,0.07142857383870269,0.0714295330250409
0.017957599059228495,0.017944562832437425,0.44797422496139117,0.017857165495408316,0.017990700360984956,0.46241643904002305,0.01785930825052651
0.07142860433633284,0.07142860154840894,0.07142859980982211,0.571428413215566,0.0714285875101518,0.07142859798019312,0.07142859559952515
0.02040817587834157,0.02041319964980159,0.020623070638035455,0.8772889972531177,0.020408187346355022,0.02040861534272394,0.020449753891624744
0.07148475946865272,0.07142857908386935,0.07142857870762814,0.07142857424718785,0.07150447015367921,0.5712415546312336,0.07148348370774901
0.14886761784907268,0.2617261182400575,0.5179290656144677,0.017857145654421064,0.017862928930985754,0.017858619895420723,0.017898503815574538
0.7138447442267981,0.04767533083233268,0.047629878007853094,0.04761905131679626,0.04764271242541231,0.04791465700330728,0.04767362618750019
0.21157420367056542,0.01786923528915263,0.017915343289865385,0.017882892703551208,0.01789385550548012,0.017950901019779024,0.6989135685216062
0.02859140138042672,0.028602998598600892,0.0285714399749195,0.02857143305452512,0.8282757700761322,0.028622151101954776,0.028764805813440743
0.0119409641349752,0.011905150547092364,0.011919496579026256,0.011905736247427485,0.39830843128517923,0.01191680407616868,0.5421034171301308
0.017989073563896466,0.01786357193732006,0.38559793178787066,0.01786070414772471,0.018025229015949766,0.017913158185720226,0.5247503313615182
0.028585551044009574,0.028579427385669435,0.8280973221287264,0.028572933563633204,0.028867544653535072,0.02860266076588645,0.028694560458539867
0.04781451978617889,0.38063195867053734,0.0477847969049417,0.047619052228622956,0.04766952962895848,0.38082449472179236,0.04765564805896833
0.14285714285714288,0.14285714285714288,0.14285714285714288,0.14285714285714288,0.14285714285714288,0.14285714285714288,0.14285714285714288
0.03571429897747137,0.035717913251099985,0.7855497120084294,0.03572749824185791,0.035750974085501555,0.03575462238952862,0.03578498104611116
0.011970435729949748,0.011915181704178586,0.012004276902003225,0.01190517738082679,0.9283122839804275,0.011944759788188215,0.011947884514425956
0.014371728207998412,0.014362106649075957,0.9138603064948898,0.014290580935635887,0.014338486688048057,0.014449384883025575,0.014327406141326252
0.43289406616195303,0.03573942804682511,0.38830841982530084,0.03571428692700828,0.03574266047499181,0.035796730512666276,0.03580440805125453
0.03585361334467253,0.30269121767970564,0.26872524015146415,0.2855706991299524,0.03571429516376811,0.035730634653590894,0.03571429987684632
0.7855940174537721,0.03572956486764292,0.03574020115123142,0.03571428824276312,0.03576761598149626,0.03571429168475988,0.03574002061833432
0.028602729729643554,0.02864558450748545,0.02861437637262002,0.02857143486316464,0.02876445533791254,0.8281013078070186,0.028700111382155155
0.07155381446323766,0.0714285742314887,0.07146852248317774,0.07144403226773027,0.5710821082465136,0.07152906398719591,0.07149388432065619
0.0716177894077675,0.07142857717598818,0.5711060028738455,0.07142857358525288,0.07147882954351674,0.07142857646708922,0.07151165094654006
0.013026704625776262,0.013001427408233722,0.4760350497425337,0.012989205100301209,0.013050851097471854,0.4588627380779496,0.013034023947733639
0.028771559769580936,0.02863620332807433,0.2367431821173052,0.028571433827749466,0.028809672382774244,0.4078950338544831,0.24057291472003273
0.011915344792214835,0.011922926244678054,0.5704012553362316,0.2766257660802316,0.10526221922241892,0.011964721397426206,0.011907766926798815
0.023853815500119047,0.21149761144790435,0.023881077169166764,0.02386149983062337,0.02399406567603721,0.023868602090729954,0.6690433282854193
0.03584675352293811,0.5278320070071286,0.03572491483006627,0.03571429191106917,0.03578306479006962,0.2933118620234813,0.03578710591524693
0.017942081031222634,0.017872312530622804,0.017862309660751294,0.017857620397523317,0.7554761903056446,0.017916890176194626,0.15507259589804065
0.020539717508421006,0.020475731580568545,0.19297713054931087,0.02040816775830582,0.7047127330598101,0.020478345742973924,0.020408173800609747
0.5713668169651104,0.07142857892655644,0.07142857856146219,0.071428574244804,0.07142857545552934,0.07149029839750988,0.07142857744902786
0.0238568643208965,0.8566966729289961,0.023884133320526347,0.02383468663396276,0.023869084430696175,0.02399840831961319,0.023860150045308816
0.14285714285714288,0.14285714285714288,0.14285714285714288,0.14285714285714288,0.14285714285714288,0.14285714285714288,0.14285714285714288
0.02860024387347182,0.028573474811554755,0.028599121260662153,0.02859278213593014,0.028636064269920766,0.028595102429354063,0.8284032112191063
0.5711081004357328,0.0716727660759916,0.07142861105643376,0.07150471520653087,0.07142859393807043,0.0714286084567508,0.07142860483048986
0.009538698351976845,0.009527105315695126,0.5076141469211931,0.009523811340125093,0.00955303196126816,0.009544014293209278,0.44469919181653234
0.04761908807896949,0.047619084764542234,0.04765947564756968,0.04761906160390518,0.3809002448118214,0.3809639676010794,0.04761907749211268
0.03578000680210056,0.036082158818089946,0.035747091544771285,0.2853381742816296,0.5352303611939858,0.03600825055712074,0.03581395680230203
0.07142858693937723,0.07142858560876723,0.571428504649263,0.0714285767563691,0.07142857916442018,0.07142858401883251,0.07142858286297056
0.020529515254500644,0.020429999469663018,0.020702301112165526,0.020439789248931684,0.02044741666506146,0.8769769232663639,0.020474054983313714
0.38664008647572234,0.02865827253759788,0.028571455837079023,0.22848537557107654,0.02859077577072256,0.02857145372070351,0.2704825800870982
0.02381883689824107,0.02381625444456491,0.023853152767684422,0.023825128974017024,0.5912854178291336,0.2895290306753585,0.023872178411000373
0.44682084738994077,0.013030986682841932,0.012987052985321528,0.013007065546684567,0.13680400600819756,0.3643398127670892,0.013010228619924591
0.03571428689079623,0.035736974771280385,0.7856874422511647,0.03571428611746852,0.035714286288674464,0.035718437102912524,0.03571428657770301
0.0714285741718816,0.07158570398008342,0.5712714296578423,0.07142857236347448,0.07142857276576774,0.07142857362498813,0.07142857343596239
0.3660732876738071,0.047727740318174595,0.04761906558753275,0.04761905481669872,0.04764891717031014,0.39538468146461614,0.04792725296886061
0.14285714285714288,0.14285714285714288,0.14285714285714288,0.14285714285714288,0.14285714285714288,0.14285714285714288,0.14285714285714288
0.03575058743829109,0.035721886157266916,0.035747407365265785,0.7854898669547739,0.035714306074977255,0.03583595581351329,0.03573999019591194
0.4530140411839187,0.02389598936919587,0.4276915027779638,0.023809527831204585,0.023872084647266832,0.02385608432624361,0.023860769864206773
0.03571429097212093,0.0357142904820072,0.03571429023970762,0.785714260382872,0.03571428832869729,0.03571428997039342,0.0357142896242016
0.14285714285714288,0.14285714285714288,0.14285714285714288,0.14285714285714288,0.14285714285714288,0.14285714285714288,0.14285714285714288
0.0716177894077675,0.07142857717598818,0.5711060028738455,0.07142857358525288,0.07147882954351674,0.07142857646708922,0.07151165094654006
0.020408167319665556,0.1640060118744879,0.020413889297063822,0.02040829276397024,0.7338929888856879,0.020414239997397554,0.020456409861727035
0.07142857910039668,0.07142857832046563,0.5714283390582232,0.07142857402787196,0.07142877130000708,0.07142858115344632,0.07142857703958927
0.07142860873290385,0.07142860521349621,0.07142860341110284,0.07142858414169521,0.07142858955728766,0.07142860149855255,0.5714284074449617
0.07142861255250892,0.07142860842791565,0.0714286067048426,0.07142858533883514,0.5714283810368922,0.07142860440748966,0.07142860153151594
0.013072806944760224,0.11685279857299277,0.012988825232500634,0.8180706334025195,0.013016126709391083,0.012995320072716192,0.013003489065119542
0.14285714285714288,0.14285714285714288,0.14285714285714288,0.14285714285714288,0.14285714285714288,0.14285714285714288,0.14285714285714288
0.03583855441919375,0.03571431834139888,0.2859799605012645,0.2853457131394829,0.03585755860959191,0.035761712223924956,0.28550218276514316
0.047619071108317444,0.04761906872195481,0.04771940688684851,0.38093929048228964,0.047632820759650404,0.04761906895985672,0.38085127308108246
0.03571428689079623,0.035736974771280385,0.7856874422511647,0.03571428611746852,0.035714286288674464,0.035718437102912524,0.03571428657770301
0.07142858157391369,0.07142858064629229,0.07159783500049037,0.5708923752652045,0.07142857644293372,0.07171798587650878,0.07150606519465656
0.023822442061665308,0.023818117964982503,0.8570310328858505,0.023809526293030424,0.02380952737811491,0.023862530329451553,0.02384682308690469
0.03572181266512087,0.03571918503068102,0.03571471859117214,0.5356985603896123,0.035758306643891014,0.03571559954648284,0.28567181713303974
0.035742008918605093,0.03571429098781901,0.035714290723595186,0.03571653812986126,0.035769485674368426,0.03571895685886323,0.7856244287068878
0.07142857930628699,0.5714285380959526,0.07142857820743988,0.07142857418573975,0.0714285752662381,0.07142857774239858,0.07142857719594405
0.02380966658984179,0.023847990184060263,0.2717655606134193,0.6091399679846601,0.023809530477291504,0.023815859838583035,0.023811424312144103
0.07142857781177975,0.5711674718356419,0.07150783464644442,0.07142972597135624,0.07148329262882831,0.07154707411710583,0.0714360229888436
0.0714285916904555,0.07142858987766974,0.07142858887594095,0.5714284739477851,0.07142858141550386,0.07142858775200492,0.07142858644063985
0.21781957588929463,0.023839590233359517,0.023818547446106075,0.31806581184229055,0.3687226960244895,0.023823651904286307,0.023910126660173277
0.008962887324614892,0.008938437871517874,0.18697813847847175,0.008969144458332324,0.5050852026641134,0.2720979939792479,0.008968195223701927
0.005732194185680073,0.00573674400799304,0.005736067293890838,0.04865567912808556,0.6842139721525472,0.24417884532583,0.005746497905973308
0.14285714285714288,0.14285714285714288,0.14285714285714288,0.14285714285714288,0.14285714285714288,0.14285714285714288,0.14285714285714288
0.0714285963009057,0.07142859436224006,0.07142859293651377,0.07142857997573414,0.5713543501818024,0.07142859156342783,0.07150269467937614
0.028593887922762545,0.028776492645948885,0.628371491692728,0.028571432422232056,0.028601699535373167,0.22849161817401678,0.02859337760693854
0.047642488078024486,0.04761906867580355,0.04766591016806214,0.7141090687098149,0.047619058879052815,0.047703892138696136,0.04764051335054589
0.04761907665787037,0.047619074912298755,0.0476190728794117,0.04769653587905667,0.04769170211852655,0.7140086744953015,0.047745863057534504
0.03576506075188431,0.035726118852467126,0.7856112869807668,0.03571428708040241,0.035719363295062756,0.0357291931219494,0.03573468991746732
0.02382053721918565,0.3980324584124838,0.4828990235663711,0.023809525674867243,0.02380952647179303,0.023819400837271753,0.023809527818027486
0.5712414272045429,0.07142857667052946,0.07142857636662968,0.07142857339355127,0.07144010703390491,0.07160416364014618,0.07142857569069563
0.01789769903532662,0.017861838295705305,0.8927324011300325,0.01785714398461116,0.01786472997200932,0.01789947439550897,0.017886713186806163
0.27810264760651837,0.23496616149551783,0.02049947453769102,0.02043163238544786,0.40500318015542003,0.02052040759304794,0.02047649622635697
0.04777745370360209,0.04766525574359544,0.047773819827380694,0.04761905003125952,0.7138315945650604,0.04769917547408164,0.04763365065502014
0.028601950354316275,0.02861136931260292,0.028657953586453965,0.028571434080878828,0.8282764310391784,0.02864505892162736,0.028635802704942388
0.014286815170896916,0.014320308676740572,0.01431409518468673,0.014285716451706103,0.6413363975219948,0.28712086297568246,0.014335804018292325
0.028597368386595056,0.028610480468720573,0.02874338446494801,0.028858549736913177,0.8278612992989359,0.028665121050385493,0.028663796593501652
0.028597368386595056,0.028610480468720573,0.02874338446494801,0.028858549736913177,0.8278612992989359,0.028665121050385493,0.028663796593501652
0.14285714285714288,0.14285714285714288,0.14285714285714288,0.14285714285714288,0.14285714285714288,0.14285714285714288,0.14285714285714288
0.14285714285714288,0.14285714285714288,0.14285714285714288,0.14285714285714288,0.14285714285714288,0.14285714285714288,0.14285714285714288
0.14285714285714288,0.14285714285714288,0.14285714285714288,0.14285714285714288,0.14285714285714288,0.14285714285714288,0.14285714285714288
0.023809534491445208,0.023843250570381162,0.6943810223458186,0.1864516654479599,0.02380952903434454,0.023886354331160316,0.023818643778890296
0.01192255237387644,0.011926209625764777,0.011905508166865107,0.4781822987224967,0.46219178377937997,0.011905810281363524,0.011965837050253508
0.07142857926333515,0.07142857853495599,0.5712371413947026,0.07142857410326132,0.07151350453234369,0.07153504499151886,0.07142857717988237
0.028642376679588587,0.242667752862776,0.028598643986915476,0.028571827800989692,0.028625391417538247,0.028613928017182686,0.6142800792350094
0.011934487287113483,0.47810472085581723,0.011924582308128786,0.011942136839495326,0.283587621897131,0.19057082919807003,0.0119356216142441
0.0714285980120965,0.07142859570793215,0.5714284573046684,0.07142858055069139,0.07142858444993218,0.07142859292030065,0.07142859105437874
0.02044771711743933,0.020420877339082686,0.02042678234684939,0.020513606313206693,0.020494742664604434,0.8771777906398867,0.020518483578930876
0.023838167324879932,0.3127754470680464,0.02384680814398749,0.5680551290745866,0.023809533458008666,0.023865376617767605,0.0238095383127233
0.03575509257863404,0.7848471318587922,0.03583949210997028,0.03595090495506884,0.036004415480208975,0.03585573244034852,0.035747230576977075
0.04761906264744665,0.38095270074648024,0.04761906055059661,0.047619052753589276,0.04775721702126353,0.38081339543622833,0.04761951084439535
0.0714285980120965,0.07142859570793215,0.5714284573046684,0.07142858055069139,0.07142858444993218,0.07142859292030065,0.07142859105437874
0.26561441045549616,0.01589507726066899,0.15547343114261414,0.015873082112206963,0.515328105140697,0.01589923605896263,0.015916657829353833
0.14285714285714288,0.14285714285714288,0.14285714285714288,0.14285714285714288,0.14285714285714288,0.14285714285714288,0.14285714285714288
0.020474202918318515,0.020622966025034387,0.16575092395033456,0.0204081692947714,0.7318767264266625,0.02045883341463131,0.020408177970247396
0.0476192939838491,0.047619055570783025,0.04825934920822105,0.04761905061204983,0.04769305350423952,0.04762482724354882,0.7135653698773087
0.047756385272448645,0.04765465748525793,0.3722111586399103,0.047619050128872575,0.38941646112270395,0.0477232342626301,0.04761905308817663
0.43613423424408704,0.03589671357383819,0.03573837867857909,0.03571899375146674,0.03580152604279646,0.03571430258043791,0.3849958511287946
0.07163647384617411,0.5709723874335152,0.07167682457108261,0.0714285755153508,0.07142857728665555,0.07142858112105603,0.07142858022616562
0.07182477782090314,0.07142862927051213,0.07142862629969808,0.07142859324463521,0.0714286027227652,0.5710321524274796,0.07142861821400652
0.07142857272489044,0.07145690929313617,0.5713673733019692,0.07142857187374742,0.07142857206199978,0.07146142836432541,0.07142857237993164
0.4360404574499558,0.03579006335503484,0.38514124614506445,0.035714287115499295,0.03573519109351298,0.035760229235358404,0.03581852560557431
0.047634328905281006,0.047619674818056054,0.04763381196408652,0.04761919099772722,0.7140211450618253,0.047798965394698426,0.04767288285832528
0.020525862770763775,0.020433148225442833,0.020577455380903577,0.020408166159321645,0.5288185647463615,0.020456031578199505,0.3687807711390072
0.03575866521507913,0.39560688961809104,0.03587623630058803,0.03571464926773669,0.4253007624543812,0.03598990202854002,0.035752895115583896
0.035714304207377603,0.0357143026807909,0.0357324458770309,0.035753377199677416,0.785336323844128,0.035795454864044424,0.03595379132695069
0.1427291261798293,0.015876422800639063,0.015877416062282934,0.01587415134461051,0.7778286603946926,0.01589016774663914,0.01592405547130644
0.028635121825951664,0.028681475474378843,0.0286741507200729,0.028571433105037434,0.028741121226128673,0.45532881099242417,0.4013678866560062
0.07142859899210029,0.07142859674470785,0.0714285956850539,0.5711483511699514,0.0714285849157856,0.07170868078582024,0.07142859170658068
0.00842157270973847,0.12925637269163248,0.008413565004236935,0.00840529837866851,0.0084098676740365,0.08863350585487531,0.7484598176868118
0.03579414396096251,0.03571429071444467,0.48683011733514714,0.035714287592244494,0.03573565295450987,0.03571429011792387,0.3344972173247674
0.36594469586785183,0.02865417019624571,0.028698685327583066,0.028619732108370387,0.028660306710992064,0.49082419371125197,0.028598216077705123
0.14285714285714288,0.14285714285714288,0.14285714285714288,0.14285714285714288,0.14285714285714288,0.14285714285714288,0.14285714285714288
0.014324106424610253,0.014388568905793604,0.014304800656502185,0.514196145645346,0.014307672789860974,0.4141675455866083,0.014311159991278665
0.01587634462359425,0.015882731546907815,0.3589815515603213,0.015873857605025358,0.19699710245785834,0.015878008607647726,0.38051040359864513
0.03579567847107964,0.03586783330241913,0.5264541273665014,0.29465609691882666,0.03574240295668024,0.035714300981491955,0.03576956000300094
0.07178434163268438,0.07162520932412698,0.0714999138494835,0.07142857442755401,0.07147478189428326,0.07154808651388211,0.5706390923579858
0.0178723542352678,0.3566292506997469,0.40929122912273785,0.017857276850807725,0.017903343601038416,0.1625885516413446,0.01785799384905676
0.04767625065673205,0.0476190723107236,0.047720684719795445,0.04761905689796484,0.04777502972817408,0.04826528357112523,0.7133246221154848
0.014291556848156538,0.22674012582600542,0.014321581514262828,0.7017625530414,0.014287796068629299,0.014288514516631885,0.014307872184913983
0.04803502820424127,0.047648121100984465,0.04772716857697817,0.047619051154501386,0.04767362469483802,0.71351608291689,0.04778092335156687
0.010261040205416759,0.17403678423764904,0.17503451270982223,0.010209741796484406,0.6100015900922761,0.010231986261402756,0.010224344696948757
0.017940775303228067,0.017954509266616396,0.6240500977742468,0.01785714555052983,0.017999982740436116,0.28633061231711066,0.017866877047832318
0.0716177894077675,0.07142857717598818,0.5711060028738455,0.07142857358525288,0.07147882954351674,0.07142857646708922,0.07151165094654006
0.07163486802648605,0.5704026708747575,0.07180138058470671,0.07142858583413525,0.07187528624525431,0.07142860606841783,0.07142860236624232
0.008459391868938838,0.14214049116713764,0.06862772947402468,0.008421680516861112,0.7554499327676972,0.00843305628247829,0.008467717922862418
0.0143965714015588,0.014345073606970602,0.01429524656566141,0.014293249603696675,0.014360083879395816,0.2431311663501369,0.6851786085925798
0.15114076212530167,0.004348668045389571,0.3123040741706256,0.004340268947329396,0.5191559802218124,0.004360286246675744,0.004349960242865552
0.07142858693937723,0.07142858560876723,0.571428504649263,0.0714285767563691,0.07142857916442018,0.07142858401883251,0.07142858286297056
0.14285714285714288,0.14285714285714288,0.14285714285714288,0.14285714285714288,0.14285714285714288,0.14285714285714288,0.14285714285714288
0.0714285887796025,0.07169350676687729,0.07153293569314563,0.07142857737138517,0.5709857254496862,0.07149819267552872,0.07143247326377451
0.07142859687784142,0.07149757061131247,0.07142859352007042,0.07142858019429368,0.07142858400831267,0.07142859233415415,0.5713594824540152
0.03571428689079623,0.035736974771280385,0.7856874422511647,0.03571428611746852,0.035714286288674464,0.035718437102912524,0.03571428657770301
0.023890797355674058,0.02382878297071371,0.023844853464871266,0.02380953051550589,0.6903735190443815,0.023815860857441144,0.19043665579141236
0.04768785885402608,0.04761905966381981,0.04779257921360003,0.04761905211369224,0.047798559160073736,0.04767626253223746,0.7138066284625507
0.0717540608925033,0.07142861468854525,0.5709214416678559,0.07142858740055087,0.07161008008432118,0.07142860961232825,0.07142860565389526
0.02858455009428393,0.028809448792643296,0.028619088188116704,0.028695709132818294,0.02859123935987402,0.02862773764674281,0.8280722267855208
0.015881831139082217,0.015873024014171885,0.015906270595379676,0.01588303321920876,0.19712882462220524,0.01587651957567489,0.7234504968342772
0.07142858693937723,0.07142858560876723,0.571428504649263,0.0714285767563691,0.07142857916442018,0.07142858401883251,0.07142858286297056
0.020420648884036798,0.020417583531769427,0.02052102397592268,0.020418344502141982,0.27056761188832107,0.6271696692063609,0.020485118011447163
0.20594390071125138,0.010210796562469959,0.010270544711119163,0.010213259236121703,0.010233236246325888,0.2647462798381423,0.48838198269456967
0.020449610701178945,0.02041890398292377,0.020498844256750994,0.020421116939638086,0.020474536223041795,0.22502025015317223,0.6727167377432942
0.1453537106438405,0.017906901061432764,0.01788827539418872,0.7652430471218696,0.017865241245229355,0.01787454339962896,0.01786828113380998
0.020484734409245416,0.02050036873573966,0.020441765138351067,0.02040816647798062,0.529750574166197,0.36796046725342596,0.02045392381906033
0.3808040090656172,0.023873416380312287,0.5000194192247471,0.02381058803960631,0.023820719878512413,0.023846783916962152,0.023825063494242557
0.38087331200684504,0.04763754487498749,0.3809369811806423,0.04767374502744149,0.047619060697548204,0.04764028894809829,0.04761906726443733
0.04779283212812802,0.04761905655916332,0.3807309064802629,0.047619050937769726,0.04770361932849499,0.3808227516570091,0.04771178290917198
0.07151525257914229,0.07142858328439788,0.07142858274305357,0.07142857588791564,0.07142857780022553,0.5711289363758362,0.07164149132942885
0.011012287721873504,0.010993260267434914,0.17828818830990142,0.01099489500573817,0.7667151491495806,0.010990063248711568,0.011006156296759769
0.07142866288669103,0.07180229572792744,0.07167645145848087,0.07142860277828016,0.5708067031730627,0.07142864516644974,0.07142863880910806
0.714048618216258,0.047619062663485284,0.04775706113732377,0.04765212308712279,0.047619055799146416,0.047685019369523275,0.04761905972714049
0.07142859800899226,0.07142859566206838,0.07145450363877523,0.5714025343841035,0.07142858443926654,0.07142859289718125,0.07142859096961283
0.7138024770644392,0.04767533485562299,0.047629877330452985,0.047619050667766706,0.047695224150661124,0.04787396258167484,0.04770407334938225
0.007524673034040439,0.007523351001943753,0.007546785064077662,0.007524681828165075,0.7676523241617177,0.19468546610751047,0.0075427188025448426
0.07142857272489044,0.07145690929313617,0.5713673733019692,0.07142857187374742,0.07142857206199978,0.07146142836432541,0.07142857237993164
0.1343129613912051,0.009561196000763704,0.14566910600874258,0.009523813289947378,0.5490796899258307,0.14230761364751393,0.009545619735996711
0.011977610527565626,0.011915275068588443,0.11017636390210221,0.3068939493684627,0.01194317849544646,0.53513945239028,0.011954170247554607
0.036017739113008755,0.03571791293575469,0.7853187037715904,0.03571428895585041,0.03573640855028409,0.03576114208227192,0.03573380459123979
0.0477068665309753,0.04761906387097054,0.4190118061987993,0.04766181490363963,0.047633110369412646,0.34274827737194097,0.047619060754261484
0.02858073808661335,0.511610082866516,0.028605633447232156,0.02857143315197244,0.34528396991384663,0.02863810852919125,0.02871003400462806
0.04764004756339103,0.7142291201746966,0.047619062357414796,0.047619053394758706,0.047654592006804115,0.04761906136624848,0.04761906313668612
0.07142861715253085,0.07142861482262751,0.07162166530378868,0.07142858714312217,0.07142859380519731,0.07142860825633081,0.5712353135164027
0.047619069365334527,0.047619067338731565,0.3808242473535835,0.04761905499826866,0.047740639406370314,0.0476204719144567,0.3809574496232547
0.07142858194610592,0.07142858193466034,0.0714285805671507,0.07147424442987053,0.0714285765394954,0.07142857986586247,0.5713828547168546
0.8772477116146824,0.020526062999789475,0.020420639488940448,0.020408166192353954,0.020493619638643244,0.020486966917725436,0.02041683314786513
0.00799291803206866,0.007942799399379932,0.007980419953553336,0.007936511608758173,0.9521981979639387,0.00795699520832562,0.007992157833975597
0.047619060323167414,0.04761905927027914,0.0477092127599127,0.047619051977607664,0.7135146648952136,0.04776936161069149,0.04814958916312781
0.28569215542863546,0.0238297627158326,0.023906530900672622,0.023827723705893318,0.023863816491096465,0.023839158335831476,0.5950408524220381
0.8273980837281671,0.011955122782805135,0.1128969530267068,0.011933131898115675,0.011947109205400519,0.011934663478031762,0.0119349358807731
0.013010867842437325,0.9218342305525717,0.013015908843635423,0.013056004741832982,0.01300587332188543,0.013061097522550243,0.013016017175086814
0.01786421771900974,0.7543191297066537,0.01785938949744341,0.017874385817479826,0.017916835233972667,0.017857200209985827,0.1563088418154548
0.023859843451944075,0.023873478617064545,0.023848497816285456,0.4210341045238252,0.02380954561867138,0.023849063749845897,0.4597254662223635
0.9461977182856196,0.008956996705375123,0.008946891519877279,0.008987836189633032,0.00896930470757641,0.008959552330593205,0.00898170026132546
0.0478911574837282,0.047619053621669113,0.04767089869221424,0.047623842701127246,0.04765172531683494,0.04769476225068348,0.7138485599337427
0.07142859307579308,0.07142859100321015,0.07142858979669313,0.07142857885907906,0.07145883478877661,0.0714285902248678,0.5713982222515801
0.01594407177616514,0.9042260747270171,0.015886943910801744,0.01591411329921963,0.015931517612811488,0.015984991515348476,0.016112287158636114
0.028571437041899832,0.26045839149858746,0.02860623499796987,0.028584096470087507,0.028588041022181848,0.028590050535249555,0.5966017484340239
0.0020200482482430823,0.10176339108925014,0.0020126539639240696,0.8881574604854446,0.002015979032853483,0.0020143562431545947,0.0020161109371300725
0.023830516792893847,0.023848693803048795,0.023906127107491893,0.3189646059116248,0.5617488350085313,0.02384954816684992,0.02385167320955933
0.007560223072767942,0.007530821100661939,0.007535874170805529,0.0075280308419146185,0.9547781115322352,0.007527907640599342,0.007539031641015612
0.07147951748148985,0.571376103723644,0.07142857496510956,0.07142935942350417,0.07142857340697943,0.07142857470113823,0.07142929629813471
0.01193671191123569,0.011964132800656637,0.01196197237621479,0.2086755430541471,0.7315188881925438,0.011974505796298987,0.011968245868903098
0.04761907959382413,0.047666235881926915,0.04790192137011808,0.38049931988644625,0.38087462759191126,0.04761907451842664,0.04781974115734666
0.374473103139044,0.04783367626032743,0.04761905849215751,0.3871151312209383,0.047648545871993284,0.04765046235914633,0.04766002265639331
0.011043034026992997,0.9339577087238583,0.010993527929538565,0.010991095807314645,0.01100451069690016,0.011006424931500352,0.01100369788389486
0.007144491941810903,0.00715560710062086,0.007144313848893959,0.8071193532910227,0.1571430882156842,0.007146204448791072,0.00714694115317653
0.7855170763466535,0.03571429677361468,0.035751868451807736,0.0357220426625913,0.0357322026187581,0.03584821846832799,0.03571429467824661
0.007194901187534774,0.007162517990375061,0.30308675048771894,0.007143019796206468,0.6610786780954616,0.0071510571819355905,0.007183075260767573
0.0057410185164099665,0.9656396664805719,0.005717032891965704,0.005723343805812367,0.005732415622394497,0.005726675734956004,0.005719846947889389
0.07142858885290945,0.07170278541672809,0.5711193200901769,0.0714285774023087,0.07142857994536456,0.07146356404495238,0.07142858424755998
0.01587584175305092,0.015892168108893674,0.01587302279719987,0.9046668519194929,0.01587365705381954,0.01588080491742995,0.015937653450113373
0.047619070679232524,0.047619069173467456,0.04761906749422194,0.7141307437184712,0.047619058895229396,0.04763448731930434,0.0477585027200733
0.005109844285953263,0.2389348510734707,0.005107050512355948,0.7355146018393286,0.005120604491878167,0.005104507993257663,0.005108539803755647
0.017868141851676827,0.017890188331970126,0.01786487053903917,0.892801250725246,0.01785969945645591,0.017858639148432002,0.017857209947180187
0.0075295570225468135,0.007585074045504187,0.007523758054521387,0.954770897608477,0.007524151170544736,0.007520314471223625,0.007546247627182069
0.0179202056780402,0.3506966307451462,0.01802893182730053,0.156377244095508,0.017882174038681465,0.017860661028604688,0.42123415258671904
0.5712977264873194,0.07142857313904358,0.07142857304313852,0.07142857206791146,0.07155940947217196,0.0714285729409232,0.07142857284949199
0.0205478485500285,0.020411644619549727,0.020427890100770434,0.02041198509959893,0.0205735010068915,0.020477893483893096,0.8771492371392678
0.02860329516360218,0.028571435784296672,0.02858275960203892,0.02857143118071249,0.6168555726553394,0.2402266321868345,0.028588873427175827
0.02857864114548279,0.028571436123604875,0.02859621882223707,0.028571431416268122,0.02857817929272267,0.8285167836249697,0.028587309574714736
0.07149745709339285,0.0714285777880891,0.07161013090832145,0.07142857380008215,0.07145555145034646,0.07142857703935437,0.5711511319204136
0.03593974164973239,0.03574367688420235,0.7853962390881725,0.035714289557329394,0.03572563614343594,0.035760565313050385,0.03571985136407721
0.023932274656369334,0.023809545677703808,0.024011528193703786,0.023809531937115398,0.6208097845507174,0.023837823533990173,0.25978951145040013
0.877189566345209,0.020413707452222023,0.020709234250793414,0.020408165821274166,0.020418538368103034,0.02040911596182266,0.0204516718005756
0.19326268851667677,0.020445949433858666,0.020432553707452915,0.37498191964161404,0.02041119036467262,0.3500156363639358,0.020450061971789262
0.2857721629880817,0.023809534595157937,0.023832875648015645,0.02380952786373449,0.5951193637352358,0.023824345820725273,0.023832189349049224
0.014321111745907092,0.014503221872061928,0.014291576573592502,0.014285717569117319,0.9140059803716627,0.014288440718338596,0.014303951149319769
0.011919646637969813,0.011980167300084034,0.17434457317384897,0.01190551391488548,0.7659583969698784,0.01191606792941355,0.011975634073919618
0.008936910356448528,0.008930144450764234,0.008945644346317182,0.8503014583286015,0.008937974512021933,0.008940261512284869,0.1050076064935617
0.007155376368711007,0.007147946148738183,0.007151938387061663,0.007142918493153014,0.9570979881835561,0.007148427307023481,0.007155405111756509
0.028571442109191304,0.8282739824291364,0.028654252726066386,0.028571520887247383,0.028720278523781326,0.028635732950097116,0.028572790374480142
0.020471299949980305,0.6375612137688217,0.020502655450146665,0.020408221988656872,0.020453786199992316,0.260188912143849,0.020413910498553078
0.01786766604232921,0.29027530353149406,0.017865846088899344,0.6201248749941033,0.01807769077186914,0.01787068763004774,0.01791793094125713
0.01786766604232921,0.29027530353149406,0.017865846088899344,0.6201248749941033,0.01807769077186914,0.01787068763004774,0.01791793094125713
0.01786766604232921,0.29027530353149406,0.017865846088899344,0.6201248749941033,0.01807769077186914,0.01787068763004774,0.01791793094125713
0.07142857781177975,0.5711674718356419,0.07150783464644442,0.07142972597135624,0.07148329262882831,0.07154707411710583,0.0714360229888436
0.03571429482397931,0.7852260844171719,0.03573003403293364,0.03575943868379269,0.03603620771568922,0.03571992058546449,0.03581401974096878
0.01588526264731318,0.01587583959846962,0.015873018657408804,0.7670567066267471,0.015947175292219652,0.15346298194714786,0.01589901523069375
0.4246800404837278,0.015875894703172234,0.49589416333743874,0.01587301813892913,0.015876281283375045,0.015920545038257603,0.01588005701509927
0.007164712176553718,0.007147710311272659,0.007151037693981451,0.007147646403489595,0.376687001991526,0.5875470678886915,0.00715482353448513
0.007942441454226006,0.007954257160229818,0.952275272918962,0.007940909945246407,0.00798545547233671,0.007946806424288452,0.007954856624710472
0.007942441454226006,0.007954257160229818,0.952275272918962,0.007940909945246407,0.00798545547233671,0.007946806424288452,0.007954856624710472
0.009552803481650553,0.9427387038147093,0.009548449875025693,0.00953497184290839,0.009533340671429563,0.009561841000115794,0.009529889314160834
0.015943176311976448,0.40492309662748,0.01588461076078862,0.01587485563867534,0.015881496436026765,0.5155689337773038,0.01592383044774899
0.03573359087569557,0.322479661520133,0.24852604576589227,0.03571461309915524,0.03576438520612903,0.03578250127925365,0.2859992022537412
0.00893667633702696,0.008929307546181145,0.008947649817033764,0.008970699642909067,0.9461981349115287,0.008974831013233113,0.00904270073208719
0.5043193148531858,0.015890449130316266,0.015891562096877556,0.015879592784537332,0.015900631524266764,0.015956238001553404,0.416162211609263
0.023826229533137126,0.023825004345335635,0.02386635405953643,0.02383003536216102,0.8569471671239987,0.02389307576387443,0.023812133811956567
0.03578822765563948,0.5079240881534473,0.035733282313194906,0.035849695930614454,0.31327584061994995,0.03571433155911133,0.03571453376804265
0.2411117648617346,0.012987018480106615,0.01300772920705614,0.012987749991814842,0.5034198786107404,0.012996095293206427,0.20348976355534107
0.02857908207035259,0.02857784642305175,0.02870427688556409,0.028571433279565076,0.028683075228482523,0.8282271170344576,0.028657169078526314
0.9494360021586387,0.008415242347083282,0.008430884419170552,0.008406517698673803,0.008448335396629402,0.008433188407916426,0.008429829571888004
0.07164254992500381,0.07142857739037434,0.07142910930250669,0.07142857365766922,0.5711864471319813,0.07145616628179396,0.07142857631067082
0.023809532152744433,0.023809531426791413,0.023818947475304775,0.8571311848652972,0.023809527987747457,0.023811746123793172,0.02380952996832159
0.01300004311164052,0.12156505447899817,0.013039863442747858,0.012993863611892913,0.013029149303677004,0.01301983760897191,0.8133521884420717
0.0238851280562131,0.023817244582124412,0.023812135097166755,0.023810587890973605,0.6341595369101035,0.24666887280337718,0.023846494660041427
0.035731349131471885,0.03571497679670377,0.03571428795009387,0.035714442377242916,0.03591039551015826,0.035911719731202434,0.7853028285031269
0.011024580893545913,0.23204778366875772,0.011001407189292167,0.01107592529321738,0.46947902660955015,0.254310475942179,0.011060800403457739
0.010229078191303071,0.1673013032418163,0.010210085410474802,0.7815820158240221,0.01021466810235866,0.010235739277710971,0.01022710995231418
0.04761906051239663,0.047619051181798336,0.047619051028588606,0.04761904895874157,0.04780687319777167,0.047619051371756385,0.7140978637489468
0.3390313457972789,0.004477546486599407,0.004482669163645697,0.004468522242014689,0.22565153078983616,0.4174095582435058,0.004478827277119443
0.04770105257247812,0.047779340239389234,0.047619083493657684,0.0476190621378653,0.3809349135676633,0.047619081266841376,0.380727466722105
0.3687396870245762,0.5120118380177957,0.023903605507557046,0.02380952565715144,0.023833127636403044,0.023827060705998944,0.02387515545051764
0.015913687221286478,0.015873027499399794,0.25520209612917516,0.015875130820805525,0.01591082435072224,0.015902984936284687,0.665322249042326
0.011933279208651431,0.01191173281379812,0.011916604208162837,0.011904872789047598,0.9284931688701094,0.011921119391055031,0.011919222719175684
0.008969593607466242,0.008930630502757973,0.32274270356358997,0.008928795102303946,0.6325264358278578,0.00894318680674223,0.008958654589281708
0.502726879829789,0.0358191208846066,0.035719943806321326,0.035714290285833256,0.03579219051150006,0.035809814717940085,0.31841775996400984
0.07142859553531256,0.07142859315128094,0.07158127888387693,0.07142857960193566,0.07159168202190659,0.07142859109182648,0.5711126797138608
0.8284064797280145,0.02857143123386119,0.028667494002269048,0.028571429569844122,0.028620006446316928,0.028571430917564988,0.028591728102129295
0.07142861017857968,0.07142860610082835,0.07142860421681622,0.07142858509419973,0.5714283921992463,0.07142860265661737,0.0714285995537122
0.07142857881150373,0.5713267422325908,0.07142857785412839,0.0714285739303639,0.07146827518113989,0.07142857746883816,0.07149067452143511
0.7134234285385654,0.04766723451849601,0.047660975757905025,0.04763757618716236,0.04816853019048102,0.0477373858261767,0.0477048689812135
0.006503413053586466,0.006499565973455358,0.006505784844874268,0.16423765569224258,0.2265078185348711,0.006504310399516092,0.5832414515014541
0.011911849157189585,0.011937700779107347,0.1807292472675817,0.011923697663315103,0.3233649158731275,0.011914038028540488,0.4482185512311383
0.04768745605055856,0.04784706947913486,0.04776308719696736,0.38031552443242683,0.04787134867109366,0.04775927662756209,0.3807562375422567
0.7139047865858338,0.04761905465493324,0.04761938123804177,0.047619050257980536,0.047964265205279785,0.0476473114363458,0.04762615062158518
0.0025555179588737827,0.0025625477122186075,0.39552144930693534,0.0025564488282916456,0.0025545117587223824,0.5916925378535899,0.0025569865813682606
0.8567789074695621,0.02393892542729687,0.02382153284766898,0.023809528495643138,0.023832117897315704,0.023981495575384933,0.02383749228712829
0.01031030494932483,0.010206633634394084,0.010219726888106299,0.01021591478892809,0.4492128430974385,0.01022000642412152,0.4996145702176866
0.14285714285714288,0.14285714285714288,0.14285714285714288,0.14285714285714288,0.14285714285714288,0.14285714285714288,0.14285714285714288
0.047648513861035025,0.04761905518945854,0.7142352807458747,0.04761905047522799,0.04761905175578333,0.04763999423898627,0.047619053733634044
0.009528008837987134,0.009525482352199799,0.00958837915492462,0.00952391865964111,0.9427349657596086,0.009529555791405166,0.009569689444233644
0.011913107129131257,0.01195727151338255,0.9283780029666301,0.01191204740886302,0.011981896838459983,0.011922788315540417,0.011934885827992781
0.008946659494753399,0.008932628985724318,0.00893320894131645,0.008928574983077772,0.008965395324796083,0.9463408684376706,0.008952663832661412
0.008946659494753399,0.008932628985724318,0.00893320894131645,0.008928574983077772,0.008965395324796083,0.9463408684376706,0.008952663832661412
0.01785949519353411,0.01793058609328801,0.3975444293100957,0.017862652905661792,0.018014718352978243,0.5128216570264358,0.017966461118006427
0.04784410259743183,0.04766330382216447,0.0476643158188527,0.047797051297888936,0.047619055911268526,0.7137931104715575,0.04761906008083613
0.047675054831146674,0.0476190518533111,0.04766472221334268,0.04761948664524207,0.04762549133074667,0.71410654472236,0.04768964840385087
0.07142866209282425,0.07142865278865629,0.0714286475701789,0.07142860178304498,0.07171999836635976,0.5710538928936677,0.07151154450526812
0.047641818452452044,0.047619065510717526,0.04761906444862146,0.0476190543285114,0.047636288609130446,0.7141571969609237,0.04770751168964342
0.012994877668490923,0.4793454232400951,0.013000921791260327,0.45569210930032517,0.012987306560686149,0.012992325193887117,0.012987036245255226
0.03572036499168106,0.7855192591488042,0.035724223516143336,0.03571439089878344,0.035732558236095065,0.035770876908767686,0.035818326299725346
0.03571431043052922,0.3085454461747478,0.03571430717715114,0.03571429419882735,0.03574130192677457,0.03575869811978337,0.5128116419721865
0.14285714285714288,0.14285714285714288,0.14285714285714288,0.14285714285714288,0.14285714285714288,0.14285714285714288,0.14285714285714288
0.02383732987094526,0.023841635824976618,0.023820755347068637,0.023809526201306233,0.8570304180444088,0.023841600330348482,0.023818734380945922
0.02382115348456469,0.8568272413664393,0.02385442145060539,0.023819331567886598,0.023922786936840572,0.02381438241596873,0.02394068277769471
0.014297598573802871,0.7756582517663394,0.01429028048725481,0.014303444048397928,0.014287261999827465,0.014290075465833931,0.15287308765854357
0.02061937509353,0.31471738809250566,0.02044412409131689,0.020418764457806077,0.020427849606142554,0.5828633852369802,0.020509113421718607
0.03580257686810767,0.0361480393712463,0.7846223121351782,0.035714297866549324,0.035868043235624134,0.03607459632575171,0.035770134197542734
0.5322579907994827,0.2661712574405986,0.015891457637470283,0.015873086186964428,0.01589388027995538,0.13800767436687741,0.0159046532886512
0.04765163566029349,0.04768832963563033,0.38092116924522673,0.047619053858506434,0.04761905660542106,0.04761906228346829,0.38088169271145356
0.035824235692622976,0.03571830689025126,0.03583068854059745,0.03571428826115167,0.7853901004263388,0.03580625289804615,0.035716127290991634
0.47754263428284266,0.00793786771505863,0.007961269067595658,0.007942837943734697,0.00795745942123765,0.007985528187035873,0.48267240338249484
0.015881798328432818,0.015873022240066665,0.6499037264216391,0.015873018252871716,0.015946367129215325,0.14971587650535445,0.13680619112242
0.047645847573738055,0.04764263734541911,0.7140036963600522,0.047790267443709795,0.04761905270693302,0.04761905642386343,0.04767944214628427
0.009601175075365731,0.26665797960986926,0.21383979222495916,0.00952636374699292,0.00954604325210432,0.34838251430176875,0.14244613178893983
0.01788636322067824,0.8924134318311661,0.017964705414619517,0.017857677344628575,0.01806655498530965,0.017954119159076073,0.01785714804452182
0.07184158347760286,0.0714286485749671,0.07142864597167685,0.07155220548686393,0.07142861285503857,0.07147703697061589,0.5708432666632349
0.028616977075369605,0.028571457568079897,0.028596340121643554,0.028571439405209224,0.028783008228903097,0.8280144134986399,0.02884636410215477
0.04772725028107782,0.04767156869124705,0.04765771920011612,0.04761905065684106,0.7138280994526673,0.04771717174161904,0.047779139976431635
0.07142861837526254,0.0714286145345071,0.07142861215095035,0.07142858757451351,0.5714283518992772,0.07142860947848848,0.07142860598700078
0.01589345482336061,0.3975081530158714,0.36030171483730195,0.17842638825921966,0.01603270025980405,0.015919695491120222,0.015917893313322214
0.035825989346831656,0.03581619501922295,0.03574398588566571,0.03571428812385994,0.0357212609911983,0.035718727751459976,0.7854595528817615
0.015978463471214125,0.01588476429842853,0.015889640453590082,0.015877093874494305,0.015927012375753155,0.9045414088186284,0.015901616707891336
0.5713312645948805,0.07142860641992352,0.0714286043738286,0.0715257335271652,0.07142858992666361,0.071428601930432,0.07142859922710666
0.07142857896077613,0.07142857824801649,0.07142857792726415,0.07142857399805813,0.0714285751227119,0.07142857751527683,0.5714285382278963
0.03572207469389658,0.035718461365825786,0.035714527462311456,0.03596045994861326,0.7853133252976026,0.03585683397130067,0.035714317260449685
0.14285714285714288,0.14285714285714288,0.14285714285714288,0.14285714285714288,0.14285714285714288,0.14285714285714288,0.14285714285714288
0.03571845835930358,0.03574820309443618,0.03591286622729788,0.03572281093789059,0.03572925863567517,0.035720519756653614,0.7854478829887429
0.023863838089332196,0.8568730826217404,0.023885019561095185,0.02380953906701684,0.023829269821221417,0.023920625677402017,0.023818625162191923
0.5481802061851422,0.005114423205434067,0.005108059050230538,0.005102264592537131,0.005129904990070929,0.426248676414283,0.005116465562302128
0.14918672019129894,0.010224882265519103,0.09088634866934421,0.010204083549885612,0.7190394546415037,0.01022959556960573,0.01022891511284271
0.07142858188937083,0.07146037837098194,0.0715712642170737,0.0714285749862012,0.5708447087550198,0.07166863647624973,0.07159785530510272
0.04775571926056837,0.04762976458137691,0.04775431510620869,0.04761952835445139,0.7134704810635788,0.04780588394062334,0.04796430769319247
0.22392842854805597,0.01587859207445347,0.015875512580096597,0.015882707349023008,0.015962422813886663,0.26409051252219345,0.448381824112291
0.14285714285714288,0.14285714285714288,0.14285714285714288,0.14285714285714288,0.14285714285714288,0.14285714285714288,0.14285714285714288
0.07142859128180255,0.07142858915539986,0.07142858806533715,0.07142857802416022,0.07142858083035067,0.5713244943052429,0.0715325783377066
0.02859154812908836,0.8282041120562568,0.02863007432083215,0.028573736871717294,0.028755529356805316,0.02857143812153526,0.02867356114376477
0.8282112155994455,0.028581460357273384,0.028631685839899536,0.028586343627276554,0.028662544520181427,0.02857143329333048,0.028755316762593117
0.023865102910086287,0.21230349621775482,0.02382970728141076,0.023809748442030675,0.6684905242649914,0.023841888463282883,0.023859532420443162
0.5730767047624138,0.020459924336100124,0.020415892858922438,0.020408356550242195,0.32476508609372257,0.02042405972370724,0.020449975674891676
0.008415223930138563,0.008403563551075329,0.008413159441674069,0.008403451492956846,0.9495484943324494,0.00840797228040067,0.008408134971305223
0.02400086131926574,0.8567378840990539,0.02382572047444323,0.023843653151632914,0.023820614445173006,0.023835117340715858,0.02393614916971534
0.0476190767355269,0.047635022250809726,0.7139332015943043,0.047950926215065096,0.04762363300493827,0.047619071168755245,0.047619069030600536
0.009551600026916579,0.009572399425742022,0.009525440167690925,0.009550726727452009,0.2972887776006714,0.009564301925689397,0.6549467541258377
0.015878183760477945,0.015898164480903414,0.015896318271207414,0.015875055838904646,0.2470545719289471,0.6734544932738151,0.015943212445744266
0.015964592662825766,0.01588503925719681,0.015900990069752746,0.015873017549800604,0.9044536010728572,0.01596772402217755,0.015955035365389277
0.004336069785244955,0.004334403899108686,0.004338616616669436,0.00433313707286421,0.004357311879642918,0.9739531124130586,0.004347348333411199
0.04764759374604933,0.047625330693024756,0.047619057417316216,0.047619051482661705,0.04764245793008284,0.04761905683871416,0.714227451892151
0.07142858258271498,0.07142858185134286,0.07155316092292424,0.07143388784162628,0.0714285768652806,0.0717678770570796,0.5709593328790313
0.017886440509815738,0.5219402817835602,0.017943759671526976,0.01786682296309116,0.017936781475493834,0.017884149612204914,0.3885417639843071
0.0119287906578832,0.012056053531732582,0.011921315108674465,0.011910498720678625,0.01194019568734871,0.9283356029339555,0.011907543359726946
0.14285714285714288,0.14285714285714288,0.14285714285714288,0.14285714285714288,0.14285714285714288,0.14285714285714288,0.14285714285714288
0.4410691575937742,0.023833339385253838,0.439547984958404,0.02380952787532297,0.023850068145926613,0.023817072177766505,0.024072849863551984
0.010989027731140907,0.011064541031989963,0.7625997123670346,0.011045211924636549,0.01101531365599448,0.01101481669105938,0.18227137659814402
0.015904753904458613,0.01588769358049311,0.015895889099365523,0.015873115526638757,0.9045926989754205,0.015969212459942934,0.01587663645368034
0.20389313618929425,0.010995710394404928,0.011067052649105532,0.010989020310279157,0.011027475222859495,0.4084991623464763,0.3435284428875802
0.07142859843558208,0.07150284775021462,0.07142859461699855,0.07142858062796144,0.07142858457491169,0.5713541907976125,0.07142860319671904
0.0071485571807646435,0.007144539705119665,0.007149686832368947,0.007143230541822748,0.9570877113011068,0.007143759330274163,0.0071825151085430266
0.028630088684223544,0.6284065381380503,0.028571434194877468,0.028571430686685113,0.02862247618526993,0.028590816640543165,0.22860721547035048
0.023809529727614548,0.18660998289103473,0.02384043898729567,0.023809571320422687,0.6942642217694384,0.023826442583948112,0.023839812720245872
0.07142857991253462,0.5714014197817437,0.0714285788222348,0.07142857438238943,0.07142857556106441,0.07145569393678096,0.07142857760325201
0.14285714285714288,0.14285714285714288,0.14285714285714288,0.14285714285714288,0.14285714285714288,0.14285714285714288,0.14285714285714288
0.0714285838620768,0.07142858267781768,0.07142858210095226,0.07142857567922141,0.07151906057850252,0.5713308483047729,0.07143576679665657
0.017907139376303935,0.017864192037215176,0.017878988439942938,0.01785714618261653,0.892628701278846,0.017970757058272967,0.017893075626802476
0.015974380786230355,0.015891628029600386,0.9046074611868566,0.01587301763016476,0.015880805843799348,0.015879577160132892,0.015893129363215484
0.5714285331624177,0.07142857982796,0.07142857939893381,0.07142857457240266,0.07142857598728147,0.0714285788509142,0.07142857820009021
0.0357663475635337,0.03571429624176554,0.7854290618519011,0.0357142896481612,0.03586821290898228,0.03572401093440724,0.03578378085124896
0.3882980526187907,0.011918349647342863,0.01197416955951691,0.011917287778557023,0.5520241992207785,0.011933874262416336,0.011934066912597673
0.013011798510141295,0.01300316153442879,0.9219935336477046,0.012987013990185444,0.013015594454756604,0.01299051130470579,0.012998386558077375
0.04764477748633397,0.4304894963883402,0.3312893449285426,0.04761948339873975,0.04762745189524273,0.047709995996257214,0.04761944990654351
0.01023730844326473,0.129797351003133,0.01021583267798174,0.01020872680499286,0.01026715058565032,0.010228563881652018,0.8190450666033253
0.9569405616680368,0.007264674777885839,0.007146372001968454,0.007195386572912022,0.007150448717007922,0.00715165001450203,0.007150906247686772
0.010229898921125838,0.11683571916815519,0.5029423613275631,0.01020408432583628,0.010267464762528584,0.01023125742571418,0.3392892140690767
0.14285714285714288,0.14285714285714288,0.14285714285714288,0.14285714285714288,0.14285714285714288,0.14285714285714288,0.14285714285714288
0.036195142781210284,0.035714326300120086,0.03572719195105697,0.03572282556331246,0.03583901126874199,0.03571430114473988,0.7850872009908184
0.00895424179606069,0.008938339793952163,0.008939805533734833,0.008928833106343686,0.9463500829681573,0.00893362999234246,0.00895506680940894
0.014288491196970971,0.014317480139460072,0.014297567919981467,0.014363632585851627,0.014315830510460934,0.014312422908027488,0.9141045747392476
0.023913088821853456,0.023956143337962605,0.024001990195197723,0.023814910667823885,0.8565693658977962,0.02391593461429104,0.023828566465075075
0.04348819687550296,0.005112102228150398,0.005102844664927109,0.9309865416024974,0.005102523775940294,0.0051043802291001585,0.00510341062388173
0.03574395170299998,0.03578189802175058,0.035810285973826426,0.035714289866356934,0.785214306911085,0.035784361205458366,0.0359509063185228
0.011926713213474884,0.30554588062504817,0.011946781085506147,0.01190549351132327,0.6347601164698334,0.011956973558102407,0.01195804153671166
0.013011296774187001,0.013074422589477875,0.6636480346201178,0.013024446788627618,0.013073750487919037,0.012999692688424791,0.27116835605124584
0.028607006301474606,0.028656723245943132,0.0286622986863619,0.3605483493263523,0.02859005069419342,0.02869370599698081,0.4962418657486939
0.0119160842051975,0.011907988402645035,0.011910357180761551,0.011915867457432727,0.9284242724548716,0.011956633286910734,0.011968797012180985
0.9139411451679667,0.014363810133363401,0.0143096035778335,0.014285906597067554,0.0143639990757967,0.014366522454327433,0.014369012993644832
0.011949158704163692,0.01191442972246497,0.011917742973213958,0.011906521123116048,0.2231753682173738,0.7171918904640983,0.011944888795569403
0.009540077946668253,0.009595515766859027,0.009570490785168334,0.009589318011791862,0.7304525639161427,0.009590458331025849,0.2216615752423441
0.014329372610423781,0.014287145772124654,0.014297967941126635,0.014285819933729961,0.01430873219346238,0.014318847907174458,0.914172113641958
0.3634851045304892,0.3983454907147295,0.047619060676112206,0.04761905279700492,0.04761905507310726,0.04763771257072532,0.047674523637831714
0.009536417535838197,0.009543234446485421,0.009525328219996111,0.27595472968831153,0.5926681401927284,0.09322835333487187,0.009543796581768467
0.04765608232079667,0.04761906337905076,0.04761906220631271,0.04767389743678788,0.047619055899919,0.04761906122992852,0.7141937775272044
0.07167477287197109,0.5709796158730195,0.0714285885487704,0.07163067677151093,0.07142858124868115,0.07142917870452721,0.07142858598151974
0.028748149630898077,0.028571441185216755,0.02860305622976556,0.028571433322371425,0.5724598047751928,0.02858380698938515,0.2844623078671704
0.0476190904851646,0.04761908650193485,0.047798100540219414,0.047619062169991615,0.4022034872901731,0.047619081820715746,0.3595220911918008
0.023863918617359838,0.023819634933665335,0.023849223769899845,0.02381145747351513,0.33780993418505956,0.5430315213400758,0.02381430968042453
0.0357415605939256,0.035749178713912075,0.03571430864166849,0.03572467181226397,0.03592779038468974,0.03578028037660333,0.7853622094769369
0.035714310457861546,0.03579621072315087,0.3256000846565321,0.03575426551810779,0.4955662421757082,0.03573915915595531,0.03582972731268406
0.3808208518987842,0.3804721849616215,0.047771896102095444,0.04789014880471809,0.047653800651560774,0.04766827339364202,0.04772284418757804
0.07142862329766891,0.5711411654793916,0.07142861651566879,0.07171577551756335,0.07142859672285395,0.07142861301669676,0.07142860945015654
0.04777931959031327,0.27136079468354496,0.49021171486488907,0.047765057281030046,0.04764425270858225,0.047619054225474834,0.04761980664616535
0.008989043675437233,0.00894516924695057,0.008940214824448494,0.008928572904682068,0.31554334251682414,0.008934466893171948,0.6397191899384855
0.03575120240312992,0.03575904094194606,0.03574850861124449,0.7854764397263246,0.03572739489917684,0.03572126931126333,0.035816144106914714
0.028576173967052698,0.3370259323995534,0.028571437711196288,0.5201121486453021,0.02857143376630538,0.028571437137935488,0.02857143637265466
0.014306939852725412,0.0143171570945843,0.014294647853072972,0.9142091717617177,0.014288663886599095,0.014285718380224431,0.014297701171076059
0.023809539949443313,0.0238196550391125,0.2671024078144334,0.3343437959150035,0.30325427095666346,0.02383480540552129,0.023835524919822364
0.6131737930076964,0.02860335026340226,0.24380995963396976,0.02857143176645445,0.02865250710241292,0.028595424358645663,0.028593533867418544
0.9218948841540587,0.013057915430222998,0.013006287424087985,0.013020999564067503,0.013002671768762724,0.01298956094124238,0.01302768071755763
0.01191779018115482,0.011998559024105966,0.10252611101984331,0.011904764996243733,0.677621720398629,0.17206582410717183,0.011965230272851336
0.03571430745328584,0.036062120065427763,0.7852907875609426,0.03571429316349197,0.03578532781345191,0.03571885920636457,0.03571430473703527
0.028760139460613846,0.028606316018328436,0.028571437340025024,0.028571432069451425,0.02857479438453353,0.8283379775384485,0.0285779031885993
0.7140043811590718,0.04761905294791304,0.04766062627564557,0.04761904961963417,0.04766327250373444,0.04774222608652161,0.04769139140747935
0.035774806241846854,0.03571432930382129,0.03579973620281659,0.035895823011268105,0.03574893966479683,0.03605165136628966,0.7850147142091607
0.004469382383411326,0.004470084890119178,0.00448144726411982,0.04825205901437529,0.9293838810275158,0.004473365058660659,0.0044697803617979965
0.028580708708797618,0.02874004718368399,0.3108746578610664,0.02860505704097076,0.02857284018373441,0.028571720014591327,0.5460549690071556
0.01021679090103681,0.010223453054805341,0.01022297499899592,0.938686875723665,0.01023354157958053,0.010204434244249229,0.010211929497667206
0.07142859319363191,0.5714284792680842,0.0714285901772404,0.07142857890427833,0.07142858204346596,0.07142858903934578,0.07142858737395327
0.8773239617314369,0.02041597355958843,0.020445713558699147,0.020408166287643963,0.020518971814056947,0.020465800758577714,0.020421412289996797
0.3837261258722105,0.2261937386003541,0.015942857367820574,0.01587305430841893,0.015976700892568915,0.32629954759665747,0.015987975361969428
0.7850409417651653,0.0357946458643962,0.03574441264246694,0.03602976891271569,0.0357143424576215,0.035870186345446926,0.03580570201218742
0.07142859062642923,0.0714285887849043,0.5714284892700623,0.07142857798417541,0.07142858096313405,0.07142858682251266,0.07142858554878202
0.014344713774479698,0.01431131925090685,0.25115767053825966,0.014285742520512049,0.014346849839459434,0.014291613694615247,0.6772620903817671
0.07142857695393029,0.07142857648094131,0.07142857623789484,0.07142857335092734,0.5710363907265629,0.07182073072969149,0.07142857552005184
0.04770371212043587,0.0476639126315838,0.7136962196162369,0.047651441294960316,0.04766730354001452,0.047660064719185276,0.04795734607758336
0.07142858411430889,0.5709921104985821,0.07163272758938935,0.07144961292530995,0.07142857760647109,0.07163980653766776,0.0714285807282708
0.007167108374363937,0.007173466532101416,0.956955119218323,0.007168141990403598,0.007173176023064822,0.0071955585263743125,0.007167429335369002
0.07142857295753369,0.07142857285445041,0.07142857275162956,0.07142857195220202,0.07173807946699923,0.07142857477179318,0.5711190552453919
0.023851210985262015,0.8564476866582688,0.024020355860223035,0.0240199992218088,0.023858883410553623,0.023851639911837638,0.02395022395204623
0.7140277430956917,0.04768173782841391,0.047619053702058003,0.04761905001498681,0.0477811734677864,0.047652189134795256,0.04761905275626812
0.8566051718164448,0.023887884380554752,0.023816666971604183,0.023868583987461233,0.023921791260197334,0.023988275617951433,0.02391162596578624
0.023856833017300013,0.023870420189118804,0.023812778741560583,0.8569157679251439,0.023838930206260735,0.023885983763134305,0.02381928615748153
0.07142859319363191,0.5714284792680842,0.0714285901772404,0.07142857890427833,0.07142858204346596,0.07142858903934578,0.07142858737395327
0.01304601304134258,0.92195506601004,0.013009407952289468,0.01298742213919356,0.013006419899844584,0.013004009397484372,0.012991661559805415
0.007524964891620177,0.007531388005153105,0.007520278777418884,0.00753284747073679,0.0075624655391008724,0.007537690558123932,0.9547903647578463
0.009539346688738376,0.009527922353591347,0.009577953844916672,0.009523812904805187,0.9427210716318385,0.009552860683140062,0.009557031892969758
0.8772721363322465,0.020604871722049833,0.020421903369528913,0.02040843638211433,0.020466144717846618,0.020414849943253037,0.02041165753296057
0.8772721363322465,0.020604871722049833,0.020421903369528913,0.02040843638211433,0.020466144717846618,0.020414849943253037,0.02041165753296057
0.02393709468856187,0.023879574629324597,0.023850704437887612,0.02381283073536462,0.023903146372450345,0.8567865470121442,0.023830102124266738
0.07142858364178349,0.07142858263124674,0.07142858349359868,0.07142857559633099,0.07142879130321128,0.07142858129526296,0.5714283020385658
0.07145557199048885,0.0715701147004351,0.07144964555207868,0.07142857283816405,0.0714312290349985,0.5711521013392754,0.07151276454455942
0.07142860028663414,0.07146866643432866,0.07142859659583158,0.5712912767492335,0.0714285855376143,0.07142859480171558,0.07152567959464233
0.008932261251938876,0.008937855022910614,0.008942642322018619,0.00896762494369298,0.008945957120240175,0.008954740684174109,0.9463189186550246
0.008941595934616192,0.1502116451991527,0.008938350938885075,0.00894508859221019,0.00894274489060532,0.008939401161197763,0.8050811732833328
0.008958400468113682,0.2729405350053536,0.009007886642698297,0.008934014707350545,0.008967378096732087,0.008953822573184743,0.6822379625065671
0.012990340410121686,0.013012969242123341,0.012992344794257985,0.012987014044854198,0.9219779660346135,0.01300906454202502,0.013030300932004253
0.020408174432994385,0.02041271041242181,0.020613409537883955,0.02040822738723303,0.877338118204222,0.02040820280877582,0.020411157216469043
0.007537371778152745,0.007538007202453295,0.8149102125922154,0.007527040259583773,0.14736372192737146,0.0075509557159411924,0.007572690524282198
0.015892443264498263,0.015881435149077097,0.01589340987270895,0.015927062934322368,0.9046326358187274,0.015873944481786223,0.01589906847887965
0.03571429542586214,0.03576809859460185,0.035728309841219955,0.035714289066986024,0.7855588843768408,0.03576811797203811,0.03574800472245103
0.07147602279292418,0.5710732200803318,0.07151716075133542,0.07161482840064855,0.07146066111101641,0.07142857383870269,0.0714295330250409
0.020438796891109168,0.020432482064369255,0.020410460081951926,0.8774654206295853,0.020408170451803206,0.020423474460841334,0.02042119542033982
0.028586881301026174,0.428375949381146,0.02857144774058012,0.42874944006217847,0.028571439400961532,0.02857339728027229,0.028571444833835374
0.01599163200205668,0.01587809797064022,0.015886640865829593,0.015933340225510947,0.01589790737374318,0.015892840448729784,0.9045195411134896
0.07160956488933222,0.0714285805170519,0.07142857993496059,0.07147929156673033,0.07142857625390182,0.07142857943106219,0.571196827406961
0.036086232176016794,0.0357919364014758,0.03580418863757403,0.03587712956391646,0.035755938291939744,0.7848718687873739,0.03581270614170325
0.904499430212029,0.01590832798143567,0.01588954241016248,0.015881097482820954,0.01588674071102073,0.016035650140429847,0.015899211062101567
0.04761906873595851,0.7141134176733556,0.047786116901603844,0.047619060194566486,0.04762420849714911,0.04761906475381803,0.04761906324354844
0.047619068544877026,0.04761906753843226,0.047619071046454395,0.714201373181087,0.04761905786163806,0.04770329875801519,0.047619063069496134
0.42858669101118524,0.02857605006987244,0.028592197510959087,0.02857143293511058,0.42832313992880516,0.028644614941049105,0.028705873603018323
0.785569201488763,0.035714291051831784,0.03571444426094946,0.03571428773612236,0.03585124747477118,0.03572223795420707,0.03571429003335519
0.07142860276701254,0.07142859992286008,0.07142859836755908,0.07142858213984286,0.0714285959396719,0.07142859681428665,0.5714284240487669
0.828329135450674,0.028690785623165432,0.028586447485725787,0.028583846936169045,0.02862071608609541,0.028575723499710638,0.028613344918459637
0.014286486764113829,0.01434320059820768,0.24335097812172657,0.014378106208110001,0.6850244253793498,0.014309580133767761,0.014307222794724373
0.017882632540509404,0.017863893257319612,0.01790441845921736,0.017857143822689832,0.017873027926796327,0.01787309071849433,0.892745793274973
0.07142860446924784,0.5714284307837634,0.07142860002993234,0.0714285827593038,0.07142858754752145,0.0714285980380432,0.07142859637218806
0.14285714285714288,0.14285714285714288,0.14285714285714288,0.14285714285714288,0.14285714285714288,0.14285714285714288,0.14285714285714288
0.01792750483208759,0.18614984305530782,0.017857150792012343,0.01785727845271925,0.3198429721850982,0.017871301790593395,0.4224939488921814
0.07142857654696162,0.5712233347041255,0.07153569781777326,0.07142878581176355,0.07147928841114647,0.07147563063579727,0.0714286860724323
0.010992534339411376,0.010993216262550707,0.011049222118160224,0.010989015419749391,0.933964209797279,0.010996164626301083,0.011015637436548173
0.14285714285714288,0.14285714285714288,0.14285714285714288,0.14285714285714288,0.14285714285714288,0.14285714285714288,0.14285714285714288
0.14285714285714288,0.14285714285714288,0.14285714285714288,0.14285714285714288,0.14285714285714288,0.14285714285714288,0.14285714285714288
0.14285714285714288,0.14285714285714288,0.14285714285714288,0.14285714285714288,0.14285714285714288,0.14285714285714288,0.14285714285714288
0.07142858224474719,0.07142858123315421,0.5714284528136343,0.07142857508384629,0.07142864931935836,0.07142858003138876,0.07142857927387086
0.14285714285714288,0.14285714285714288,0.14285714285714288,0.14285714285714288,0.14285714285714288,0.14285714285714288,0.14285714285714288
0.20446766054054882,0.49985877559555436,0.011030545220182784,0.011015198697499616,0.2515769536957239,0.011045943799141162,0.011004922451349427
0.9044752340376169,0.015884020152620026,0.01598793723772559,0.015874192976800462,0.015967506715550528,0.01591462246039354,0.01589648641929292
0.07142859242118062,0.07149681503906401,0.07142858948963952,0.07142857865797363,0.5712511487427522,0.07142858844192518,0.07153768720746485
0.047747590469798484,0.04761905093472147,0.04761934675666536,0.0476190488587669,0.7141415247689543,0.047634387876852216,0.04761905033424131
0.04768895282481579,0.047619076264895005,0.047639839465823175,0.047619052138916464,0.7141316820460997,0.04765597872054689,0.04764541853890309
0.19770684093774135,0.018008778252258505,0.01789018654151055,0.01789384864136583,0.7127494986255626,0.01787286540651047,0.017877981595050788
0.04768846256825144,0.04781244245929692,0.04761906033510047,0.0476190528064818,0.047708011822764865,0.7137255803325966,0.047827389675508
0.0714286163881914,0.07142858284994762,0.07142858240023965,0.07142857573584971,0.07184960875414065,0.07142858162004521,0.5710074522515858
0.07164254992500381,0.07142857739037434,0.07142910930250669,0.07142857365766922,0.5711864471319813,0.07145616628179396,0.07142857631067082
0.008479470421270032,0.6229013675668013,0.008444007316673996,0.008403694126736685,0.00843992746812079,0.00844640698582928,0.334885126114568
0.014311056907331261,0.12432352564911042,0.8041677046792324,0.014297797385289857,0.014308929048707862,0.01429059897041576,0.014300387359912408
0.028696312579901778,0.02865892050165444,0.8281573944019146,0.02860281745874797,0.02869476031188814,0.02859754110073081,0.028592253645162092
0.00952989526337135,0.2524702644641942,0.009536288983125009,0.009541470813469524,0.39819383428865746,0.3111908333477702,0.009537412839412403
0.07149525312320888,0.07181227679081102,0.07142859153030467,0.07142858008394254,0.07142858285756101,0.5709781270305435,0.07142858858362831
0.7134774515692958,0.04821246058812466,0.04776073066739484,0.047619053220076014,0.04769218281257931,0.04761906073350589,0.04761906040902359
0.37533974281773497,0.020523301370188374,0.5224731404001377,0.02040816465613472,0.020423300248634108,0.020424184121245602,0.020408166385924464
0.015936416355870568,0.01590877344026771,0.24587615760737125,0.015944627189358154,0.6744319209594622,0.015975685084613597,0.015926419363056415
0.04786126956019728,0.04823680264475975,0.04766948545325118,0.0476190602405743,0.7131962348395681,0.047798072489027364,0.04761907477262198
0.0204100453395855,0.020409326745193045,0.020408170831644857,0.7346300003306336,0.020444381653162386,0.02045374154818471,0.16324433355159573
0.028624643968071812,0.02861492396645888,0.028670837854454984,0.582402237468263,0.27439618856558234,0.028673060527802028,0.028618107649366894
0.01797485812955729,0.3892323694191094,0.0179317072334145,0.28053320002880217,0.01796743292344934,0.01796883991519426,0.258391592350473
0.008964924455307525,0.008960817844192337,0.008979078410304956,0.5568489171948898,0.008934813472072284,0.39837498457301146,0.008936464050221608
0.0477648960386615,0.0476190531611252,0.28331511580100494,0.04761904969899936,0.04769980300017864,0.04761905248848396,0.4783630298115463
0.02385412695143573,0.02380953665378726,0.02391602034787597,0.023809950263911035,0.023822411542130356,0.02408995843998445,0.8566979958008751
0.028709806533366175,0.02898950750815678,0.028571437940452835,0.8275916412492325,0.028576968132254105,0.02889904821013742,0.028661590426400204
0.04761905776926998,0.0477373827471977,0.04769439104285625,0.0477839671199036,0.7136154230347981,0.047930718990423296,0.04761905929555114
0.004937985755506033,0.17029776813213623,0.004940002035744099,0.004932204046793519,0.004945321967172673,0.24117088989733027,0.5687758281653172
0.3001092394122431,0.014290734525716354,0.014307081269686396,0.6283733199211491,0.014298487591326358,0.014306138479122092,0.014314998800756668
0.7851076178807822,0.035714306601770364,0.03573398761058849,0.03592874328378397,0.03599622068360003,0.03576339405205985,0.0357557298874151
0.023863147724603045,0.023863933209097226,0.023932547064959463,0.023809529944305394,0.41322138311782486,0.023894575882825134,0.467414883056385
0.01021066577397214,0.010216677754358793,0.1622270855992626,0.010269591320040093,0.0102401077292853,0.010290795559205158,0.7865450762638759
0.020486411456676477,0.02041590667901981,0.020408173558626477,0.16352869307645315,0.02041487504618048,0.020408172180478242,0.7343377680025654
0.7853213341446642,0.03587629081684234,0.03571429752664628,0.0357142904232187,0.035830285846392265,0.035829205296857715,0.03571429594537849
0.02042020817013028,0.18893697577971252,0.7088556670802041,0.02040816625278985,0.020441376155079967,0.02044800424298277,0.020489602319100457
0.14285714285714288,0.14285714285714288,0.14285714285714288,0.14285714285714288,0.14285714285714288,0.14285714285714288,0.14285714285714288
0.020451577308790932,0.19341796462085564,0.559468665169214,0.02040816606816404,0.020484427513941014,0.020491779242824488,0.16527742007620988
0.21518998029140565,0.020495053881279167,0.02044676302716437,0.6826426095572048,0.020408171466658537,0.02040821965868634,0.02040920211760117
0.006237817459182122,0.006224867270396087,0.006237173141679438,0.006211181471021962,0.2866840230368727,0.34680112532145946,0.3416038122993882
0.14285714285714288,0.14285714285714288,0.14285714285714288,0.14285714285714288,0.14285714285714288,0.14285714285714288,0.14285714285714288
0.014444513512082638,0.13620437175301905,0.014289422398473946,0.7921412914252647,0.014288631536457309,0.014285775590269736,0.01434599378443245
0.7135744263534599,0.047629469423409995,0.0476572753392421,0.04816119185890646,0.04763709651218427,0.04766461208867622,0.04767592842412095
0.023809542439707055,0.48133440124564497,0.024130339927635473,0.023969003662413207,0.3990392035712773,0.02380953931189321,0.023907969841428903
0.8283284972438016,0.02865161485337746,0.02872480009551674,0.028571431779376304,0.02857143317595192,0.02858078733760407,0.028571435514371947
0.0357280116091031,0.03571429413540145,0.0358316643533831,0.03573334185063423,0.03578756876026183,0.03571479807109717,0.7854903212201192
0.12574025656952434,0.012987596519584248,0.012993962897948604,0.012987041954464821,0.8091347128615429,0.01305402623203528,0.013102402964899897
0.07142861705924274,0.07142861299141662,0.07147814344012945,0.5713788201840523,0.07142859359493092,0.071428607979161,0.07142860475106703
0.5712329426813298,0.07142860500279842,0.0714286033530366,0.07142858409164013,0.0714285899467164,0.07142860140557006,0.07162407351890854
0.04761905749441799,0.04763551901749856,0.0476488587360645,0.04761905105738826,0.7140659599963456,0.047714137869048844,0.04769741582923622
0.03572364324779182,0.0357445077760171,0.5066564205228359,0.035841770419966286,0.03575971540869853,0.3145023801259898,0.03577156249870059
0.014287449057332214,0.014323247021002026,0.014286813210499691,0.014286112856699918,0.324264837033983,0.014313185015657634,0.6042383558048254
0.14396448321025768,0.01589699141220192,0.015942447816447974,0.1273350709437274,0.6650352000887793,0.01589274364009362,0.015933062888492083
0.5356934767324778,0.035727232332225176,0.03574439165853168,0.03572717643761144,0.03573071543869249,0.03578663742015205,0.2855903699803094
0.006501911467620044,0.05881518096787811,0.006493691772722522,0.8613789026604302,0.006501036779323536,0.006493509482816334,0.053815766869209296
0.015892552675210773,0.18884189957304923,0.015873258258478407,0.7317205198487886,0.01588842488746059,0.015897934356988802,0.01588541040002357
0.02382133057543464,0.02399339971162503,0.023858876888535767,0.2175811929537023,0.02381946994449224,0.023817026740296423,0.6631087031859135
0.047799316291652495,0.04770501766346507,0.04763795083787188,0.04761905312058564,0.04786106005060133,0.04766002945098384,0.7137175725848397
0.03574413481529252,0.03571429388763145,0.03571429406402215,0.03579116131090401,0.0357142901131126,0.03571429293466634,0.7856075328743709
0.32102749676323755,0.04781377989824825,0.047619062081053425,0.047699636108268766,0.04765073581447431,0.047656358446404694,0.440532930888313
0.028598375381056897,0.8284713362416908,0.02857143176833398,0.0285905542438451,0.02857143039416974,0.028608027535591326,0.028588844435312205
0.0717154365562247,0.07142858178317457,0.07142858116128496,0.07142857528990174,0.5711416649213117,0.07142858047531168,0.07142857981279067
0.013017579522779493,0.38501403795054306,0.013035926460141387,0.5498927015166719,0.013016640695181684,0.012996307897923646,0.013026805956758824
0.007969868812179664,0.007960111276178985,0.20269013689439905,0.2271027600168197,0.34524262320562044,0.2010212539633161,0.008013245831486
0.03577035066077112,0.785398123565209,0.03585442474097047,0.035752884679871914,0.03571429791046386,0.035714304271812984,0.03579561417090061
0.5315819749231544,0.002863132680654309,0.002866786990092976,0.0028579398973655468,0.45408797946034485,0.002873030570577434,0.002869155477810571
0.45511345103024253,0.04761907712469599,0.047619075501652904,0.04761905862967407,0.04771403773838848,0.047708237265588156,0.30660706270975785
0.02391317710241151,0.02380953321403004,0.023812719292983058,0.023824267723879144,0.2883457120186284,0.592458898413012,0.023835692235055866
0.017949355937480073,0.7651955510756592,0.017902438424313077,0.1452201480971331,0.017863148096438727,0.01787477158721735,0.01799458678175839
0.014302756227860923,0.014311410561183993,0.014307242084152879,0.588306808235144,0.014311126343744877,0.014408325451336428,0.340052331096577
0.21105659488025352,0.008965156673685994,0.008975758807854204,0.008953692062782178,0.49140239408939607,0.2616700377840765,0.008976365701951622
0.7135709696257935,0.04799343878081999,0.04761907008835704,0.0478289691411703,0.04768139943632804,0.047640102376182124,0.04766605055134874
0.020408182745535703,0.020424423355078877,0.020431019769046297,0.02054328627848567,0.020558978767290955,0.8771993827930994,0.020434726291463097
0.02381136145738638,0.023813355067160376,0.02381460402000738,0.023809695626045076,0.8570593184813351,0.023822461077982568,0.02386920427008314
0.25521000874795086,0.007977557453689006,0.007952370953896185,0.16240636464556932,0.5504840833912604,0.007987610200748386,0.007982004606885822
0.2784133784089021,0.010241208167836049,0.010214153550298028,0.2236595141057499,0.26136957014038625,0.20585234957089651,0.01024982605593115
0.01022083249812327,0.010245092257589104,0.010233059303716263,0.010210906290668868,0.5141802931397415,0.1461312863084762,0.2987785302016847
0.008970180198162744,0.5209043901515182,0.008940727165726246,0.009020032689206014,0.008959167840375207,0.434269747677789,0.008935754277222539
0.011912588604129288,0.011905185697063123,0.011919332469653715,0.011905118454260642,0.9284383987412522,0.011949272222885323,0.011970103810755606
0.008424394187561848,0.008417200595286228,0.00845448750167725,0.008403365979200933,0.3250688461324778,0.4508928605336565,0.19033884507013954
0.22937712499289528,0.01429323739218373,0.6990995344547709,0.014311584745060177,0.01429781617665327,0.014301242347072628,0.014319459891364185
0.02862780596196212,0.028590284979142715,0.02872950381029575,0.028571437092675622,0.8280772022805155,0.028815642207332914,0.02858812366807544
0.02043000732864258,0.02051642467080299,0.1631045320080807,0.6255263157421742,0.02043350529264754,0.020408179821510376,0.12958103513614155
0.2918492487770219,0.01785715385521256,0.01787122117473199,0.01785714699507695,0.017936776149352466,0.017931155890221154,0.6186972971583828
0.07142859919820665,0.07142859673739801,0.07165022686753367,0.0714285809217857,0.07142858521041945,0.5711322307650737,0.0715031802995828
0.02041993979149234,0.020408168562651048,0.0204269904121032,0.02040924930046072,0.8774344268014878,0.020481577207849804,0.020419647923955175
0.2079615067729186,0.014293808460981439,0.014300092129195169,0.014285829192785558,0.014353644373231665,0.014324327486254793,0.7204807915846327
0.023822144749343518,0.02381979669409014,0.023809526592797857,0.023809628464251005,0.8569223735841303,0.023812710846916853,0.024003819068470374
0.03572397344782621,0.03572581464895602,0.5253388941896768,0.03586035474218942,0.03577383575659667,0.035811045873610274,0.29576608134114457
0.07155381446323766,0.0714285742314887,0.07146852248317774,0.07144403226773027,0.5710821082465136,0.07152906398719591,0.07149388432065619
0.006233745947268521,0.0062142024631287925,0.2824029877881127,0.006214564701118322,0.006220085093053763,0.3810296130983375,0.31168480090898054
0.012998159672468888,0.013018444556567331,0.5057742467144591,0.012987017544080286,0.42911354141578234,0.013051891596780314,0.013056698499861713
0.7855364828446211,0.03574917673504795,0.035714293697356195,0.03571428881860183,0.03577213724172619,0.03576093729823188,0.03575268336441478
0.04768340632659044,0.7140329760204751,0.047619068874917174,0.047796082264665696,0.04763033270928663,0.04761906752306288,0.04761906628100202
0.017893894992726818,0.017928963004060206,0.017874313355861923,0.4301017346559838,0.01793968925355933,0.4803627311824886,0.017898673555319315
0.028588765081611837,0.02857143451461323,0.02857143490060696,0.02864492164211996,0.02857143177098727,0.028571433822757467,0.8284805782673033
0.015931539759596686,0.01601667100584858,0.015881142135711998,0.015873028236702894,0.9044108733740667,0.01596015584880774,0.015926589639265357
0.16235976904572322,0.01430725778240152,0.014331105399071162,0.014286348100352083,0.3896692355999425,0.3907103748663392,0.014335909206170179
0.005994301385023002,0.005964469252109146,0.005957416458334275,0.005961533146847324,0.7886349162594241,0.18150705798387945,0.005980305514382689
0.2515223131481622,0.5176198942912709,0.01190538165560874,0.011959680730969546,0.011971617948013097,0.011938134978184588,0.18308297724779082
0.7112936508464534,0.02049310519036532,0.020454933103059035,0.020420405076325723,0.020493548204617185,0.020520554408370712,0.1863238031708087
0.02043276063448222,0.02042875323277326,0.02048929034621187,0.02048358678756139,0.02051787336814943,0.8771249162618767,0.020522819368944983
0.0095470080597499,0.009532268781956123,0.009524467594702152,0.009523903567614074,0.94279763605978,0.009540978933086594,0.009533737003111208
0.035718754283990455,0.035714290259561576,0.03571429011032691,0.03571428745190015,0.03583073287633071,0.03573480232537428,0.7855728426925159
0.020450317671890525,0.020487148678724393,0.20898206330138894,0.4286256067468252,0.2805576645379256,0.020427032128569184,0.020470166934676255
0.017891254194916932,0.01786139290155105,0.01788108467938995,0.14257379413849908,0.7679612920408339,0.01789017726446899,0.017941004780340126
0.02050719175084195,0.0205018120364619,0.020504950038014762,0.02040818396611034,0.020456553975979085,0.020420922517991602,0.8772003857146004
0.2285393162438556,0.028601442283580365,0.20967191670827112,0.028610182716406665,0.4470752970947699,0.028869597704600007,0.0286322472485163
0.04780937915401749,0.047767627973252694,0.04778232074299109,0.047619050458200134,0.04771207223037835,0.04769694703215377,0.7136126024090065
0.07142857695393029,0.07142857648094131,0.07142857623789484,0.07142857335092734,0.5710363907265629,0.07182073072969149,0.07142857552005184
0.14285714285714288,0.14285714285714288,0.14285714285714288,0.14285714285714288,0.14285714285714288,0.14285714285714288,0.14285714285714288
0.04772671225047356,0.04761906150435861,0.047636279736458044,0.04761905284213994,0.7139375567832711,0.047619059994765074,0.04784227688853382
0.03571430179072062,0.0357243560640711,0.03571429925981077,0.03574786497433218,0.7856703546616047,0.03571452594850242,0.03571429730095826
0.0079719246942604,0.007958934128437007,0.007963603390361614,0.24996411475991384,0.007964624629889658,0.7101842943308128,0.007992504066324636
0.028599369724713712,0.02857161619872452,0.02858057633588561,0.02857521452511082,0.5301269298310068,0.3269599470457719,0.028586346338786598
0.14285714285714288,0.14285714285714288,0.14285714285714288,0.14285714285714288,0.14285714285714288,0.14285714285714288,0.14285714285714288
0.020438721499694747,0.020421455394208084,0.3177512810016327,0.34720993319136806,0.020446545076127066,0.020432780020686953,0.2532992838162824
0.07147602279292418,0.5710732200803318,0.07151716075133542,0.07161482840064855,0.07146066111101641,0.07142857383870269,0.0714295330250409
0.38322289624541506,0.014446224027220986,0.014311881278030337,0.01438634808087789,0.544937850466581,0.014326390529469877,0.014368409372404939
0.07142865953941302,0.07142865200573813,0.07142864806376757,0.5714281457793727,0.07142861433271287,0.07142864237968573,0.07142863789930977
0.007144287010869196,0.007148229029558121,0.007150640693495623,0.9571062870816691,0.007145975749329398,0.007147171505552147,0.007157408929526163
0.8567138438762034,0.023815641641312734,0.023887789250282416,0.023812433202872057,0.02400196039524554,0.023828152225775716,0.023940179408308
0.0714286169006814,0.07142861333282051,0.07142861074862761,0.5714283523465601,0.07142859362585541,0.07142860805887817,0.07142860498657681
0.008430589034309632,0.008408980095710672,0.008432498993395656,0.38135276996044143,0.12185716307814758,0.10832300543450893,0.36319499340348615
0.02858045135618424,0.02866691148473187,0.028588233010200952,0.8284438237641517,0.028577534808730112,0.02857143149980498,0.02857161407619607
0.008415731879195506,0.21020107311764652,0.2958517579056654,0.00843286358104597,0.28226996695815354,0.008439225788775049,0.1863893807695181
0.03571910671129806,0.03571931211933405,0.03574979433131942,0.03571451166197364,0.7855645362860388,0.035756713701632435,0.035776025188403594
0.07142857295753369,0.07142857285445041,0.07142857275162956,0.07142857195220202,0.07173807946699923,0.07142857477179318,0.5711190552453919
0.14285714285714288,0.14285714285714288,0.14285714285714288,0.14285714285714288,0.14285714285714288,0.14285714285714288,0.14285714285714288
0.02389401100724136,0.5303595518356666,0.024002025991867314,0.023849968073350956,0.023819150116495744,0.023813301602307015,0.35026199137307085
0.035728464501152926,0.0359043582748596,0.0358124581894047,0.035714606233700576,0.7851627388263656,0.03590826616710111,0.03576910780741563
0.035766243201644586,0.035745140323703115,0.035714627367917466,0.2856308252319899,0.5356382604955201,0.03577671159449409,0.03572819178473066
0.028588120422295922,0.8284424128249249,0.02857143108771029,0.028579225330137098,0.028571430002111372,0.02864938346585276,0.02859799686696752
0.5712149947872857,0.07142858084108214,0.07153423602700604,0.07142857491740541,0.07142857646529725,0.07150262266748565,0.07146241429443773
0.0357284605413018,0.03574939438429577,0.03572340456820888,0.03571439458225728,0.78533252312534,0.03595915013007663,0.03579267266851978
0.020453824371195112,0.020486513768784534,0.020439458124975943,0.02041066944410051,0.02051456383669929,0.39567946672238397,0.5020155037318607
0.04761905053842518,0.047619050284568996,0.04762284475049714,0.047619048618736996,0.04768016501513129,0.04765060563001539,0.7141892351626249
0.014295343103002732,0.014291320761161458,0.014420555376735603,0.01428574506522883,0.9140359515196539,0.014315657779620673,0.014355426394596941
0.028795467116494944,0.15388845706641507,0.028618487040938403,0.02866377418934751,0.7028397124288912,0.028580506093061474,0.028613596064851435
0.02857143584590982,0.028571435236610324,0.028571434839073664,0.8285580064938542,0.028573662220286223,0.028582591452124006,0.028571433912141658
0.0238287536962682,0.023811552287816624,0.02383959845142407,0.023809636324893597,0.8570463365351464,0.023838073175199113,0.023826049529252092
0.028580651080242086,0.028571434133209776,0.028578414059089216,0.028572604203349644,0.8285022575630122,0.02860163288227535,0.02859300607882176
0.14285714285714288,0.14285714285714288,0.14285714285714288,0.14285714285714288,0.14285714285714288,0.14285714285714288,0.14285714285714288
0.15061195890650256,0.014393644706628121,0.014311965984942185,0.014331690908523948,0.7776719299331442,0.014324891498141595,0.014353918062117419
0.02045771140049996,0.8772061328037418,0.020408168968460177,0.020480857371878644,0.020477320570290412,0.02055366949277287,0.020416139392356154
0.03575873091713648,0.7849104107531572,0.035872542626646006,0.0359430344497421,0.03578552859571691,0.03581156135702407,0.03591819130057722
0.0238590647107317,0.8568373698967922,0.02384396632288819,0.023955990024656433,0.023818945329428687,0.023871342818425303,0.023813320897077633
0.020564739816811024,0.020434686438045784,0.18809987872429307,0.020412477706464423,0.020560815677384235,0.0204781424818494,0.7094492591551521
0.035776527114830474,0.035738463659410455,0.03572157088884246,0.03571451297166104,0.7853556770334927,0.03588952465830166,0.03580372367346117
0.02393296068442512,0.02380952808316672,0.2980327553600545,0.02380952541449226,0.5827179248458149,0.0238454979082005,0.023851807703845884
0.04763784828058327,0.047619065233200635,0.04766909022942715,0.047619054260592236,0.04765310523999378,0.04765062418766722,0.7141512125685358
0.14285714285714288,0.14285714285714288,0.14285714285714288,0.14285714285714288,0.14285714285714288,0.14285714285714288,0.14285714285714288
0.14285714285714288,0.14285714285714288,0.14285714285714288,0.14285714285714288,0.14285714285714288,0.14285714285714288,0.14285714285714288
0.035727617001246936,0.03578391539088755,0.03584459465519966,0.035766902897606714,0.03572802029048028,0.03574103268253182,0.785407917082047
0.005119197867964164,0.005131371523638639,0.005133834758705216,0.9692853277788632,0.0051024699493311555,0.00511678018374701,0.005111017937750549
0.047707317133961875,0.04763450485969723,0.31894765928899244,0.04761905749986325,0.04776703161343274,0.4426652772880009,0.0476591523160514
0.12706848857546812,0.006221090148721926,0.6983791180807027,0.006224511075956437,0.1496251765071463,0.006222267512536412,0.006259348099468178
0.013025120711847051,0.013028264144301464,0.6739541784920571,0.012989977456381623,0.2609036089313525,0.013046856422548044,0.013051993841512151
0.828297777613906,0.028582843241968806,0.028571434207156868,0.028571430593497815,0.028638716232257097,0.02858835880294954,0.028749439308263958
0.07142863843157504,0.07142863246584481,0.0714286291437844,0.5714282497819733,0.07142860414387468,0.07142862543332591,0.07142862059962189
0.03594031745937189,0.035714291562894525,0.03571429127187312,0.03571428791590112,0.035777330249645564,0.035714290923086436,0.7854251906172274
0.20591575423532535,0.008422050339591636,0.008431907222222272,0.7519895854292996,0.00840788938315885,0.00842430231288961,0.008408511077512705
0.008942972397603138,0.008975691542499725,0.00894200622179503,0.14171707311325554,0.43876651086217255,0.008970906697123925,0.3836848391655501
0.07142859132136785,0.07142858963936613,0.0714285885158815,0.5714284760655406,0.07142858109914657,0.07142858737621183,0.07142858598248542
0.14285714285714288,0.14285714285714288,0.14285714285714288,0.14285714285714288,0.14285714285714288,0.14285714285714288,0.14285714285714288
0.014285928085857548,0.6139264120056693,0.014286707879004655,0.014287514564034355,0.31462194155049966,0.014305768684441222,0.014285727230493313
0.006514133149318144,0.0065123576911895,0.12402958964108127,0.31622590060648637,0.18420198806317312,0.0065374703867865465,0.3559785604619651
0.017869214168862765,0.017868751849384065,0.2589057874328674,0.017857144723820523,0.6516764814081581,0.01786996297213668,0.017952657444770374
0.017869214168862765,0.017868751849384065,0.2589057874328674,0.017857144723820523,0.6516764814081581,0.01786996297213668,0.017952657444770374
0.017869214168862765,0.017868751849384065,0.2589057874328674,0.017857144723820523,0.6516764814081581,0.01786996297213668,0.017952657444770374
0.14285714285714288,0.14285714285714288,0.14285714285714288,0.14285714285714288,0.14285714285714288,0.14285714285714288,0.14285714285714288
0.017875193784190672,0.0178898262145968,0.01786976980792058,0.8927731967968384,0.017857146635599386,0.017877718227217614,0.01785714853363652
0.015906983151740307,0.01588283939136688,0.01590016341868146,0.015873019960669383,0.1954125653856083,0.14948945219799228,0.5915349764939413
0.009532694140771037,0.009537928692555006,0.00956045746205787,0.009562915299482264,0.48304429896837286,0.2220622169078401,0.2566994885289208
0.020484398318109047,0.020435800052192175,0.020495002173563936,0.02040816533886434,0.02042634390661003,0.02052874613881184,0.8772215440718486
0.0286077910251111,0.028573148831935194,0.02859666865584961,0.02865893654777157,0.028585870405008127,0.028589168778719264,0.8283884157556052
0.0357143164389337,0.03572360505454329,0.7853876078499328,0.03572295484830473,0.035714300952169035,0.03587869080020128,0.03585852405591517
0.020412547317460943,0.02040817053731882,0.02042054972799892,0.4489773815231005,0.020477687701038135,0.020443057726567713,0.448860605466515
0.028571443250200078,0.028611873739388224,0.028777675177363047,0.028571433608593037,0.02860270521379112,0.02867923087515547,0.828185638135509
0.035728593958799085,0.7856051350220569,0.035714288969344296,0.03572111691725373,0.035714287562496214,0.035772556006699784,0.03574402156335005
0.015955931090678218,0.2570241696129071,0.015988866135840753,0.015874916418006486,0.015936002865546212,0.015908497014074523,0.6633116168629467
0.011912935598781666,0.25611962504903085,0.011906387452080627,0.6843132626355012,0.011905219749202415,0.01192603916018322,0.011916530355220016
0.04761916293250583,0.047672890834229605,0.047619067897021666,0.38090067352287066,0.3808766280958323,0.04762179921688617,0.04768977750065373
0.4794203068763664,0.010248912089800161,0.010211674741782398,0.010217756533561584,0.17427352925275272,0.010261863175277653,0.3053659573304591
0.023846514540984708,0.023834093419352966,0.023824258998190392,0.857043010014328,0.023809533078915063,0.02383305259344057,0.023809537354788395
0.005130633056785081,0.005112437428568578,0.00511867232908861,0.20780390501815946,0.27242299822930355,0.005116532890075451,0.4992948210480192
0.03571432500052689,0.035714390889925014,0.7851188529512754,0.03601389940228543,0.03573110743259131,0.03598525674887826,0.035722167574517905
0.35737738695843896,0.028585079148397727,0.22857186209198782,0.028571434421790727,0.02862678749333382,0.2996960087384427,0.028571441147608234
0.18892248616250515,0.035718580571267707,0.035763944961984255,0.035759217708955425,0.03575035195866162,0.035719504706675495,0.6323659139299505
0.047631285013240626,0.04764693263566857,0.04761906884546615,0.7142455201159055,0.04761905997422969,0.04761906760153895,0.04761906581395046
0.015928097201051494,0.49792140373310945,0.4225064316332851,0.015941496808706664,0.015893300976644938,0.015914532996005974,0.015894736651196617
0.1560221529770423,0.014330817992310358,0.014339422842123683,0.014288329429559286,0.014380534393713505,0.7723471484644195,0.014291593900831361
0.008406642568548933,0.00841113782948978,0.08676868164321319,0.008403362672919938,0.23981943821296042,0.6397764806703773,0.008414256402490295
0.0358847455740204,0.03594431665730161,0.03571434244988444,0.2852536983804831,0.36627166229433356,0.035714338382129236,0.20521689626184764
0.014321073233747672,0.014285723920645216,0.1259743374739702,0.014286460074734181,0.33740868495959425,0.47939849445562327,0.014325225881685113
0.023884977669294642,0.8569828502925166,0.02380952704351832,0.023823310158503863,0.02381768563634772,0.02384342258561153,0.02383822661420711
0.02857143733189915,0.028598769545280837,0.028571436559569736,0.8284777850061451,0.02857366926187421,0.028571435646175716,0.028635466649055204
0.028691445699006002,0.32537853189883625,0.028638114765620108,0.028571434742678713,0.028670724855641726,0.5313362889257269,0.0287134591124903
0.07142861536688577,0.071807421704262,0.5710495566737329,0.07142860156952774,0.07142859334746333,0.07142860722832865,0.07142860410979952
0.02861537904275758,0.8283375293987345,0.02867196065886094,0.028578317391549337,0.02857143068733864,0.028627726059653795,0.028597656761105348
0.19395431206303737,0.03582714538279923,0.03571802152746359,0.03572172877826072,0.03574127797211002,0.627285720150866,0.03575179412546296
0.14285714285714288,0.14285714285714288,0.14285714285714288,0.14285714285714288,0.14285714285714288,0.14285714285714288,0.14285714285714288
0.07146554647402148,0.07142857778732094,0.0715325687147886,0.07142857381960721,0.5712358787419829,0.07142857714153844,0.07148027732074036
0.011995308122054906,0.011963759101305598,0.35268550546016875,0.4192656574930236,0.01191724853619779,0.01199998258266726,0.1801725387045822
0.023826487994893345,0.023842986999623925,0.3660503069138332,0.023810824891421424,0.5147037286750178,0.023841345479329677,0.023924319045880826
0.028600306535750058,0.028571457457254132,0.028886540431109543,0.02866341987796081,0.8280220636227724,0.028622443415682233,0.02863376865947098
0.035942465854471334,0.035776787771623846,0.035805299112423944,0.03572590937046367,0.03579462442913637,0.31840819817478433,0.5025467152870965
0.0238170589715906,0.5850753840565237,0.023809532095333055,0.023813129931632416,0.023809528489151785,0.02384282332074759,0.2958325431350207
0.014312213946500753,0.01428946490074629,0.014308149082173156,0.014286533234015712,0.7063720238556387,0.014359368506348443,0.22207224647457705
0.5711504973780752,0.07142859945166653,0.07149567918170635,0.07142858231469569,0.07152156836470057,0.0714661036894665,0.07150896961968914
0.028697611553392843,0.028726358122620605,0.028571444242754013,0.02873873961093774,0.4335812477398098,0.4230145957599509,0.02867000297053427
0.028587968606326154,0.02857143609893852,0.02861618561213922,0.02858494436409304,0.2627387722204716,0.02864818130305794,0.5942525117949736
0.2857185854056378,0.035714313745996665,0.03571431241806344,0.03571429620024061,0.3653088528007721,0.035839552412658265,0.2059900870166311
0.011046556002252643,0.010996745783996065,0.011004413847384457,0.011048412759706888,0.011017937245028014,0.7154007014500628,0.22948523291156916
0.07151525257914229,0.07142858328439788,0.07142858274305357,0.07142857588791564,0.07142857780022553,0.5711289363758362,0.07164149132942885
0.7855815015714105,0.03571429332956986,0.03571429296673802,0.03581250153379677,0.0357319401490401,0.03571429247799319,0.03573117797145168
0.028595525234553804,0.02862186269118759,0.028711273161205593,0.028669666984720545,0.028631774043856143,0.8281397178115891,0.028630180072887288
0.07160006821335013,0.07142858507977536,0.07155189727366569,0.07172044716946692,0.07146084368467279,0.07142858344893091,0.5708095751301382
0.2689403155779384,0.0358530792709353,0.28548713123053526,0.03579300535510505,0.035714299227310856,0.30240805310436714,0.03580411623380794
0.03592981355952351,0.03575868824328816,0.036185748755382115,0.0357142936863249,0.03575031715143861,0.03596753854321163,0.7846936000608311
0.04762855464794064,0.047619049442509026,0.04761904934280281,0.04761904830337116,0.047807208967162756,0.04766281964974687,0.7140442696464667
0.023823713789307626,0.023811454045150234,0.0238442771403957,0.3444596953421567,0.023828782192282273,0.023841217506726593,0.5363908599839808
0.39184039599586307,0.14334524726266243,0.015901583826397607,0.01592783479848718,0.26424140870317747,0.15281830397753854,0.01592522543587364
0.020487689736405707,0.020409744725536184,0.8772321310838133,0.020408170460393185,0.020478079926421307,0.020417105298275163,0.020567078769155183
0.023968391855373843,0.02381616189349357,0.37582311206695734,0.023809526146606367,0.504635378669672,0.023859176067958888,0.02408825329993805
0.07142857297045264,0.07142857284406855,0.07146090642285903,0.071428571954515,0.5712381946013829,0.07147441444748213,0.07154076675923982
0.01592947452090605,0.015911350794770743,0.015888474719602936,0.11081047990345455,0.2147693573230376,0.1868390190100053,0.4398518437282228
0.015952818502823516,0.5120345403936898,0.015882999938748376,0.015974164671589283,0.25163767298073964,0.015936380698149247,0.17258142281426003
0.02857205767481766,0.028571442076707206,0.028580806923760603,0.02857183705353156,0.028689003116131487,0.028647359092659554,0.8283674940623919
0.03573918511821982,0.24284531416452915,0.03576077339456448,0.03581196913328511,0.5783920796759915,0.03571445204850844,0.035736226464901474
0.0357284605413018,0.03574939438429577,0.03572340456820888,0.03571439458225728,0.78533252312534,0.03595915013007663,0.03579267266851978
0.023823753348125996,0.02382426910517099,0.02395654020079214,0.02380952645058623,0.8569044597839186,0.023852685022238987,0.02382876608916703
0.015875439445666873,0.2241880012725292,0.015893397149302005,0.4697102366144506,0.015884581572645856,0.12694655451785647,0.13150178942754884
0.02041707653625465,0.020521381393411392,0.020457784577731317,0.020517607899511982,0.21760481912015361,0.6800304151750292,0.02045091529790798
0.14285714285714288,0.14285714285714288,0.14285714285714288,0.14285714285714288,0.14285714285714288,0.14285714285714288,0.14285714285714288
0.04771113904807554,0.04761906619728821,0.047619065208724734,0.04761905462017333,0.714095627151195,0.047716983590175524,0.04761906418436767
0.020408968710202494,0.020438476010897207,0.18532169792405506,0.020408167657612032,0.22590218357323588,0.5070953468102295,0.020425159313767826
0.012993389634772977,0.2120685441833383,0.01303376575454495,0.01299454153288919,0.722913003286958,0.01299286332768195,0.013003892279814706
0.028582597374684347,0.597451964877852,0.028746348775629642,0.028595448533128558,0.028674658931325463,0.028716366932525193,0.2592326145748547
0.07142858745444274,0.0714285862094512,0.07142858521029054,0.07142857705697069,0.07142857938021205,0.07142858444014964,0.5714285002484831
0.3263665315739626,0.014313699456328073,0.014299825812360232,0.014343096461778554,0.6019959889062431,0.014312966798629999,0.01436789099069735
0.03571429405682457,0.2882527441375796,0.035714714671228276,0.5331437476835355,0.03571428975494478,0.035717607490394924,0.035742602205492316
0.04770672150062827,0.38092241523108117,0.04766278846539436,0.38062288483872736,0.047646216201088984,0.047686071522517186,0.04775290224056275
0.02858499861578186,0.02860975346126351,0.02858944974129032,0.028658815666143315,0.02858894244136342,0.8283478156319803,0.028620224442177235
0.04766873547124925,0.7139717598126906,0.04780290864456895,0.047693097851716076,0.04761905430886816,0.04762538607944299,0.047619057831464105
0.047684156228921415,0.7139477788930454,0.047729105472442676,0.04766109025745198,0.047619061581463215,0.04773973910657987,0.04761906846009543
0.04765209904006996,0.04801294447832084,0.047680758550157035,0.7137740294340835,0.04764139699696062,0.04761905191068556,0.04761971958972245
0.07142858602828642,0.07145549651381664,0.07142858400760303,0.07144234872085846,0.5713204913276807,0.07142858326997395,0.07149591013178083
0.07153298453919063,0.07145119543888129,0.07142857726189254,0.07142857371985213,0.07151362263206763,0.07142857683485454,0.5712164695732612
0.01786449501804335,0.017858293249872287,0.01786395998174125,0.8928154417087486,0.01785976063162554,0.017860591525760198,0.01787745788420881
0.02861058738932492,0.02860473446652265,0.8284570675505452,0.02858064362567985,0.028575540418680295,0.02858260415461208,0.02858882239463503
0.22861869453151917,0.007541556399318911,0.23267467757827373,0.26884041355467325,0.0787890099806849,0.0075353024234057295,0.17600034553212432
0.02043254322601212,0.225390284599361,0.020453900605524187,0.020411030886888122,0.020430181399278834,0.6724510728874694,0.020430986395466387
0.020532991575843252,0.8773162400795915,0.020461252008649972,0.020413874611417703,0.02041577410373582,0.02042371746987426,0.020436150150887483
0.02046106832143728,0.020426730810804497,0.02040817227075298,0.020441676227451123,0.020433265710507145,0.02041538412907295,0.8774137025299741
0.02046106832143728,0.020426730810804497,0.02040817227075298,0.020441676227451123,0.020433265710507145,0.02041538412907295,0.8774137025299741
0.02046106832143728,0.020426730810804497,0.02040817227075298,0.020441676227451123,0.020433265710507145,0.02041538412907295,0.8774137025299741
0.02046106832143728,0.020426730810804497,0.02040817227075298,0.020441676227451123,0.020433265710507145,0.02041538412907295,0.8774137025299741
0.0178676555774391,0.01788308841230653,0.4285343936637116,0.017884595377581563,0.48207263084506524,0.017892477469092588,0.017865158654803263
0.3900508853894156,0.02383079611796833,0.02387847480446443,0.0238233247065871,0.02380953261184783,0.22144045139957108,0.2931665349701457
0.04774160036089679,0.047739980583516556,0.36924207100826595,0.39231564165877264,0.047619064504111956,0.047692288715805754,0.04764935316863031
0.035728593958799085,0.7856051350220569,0.035714288969344296,0.03572111691725373,0.035714287562496214,0.035772556006699784,0.03574402156335005
0.22609829674125492,0.7024058933211274,0.01430168287058455,0.014288692598602592,0.014298830046843226,0.014299541694312535,0.014307062727274871
0.028582889792836345,0.6285441839321256,0.028571444883243913,0.02857689837163517,0.2285028925846507,0.02861805245313005,0.028603637982378145
0.028605055303303466,0.028571506060849062,0.02860022586827094,0.028615027967857965,0.5740608065839927,0.028615625634705016,0.28293175258102066
0.28083738655947255,0.33880369102615915,0.17642001294369378,0.009536935493489425,0.1753285953252399,0.00953966419669076,0.009533714455254373
0.7853867526268168,0.03571429803165463,0.03571429738192234,0.035832938245605815,0.03571429232475926,0.03575899669379512,0.03587842469544598
0.07147602279292418,0.5710732200803318,0.07151716075133542,0.07161482840064855,0.07146066111101641,0.07142857383870269,0.0714295330250409
0.02045618718372832,0.02044363248869051,0.26879197222435186,0.020408167194213594,0.25862734897853823,0.39082900933653275,0.020443682593944815
0.07142860140949327,0.5710701427495732,0.07148149454423122,0.07142858160120118,0.07160630228458645,0.07142859543680793,0.07155628197410675
0.7850401962432633,0.03601225416361335,0.03572785137264426,0.035744183493971744,0.03571907359905171,0.035965522399096395,0.03579091872835944
0.035763247844979085,0.035809852919241936,0.035714297627470096,0.035714290395864254,0.035772921937777875,0.7855110934561703,0.03571429581849642
0.2732998288636074,0.023809529942107884,0.023809529560936113,0.023809526097611087,0.023846235790620167,0.6074203338670563,0.024005015878061083
0.02877438480650993,0.02858291389489644,0.028571435023397856,0.028571431130613306,0.6486588063336115,0.02862207793261402,0.20821895087835698
0.008433548283452752,0.27140260431174024,0.008462400426205387,0.008455380794090892,0.3820455263218997,0.3127714720796309,0.008429067782980058
0.008433548283452752,0.27140260431174024,0.008462400426205387,0.008455380794090892,0.3820455263218997,0.3127714720796309,0.008429067782980058
0.020415456007855347,0.02040817910776399,0.020490456597315805,0.020455602962044964,0.8773406528974871,0.020443521408043168,0.020446131019489684
0.4201758061145109,0.3328636463433088,0.01431537691919019,0.1896447787868424,0.014306888957211146,0.014349610364140218,0.014343892514796537
0.03598123877525236,0.03577377790780385,0.035781206255135624,0.03571630677252032,0.7851391179051368,0.035763174508174,0.035845177875977005
0.2420739677610522,0.01787434977547414,0.017888787324331527,0.018063782788038357,0.6682090137507911,0.017927298490232463,0.01796280011008028
0.011918064347745262,0.28743309342170614,0.011904839191462587,0.31166825607419885,0.011950629249458871,0.24215002996821836,0.1229750877472099
0.047619057165170106,0.047680030434575485,0.047694751654681795,0.04761905091308906,0.7139906884529402,0.04770523611678776,0.04769118526275566
0.015873026527122185,0.015908909577904397,0.6512966313806308,0.01588795215424226,0.01593687187563025,0.1512333329535123,0.13386327553095792
0.017941734507103013,0.017906188528688576,0.01791802272651968,0.1438742223689051,0.3785885543356017,0.21860442701781316,0.20516685051536868
0.0714285882371178,0.07142858666890917,0.07142858667371,0.0714285771769844,0.07142857970418534,0.07142858489678053,0.5714284966423128
0.023882455653750367,0.02387641704636355,0.5946289926361737,0.023812191185425623,0.2859615808332294,0.02382098253097491,0.02401738011408224
0.8566869802865315,0.023965542199193845,0.02387435677551107,0.02380953019964685,0.023880961869423623,0.02396471289947496,0.02381791577021818
0.4609533112049,0.017895563478970252,0.017893665620058362,0.017891034473603823,0.4494901809676745,0.017960948490933683,0.017915295763859293
0.02859680401256669,0.2599885762838507,0.20549149259471433,0.42019110110400526,0.028576201889436915,0.02858438114848003,0.028571442966946116
0.0059658949296926365,0.13301986181448286,0.005977052078034253,0.7474283867247112,0.005987134529466729,0.09566716073034456,0.005954509193267648
0.04784963577309291,0.0476190615858306,0.4151568000554023,0.04762976716774334,0.34636438932463404,0.04768812209973695,0.04769222399355989
0.035835626361423976,0.03572931271970052,0.7848131716424475,0.0361969483091262,0.03571868189970868,0.03580683064723329,0.03589942842035993
0.01591487211873256,0.2372533005765285,0.015926711461089735,0.01589304623568624,0.01597104201189423,0.015996901931892276,0.6830441256641764
0.3808643834253035,0.38092656473320824,0.04763728163281395,0.0476240073843525,0.047709664145913044,0.04761904940085633,0.0476190492775526
0.11581399012302776,0.014338692083083296,0.014305763825958643,0.3069510792023052,0.5198853924895435,0.014329724128909227,0.014375358147172406
0.04761906733228922,0.04783928902423448,0.04761906456326631,0.7140653412045941,0.04761905729947317,0.047619063597682754,0.047619116978459775
0.5371659315807699,0.2840615576826251,0.03574980979257476,0.03578848703024316,0.03575475236111935,0.035764786428539516,0.03571467512412843
0.04783459718529891,0.04773793074777699,0.3805868473442847,0.04763284788915922,0.3806411919902493,0.04791766226550104,0.04764892257772985
0.028581317467068112,0.02857143161305756,0.02857639034897122,0.8285340539536438,0.028571437650094855,0.02857900883104753,0.028586360136117074
0.008937062251539694,0.008932728619940591,0.008931151665589034,0.008928588361993112,0.760298965091449,0.008939129018983579,0.19503237499050502
0.03573014112319828,0.03576901347551576,0.03572031534334942,0.03571630614487502,0.7854278872504717,0.035745741075231686,0.035890595587358166
0.017872588978217887,0.017879092376366614,0.01788537902547269,0.01788250172584124,0.017982794106679797,0.017861235766463618,0.8926364080209581
0.0714285944193003,0.0719374787886844,0.570789987922783,0.07142857915873525,0.0714733515756256,0.07142858982028842,0.07151341831458305
0.01299881062313374,0.7231644167533091,0.012987019030891625,0.21183808196601198,0.012990374949421485,0.013004842589773047,0.013016454087458787
0.03586993780653964,0.03571429935489443,0.03584422933810554,0.035722068764860476,0.035756684071062875,0.035781645519218794,0.7853111351453181
0.14285714285714288,0.14285714285714288,0.14285714285714288,0.14285714285714288,0.14285714285714288,0.14285714285714288,0.14285714285714288
0.07173920492425562,0.07142858591386347,0.07142858527383607,0.07142857685726639,0.5711178796344704,0.07142858431872773,0.07142858307758033
0.028575440250532474,0.028571438389156396,0.02862166298157573,0.028581448767179798,0.5887855112103011,0.02863089346696228,0.26823360493429227
0.020408183948339795,0.020422452615942995,0.020422218634990632,0.020449337367925386,0.3824684809053345,0.5153044869836648,0.020524839543801843
0.047619067427644664,0.04761906579558988,0.04783372557653049,0.380951400579034,0.3806668905356116,0.04769054314991342,0.0476193069356761
0.02864916761451934,0.028640040956983134,0.028632365988809094,0.4001286145538503,0.028590747414750574,0.028644945982245852,0.45671411748884183
0.03571429716428616,0.03571429617233767,0.7857142366051043,0.035714289663763554,0.035714291307844245,0.03571429496794017,0.03571429411872383
0.20190260052339512,0.005499267391252081,0.47023436763942683,0.005509433558705085,0.005520608277687115,0.3058132264248873,0.005520496184646432
0.02858606278578964,0.6059332682393854,0.028626984008631295,0.25082546751110174,0.028575526692349047,0.028758390148676163,0.028694300614066557
0.02040818474795917,0.020408183074248736,0.1814044057315276,0.5447822324409338,0.020415678341794346,0.19216418273839633,0.020417132925139893
0.028571566011276275,0.028571449571810698,0.2347263597530572,0.37078349088495466,0.02858189656497153,0.28017966959768476,0.028585567616244863
0.0065200353096381185,0.006506476959618301,0.1787512903984468,0.5146322813257671,0.00650707236185949,0.006515507586254364,0.2805673360584159
0.07142857910039668,0.07142857832046563,0.5714283390582232,0.07142857402787196,0.07142877130000708,0.07142858115344632,0.07142857703958927
0.07142859597791806,0.5707219488780443,0.07155063686663911,0.07183989387397652,0.07148071217250186,0.07142859139429317,0.07154962083662714
0.005536487189589291,0.005519506374140133,0.005518489350832198,0.005509951011546673,0.4286149158913574,0.005502523514287659,0.5437981266682467
0.020408182078291683,0.020412638424860487,0.020408263247069697,0.7274046341323277,0.17054550349043285,0.02040844502006235,0.02041233360695541
0.0359241720693147,0.2651360118349332,0.03573030349196799,0.03571429194567327,0.5559270651286171,0.0357716081227378,0.03579654740675598
0.047619559362549434,0.04766937731778745,0.04761925450812609,0.7142346232091474,0.047619057902446624,0.047619064522226986,0.04761906317771596
0.7854223002168352,0.03573035813351366,0.03573091688441714,0.03571429139087778,0.03573056758614316,0.03571429918273091,0.03595726660548215
0.03578672824169996,0.03577190118300958,0.035899695769027844,0.5352683158868113,0.28554752622144647,0.03588756187670503,0.03583827082129988
0.020432249320534432,0.020434090873194394,0.020410700062362723,0.8774817047533973,0.020419306965854648,0.020413776753487,0.020408171271169607
0.010219210182114934,0.010205231033459333,0.010207459759275813,0.9387201414658399,0.01021222677063304,0.01020447110999726,0.010231259678679754
0.020418782099819732,0.02046970593562985,0.02041323475978607,0.8774512973816542,0.020430636685590624,0.02040817195487597,0.020408171182643695
0.005299283836509701,0.005295988839319062,0.005292061927980771,0.9682316653165794,0.005294828768328595,0.005291912134740522,0.005294259176541712
0.005504553548273931,0.005498875503658605,0.005503556692376378,0.8447964319942824,0.005506475945882419,0.12767803571477165,0.0055120706007544176
0.009529984348170031,0.009529056762220591,0.009526245803677247,0.942834575483344,0.009528675567594527,0.009527648891182483,0.009523813143811042
0.009529984348170031,0.009529056762220591,0.009526245803677247,0.942834575483344,0.009528675567594527,0.009527648891182483,0.009523813143811042
0.009529984348170031,0.009529056762220591,0.009526245803677247,0.942834575483344,0.009528675567594527,0.009527648891182483,0.009523813143811042
0.004931067964360558,0.004932106615851584,0.004929823835656561,0.9703960910331266,0.0049319335179709625,0.004931916667043224,0.004947060365990511
0.635834908611508,0.02384296539969418,0.023856549515498624,0.02381197500442555,0.023903726902183536,0.02396200839476922,0.24478786617192108
0.014328844695346381,0.014336592674414707,0.2611942865951536,0.014296909823606273,0.6670488209454085,0.014351179970985362,0.014443365295084982
0.047619088780470074,0.04761908552453768,0.38098465395299597,0.3808833201407377,0.047619195632803236,0.04765557811136491,0.047619077857090394
0.8281159025420926,0.028571433980199484,0.02858287632646549,0.028575863428437664,0.028787318148876074,0.02877650363803512,0.028590101935893324
0.01430563656046672,0.01429704344776839,0.014290165460979054,0.01428842122676486,0.26264607365691756,0.6658260780497722,0.01434658159733105
0.9140186627609511,0.014332037194267002,0.014285720225172797,0.01428578378021102,0.014389004837932168,0.014366962803257088,0.014321828398208742
0.3644402120284977,0.02381723701897921,0.023855015657387332,0.023811966326691025,0.516422748041846,0.023820433259751465,0.02383238766684725
0.07165004862773922,0.07142859196388411,0.5711598943817028,0.07142857908688821,0.0714285824288801,0.0714285894425405,0.07147571406836513
0.04761906470636395,0.04761906267357157,0.0476190618469766,0.04761905334215152,0.7139750958435763,0.04761906233698095,0.047929599250379123
0.015878336085201658,0.015878688500021432,0.015873673855999477,0.015880225500814877,0.9045741698021535,0.01598795021849632,0.01592695603731257
0.047829157554678585,0.047619060488686936,0.04769520948266212,0.047619052493847326,0.7139766670151925,0.04761905897621275,0.04764179398871975
0.07154939564478788,0.07143265961320913,0.5710755444427071,0.07147181680957751,0.0714285730868358,0.07143325336692302,0.07160875703595955
0.0358293804999752,0.035714298576748835,0.03573598138408195,0.035714290529238586,0.035960576922183185,0.03577489962874054,0.7852705724590318
0.047663818265069505,0.04761905948533223,0.04761905898112976,0.04761998231811646,0.04767534531415321,0.7139368065707486,0.04786592906545014
0.8772317815685826,0.020421550500604506,0.020425096614851968,0.02040816552297344,0.020511696713101654,0.02050115669336671,0.020500552386519075
0.035757177672241326,0.03574129217232848,0.03571429396777197,0.785608704530803,0.0357142903222099,0.035749948721291384,0.03571429261335399
0.028594514568670258,0.028590781562398148,0.028610493983311745,0.2698915647075783,0.028643072201764676,0.586876183126983,0.02879338984929394
0.02045079272570367,0.020411165875290273,0.02042296870400392,0.02040833296334118,0.877300223803065,0.020520538965761427,0.020485976962834527
0.6588267400701052,0.008934474530848942,0.008963833162399296,0.00899297212802013,0.17188831033705065,0.008952743841340026,0.1334409259302357
0.005976032519722657,0.005956693013866565,0.0059614908716882275,0.0059527177923707954,0.4683447402306478,0.0059778070764125195,0.5018305184952914
0.047619060421416566,0.047822906603035294,0.7135025861542601,0.047957224570587945,0.0478420421860594,0.047637115877728044,0.04761906418691268
0.020411155291639782,0.020502373262502423,0.020433958583807792,0.020408861532869502,0.5998857291748658,0.02051729546748196,0.2978406266868327
0.028850686418213485,0.3029480818556252,0.3366753540122705,0.02870804398732782,0.2456440536830023,0.028571519070797798,0.028602260972762892
0.028616078370005377,0.40080551562359923,0.028652956753990617,0.02877117789688145,0.028577652997336406,0.028571449596284576,0.4560051687619025
0.04765684986658097,0.047626528446250864,0.047619052509370034,0.047624543594337876,0.7141329899973844,0.0477023503160437,0.04763768527003223
0.0715577002696479,0.07142857473367127,0.0714717281277556,0.0714898622132227,0.07144869533822805,0.5711748652280264,0.071428574089448
0.14285714285714288,0.14285714285714288,0.14285714285714288,0.14285714285714288,0.14285714285714288,0.14285714285714288,0.14285714285714288
0.00895419367734553,0.00893274278418508,0.00894073344008956,0.35910104762332906,0.5960857334141284,0.008984051401662462,0.009001497659259845
0.03572046822802696,0.7856233380421839,0.03572578804709739,0.035783231175474835,0.035718470799313784,0.035714289335234635,0.035714414372668535
0.094573113267614,0.011003342698226505,0.011030959464760794,0.11357595191525907,0.6125794281208504,0.011014638641151537,0.14622256589213772
0.017857151624071196,0.15967280223725855,0.017886963706311907,0.7509867154217219,0.017859467586891702,0.01785994327305285,0.017876956150691944
0.03578300086993549,0.5356580659019624,0.03571429293594068,0.035777655099682344,0.2854745943413318,0.03587807323560027,0.03571431761554699
0.04765684986658097,0.047626528446250864,0.047619052509370034,0.047624543594337876,0.7141329899973844,0.0477023503160437,0.04763768527003223
0.07142858209842243,0.07142858114738204,0.07142858063323552,0.07142857511660343,0.07142857672930694,0.5714285248814291,0.07142857939362054
0.1392072732231492,0.012989879909080383,0.012996793330281375,0.012996588874934357,0.013044057088338603,0.2659172459049322,0.5428481616692838
0.005971116169199292,0.005956453052280506,0.005987352171291128,0.2775972414701871,0.6925448566106518,0.005963375904386706,0.005979604622003527
0.19456244326266534,0.26874880758491865,0.014292944054804156,0.4794183092195048,0.014328257348321879,0.014303549128252099,0.01434568940153298
0.028571437511715096,0.028571436690675446,0.028571436230673288,0.8285518400301649,0.02857143291165009,0.02859098141831264,0.02857143520680864
0.035759772052264306,0.03578211485131746,0.035743466670204116,0.03574997834095557,0.5355818355750075,0.035714304890649286,0.2856685276196018
0.035731320077169705,0.03571429186837793,0.035722824547757596,0.7856094727969845,0.035714300579849444,0.035767717554122475,0.035740072575738344
0.07142857881150373,0.5713267422325908,0.07142857785412839,0.0714285739303639,0.07146827518113989,0.07142857746883816,0.07149067452143511
0.8279966700801805,0.028646236440827158,0.02859492570996693,0.028571433000609443,0.028685097289654585,0.028770150435845868,0.028735487042915245
0.023818091965232685,0.0238254608474805,0.023826795206528917,0.1908587428520468,0.6899845457467456,0.023826775371900883,0.0238595880100646
0.023842529071296525,0.023825347687342683,0.02387532156357648,0.8570237939984877,0.023809528522060096,0.023813948334994405,0.023809530822242065
0.040439676593558765,0.004618344249266999,0.004608942057090176,0.936502720849189,0.004608468818169342,0.004609049640552914,0.004612797792172732
0.04762654707593966,0.04768162285636933,0.04762490450228843,0.04761905245276711,0.048006694028423655,0.7137989563490742,0.047642222735137685
0.02858768256774962,0.02858902547914322,0.02860575408517542,0.028571633568913103,0.3366957722477104,0.5203196761944852,0.028630455856823066
0.023810903533752478,0.02382070328526837,0.023832321466750794,0.024157794436830374,0.023929175110778314,0.8566247318316086,0.023824370335011145
0.013003611173999763,0.012998329999365819,0.013088952360846617,0.012987422972063277,0.7632550753975977,0.013041184597628867,0.17162542349849796
0.014289381714069967,0.28494210503572487,0.014292123067572039,0.23900522349749692,0.41887766729529086,0.014303925612149857,0.014289573777695448
0.01788087333998,0.017857149099573522,0.01786964943396255,0.7983786660978536,0.01787703708912871,0.017859986587905254,0.11227663835159632
0.16453443688465286,0.009537176931419393,0.009568497536383804,0.009523816029764095,0.009556965905924105,0.7877313287816039,0.009547777930251817
0.011915097539091939,0.011947932726635063,0.01193032099693433,0.10080645142277048,0.011944569780011913,0.8395310822574219,0.011924545277134381
0.017865711569728705,0.017861574608939963,0.017870038038878433,0.017857226078070908,0.6205180646314326,0.29001956446364713,0.01800782060930237
0.011920925016317889,0.01193683826172916,0.01193086357090447,0.7313724241535925,0.011907525338645605,0.011904855154124169,0.2090265685046862
0.020476916673626805,0.29016828623242663,0.28756860345467256,0.02041365102118977,0.34050210388037033,0.02045515435619299,0.020415284381520973
0.017934711649462382,0.017878305058374032,0.3084692727587101,0.01788380177109629,0.6021018715336147,0.0178572532991187,0.017874783929623828
0.035754147057130106,0.03577615621057278,0.03571429229609196,0.03571434107277794,0.03576277201442336,0.7855227414296848,0.0357555499193191
0.005122038837993987,0.005129301357668959,0.45350937841487715,0.15272355065931095,0.13876260912640181,0.23962818199390493,0.005124939609842203
0.011011891748633014,0.010994439724422463,0.010991105730073543,0.010989267576635197,0.4736749914998933,0.011010670388214145,0.47132763333212835
0.18601874775521696,0.007148618997027803,0.1205625775413649,0.007142871199353263,0.11931377843138634,0.007171059104360341,0.5526423469712904
0.012988590933909513,0.013006782044899738,0.012989937424071818,0.922043748610379,0.012988064991966463,0.012994744659402754,0.012988131335370816
0.01300604909050013,0.684574163596901,0.012994801593474088,0.013047407368356204,0.013002515876832174,0.013024217223065128,0.25035084525087137
0.04771126082309347,0.047646849710163024,0.047619058484994745,0.04761915346842309,0.7140290294343171,0.0477171923105398,0.0476574557684688
0.020420171156872995,0.2436415225553264,0.6542810108261731,0.020425244358527276,0.02040816981364965,0.020415708187716167,0.020408173101734473
0.015918661239146207,0.015932339392549386,0.15016882493874975,0.015941112090715068,0.015910076681154704,0.7701928365005757,0.015936149157109152
0.047669918384302255,0.04762018472866541,0.7140377044750297,0.047630988514454374,0.04770991341663772,0.04766757035693216,0.047663720123978494
0.07160006821335013,0.07142858507977536,0.07155189727366569,0.07172044716946692,0.07146084368467279,0.07142858344893091,0.5708095751301382
0.003248605625011784,0.003248085269693242,0.003285789244038724,0.00325697906328576,0.0032614628063946196,0.98044823738463,0.0032508406069458266
0.38569436240540417,0.02040817597365098,0.020474177946237352,0.020408168056608077,0.0205316979306212,0.020476134935938337,0.51200728275154
0.20665299567623982,0.009535027192614419,0.12443942703550062,0.009532666314745494,0.009581883764416323,0.6306964862860347,0.009561513730448688
0.3060650644322877,0.020408176581267125,0.020408176057588347,0.5918046974147628,0.020459903672961292,0.020425002002882418,0.020428979838250247
0.0716177894077675,0.07142857717598818,0.5711060028738455,0.07142857358525288,0.07147882954351674,0.07142857646708922,0.07151165094654006
0.02043397838937327,0.020491839623092777,0.020431463426233993,0.02043746631214661,0.8772369558007699,0.020543508446170373,0.020424788002213094
0.015876411370234433,0.26229572516411603,0.015915736053693723,0.015885957127032415,0.6582292985004272,0.01589795352305962,0.015898918261436534
0.14285714285714288,0.14285714285714288,0.14285714285714288,0.14285714285714288,0.14285714285714288,0.14285714285714288,0.14285714285714288
0.011000444531279923,0.0110222288894887,0.3002409269389705,0.010989121175696065,0.11462589658076328,0.5410967642933554,0.011024617590446121
0.07142857476573679,0.07146919874102524,0.07142857461768262,0.07143028998983184,0.5713853441869864,0.07142944379903243,0.07142857389970467
0.047619077937314604,0.04762979308744989,0.0478115164522728,0.04761953621992824,0.7133331513397395,0.04808186217148568,0.04790506279180917
0.5720577701400452,0.015875235066626563,0.015928083342342855,0.01587302278357857,0.015930321713101145,0.3483426887109775,0.015992878243328006
0.023822158973418054,0.024105745870920514,0.023815708109972796,0.023809529187704584,0.8566951633711382,0.02383995426466285,0.02391174022218307
0.028629176098847204,0.228513268556277,0.028571453830638215,0.6285442105057645,0.02857144280098791,0.028571452036607995,0.028598996170877102
0.047682779270937135,0.04761905630827698,0.0478102359745639,0.047620714019908125,0.7138817222179383,0.04776643754651454,0.04761905466186103
0.023964131933478214,0.023892340027673035,0.023956588390483737,0.023809529047926017,0.8566409350598497,0.023862411265565115,0.023874064275024073
0.3809483511369641,0.3809477344678172,0.04762769285785917,0.04761905576479871,0.0476190531394315,0.047619056714183074,0.04761905591894601
0.007958761733039669,0.00794548835529096,0.007952259165019628,0.5307056949758306,0.15058931750528035,0.007962258615749673,0.28688621964978905
0.2593606847937151,0.028625996308417674,0.24045674303828543,0.3857841446483691,0.028583230637458417,0.02858714053860158,0.028602060035152647
0.14285714285714288,0.14285714285714288,0.14285714285714288,0.14285714285714288,0.14285714285714288,0.14285714285714288,0.14285714285714288
0.014299887065063868,0.5623383247857312,0.01428690171090952,0.3661334857502319,0.014307228385432852,0.01432679042427964,0.014307381878351075
0.006807782918146172,0.006806698591013426,0.00680439032472771,0.08163815055777295,0.006816265530273861,0.5496795760068846,0.3414471360711813
0.02413785424405749,0.023813459098872024,0.023820298634083602,0.023936181630057327,0.6900417957126396,0.023826823308452053,0.19042358737183782
0.14285714285714288,0.14285714285714288,0.14285714285714288,0.14285714285714288,0.14285714285714288,0.14285714285714288,0.14285714285714288
0.02041709744220788,0.02040927962753497,0.020413106461312946,0.0204081646120531,0.8774798549448096,0.02042307226172319,0.020449424650358334
0.020408174149175524,0.020416948947787696,0.02045379925488132,0.7309368994292829,0.1668487827099965,0.020480619446056544,0.020454776062819705
0.011934658038994789,0.1877206644597925,0.011969864349094675,0.23683945153290228,0.5276634032853176,0.011920444978768242,0.011951513355129844
0.010243194224753253,0.01022496891706592,0.010218523320742643,0.15305738156965343,0.7957532511657227,0.010219840287083415,0.01028284051497864
0.017867074817702538,0.017862049150333462,0.01791190196432013,0.2619746533232622,0.18876683808157263,0.47771693654235725,0.017900546120451857
0.047749481845881535,0.047623166008212606,0.04761906521734077,0.7141342256253236,0.04761905765063537,0.04761906416224103,0.04763593949036506
0.010245893364227956,0.01021046932699479,0.010262356302521999,0.24730350923383435,0.7013808515310642,0.010323743532077602,0.010273176709279233
0.020446078672599444,0.020412192524847123,0.020418805411786017,0.02040816529031468,0.8774702332115366,0.020408168140794828,0.020436356748121207
0.015938871042406204,0.015900238381667067,0.015904738016864244,0.01587344249362934,0.5648847998173517,0.01588962961855126,0.35560828062953026
0.07166824980959088,0.07154831556721263,0.07142859429451422,0.07142858056492743,0.5708602998761053,0.07155201758315281,0.07151394230449666
0.014313268772747256,0.01430448260883074,0.014285746032180656,0.01430111417929125,0.014350439039400887,0.9141441110836305,0.014300838283918673
0.028597684456084783,0.028571486018877625,0.028571446757945908,0.8284512875393713,0.028645852567642127,0.02859079848565179,0.02857144417442642
0.07147602279292418,0.5710732200803318,0.07151716075133542,0.07161482840064855,0.07146066111101641,0.07142857383870269,0.0714295330250409
0.035793615029363374,0.5350241069802422,0.03571430532894239,0.03606683800287385,0.2857804817928015,0.03583381962672776,0.03578683323904896
0.028595603933990008,0.02859135294662192,0.510919848479257,0.028610889439264525,0.028628910208043968,0.028608875108881257,0.34604451988394136
0.0034060010490571764,0.003405122105684227,0.18515900876943323,0.1621330726240321,0.17729426782297578,0.1063638773904958,0.36223865023832175
0.028639222836859,0.028606742241769772,0.3445847577676008,0.2909014626005165,0.2500937839649748,0.02859417453003091,0.028579856058248396
0.028571463173462867,0.02880372299813809,0.827846063268288,0.028992874956720954,0.028571445600746127,0.028642975727236095,0.02857145427540786
0.03578425806233318,0.035716704927675806,0.2062038990888063,0.6149409655830631,0.03571429192704435,0.03572307007781881,0.03591681033325841
0.07036486009094761,0.004777233730486113,0.004775094610201463,0.1724948421355183,0.368951472519354,0.0047773552422036136,0.37385914167128886
0.02857145324441486,0.02860028560701066,0.028596135337056208,0.028781199606200444,0.828086700476974,0.028571448567037423,0.028792777161306637
0.015921069215150553,0.01587816289611288,0.015917756919219646,0.01591584940772758,0.9044626513054251,0.015897803038935093,0.016006707217429108
0.04761905492102293,0.0476190542539201,0.7142036138614414,0.047619050116841866,0.04767164299180168,0.047619054525947314,0.04764852932902476
0.03578169372516148,0.03575770861027596,0.5157857627000886,0.035714292511982236,0.03574192508416502,0.035714301707886774,0.30550431566044
0.047894273285987846,0.0476190621610264,0.3392830629281483,0.047619053086072935,0.42225332078859507,0.04761906065013372,0.047712167100035605
0.023824139366274463,0.023809817387223896,0.19325439861254387,0.023810557881619687,0.6875597848910239,0.023891465565459465,0.023849836295854715
0.0238272236446799,0.023815672099207697,0.023835171373329373,0.8570889274767045,0.023809527738410337,0.023813947951675903,0.02380952971599235
0.006516080016230936,0.006500795973213173,0.4789319034996134,0.10302708308158438,0.0065089257577117254,0.006515420273167659,0.3919997913984786
0.020450820290563807,0.020548047555950244,0.11191564455028946,0.020422852566019487,0.3694703166784431,0.020596580663979857,0.43659573769475396
0.1472031364983318,0.15859415484720132,0.015944053650268332,0.01587549837653844,0.01587876363387464,0.21672371412455996,0.42978067886922555
0.1815421456356682,0.020418642963362134,0.16329324869892994,0.16321750142019648,0.4304617485905673,0.020436520971340657,0.020630191719935256
0.009557808483536219,0.009527064308853365,0.009550641578495002,0.07052902299564663,0.2514166523705473,0.31238698857758707,0.33703182168533435
0.028601860003160604,0.02858102444609993,0.028578904026456856,0.02858276346689513,0.25157167842111583,0.6054756204145216,0.028608149221750027
0.02859382641491275,0.028925987402445442,0.02868990189880561,0.02872351174536266,0.028593819593875365,0.02866612821966055,0.8278068247249377
0.005716601185305465,0.005719770749879953,0.14344700747441533,0.005714327148886462,0.8279364487039494,0.005737568075828546,0.005728276661734825
0.004203759308171907,0.004204931289962201,0.08690910510095648,0.8920398104957887,0.004202140364082035,0.004221361997207846,0.004218891443831033
0.010206797576223538,0.010211705914687308,0.11227396674464306,0.01021289705944638,0.8366499664423572,0.010225391009355031,0.010219275253287374
0.028630921712914408,0.028571433931755846,0.028683981800717982,0.02857223755144673,0.028578043230007597,0.028669473473464508,0.828293908299693
0.020423324516124986,0.02044850538791219,0.3083727425786272,0.020408166452097417,0.020466140475658274,0.5894724897638608,0.020408630825719053
0.047667093662015124,0.047619911035279315,0.04762709582993484,0.04761905505487512,0.047918234218930635,0.7138010592983578,0.04774755090060719
0.00953697880759264,0.009563832733390232,0.10551617444195914,0.009524025812222899,0.504310761332732,0.14343562273953778,0.21811260413256528
0.008418183118447928,0.008411229238282565,0.3690310832032902,0.008423292079941233,0.008451909595081497,0.3714817383189713,0.2257825644459853
0.028770532112220512,0.028580204078075593,0.25477844892414636,0.028571432490768826,0.6021490051303636,0.028577267542120536,0.028573109722304427
0.03574415937229683,0.03572531678321201,0.035829915147145106,0.035715605715687625,0.036048170055464276,0.7852225421376532,0.03571429078854096
0.01788349450472635,0.017878537285708335,0.017880204057921054,0.01816310872254266,0.01788268461316044,0.8923608425890175,0.01795112822692363
0.212516420364473,0.010995023408988159,0.010995710288490642,0.011017314514437767,0.3159547811861039,0.42747066717779075,0.011050083059715705
0.023840556404092574,0.02380953129421636,0.023832152555952918,0.023898325958974342,0.023897715381294763,0.5814654791453843,0.29925623926008466
0.13133013386146627,0.014305051055409647,0.014325988104102773,0.79710221857039,0.014342543359786988,0.014285721284498822,0.014308343764345642
0.04768925997524596,0.04761905489811556,0.7138805226459156,0.04761905034458527,0.04785136721262118,0.047691974586269927,0.04764877033724637
0.047739908117112304,0.7132788001353043,0.04765701168242115,0.04817692608846958,0.04766189745288061,0.047801400716322925,0.047684055807488857
0.07142857501701803,0.07145242638735952,0.07143063173773098,0.571396350970117,0.07142857320058466,0.0714348686029261,0.0714285740842638
0.007544391116823973,0.007519933504759852,0.13700186476428414,0.825334831866675,0.007525113155203166,0.007544135830705819,0.0075297297615481325
0.04761908110420273,0.047854264950517186,0.7139679963527259,0.047619059393275175,0.047619064099618455,0.04770146188264085,0.04761907221701979
0.047619065756815245,0.047847021250560076,0.04781547929589343,0.38031681239914233,0.04787088263829186,0.04762081084174439,0.3809099278175527
0.22857656224708317,0.02868356167270483,0.02857144331864665,0.028571434418982043,0.2411508972324993,0.4158450081027208,0.0286010930073631
0.3438694986831421,0.5128580082078198,0.02857144459671354,0.02857143501641367,0.0287926081656326,0.028676869800596336,0.02866013552968193
0.20087238683947134,0.4152088096751573,0.017881830169237677,0.017921404933848358,0.31231161265063107,0.01792727869714062,0.017876677034513642
0.028624222361526737,0.028579019269479273,0.5934013960957825,0.2633319731445337,0.02865468021663967,0.0285990971142129,0.028809611797825208
0.01788613404185282,0.017916932393331055,0.12642391790405128,0.6051490117621598,0.1968010934930975,0.017930393247398164,0.01789251715810945
0.02857144707745703,0.028599209268836936,0.23294846657890916,0.6241038364867547,0.028578962391845424,0.0286123481328341,0.02858573006336234
0.04771087505147268,0.7141732615476074,0.04762664280143988,0.04762111677342157,0.04762982579276567,0.047619053545577106,0.04761922448771582
0.57135950286905,0.07142858356196721,0.07142858292530939,0.071428575994841,0.0714285779735951,0.07147159467894802,0.07145458199628942
0.011037912918823738,0.0110522604950374,0.011016263160030734,0.011014133261486767,0.9336955866047757,0.011161081765866132,0.011022761793979468
0.028622294434988208,0.028571439550103096,0.5502819608402554,0.02857143270771988,0.028701623923432198,0.028654913272077955,0.3065963352714233
0.16119629362501656,0.0052961409384437875,0.005305749679731176,0.16022370175788284,0.2561227245386966,0.06571640353580435,0.3461389859244247
0.0714286110307714,0.07142860823098877,0.07142860570441484,0.07142858504407416,0.5714074168176918,0.07142860372891749,0.07144956944314147
0.7134367036735124,0.04762348065437973,0.04822133228018255,0.04766597136875454,0.047619052439093104,0.04762412327147782,0.047809336312599884
0.04764011537998785,0.04768024586147475,0.047619626812590514,0.7142011037701345,0.04761905187753572,0.047620802302945714,0.04761905399533103
0.04765280784435578,0.047737297502515444,0.04770565211250328,0.04778914105100516,0.7138305254640732,0.047647483102443926,0.0476370929231033
0.04765684986658097,0.047626528446250864,0.047619052509370034,0.047624543594337876,0.7141329899973844,0.0477023503160437,0.04763768527003223
0.015876794046876738,0.0158933206437337,0.01587391104356642,0.904678436214399,0.015876055076038367,0.015873491605011884,0.015927991370373828
0.035727367691207275,0.03571429234601749,0.035714292035867144,0.03571428822810448,0.7854233067005383,0.03580285527509791,0.03590359772316741
0.010992301344254081,0.010996455880415732,0.010989014107192073,0.9340516517825862,0.01098945167651015,0.0109920264034628,0.010989098805578938
0.14285714285714288,0.14285714285714288,0.14285714285714288,0.14285714285714288,0.14285714285714288,0.14285714285714288,0.14285714285714288
0.014298559107272327,0.014295682524667456,0.014285720119763689,0.8184906582540966,0.11005418119234459,0.014289479499465957,0.014285719302389456
0.008928576051440896,0.00892988174372393,0.008938646794675575,0.9463871635357873,0.00894996166406105,0.008935626874140207,0.008930143336171058
0.03576192829503758,0.03574180381039808,0.0357143025064599,0.785613561106038,0.035714481614741805,0.0357143015050806,0.035739621162244106
0.7850626538019393,0.03571432339830201,0.03576786573336375,0.035995095007041844,0.03595023738094134,0.03576338780437963,0.03574643687403202
0.23040279464721194,0.0286854328600139,0.028593698610459968,0.6264775050306928,0.028633548205888867,0.028606677263625577,0.02860034338210677
0.020492438708555872,0.020439565974012044,0.02040816874551343,0.02040939412663163,0.8773365128759886,0.020463377531537104,0.02045054203776134
0.006807895635017635,0.006810495810485077,0.24167986452334345,0.22662582295055148,0.5044052900054874,0.006827728488169255,0.006842902586945786
0.03571430496948094,0.03571430320442604,0.035727192742884925,0.7856687482405926,0.035714295136775306,0.03574685577974716,0.035714299926092805
0.14652391717857974,0.017858761367451487,0.017875255896352242,0.017866432158869548,0.583861711266306,0.017875387613121546,0.19813853451931943
0.14285714285714288,0.14285714285714288,0.14285714285714288,0.14285714285714288,0.14285714285714288,0.14285714285714288,0.14285714285714288
0.011934969681733047,0.07580958197301367,0.011920762570494264,0.011904786410601179,0.7855369072926571,0.011905360040276633,0.09098763203122412
0.035726305659153,0.03573469662222223,0.03583826241952875,0.035738968293066144,0.4764230826747286,0.0357584180326737,0.3447802662986277
0.7138398626877449,0.047636296007131686,0.04765902436812559,0.04765536427447122,0.04762036132410349,0.04761905489547621,0.04797003644294694
0.028604784749452612,0.8283276458227186,0.028572413354578535,0.028702401039662352,0.028583102149138964,0.028620525960462925,0.028589126923986016
0.035735960774778974,0.21461234417378455,0.035721403056983396,0.03571704563938519,0.6067360367406416,0.0357326830938059,0.03574452652062041
0.6165752977988675,0.028665240972527564,0.02868314118295001,0.24004916045711597,0.028641994574888557,0.028647134156090038,0.02873803085756022
0.07142858001726322,0.07177059317930191,0.07164462033576581,0.5704893908594584,0.0718070244670343,0.07143120137901013,0.07142858976216616
0.10379689088177434,0.011943624660924131,0.09577770107383646,0.75267526119787,0.011906163683638189,0.011950309297442323,0.011950049204514628
0.028701798992914668,0.028571438851814422,0.02858271848060659,0.028571887659975377,0.8278945198470702,0.028685750112052866,0.028991886055566025
0.035808860613606414,0.035714295111830316,0.03579070961034825,0.03571630722096868,0.7850184007065671,0.036220140118258415,0.03573128661842075
0.03574652789044224,0.03606261381570101,0.7851385155698182,0.03584089656147271,0.03573970075623393,0.03572906807935876,0.03574267732697313
0.028604184474421764,0.8280445299620939,0.028571437755843802,0.028802870132503322,0.02858312106291412,0.02862059069702774,0.02877326591519531
0.028644691606155414,0.23261721552814527,0.028593740719152095,0.28875526272290974,0.028599515166097655,0.028717921732830127,0.3640716525247098
0.010996263669194869,0.01099059001501418,0.01100769987624396,0.01099367024867785,0.6400881109908635,0.011025924304240719,0.3048977408957649
0.008937852907703952,0.008948757705714142,0.008947616953724456,0.17666297476026238,0.4304631215573175,0.10482456873382924,0.2612151073814483
0.5712977264873194,0.07142857313904358,0.07142857304313852,0.07142857206791146,0.07155940947217196,0.0714285729409232,0.07142857284949199
0.35175455313551446,0.0357142920487473,0.03577415410099912,0.03571486154712824,0.03584429267950453,0.0359261655401123,0.46927168094799404
0.37784744925237046,0.015906315027487797,0.015966997875582676,0.015886631057560375,0.015931028456561025,0.542507490490197,0.015954087840240473
0.023817838472887373,0.023899650442594147,0.40767326049631225,0.4731074086616101,0.023821143563316747,0.023854263588645057,0.023826434774634236
0.003189861794808886,0.003178424549089153,0.003192219741050948,0.16510602561047,0.40804110165878976,0.11891814969056298,0.2983742169552283
0.03571428855439925,0.03573930357537472,0.28518239437481435,0.03571428668245892,0.5360970431140786,0.03579381204406914,0.03575887165480517
0.006817564135084303,0.006804383599732406,0.006804940733527788,0.006802823940040972,0.5344441583738911,0.21194948645886463,0.2263766427588586
0.011982432590875782,0.01190977531413029,0.011957321292991822,0.012023723835363832,0.011946029869303482,0.4234857960557626,0.5166949210415722
0.04767049626979383,0.7138695770447778,0.04761907588551802,0.04798364150202904,0.04761906365091197,0.04761907397650839,0.04761907167046099
0.03571431547621301,0.28563588692129105,0.035892264234095556,0.5356146160265277,0.03571430024069053,0.0357143095696952,0.0357143075314869
0.023875810512848025,0.26857079357246655,0.02386616591906766,0.4368162143133255,0.19913614815159045,0.02390873776197907,0.02382612976872253
0.011041449774442574,0.011014090360901167,0.011000765589483381,0.011054620356385209,0.9338728067209628,0.01100886749893023,0.01100739969889463
0.0285931640838759,0.02863116401802482,0.028571442145667092,0.8284784096961869,0.028580972147612536,0.02857340767392982,0.02857144023470286
0.7134555667627208,0.047619063152972596,0.047858943009958826,0.047624710030048444,0.04807097761789144,0.047750890742302605,0.047619848684105154
0.035722044633477605,0.03571639445869994,0.03572363181935993,0.03571468488815187,0.7850570378045216,0.036212985880419275,0.03585322051536969
0.011978748563897735,0.3337419019348287,0.40866333295358537,0.2098178212161303,0.011961049393706576,0.011919900482602407,0.011917245455248788
0.007536309530058771,0.007551137904883926,0.4873927878859607,0.2963786422687092,0.007553534399986425,0.007560159838843556,0.18602742817155746
0.04761908384686439,0.3809699156398019,0.04785664464663425,0.04761906007208333,0.3806810373122185,0.047635184264217895,0.04761907421817974
0.009603945479882327,0.009614824400946033,0.7263037167086704,0.2258089544017273,0.009543693087238259,0.009566329327819586,0.00955853659371588
0.17005555551041937,0.2960671404418523,0.014350265986341303,0.014319166303031004,0.014346969843553577,0.47651466710010676,0.014346234814695675
0.004786148785285286,0.0047706872926312595,0.004793654180396793,0.004805919987871971,0.15484327922298557,0.5580808433404552,0.267919467190374
0.07143034529953864,0.07142857866503456,0.07142925767513823,0.571426087989959,0.07142857530016214,0.0714285778110045,0.07142857725916286
0.00842428595423145,0.22260504092577513,0.008506902363746948,0.7351802801741494,0.008460964907335188,0.00840336759179884,0.008419158082963273
0.7890355532922392,0.01192813954405655,0.012000183480009757,0.012081146799418305,0.01193692548448341,0.01194261359688961,0.15107543780290325
0.023832587993627825,0.023855537233077463,0.023819399278600623,0.023809551689695375,0.6316273386391908,0.24912597596028024,0.023929609205527547
0.31430903264192583,0.014292516129067725,0.014285724335388567,0.512307537716136,0.11622378347099058,0.014289816511676011,0.01429158919481529
0.02382591901021328,0.024005387284794035,0.023816330043533514,0.8568824279114367,0.023817444912174378,0.02382203818947111,0.023830452648377083
0.035755003162026414,0.03571429190273405,0.03574019708547417,0.7855403627963845,0.035721103587267995,0.03571429117147225,0.03581475029464056
0.015896741400333547,0.015888102732656003,0.015960310094952152,0.015873017468035,0.015919676829931468,0.7524912579849431,0.1679708934891488
0.0119142233575118,0.011939957293095839,0.01196107107154667,0.42969267622579077,0.2679889511852876,0.011909124300578226,0.25459399656618914
0.03574998610935959,0.03571430337368144,0.035714302430581865,0.5606998609091373,0.03575570975738679,0.03571430137302632,0.26065153604682684
0.017869512330564778,0.017857146880759695,0.01787172935730639,0.01785730180629036,0.8927512388426272,0.017876875061086976,0.017916195721364554
0.017866148086084308,0.01785714656990688,0.017890195330832945,0.017857300460113516,0.8927308906238199,0.01788295135289478,0.017915367576347627
0.007573547272208615,0.007544249245687617,0.21712464967061876,0.186897708351446,0.3792838988793221,0.19403911666709217,0.007536829913624665
0.047656534021401,0.04769735569019983,0.3808202535551313,0.04761905549612226,0.04766967034444483,0.38083693319563466,0.047700197697066085
0.035800071211760987,0.03571429503925445,0.035801849337218535,0.035714289221613696,0.7855174297664292,0.03571744694860278,0.03573461847512036
0.35679185330758423,0.035725365471491494,0.46452069183765404,0.03571429023296747,0.03571667272961258,0.03576512194673864,0.035766004473951556
0.14285714285714288,0.14285714285714288,0.14285714285714288,0.14285714285714288,0.14285714285714288,0.14285714285714288,0.14285714285714288
0.035774046742183555,0.03574560086230305,0.03585896210089035,0.03587387847644648,0.03571429522715493,0.03572778984357698,0.7853054267474446
0.07160006821335013,0.07142858507977536,0.07155189727366569,0.07172044716946692,0.07146084368467279,0.07142858344893091,0.5708095751301382
0.01191540954263985,0.01193194215565532,0.01191314113014693,0.9285081630227489,0.01191386221542063,0.011912715667317013,0.011904766266071457
0.014299119358743385,0.2800234968943198,0.37118859933312587,0.01431137127741736,0.2915669091960753,0.01430746340934895,0.014303040530969185
0.20095039792031974,0.20133343879703652,0.00842029726417827,0.008426293832485415,0.2428827225276954,0.32956348719116524,0.008423362467119213
0.035806208239629815,0.03571430128192125,0.3045796494005512,0.03571429157311372,0.035799538388055024,0.03587346490962984,0.5165125462070992
0.035934022386017034,0.03571429426193476,0.036221436442548084,0.03571428893074914,0.3813493348676691,0.0358255218855998,0.43924110122548216
0.07142860146604821,0.07148806310692668,0.07153655718726318,0.07142858188823241,0.5709728061955449,0.07142859592521221,0.07171679423077237
0.0481252174146723,0.047680060342582715,0.04761905367520133,0.04761905003350305,0.7135905459542826,0.047674988057392405,0.04769108452236558
0.5104331839207006,0.015893174766394992,0.01589174090160583,0.01587943491673313,0.40998244154029134,0.01593651297445934,0.015983510979814635
0.023840202258196077,0.19576432400391264,0.6848077319209164,0.02385970385225671,0.02386736972942051,0.023945252918569773,0.023915415316728094
0.07142859587217669,0.07142859368592587,0.07142859248166102,0.07142857979996976,0.07150754074979082,0.07142859129645904,0.5713495061140169
0.02381578474294048,0.023835566791031704,0.02380953338638571,0.02380952756184986,0.17062147197228333,0.023822070589260516,0.7102860449562484
0.07142859043934212,0.07181997752273203,0.07146356007263811,0.07142857791949024,0.5707702089680357,0.07154199702361211,0.07154708805414971
0.017857158988388036,0.018052446094493944,0.2868996887733705,0.3940160331314591,0.24741173666490868,0.017904586722214125,0.017858349625165543
0.07149745709339285,0.0714285777880891,0.07161013090832145,0.07142857380008215,0.07145555145034646,0.07142857703935437,0.5711511319204136
0.02052922635299978,0.02044788909860805,0.020433268305806676,0.22093421479344583,0.020512271997074758,0.6765940604585516,0.02054906899351312
0.009546735786270927,0.00954212862157456,0.25930149684571874,0.6930228454679616,0.009529989507983441,0.009529572962140782,0.00952723080835
0.07155381446323766,0.0714285742314887,0.07146852248317774,0.07144403226773027,0.5710821082465136,0.07152906398719591,0.07149388432065619
0.023855310936971953,0.023809531902515613,0.8567742045312373,0.024005723322358428,0.023821862747926557,0.023844533556053,0.023888833002937208
0.07142859801210445,0.07142859571687869,0.5714284572769674,0.07142858063013344,0.07142858445580451,0.07142859293406234,0.07142859097404927
0.15685858038601697,0.015898412342733252,0.015940153879770966,0.4283442743717877,0.351074698482234,0.015979050334276247,0.015904830203180946
0.02384836558356917,0.024096848314435624,0.02392950312908831,0.02380952985399886,0.023912235037181224,0.8565770811481126,0.02382643693361419
0.00476252368105621,0.004770013303842343,0.004762717816680401,0.9714142181591996,0.004762275063680113,0.004763110117132642,0.004765141858408662
0.07142860419462209,0.07158495041364507,0.07142859915430085,0.5712720662460852,0.07142858733798628,0.07142859742699355,0.07142859522636713
0.7852821230786822,0.03582550892320613,0.035783370297722064,0.03571432877405927,0.0357291493410925,0.0359190702278171,0.035746449357420794
0.011041389098392496,0.011022588040645239,0.26065264564863755,0.3213489537482951,0.37382505797251236,0.01107220132792024,0.011037164163597048
0.008968333786080435,0.00896100151329395,0.5011189662128541,0.008941035058048082,0.3797660874414618,0.08330404825987427,0.008940527728387345
0.03571435466607993,0.03571434900214265,0.7850999023008581,0.03571430942983468,0.03609014189983264,0.03595260609138635,0.03571433660986574
0.16548083413902642,0.007964676803156651,0.007964416091115046,0.007938515927033235,0.20790761698991092,0.00795772670372563,0.5947862133460322
0.010281971111916628,0.010216191722602613,0.010229261100241551,0.010251039594859226,0.7257005688564991,0.010243534345453147,0.22307743326842777
0.01794762166698815,0.017857152524281168,0.017926024835945322,0.017999716459098643,0.01791891973932999,0.017912236643567912,0.8924383281307888
0.028638259990784506,0.19109267319832207,0.028595353247800156,0.02857143202156759,0.6659207648436837,0.028593425718233548,0.02858809097960839
0.008410606362026795,0.008441686980529843,0.008410374151556209,0.39003555190345973,0.5678246535937499,0.008448727084429373,0.008428399924248198
0.028571438681217178,0.02866654679699215,0.44720669974263677,0.02857143204377595,0.40974093771143355,0.02860699824035225,0.028635946783592006
0.013006273882097017,0.18364036580438453,0.013023073547235267,0.5587157337816129,0.01298915469716797,0.01298901511438223,0.20563638317312005
0.005718044983942367,0.005718587348605004,0.005731443613738403,0.9656782117467627,0.00571461748088303,0.005716915142916683,0.005722179683151705
0.010996582229938549,0.01102440292387416,0.3003923270982871,0.18006627347348464,0.011061258386330644,0.17117661350575455,0.3152825423823305
0.14285714285714288,0.14285714285714288,0.14285714285714288,0.14285714285714288,0.14285714285714288,0.14285714285714288,0.14285714285714288
0.02053267099612397,0.02040817111791053,0.020453983656851627,0.020408166211054367,0.877338477682777,0.02041120645075007,0.02044732388453251
0.02861155599626322,0.22854407789570885,0.028632223441946072,0.42847008125912395,0.028695244137854545,0.028571463201979636,0.2284753540671236
0.7142046171013663,0.04761904857047745,0.0476190485171314,0.04761904797467294,0.04770014096665866,0.047619048460275336,0.047619048409417816
0.20224341260835998,0.017871520573997778,0.01800956721650197,0.017884262938090305,0.16667742201354682,0.32801163596985355,0.24930217867964952
0.035788346584836005,0.03571429934075608,0.4913593949789483,0.035714290834169916,0.03577672279769345,0.32993264827451135,0.035714297189084844
0.006237797062483116,0.006219335450757088,0.006213782232878334,0.006223125832809987,0.5700940324002565,0.006243971290956926,0.3987679557298582
0.14285714285714288,0.14285714285714288,0.14285714285714288,0.14285714285714288,0.14285714285714288,0.14285714285714288,0.14285714285714288
0.3062813253608496,0.023900303588671783,0.5744240542284783,0.023844978248562358,0.023895586839159433,0.023827219330988345,0.02382653240329024
0.5145959479498895,0.014290403798014467,0.41391445550483347,0.014294035019061234,0.014289454259813091,0.014286947724905297,0.01432875574348308
0.0359059916613904,0.7853515103962037,0.035725806195899754,0.03586949290810136,0.03571847916246825,0.03571429765003464,0.035714422025901964
0.0715577002696479,0.07142857473367127,0.0714717281277556,0.0714898622132227,0.07144869533822805,0.5711748652280264,0.071428574089448
0.017863496405292167,0.01786831810122822,0.01786038462047698,0.017857144815422527,0.7419184771849993,0.017896745535941994,0.16873543333663885
0.14285714285714288,0.14285714285714288,0.14285714285714288,0.14285714285714288,0.14285714285714288,0.14285714285714288,0.14285714285714288
0.028596285188141623,0.16967318429166858,0.028707333578828417,0.02857154355339965,0.25932058096003063,0.25650693346323383,0.22862413896469738
0.224816897883012,0.012987680370884262,0.012988355433999805,0.012987044252450465,0.7101659995326461,0.01302458153935022,0.0130294409876571
0.714205036154014,0.0476190519576506,0.047619051712909026,0.047619049247076,0.04763354591433847,0.04766788589073828,0.04763637912327378
0.020437956309571313,0.8774635770639592,0.020424138054383187,0.02042154784605752,0.020413644094581348,0.020410485239762723,0.020428651391684823
0.0477648960386615,0.0476190531611252,0.28331511580100494,0.04761904969899936,0.04769980300017864,0.04761905248848396,0.4783630298115463
0.07142966433625303,0.07142857501274595,0.571421285485211,0.07142857278461272,0.0714285733610815,0.0714347546929243,0.07142857432717165
0.7854846173017551,0.03573921375557919,0.03571430053475107,0.03571429158626895,0.03588483641843189,0.03571429964664757,0.03574844075656626
0.02862597910115102,0.028593981796313523,0.028779413530911874,0.028571431939935343,0.8281890706117818,0.028637836182822413,0.0286022868370838
0.28559428803026826,0.5356346213996249,0.03571430255516213,0.035714292345859516,0.035848651374423,0.035779544159735215,0.035714300134926984
0.006828059643853871,0.006817149237170449,0.36562784804119525,0.3213890205865621,0.22699965655675694,0.0068371432227931055,0.06550112271166843
0.5714285331624177,0.07142857982796,0.07142857939893381,0.07142857457240266,0.07142857598728147,0.0714285788509142,0.07142857820009021
0.6125521559160034,0.014286985317629472,0.014316869629629003,0.014285716524436384,0.014345602680092825,0.014354937807828391,0.31585773212438045
0.047652087633856505,0.04795988762074317,0.0476807348778194,0.7138170728337676,0.04764138917551899,0.04762910745176258,0.04761972040653181
0.07142861074144345,0.07142860739454711,0.07142860496459036,0.5713926415932001,0.07142859078912811,0.07146434448624929,0.07142860003084152
0.03580164303739995,0.03571430102785564,0.03574675591408575,0.035981782215005156,0.2925012865196434,0.03579128170618222,0.5284629495798279
0.5139879833988704,0.02861885272301382,0.028576622547822773,0.02857143511063658,0.3429122029146951,0.028713920388960784,0.0286189829160005
0.8279864934748558,0.02862076736173343,0.028600474623429857,0.028702060951085736,0.028764507872185506,0.028644511240272473,0.028681184476437416
0.07142860754857254,0.07142860443380611,0.07147377901002712,0.07142858379935406,0.07148399811359457,0.5712097322393229,0.07154669485532264
0.04764332989878828,0.04775173989921767,0.04765691617765277,0.7140907976831448,0.04761906547847185,0.04761907677866526,0.04761907408405945
0.14285714285714288,0.14285714285714288,0.14285714285714288,0.14285714285714288,0.14285714285714288,0.14285714285714288,0.14285714285714288
0.023838685021183328,0.023838964466374832,0.5792670274040336,0.023825263800961678,0.3014357905551481,0.02383434781362487,0.02395992093867367
0.5705769267538169,0.07154084565021632,0.07160710868054819,0.0714285756359391,0.0718471770249747,0.07152731017902801,0.07147205607547681
0.14285714285714288,0.14285714285714288,0.14285714285714288,0.14285714285714288,0.14285714285714288,0.14285714285714288,0.14285714285714288
0.38101270292282124,0.047619052926784394,0.3807300758728782,0.047619049615876374,0.04770622269504019,0.0476222349725081,0.04769066099409148
0.017936811322710435,0.28429196618089103,0.01787469560448872,0.01786150634543981,0.017889848105469015,0.017899619574221884,0.6262455528667792
0.07145892324305886,0.07147373318690643,0.07142860475643086,0.07142858514556374,0.5711850972936676,0.07151780011450494,0.07150725625986747
0.14285714285714288,0.14285714285714288,0.14285714285714288,0.14285714285714288,0.14285714285714288,0.14285714285714288,0.14285714285714288
0.07142860367699237,0.07142860092996381,0.570990280524857,0.0714285824331485,0.07142858755136959,0.07142859742058469,0.07186674746308408
0.0204701555844946,0.0204081669398489,0.020565530743095757,0.020408164644938758,0.877164824004548,0.020409770408469734,0.02057338767460423
0.07142861203461819,0.0714286074103157,0.07142860546421252,0.07142858500895355,0.07149092153121993,0.5710284875493612,0.07176618100131892
0.015940882502233425,0.01591610901350485,0.7255747109086511,0.015959565446088342,0.01589934578629795,0.1948194147069821,0.015889971636242232
0.33991094128649246,0.020428036667332918,0.02045107947162651,0.02040816600965198,0.020483022365238822,0.020543919065809903,0.5577748351338475
0.020454209874861705,0.020408166719473323,0.020519261441498318,0.020408969254422902,0.2528854408302833,0.02041216430715706,0.6449117875723035
0.035714303783232974,0.2857059486587814,0.035751066432657304,0.03572668411067739,0.03572395257346048,0.0357143012885493,0.5356637431526412
0.5351267700238467,0.035997509154190074,0.03588896773415855,0.03571429973794331,0.03591413362890701,0.2856440040400916,0.0357143156808628
0.03576459693463929,0.03571429289423712,0.03571429265084429,0.03571428841470361,0.035725671791526276,0.03603951559223622,0.7853273417218132
0.04761905222309397,0.04761905182970522,0.047683944047075495,0.04761904918915783,0.7139889241895165,0.04761905235719081,0.04785092616426008
0.03581693569016832,0.2968078139522077,0.5243875344246717,0.03571429286657967,0.03576910530880403,0.03579001660912892,0.03571430114843965
0.035749110633219464,0.38081818975793735,0.03574262698052532,0.035752900539308415,0.19608403754994305,0.035714330073987006,0.2801388044650794
0.04765256366235066,0.04762496508190882,0.7140121666599,0.047773754256897685,0.0476749073029206,0.04763624705142847,0.047625395984593664
0.028600528875841642,0.028592354875419935,0.8281866999651115,0.02857143429191939,0.028754004328663117,0.028576612851345214,0.028718364811699152
0.04769193530618887,0.7139987013168816,0.04764121686846809,0.04762410722403805,0.04771834616309693,0.04770663816135265,0.04761905495997367
0.28594639274221345,0.02869968052472776,0.028746012694736537,0.028573339833940593,0.028608849093646204,0.028855719590368457,0.570570005520367
0.07142863355125606,0.07142862772946552,0.0714286246779204,0.5712299862770789,0.07142860211988793,0.07142862141631205,0.07162690422807919
0.8767973441076365,0.020522218349312636,0.020643435981773556,0.020408168632262344,0.020426766997052186,0.02070934932767784,0.020492716604284828
0.14285714285714288,0.14285714285714288,0.14285714285714288,0.14285714285714288,0.14285714285714288,0.14285714285714288,0.14285714285714288
0.14285714285714288,0.14285714285714288,0.14285714285714288,0.14285714285714288,0.14285714285714288,0.14285714285714288,0.14285714285714288
0.0714285980120965,0.07142859570793215,0.5714284573046684,0.07142858055069139,0.07142858444993218,0.07142859292030065,0.07142859105437874
0.07142858693937723,0.07142858560876723,0.571428504649263,0.0714285767563691,0.07142857916442018,0.07142858401883251,0.07142858286297056
0.03572894522175666,0.03571429901956509,0.03571437808504362,0.0357142906931598,0.03571429303556036,0.28571195795462667,0.5357018359902878
0.047619055744722305,0.047659650214420785,0.7142450842247575,0.0476190504104273,0.04761905160278983,0.04761905418571313,0.04761905361716927
0.07142859364883639,0.07142859164076369,0.07150920605949905,0.07142857912556076,0.5711711516381546,0.071544535742713,0.0714893421444726
0.0716177894077675,0.07142857717598818,0.5711060028738455,0.07142857358525288,0.07147882954351674,0.07142857646708922,0.07151165094654006
0.14285714285714288,0.14285714285714288,0.14285714285714288,0.14285714285714288,0.14285714285714288,0.14285714285714288,0.14285714285714288
0.8569784807453763,0.023830576700612446,0.023822962852751515,0.023809526322954386,0.02385618930993458,0.02382936359464648,0.023872900473724295
0.0285904883063447,0.22681123793901978,0.028739754034442278,0.0286458821638747,0.028584315979309837,0.02857143786748252,0.6300568837095263
0.0478747585572211,0.047619072697592475,0.713556251964239,0.04781570546490458,0.04781275602149271,0.04761906981631829,0.047702385478231836
0.4800967286403249,0.02382545812444544,0.023835753731590633,0.02380952998990448,0.23069287618187415,0.023877202429589236,0.19386245090227117
0.03571429108426554,0.7856877844477302,0.03572800844933159,0.03571431536789443,0.03572088382956499,0.035720412658969525,0.035714304162243686
0.047699212160997914,0.04762674900662787,0.7141889989197434,0.04761904893039553,0.04761904950039602,0.047627891054907244,0.04761905042693195
0.0716401342686676,0.07142858251632117,0.07163783300140261,0.07142857553355533,0.07162810857198103,0.07175745658441066,0.5704793095236615
0.04769042031399487,0.04767700273426448,0.0476248401896925,0.04761905154833344,0.04761905395174347,0.7141214748263374,0.04764815643563387
0.01787349256066696,0.017857150121860083,0.16942271615868076,0.392856819677996,0.36619015548845296,0.0178862900798047,0.017913375912538526
0.2635446145683671,0.02860486064213952,0.02861301970822436,0.028571433772687147,0.39789321594061544,0.028664151106242708,0.22410870426172372
0.5561649514311879,0.12459510947626401,0.014367635499040967,0.014291540098551388,0.014385693112260385,0.014296687499473045,0.2618983828832222
0.04789662876277017,0.7135585093159628,0.047925975197908297,0.047761671487213136,0.0476190649752367,0.04761907645256687,0.047619073808341995
0.047619056092018865,0.047619066590686904,0.04761936401220477,0.047619050567183484,0.047628760177236266,0.0476459310089478,0.7142487715517218
0.07142861522963748,0.07142861093799929,0.071428610186587,0.0714285863466727,0.07142859268743261,0.07160988823569031,0.5712470963759805
0.015919693033847257,0.015966694625563112,0.9044518868332106,0.015902474065688576,0.01589493189107132,0.015898251047585465,0.015966068503033587
0.2857063596643095,0.03571432467094972,0.0357488396757592,0.035837517781860034,0.035732853701191766,0.03571432000372797,0.5355457845022018
0.5546551380948445,0.03576008182905022,0.03576070847971735,0.03571449753188149,0.26626542441803647,0.035963838727551045,0.03588031091891875
0.07164254992500381,0.07142857739037434,0.07142910930250669,0.07142857365766922,0.5711864471319813,0.07145616628179396,0.07142857631067082
0.7141045684347693,0.04761905612080434,0.04767966011665489,0.04761905084055476,0.047711740550224646,0.04761905516867022,0.04764686876832167
0.5707205801446791,0.07169955584449679,0.07156157324715683,0.07142857473704702,0.07145962303869682,0.07142857652195773,0.07170151646596576
0.5707205801446791,0.07169955584449679,0.07156157324715683,0.07142857473704702,0.07145962303869682,0.07142857652195773,0.07170151646596576
0.047856151953087935,0.7137826033813862,0.04771270694151844,0.04761910883245231,0.04764811105426899,0.04763209438367363,0.04774922345361253
0.03578904516026132,0.03573154883243998,0.035778899211107607,0.03571429032220199,0.3919814776172002,0.03586985861067418,0.42913488024611474
0.035735021023582024,0.03571429091338759,0.03573288475608315,0.03571630341089718,0.7856447823410095,0.03572720030011362,0.03572951725492686
0.03571429986530654,0.03574549536065326,0.28569646898535295,0.3135660512992734,0.03571429266452638,0.035745950749091704,0.25781744107579585
0.07142858133462067,0.07145008800855125,0.5712872904974751,0.07154830588559005,0.07142857624653584,0.07142857932544569,0.07142857870178144
0.2936740644844697,0.020430551133789235,0.02050180212550609,0.020408937587685434,0.02046007786269118,0.6040346966662865,0.020489870139571844
0.7135058896485109,0.047752913579544275,0.047657759789755186,0.04761905030278416,0.04763706008543518,0.04796683560623203,0.04786049098773824
0.07142859736265697,0.5713190989948275,0.07153795607833335,0.07142858031371765,0.07142858418975978,0.07142859247982182,0.07142859058088302
0.023895970139878094,0.1883172652783115,0.5079256939835863,0.023809527259984697,0.023889961963720133,0.02385274356802472,0.20830883780649456
0.5713314743200343,0.07142857814229807,0.0714285777625479,0.07152564054405815,0.0714285750296671,0.07142857735788678,0.07142857684350776
0.047690837825141934,0.38081131100664917,0.04767698842750347,0.04761905882113929,0.047619063544423475,0.3809636687014027,0.04761907167374004
0.7513892322131303,0.15891263792082044,0.017945923465551086,0.017932984615233138,0.01791068629215636,0.017994295638325195,0.017914239854783544
0.0714286146008752,0.07142861197848412,0.07150087343497159,0.07142858644872715,0.07142859269696797,0.07142860647198868,0.5713561143679854
0.14285714285714288,0.14285714285714288,0.14285714285714288,0.14285714285714288,0.14285714285714288,0.14285714285714288,0.14285714285714288
0.008972490606098534,0.008949984404845589,0.19368227607356753,0.008928573953199239,0.39580285997426523,0.008949484861976038,0.37471433012604777
0.047747590469798484,0.04761905093472147,0.04761934675666536,0.0476190488587669,0.7141415247689543,0.047634387876852216,0.04761905033424131
0.14285714285714288,0.14285714285714288,0.14285714285714288,0.14285714285714288,0.14285714285714288,0.14285714285714288,0.14285714285714288
0.047619077251354204,0.33389400253782836,0.04769423917652065,0.047619208755363705,0.427901859619645,0.047652464503803546,0.047619148155484674
0.0476553496905443,0.0476190654764854,0.04763721311382421,0.7141480965181901,0.04761908429897476,0.04764682886923966,0.04767436203274156
0.14285714285714288,0.14285714285714288,0.14285714285714288,0.14285714285714288,0.14285714285714288,0.14285714285714288,0.14285714285714288
0.02857143895393558,0.028742980726952926,0.8282577402728903,0.02857150252326498,0.02864899010085576,0.028596691448301636,0.028610655973798627
0.14285714285714288,0.14285714285714288,0.14285714285714288,0.14285714285714288,0.14285714285714288,0.14285714285714288,0.14285714285714288
0.14285714285714288,0.14285714285714288,0.14285714285714288,0.14285714285714288,0.14285714285714288,0.14285714285714288,0.14285714285714288
0.01594107621431164,0.158037695710222,0.0158973291407531,0.01587302050970649,0.01594354409743827,0.7623989455372618,0.015908388790306757
0.14285714285714288,0.14285714285714288,0.14285714285714288,0.14285714285714288,0.14285714285714288,0.14285714285714288,0.14285714285714288
0.03573325831394946,0.035716772598120214,0.035760229406214046,0.0357253659903812,0.035730112909177436,0.035813285588682464,0.7855209751934751
0.03571431451580222,0.03571431425921474,0.2859478633415614,0.03571429333398767,0.03579893678818026,0.035714303632313066,0.5353959741289406
0.020470229362722202,0.020454716527683648,0.020425565321974516,0.020408169801276188,0.020421979127875793,0.1631940364454224,0.7346253034130453
0.02857146105183172,0.028571458301239975,0.8279855533400912,0.02857143970205212,0.028631733377510137,0.02900138548860863,0.02866696873866646
0.04763800626691268,0.047619051401445255,0.04761905122614374,0.04762383460664413,0.047641038357894266,0.047619050989978144,0.7142399671509818
0.14285714285714288,0.14285714285714288,0.14285714285714288,0.14285714285714288,0.14285714285714288,0.14285714285714288,0.14285714285714288
0.07142858733952931,0.0714285859137363,0.07142858520598443,0.5712693358499914,0.07142857921693416,0.07158774331904004,0.0714285831547843
0.07150265203667378,0.07142859222640119,0.07142859112933708,0.07142857919175902,0.07162428078112404,0.5711587166329581,0.0714285880017468
0.02385393769282929,0.02382034336428247,0.4038130202606215,0.023876297276746363,0.4767918570758435,0.02395736917780307,0.023887175151873823
0.02398933666300316,0.023826747368643025,0.8568746724235374,0.023809525818922733,0.023859052826592928,0.02382552082314772,0.023815144076153
0.015900082122303205,0.12127122754634814,0.16111888311045452,0.015881264520248108,0.6540117909674282,0.01591372371288298,0.01590302802033503
0.01789074837826113,0.017858258187527995,0.017887491354230154,0.017862965224114503,0.5889880559513934,0.3216140997883568,0.017898381116116073
0.14285714285714288,0.14285714285714288,0.14285714285714288,0.14285714285714288,0.14285714285714288,0.14285714285714288,0.14285714285714288
0.07153657244095406,0.0714285762732209,0.5712446175820202,0.07142857325570935,0.07142857422011994,0.07150451085259044,0.07142857537538522
0.023881390685601606,0.023817794500807357,0.02383001140599436,0.023809526365905075,0.02381700127298525,0.023836341959406232,0.8570079338093001
0.03581855954107738,0.19574053365231495,0.03583145230337625,0.036102542039297435,0.03574497280770494,0.6248731546709005,0.03588878498532848
0.14285714285714288,0.14285714285714288,0.14285714285714288,0.14285714285714288,0.14285714285714288,0.14285714285714288,0.14285714285714288
0.04761905682892605,0.04765337260829315,0.04781702990866485,0.7139280931707116,0.04763588933592415,0.04764312259983966,0.04770343554764051
0.543308198008644,0.01108591093595467,0.011031235652945063,0.01104105168985401,0.011055667550463203,0.4014494549004644,0.01102848126167464
0.11907940216362475,0.013000703998447414,0.013002165638018053,0.8159469968574683,0.0129880145998233,0.012992396469766507,0.012990320272851604
0.02051762230278047,0.02045531712440662,0.7344536928487543,0.16322502580258888,0.02049277449628916,0.02042098728901295,0.020434580136167654
0.7421050913662693,0.011024741562578242,0.01100790497697118,0.011026807283115805,0.01101571009993759,0.011015595434633216,0.20280414927649468
0.028767762086396795,0.40142865706759684,0.4552530365583833,0.028604767402037302,0.0286002386740922,0.028571464567155334,0.028774073644338392
0.8284414853046136,0.028571432488390808,0.028667351219679314,0.028571430045900542,0.02858084262230139,0.028580496025035436,0.02858696229407897
0.035721887562314744,0.0357142975137601,0.5353543071520669,0.03573556056926964,0.035893275840971975,0.03575194500426664,0.28582872635735
0.7139600152538996,0.04768304025897109,0.04778128453316462,0.04761904967185341,0.047663577279335186,0.047619052589665076,0.04767398041311098
0.7344883244149574,0.16320178832597615,0.020445889840927715,0.020410712863904928,0.02055930016191737,0.02045584911977945,0.020438135272537176
0.0476190813904529,0.3807627446913637,0.047804640752792386,0.04761920092731168,0.04765283946659901,0.04765041769096368,0.3808910750805166
0.6674213648582119,0.023826669854060498,0.023846475031402626,0.023809761181678806,0.21341887536489823,0.023822096856994282,0.02385475685275376
0.0476704823505769,0.04764496232951294,0.04761905857595117,0.04762554893075602,0.04762194960160544,0.7141989411541289,0.0476190570574686
0.035714326843299574,0.5356388415233702,0.03583951564353189,0.03571430388091436,0.03571430595832129,0.03576944145190459,0.2856092646986584
0.04776115791223805,0.7137373103135027,0.047650826737546094,0.047619059782626046,0.0479934953304212,0.04761907619555964,0.047619073728106365
0.33170840478658636,0.17892498445428087,0.010230076505422098,0.010204112554535441,0.44850561998588545,0.010212470015987699,0.010214331697302199
0.5656244123184202,0.007946033659176214,0.007942935172874862,0.12152096372210357,0.0079923308457034,0.2810184320685261,0.007954892213195487
0.028650571684113706,0.2393782976828655,0.02879727819284324,0.02857143855344481,0.028581859693377426,0.02857153457374798,0.6174490196196074
0.07160325460728235,0.07145550295678563,0.0715903877609802,0.07171750048436021,0.07149018857533829,0.07146132089364131,0.5706818447216121
0.028615330337576045,0.028590623388544827,0.22864752872172459,0.028571434496695334,0.6284264411124701,0.028577200577368848,0.028571441365620173
0.14285714285714288,0.14285714285714288,0.14285714285714288,0.14285714285714288,0.14285714285714288,0.14285714285714288,0.14285714285714288
0.011948278053117245,0.011988696500044495,0.17470428617381564,0.011953574297277666,0.37923879293087853,0.39822381900740417,0.011942553037462153
0.07142859736265697,0.5713190989948275,0.07153795607833335,0.07142858031371765,0.07142858418975978,0.07142859247982182,0.07142859058088302
0.14285714285714288,0.14285714285714288,0.14285714285714288,0.14285714285714288,0.14285714285714288,0.14285714285714288,0.14285714285714288
0.28544313811003735,0.035714321761829704,0.03574613947729543,0.03593832526255779,0.03575172971801271,0.03575547953680348,0.5356508661334635
0.028853809137838773,0.028635121278226938,0.02868307691952212,0.028574663225934268,0.02860335427364358,0.02857143989892454,0.8280785352659098
0.04765279894250374,0.04764901627907077,0.047630115715759425,0.04762346633081724,0.7140794729950946,0.04766830575838921,0.047696823978365076
0.07142860088890118,0.07142859777649388,0.5714284468202924,0.07142858137015884,0.07142858560890777,0.07142859479105175,0.07142859274419411
0.023915094999064766,0.654228402541378,0.0238394717288232,0.023809695926294804,0.02382312439269394,0.023828193652383183,0.226556016759362
0.0476190592397276,0.04763339639221657,0.3808576248131824,0.047698871489113476,0.04761905329245748,0.04761905693818166,0.38095293783512074
0.3485105570571448,0.4128714905112283,0.04777917787626877,0.04761917520595852,0.047694325240218334,0.04776242305358451,0.04776285105559662
0.28949218854310904,0.03584552936806807,0.03582500197787731,0.28566040834210926,0.2815977548548781,0.035714319460307634,0.03586479745365075
0.14285714285714288,0.14285714285714288,0.14285714285714288,0.14285714285714288,0.14285714285714288,0.14285714285714288,0.14285714285714288
0.4629990571287366,0.035832194856974496,0.03574055209831331,0.0357199510448613,0.03577308793378495,0.035745599517763384,0.35818955741956593
0.5707205801446791,0.07169955584449679,0.07156157324715683,0.07142857473704702,0.07145962303869682,0.07142857652195773,0.07170151646596576
0.07142858133462067,0.07145008800855125,0.5712872904974751,0.07154830588559005,0.07142857624653584,0.07142857932544569,0.07142857870178144
0.02868570772325217,0.02862818276789758,0.2599700087062785,0.028609846168036135,0.028617994474384796,0.02879518640676381,0.5966930737533871
0.017857150848585347,0.01786386389355717,0.017860966480382625,0.8928348686796703,0.017859217377987995,0.017857149274583258,0.017866783445233365
0.023833222515360148,0.2114591457558196,0.6692197914238002,0.0238820967461586,0.02388479655793279,0.02381847053255616,0.02390247646837254
0.047619077171077905,0.5061538617835967,0.04766946235896635,0.04761905794258927,0.04761906202639344,0.2557004091626101,0.04761906955476614
0.07142858133462067,0.07145008800855125,0.5712872904974751,0.07154830588559005,0.07142857624653584,0.07142857932544569,0.07142857870178144
0.14285714285714288,0.14285714285714288,0.14285714285714288,0.14285714285714288,0.14285714285714288,0.14285714285714288,0.14285714285714288
0.028590536737377888,0.028598784345725874,0.8281418921203357,0.028571434611688887,0.028777006723522416,0.028699466772650825,0.028620878688698333
0.04761908857129184,0.04787162088347643,0.38069466256770923,0.04761907165618413,0.3809308810450656,0.04761908080328384,0.04764559447298898
0.14285714285714288,0.14285714285714288,0.14285714285714288,0.14285714285714288,0.14285714285714288,0.14285714285714288,0.14285714285714288
0.07142857854030875,0.0714285779199963,0.07142857761052752,0.07142857386761968,0.0714285749266632,0.07142857717020479,0.5714285399646798
0.3271890172879441,0.02067635710218868,0.020462741655114008,0.02040827574232264,0.5703864300548438,0.020461320301730153,0.020415857855856576
0.03578037428917358,0.03571429862906575,0.4661667620594248,0.03571429055330854,0.03590497214471829,0.3549848687293062,0.03573443359500282
0.028571430563320874,0.028573765450921634,0.028598715254882785,0.028571429256124437,0.8285162343792274,0.02858766073548073,0.0285807643600422
0.14285714285714288,0.14285714285714288,0.14285714285714288,0.14285714285714288,0.14285714285714288,0.14285714285714288,0.14285714285714288
0.21036279686803405,0.00894606603853077,0.008933957852036562,0.008933550228684905,0.4951396348627108,0.25872981954934904,0.008954174600653793
0.07142857754118032,0.07142857696692302,0.071428576708689,0.07142857351798776,0.0714448674157515,0.07152665184746924,0.5713141760019991
0.035796833346636935,0.035714315278885723,0.7852250536901075,0.035714296879758474,0.03582411839789845,0.03592857629952485,0.03579680610718804
0.01787008937360229,0.01803153721669766,0.25473263779700095,0.017857148345528217,0.34725899888433603,0.01786678576678896,0.3263828026160458
0.020468180937310374,0.02045320483577271,0.0204388752340396,0.5634976779449729,0.020475005201477076,0.020433185133251337,0.334233870713176
0.03601375144546137,0.03585928159554741,0.03582151609610265,0.035714290081158874,0.5767798149606307,0.035795716818635415,0.24401562900246362
0.5513950389232519,0.02859968627207792,0.028771643069853553,0.028571432508235725,0.02871291184546845,0.30527819027202896,0.02867109710908348
0.014315471785612885,0.014345284488373347,0.014303168442947102,0.014287409701524614,0.6720837768556029,0.25636145858782633,0.014303430138112626
0.005957622486444955,0.005956806018803071,0.7172442339392517,0.0059583403796112915,0.18691873012658575,0.07198881557773254,0.005975451471570571
0.5713627599880119,0.07142859087868174,0.07145037000160731,0.07142857878533028,0.07142858230530355,0.0714285887310629,0.07147252931000234
0.7856844139401075,0.03571429073819467,0.035714290489435814,0.03571428760231434,0.0357354380486071,0.03571485099070282,0.03572242819063785
0.2960960453386029,0.04783970243207962,0.04761908221212151,0.4655879460099771,0.04761906724250764,0.04761907994932047,0.04761907681539091
0.047888045527173725,0.04762092327826693,0.04773959807134534,0.38072040393364215,0.04763703884284366,0.04761906216339527,0.3807749281833329
0.07142860349075486,0.07152283341564646,0.07142859880087046,0.07142858265297639,0.0714285870473443,0.5713341993490327,0.07142859524337487
0.07142861271940208,0.07142860925060432,0.5712249551409582,0.07142858570955764,0.07142859201010526,0.07142871972781446,0.07163192544155808
0.007169506419436136,0.007146783441043372,0.05955360557288505,0.90469728342986,0.007143091753040375,0.007146402428981851,0.007143326954753052
0.5708034874260827,0.07173323540656405,0.0714285801786568,0.07142857471788991,0.07159508205714787,0.07158246166894054,0.07142857854471804
0.028571438577453766,0.028592735390459714,0.02865654750870618,0.8283659357843876,0.02857143346345984,0.028616158047880567,0.028625751227652502
0.02875887045071409,0.028582250780351575,0.6142542021968899,0.02858696026419669,0.02857143884867171,0.028588140026273773,0.24265813743290227
0.02860253462598729,0.02865320589707671,0.028786517245510634,0.4018411368006809,0.028571442722244583,0.45493257620852234,0.028612586499977753
0.7139472797399181,0.04761905377574835,0.04771176456886435,0.047619049926653834,0.047821166795626764,0.047619053086237234,0.04766263210695125
0.035722750419921366,0.03572601494566204,0.03571429453389379,0.7855724312108564,0.035714290662429864,0.035749962234049186,0.035800255993187466
0.0178633277224209,0.01787097516037171,0.017868076313057063,0.8927674729405312,0.017857606461191115,0.017869835138837487,0.017902706263590595
0.7851364011644978,0.0357398637339719,0.03583477803538746,0.035763124530604755,0.03576371902563994,0.035749947685425686,0.036012165824472364
0.26767777304508267,0.011010926936822289,0.011049144939175953,0.24627169208141017,0.16004597823492228,0.2929012282554002,0.011043256507186301
0.14285714285714288,0.14285714285714288,0.14285714285714288,0.14285714285714288,0.14285714285714288,0.14285714285714288,0.14285714285714288
0.9338326805624984,0.011010992461006128,0.011042919935739092,0.010989558536613098,0.011054423938926184,0.011058796398592047,0.011010628166625003
0.023817743669615435,0.7600716430654121,0.120722624413545,0.023940126423328222,0.023812356809496303,0.02382595933880053,0.02380954627980228
0.5706319622837218,0.07142859873693051,0.07164871322111521,0.07153728729835115,0.071717091806628,0.07160775344344875,0.07142859320980458
0.014311433598334524,0.014324061546805758,0.1424802519946339,0.42675270041115404,0.01431716761317052,0.21425994948319269,0.1735544353527085
0.023809535434703964,0.023809759927231246,0.6714933496505695,0.02380982001337365,0.023866156959464667,0.20930939243784924,0.023901985576807817
0.3235252102681583,0.01797711189292029,0.017894295343361295,0.23085845267107674,0.01793078474155031,0.017899563032695416,0.37391458205023775
0.04763809089593852,0.04818845652089747,0.04790765851361757,0.047623860831721314,0.04790655132836371,0.047619085420102826,0.7131162964893586
0.29653458566007074,0.02053664294360503,0.020512958243930197,0.02040841427080832,0.020424353040003902,0.6010254062794415,0.020557639562140392
0.5023915160653357,0.010209066841495234,0.010227846815212245,0.1706929790813921,0.010234526832026228,0.2860213394751922,0.010222724889346361
0.07142858894745857,0.07142858738831842,0.07142858647044088,0.07142857735348354,0.5713863313025555,0.07142858542825127,0.07147074310949189
0.02870180651693003,0.20316620819442532,0.02861592594392573,0.028590410481188256,0.028592739698130965,0.25364010772863305,0.42869280143676664
0.035728618421821984,0.3346572432974968,0.03575594202747341,0.48667675876307925,0.03573426289762064,0.0357328319467365,0.03571434264577151
0.07142860349075486,0.07152283341564646,0.07142859880087046,0.07142858265297639,0.0714285870473443,0.5713341993490327,0.07142859524337487
0.020421666759215366,0.020590281108995225,0.8769205863123039,0.020408462986910007,0.020688420866337928,0.020486213517983017,0.020484368448254506
0.5706551118177935,0.07152352816728995,0.07142859374598526,0.07182811641529835,0.0714285842146537,0.07170747502157919,0.07142859061740016
0.047678280183389446,0.3322433246032797,0.047792264064230386,0.04761985939959498,0.4292981942325456,0.04774380289942129,0.04762427461753859
0.7854671669555411,0.03574267908371195,0.03586784347027199,0.035714287798725805,0.03572272936433301,0.03574442317344848,0.03574087015396761
0.14285714285714288,0.14285714285714288,0.14285714285714288,0.14285714285714288,0.14285714285714288,0.14285714285714288,0.14285714285714288
0.03571429457950947,0.03598356065724344,0.785429796396528,0.03572947313720921,0.03571429005729181,0.035714292915240996,0.035714292256977094
0.3255957451604894,0.03572647575532375,0.49574027085730993,0.03571429079955608,0.0357170132498185,0.035769057055846286,0.035737147121656127
0.3979162587693531,0.014332815112576098,0.014298716357607936,0.1775368556442523,0.014313747530648546,0.014299359888864334,0.3673022466966977
0.023918367674365015,0.20678501547568837,0.02402942975979976,0.023914746520910534,0.02386301619992557,0.023877901063366538,0.6736115233059442
0.14285714285714288,0.14285714285714288,0.14285714285714288,0.14285714285714288,0.14285714285714288,0.14285714285714288,0.14285714285714288
0.014348738141216356,0.014287851242595882,0.014307317408377802,0.014288858315219,0.30360241347984646,0.014434475373280884,0.6247303460394636
0.01429821370670959,0.014377819163742674,0.6884618758357969,0.014285750823140842,0.014294168220286107,0.2399662303210368,0.014315941929287177
0.014314051667362283,0.014319365023359672,0.7247016901502102,0.014289023366820522,0.014316267396620204,0.014328148150504068,0.20373145424512287
0.07142860349075486,0.07152283341564646,0.07142859880087046,0.07142858265297639,0.0714285870473443,0.5713341993490327,0.07142859524337487
0.0476435792079904,0.04764493798464739,0.047653627255103595,0.047619053089464965,0.04761905538003834,0.7141762560782147,0.04764349100454055
0.035922733640774786,0.03606162422690416,0.7847875700103556,0.03571440962542806,0.03586204439703349,0.035847055743086054,0.03580456235641798
0.011026023572318508,0.011074333801209401,0.29737281576976726,0.5689279223784877,0.01099388345983794,0.08960079602474005,0.011004224993639122
0.023844700286760296,0.667050387200221,0.21375330082897975,0.023809526785531,0.02386470546901751,0.023810865168848977,0.02386651426064134
0.0476191233479675,0.04767428847966661,0.04774573317664417,0.047619073342366904,0.38074026685032664,0.047619108870232935,0.38098240593279525
0.5354494019104986,0.03591713336401907,0.28562409741763883,0.03571429796713693,0.03573192521995073,0.03579221405243627,0.035770930068319565
0.023846820439374836,0.1903892829229955,0.023820825742757963,0.02380952788583616,0.023858675576500905,0.02382707810065709,0.6904477893318776
0.02380956106021302,0.023809557111530058,0.20472457094422156,0.5022556046725282,0.19771403966876647,0.023877115598701967,0.023809550944038763
0.04790027097949735,0.047666565877615585,0.047619058836230306,0.04761905212982618,0.7138112204556138,0.047667633505462784,0.04771619821575381
0.023809544659398132,0.02392024795605247,0.2981685285056985,0.023809530915973997,0.21608478098654235,0.023859825827850734,0.3903475411484838
0.028615523678937542,0.02866421457508373,0.40027404507223857,0.028608626615786167,0.02858689528904112,0.028586292137712275,0.4566644026312006
0.7034814267693507,0.01596860031294832,0.015945235120262607,0.015873019475765412,0.015881441497811757,0.01596557824495233,0.2168846985789088
0.26157729785236095,0.00840508340290364,0.0676158073861629,0.008403600893763713,0.6370679884828601,0.008477774628560785,0.008452447353388034
0.00842353652271418,0.008403366122381205,0.00840821326444502,0.5881920640896467,0.3697136918335966,0.008407981523344848,0.00845114664387139
0.07142858020145491,0.07142857943799868,0.5710484006630371,0.07142857443512136,0.07146764110698689,0.0717022504548931,0.07149597370050803
0.047619075886523976,0.047723049641072275,0.047729624930926,0.047619057300705446,0.7139604440933851,0.047683231116337293,0.047665517031049764
0.14285714285714288,0.14285714285714288,0.14285714285714288,0.14285714285714288,0.14285714285714288,0.14285714285714288,0.14285714285714288
0.0476708776439534,0.047669719060767564,0.047670333257234215,0.04761905003086287,0.047684139050950265,0.04770641068286317,0.7139794702733685
0.3262730377783492,0.02045425276370066,0.020436215607009804,0.27132939359230884,0.020433557974093068,0.3206302020928186,0.020443340191719662
0.020460120505333624,0.020430340879557887,0.21616276778668075,0.020414870283571862,0.020461175072924283,0.6816278360827996,0.020442889389131958
0.0476190615175325,0.04770112414436914,0.04784508514495472,0.04761905237324041,0.38059506797609144,0.04773204846083887,0.3808885603829729
0.14285714285714288,0.14285714285714288,0.14285714285714288,0.14285714285714288,0.14285714285714288,0.14285714285714288,0.14285714285714288
0.04808129390052459,0.04766854170244109,0.7133251966881121,0.047619050340118214,0.04768288219240557,0.04781039531151921,0.04781263986487914
0.03588227954584607,0.03572701123707108,0.035737309628305826,0.03571429239798559,0.035814433838512454,0.03571430148424859,0.7854103718680303
0.02382356180734484,0.02381171506300447,0.023822537411912044,0.8570604953024077,0.02381451537219077,0.023816285034767883,0.02385089000837227
0.03578785841427262,0.035759231823252045,0.7852362859442283,0.035762672706897126,0.03572133844304408,0.03597569917753453,0.03575691349077119
0.015928322167170657,0.7972986060681332,0.01589498379895155,0.12324401116283756,0.015876235384710547,0.015876100038358147,0.015881741379838426
0.3808331439187961,0.38089921741804317,0.04772352922779686,0.04761905611979774,0.04764552445123001,0.047619067647649164,0.04766046121668685
0.02045487636522098,0.02040978704707343,0.020528623147411804,0.020425055848420873,0.4015111834080877,0.020410134726515542,0.4962603394572697
0.035714301868816856,0.03571430021874485,0.03572526477672957,0.0357142911820599,0.0357364007360814,0.03580580799568084,0.7855896332218866
0.14285714285714288,0.14285714285714288,0.14285714285714288,0.14285714285714288,0.14285714285714288,0.14285714285714288,0.14285714285714288
0.035740914748948534,0.03571430602318336,0.035776584507467915,0.035714293295414916,0.03575149860739301,0.0358686340023112,0.785433768815281
0.07146554647402148,0.07142857778732094,0.0715325687147886,0.07142857381960721,0.5712358787419829,0.07142857714153844,0.07148027732074036
0.14285714285714288,0.14285714285714288,0.14285714285714288,0.14285714285714288,0.14285714285714288,0.14285714285714288,0.14285714285714288
0.02046843648149767,0.02041433503449502,0.020445656876375517,0.020422094553746092,0.4546002841846693,0.02045303897310524,0.4431961538961112
0.028603279031489508,0.028585407906463148,0.02876224828479353,0.02857143227249253,0.028606261061023878,0.3149153408814403,0.541956030562297
0.02045847814894213,0.020439272752108724,0.020457080677644804,0.020408166828051782,0.8772868174118134,0.020469631373348972,0.020480552808090184
0.1616172592515234,0.011918369099036319,0.7786896525574956,0.0119161756258031,0.011964181231726203,0.01195940224421828,0.011934959990197226
0.020408169112163893,0.30604857917549394,0.5917922722194532,0.02040816527817766,0.020425775113019542,0.0204866921489096,0.020430346952782445
0.7142113027695677,0.047619054025802916,0.047619053709318654,0.047619050033848614,0.04761905111049869,0.047693435548406146,0.04761905280255727
0.014353036219824814,0.01431046792308554,0.014347457786288076,0.014285717373056556,0.014380149740973139,0.7139181401577502,0.21440503079902165
0.02051201777802032,0.020440465411376254,0.02044010631127621,0.020408872278151347,0.02048179176679407,0.8772930312657001,0.020423715188681784
0.1565761452657071,0.05655408802453143,0.3602611878151408,0.006213048586721455,0.4079113988091637,0.006239822829690659,0.006244308669044727
0.07142859820185715,0.07158709141378897,0.07142859385665822,0.07142858065535468,0.5712028935962473,0.0714285925020426,0.07149564977405107
0.013009903688645772,0.1873917576009023,0.012991285091793448,0.012987279977582653,0.15801800948099912,0.013061201184190099,0.6025405629758867
0.028892856718010215,0.028571437651376413,0.02858610264652087,0.02857183579063174,0.028614510361056937,0.02859553555226578,0.828167721280138
0.07142859197377834,0.0714285902728101,0.5713091578782028,0.0714285784756279,0.07142858185791079,0.07142858798793977,0.07154791155373026
0.23529046125886838,0.035863133670738845,0.03583741687951423,0.03571429292260124,0.5856994299650649,0.035714300811270056,0.03588096449194228
0.04799874349426425,0.04786693762518115,0.047619060402286834,0.047619052524761965,0.7135386962984618,0.04773844792213746,0.04761906173290656
0.028602826647075454,0.02861795833653916,0.02861580441170592,0.028571430935260253,0.028611095866103605,0.028599986246701983,0.8283808975566136
0.013042184808751413,0.013038803892633533,0.38459642467655814,0.012992551294725962,0.5502881221546684,0.013049610044725967,0.012992303127936618
0.015888785202853285,0.015873036962269136,0.015985689406590318,0.0158745103073377,0.015962827603055132,0.015918889652895406,0.904496260864999
0.38080017824991297,0.04785744862342804,0.047688514193170606,0.047619056504400695,0.3806586332133919,0.04766540211520248,0.047710767100493295
0.028672744186032405,0.42801521218017413,0.17058249467845632,0.028756695230195303,0.028617336002091303,0.028571463419004357,0.28678405430404624
0.02042816515555413,0.020448792879739087,0.020493244423687308,0.020514452997625342,0.02042200886700477,0.8772689425439558,0.02042439313243358
0.014322004345897246,0.3269834541744006,0.35284208181507537,0.014290802737656587,0.014318620695091176,0.26290481202668,0.014338224205199026
0.35020636192875215,0.007532423422509062,0.007535484999328855,0.0075213670291982854,0.23847362850970105,0.007547552317837309,0.3811831817926733
0.008422745957504849,0.008404931064590587,0.4276495428438275,0.008404376131720848,0.008464848981520683,0.3020213717892488,0.23663218323158677
0.02866838363481705,0.028580960332342285,0.1818125220099785,0.028571431681494883,0.028689451040681595,0.028650961058332498,0.6750262902423532
0.14285714285714288,0.14285714285714288,0.14285714285714288,0.14285714285714288,0.14285714285714288,0.14285714285714288,0.14285714285714288
0.5714284675911202,0.07142859422354994,0.07142859299171854,0.07142858013128428,0.07142858364927059,0.07142859165339646,0.07142858975966004
0.035790985632415145,0.035735974499554596,0.49436683146725985,0.03572256356444818,0.03587215697480129,0.035722988320022124,0.3267884995414988
0.7854305834838192,0.03571430546735452,0.03586043369324785,0.03571429303416094,0.03571429614252097,0.03571436482219564,0.035851723356700865
0.6277973090993314,0.02866951227092127,0.028589846588251026,0.028576954820191215,0.22902949061856268,0.028660525518412205,0.028676361084330193
0.7854862479710345,0.0357493956670742,0.0357430343571415,0.03572341796418435,0.035742327222543814,0.035714292861358674,0.03584128395666289
0.9045104126968144,0.01595655722656609,0.01591799694636312,0.015891442167132338,0.015892310217395587,0.01589684144455982,0.015934439301168633
0.0714286056747337,0.07142860269165667,0.07142860093989291,0.5714284069016808,0.07142858816152894,0.07142859904807088,0.07142859658243592
0.028661271879912135,0.028632596353897078,0.028813195314317686,0.6263618805714682,0.028588498807771045,0.028571448059997652,0.23037110901263608
0.04768851634145091,0.04765824113328166,0.04764585616149057,0.04762153258603731,0.04763192928196484,0.04764962397324728,0.7141043005225274
0.0480648751424316,0.7136331971257821,0.047619083803902014,0.047825615713704014,0.0476190682239002,0.04761908167447936,0.04761907831580068
0.01788240496212126,0.01787967149004487,0.7579322182704598,0.017881381470995158,0.15266949328734092,0.017861589602809792,0.017893240916228317
0.047632594506915954,0.0476190752519857,0.04761907366749169,0.04761905801834032,0.04774552500861384,0.7140300470085809,0.0477346265380717
0.0477106172651824,0.047767742158129824,0.04763877613147248,0.04761938730900098,0.04810739227108551,0.04765199568789398,0.7135040891772348
0.18971291689291153,0.002917785090853802,0.21220357675895518,0.002928601013788802,0.0029258855811844053,0.586382647117321,0.0029285875449852816
0.07142867530131665,0.07142866607135517,0.07146465406782408,0.5712514963855121,0.07156920576416748,0.07142865486156269,0.07142864754826184
0.3151093331826545,0.03573059496914239,0.5062616963733422,0.0357227869372744,0.035714294033555895,0.03571522155409567,0.03574607294993497
0.02390257681145711,0.023809533051608465,0.8567276013828147,0.02386306322365388,0.02384633430219411,0.023902281911128642,0.023948609317143352
0.017900423388978536,0.017857254732095845,0.8925875617571392,0.017914633870769765,0.017898797716840657,0.017877923326320325,0.017963405207855648
0.03588414397174454,0.78547603238258,0.03571429144648622,0.035717164220651895,0.035729486868860454,0.035730473053597084,0.03574840805607984
0.012992590556288484,0.013010430044408907,0.012987318916008173,0.9220314819323396,0.012987015773191196,0.01300414560036353,0.012987017177400082
0.01196724846575686,0.012020157307915384,0.3593704507011283,0.5808997813513443,0.011914743908216167,0.01192283869896443,0.011904779566674347
0.33268075668726055,0.015893656187320387,0.015874503665022088,0.5879270540551378,0.015873020776661115,0.01587798538488808,0.01587302324370989
0.014330074800712142,0.01435632182395181,0.014291766595464503,0.9141594369107255,0.014286487747174066,0.014286083346218524,0.014289828775753582
0.16799664442489834,0.014288514318965558,0.014290399148104115,0.7604878708402297,0.014292225067319139,0.014358625110762167,0.01428572108972068
0.010279527240288714,0.17581050908021295,0.18461889213730054,0.5986233316892705,0.010244672960633751,0.01021247927338442,0.01021058761890906
0.011013720445405457,0.011001519398218444,0.011009725662553687,0.1724896501574259,0.5442602509618051,0.01101175006705504,0.23921338330753633
0.523655125224321,0.028575169938854988,0.028710708914544657,0.02858379120664506,0.02857143091234858,0.028576004046391882,0.33332776975689365
0.01787774661584037,0.311107116784188,0.17552391765905093,0.01787947337787154,0.01786417653726343,0.44185616788150595,0.017891401144279832
0.02041977439908101,0.02040831002932312,0.8774696464053297,0.020409672029272043,0.0204503956683403,0.02042603591819732,0.020416165550456538
0.7853093737392245,0.03571636985741,0.03600977162731945,0.035736282547717185,0.03571428827172164,0.03571673299820557,0.035797180958401696
0.023859265681748922,0.02381000713917408,0.4099659139908469,0.023814550275726442,0.4709032147700674,0.023810075514728756,0.023836972627707547
0.29123922934154894,0.035714298487141555,0.03575480236687814,0.03571429046699535,0.3362774781827728,0.22952511768865988,0.03577478346600323
0.13259072707222413,0.013017298753600068,0.6814296644056766,0.012987039311094708,0.013071733946801006,0.013036022517221612,0.1338675139933818
0.3446190212932359,0.2857129965609155,0.03574818522810091,0.035714295053163043,0.03593172667734569,0.03574872969688776,0.22652504549035113
0.7787371846604639,0.009539236937333412,0.009564877530240901,0.009533377192216941,0.173518879892504,0.009535998186040975,0.00957044560119981
0.4949584708907508,0.023816119131384796,0.023951917086879437,0.023817307439858222,0.023868659878330943,0.02382810167374379,0.38575942389905193
0.7141176703260814,0.04775266702808562,0.04762894910866782,0.04763373132372678,0.047619056822001966,0.047619062887663516,0.04762886250377288
0.04776177086891129,0.04761906150786108,0.3813404984491367,0.04761905283966803,0.38040309665682226,0.047637460822516714,0.047619058855084044
0.41823125014220497,0.2352880655427419,0.01801030294612038,0.017866960511051085,0.017946362986520616,0.2747271009939369,0.017929956877424255
0.6533857015665471,0.020444724449078033,0.24448048294126323,0.020431839243543193,0.02041288618986936,0.020425287885604836,0.020419077724094327
0.7133575822904221,0.04762347792311893,0.04817959593779907,0.04766595018847734,0.04768141778688807,0.04764519574294998,0.04784678013034427
0.30910339760111555,0.0040955898101196755,0.004097863448739686,0.11698054629389534,0.004100076134016649,0.299361306716453,0.26226121999566016
0.17198661802374296,0.010266709348801105,0.01022803547557976,0.09443889069115442,0.010210068836061858,0.6925938299024227,0.010275847722237217
0.2829975501848652,0.013060856156802216,0.013071443339039573,0.4440796660295473,0.012989045051364407,0.22078047206293977,0.0130209671754416
0.7142119445283286,0.047619051469988995,0.04761905061420369,0.047619048810732485,0.047656754576028755,0.04761905041869788,0.04765509958201956
0.5589064525662905,0.012993509953076488,0.013054935613336384,0.012992150255066687,0.37602663754670473,0.01301120912077211,0.013015104944753096
0.04761906554455607,0.0478121707398776,0.047619063168504484,0.047619053711006436,0.04767751253565179,0.04778818050078703,0.7138649537996166
0.0714285887796025,0.07169350676687729,0.07153293569314563,0.07142857737138517,0.5709857254496862,0.07149819267552872,0.07143247326377451
0.7142182570619326,0.04761905511645559,0.04768634869529311,0.04761905019631585,0.04761905126062938,0.047619184570652125,0.04761905309872154
0.22858224437978955,0.4285940557271111,0.02863245905720806,0.02857461588724181,0.028590058877621213,0.028571446212101257,0.2284551198589268
0.03572297325147117,0.7853749353604319,0.035753453550948514,0.035714290648112296,0.03584594879957075,0.03579929470628178,0.03578910368318369
0.047623969906006154,0.7142475757670075,0.04761905649127248,0.047619051156701765,0.04762466704248758,0.047619117484885655,0.047646562151638906
0.5268546370425474,0.2943764876849229,0.03577379152591365,0.03571429222360811,0.03572756150751907,0.035747819864754574,0.0358054101507342
0.38095096531653005,0.04761905456870029,0.04761905304257687,0.04761904961435098,0.047677742042946426,0.047619052286326055,0.3808950831285693
0.04761909450002874,0.04761908308819248,0.047735414081732465,0.047619060699695945,0.048109297122957195,0.047952177130009654,0.7133458733773835
0.03572469130678114,0.03572475025626823,0.035714298254058176,0.7856565826089826,0.03571429280178436,0.03575108840604276,0.03571429636608274
0.020452877853342627,0.564445598385217,0.020558726684409067,0.33329833348547366,0.020411881375464555,0.02040817402908981,0.02042440818700326
0.44908102413146,0.40758318150038525,0.028671628797118796,0.028600569860268123,0.02864570091337646,0.02867091574953895,0.028746979047852277
0.07178434163268438,0.07162520932412698,0.0714999138494835,0.07142857442755401,0.07147478189428326,0.07154808651388211,0.5706390923579858
0.03585530562748315,0.03573956332922685,0.035723553786826415,0.03571429023005373,0.03572031489498957,0.03587734549482983,0.7853696266365905
0.015912583779693512,0.015881348806669256,0.015894495272921506,0.01588548446155223,0.8229877828396094,0.09752429499292452,0.0159140098466296
0.3159644257459998,0.02053788126004754,0.020415429600358213,0.020408166772595524,0.020455888743603417,0.020491105123303738,0.5817271027540919
0.03572749273734295,0.785687507112033,0.035721708316106396,0.03572041685018209,0.03571429001520982,0.03571429277654541,0.035714292192580425
0.017919953571516187,0.017896375782297944,0.16453236342783573,0.4961398318818936,0.15173634469689853,0.017863226427302797,0.13391190421225527
0.04761908121663457,0.047658616861948715,0.047842268853397346,0.380610361354701,0.38091111047438536,0.047736342386169424,0.04762221885276367
0.7851743104594142,0.0358528480837111,0.03599219270418677,0.03571429380492371,0.03583774679520787,0.035714304975650916,0.035714303176905327
0.8568583138377974,0.023815073048514167,0.02392134855657646,0.02381246896137673,0.023842032519977928,0.023927202148908425,0.02382356092684862
0.028881542202682287,0.0285716607605156,0.02857144746476026,0.8282610193172604,0.02857143931094909,0.028571446254860345,0.028571444688972034
0.0977827421239995,0.40339245501007104,0.009565312762851129,0.4606387729717908,0.009552811542683354,0.009534915045772252,0.009532990542832034
0.07142861907765109,0.07167521969276652,0.07142861128682852,0.0714285874745564,0.07142867603614853,0.5711816805356503,0.0714286058963986
0.04775290211240655,0.047715521755578826,0.3346132514476397,0.0476190512062957,0.42699191554953936,0.04762953227040261,0.04767782565813722
0.07154939564478788,0.07143265961320913,0.5710755444427071,0.07147181680957751,0.0714285730868358,0.07143325336692302,0.07160875703595955
0.3265915930719237,0.04769040485670911,0.04770129350089389,0.04761905072979139,0.04762044989165233,0.4350908372499789,0.04768637069905072
0.023830288295877005,0.023863572880637285,0.27490812933284114,0.023809654387275156,0.6059232316205503,0.023837742700388673,0.02382738078243034
0.017944018388228747,0.017863606426170957,0.5011100767740609,0.017857145256016456,0.4094200792548258,0.017873156104891295,0.01793191779580598
0.014327952266266054,0.46838543488453016,0.24590807749445578,0.014289122697027522,0.2284376962713534,0.014334819225616403,0.014316897160750667
0.0046245010512157726,0.004628349824945221,0.004632013699372244,0.9722747661895683,0.004608676278693851,0.004616533342986211,0.004615159613218388
0.028574934648852798,0.42863352198810656,0.2284299801335783,0.028571439406942227,0.02862859926647908,0.228514222626059,0.028647301929982025
0.03592915488757523,0.035914257247381925,0.03572522205564708,0.5352811557503598,0.03571430876980262,0.2857215810086311,0.035714320280602146
0.02383874295617842,0.023816588493239137,0.023816704724360125,0.8569835984608827,0.023873123668595828,0.02386171155352518,0.023809530143218745
0.904441337229993,0.015944896946682312,0.01597680014746405,0.01593088053842008,0.015874323938036724,0.015932579185347476,0.015899182014056653
0.024216845556871976,0.023918265215489724,0.023886850929867056,0.02384961033604983,0.02381113493455521,0.023859555352631692,0.8564577376745346
0.02045023344981143,0.46844330777551085,0.16909306471324628,0.020411689211317384,0.28076435889075474,0.02042089613845371,0.02041644982090553
0.8282801921647401,0.02857144125911646,0.02859578403035284,0.02857143334154654,0.028697321504076403,0.02865609213340425,0.028627735566763436
0.4954263589978379,0.035714298143575324,0.035761086695608284,0.03572484098371716,0.03579719494101498,0.035770730416231404,0.32580548982201485
0.9045636080649447,0.015885406170984762,0.015902232812054863,0.015873018144482005,0.01592928448864966,0.015912480503036546,0.01593396981584727
0.8771040558545807,0.020425396121979522,0.020672435686978675,0.020471594490980575,0.0204687272525684,0.02043606084253956,0.0204217297503725
0.7140575471363277,0.04761907595937575,0.04776848595129916,0.04764227566104475,0.04761906241318994,0.04761907197920071,0.047674480899561965
0.07142865792046948,0.07142865039053226,0.07142864719993364,0.5712503910265916,0.07142861412011299,0.0714286412213751,0.07160639812098493
0.7133248687815049,0.048185774692139395,0.04761905946501699,0.047619052310624695,0.04770611736149245,0.04792606962036609,0.04761905776885535
0.14285714285714288,0.14285714285714288,0.14285714285714288,0.14285714285714288,0.14285714285714288,0.14285714285714288,0.14285714285714288
0.570982008661482,0.07142858016894141,0.07151836277506195,0.07142857470033973,0.07178531613482636,0.0714285791165366,0.07142857844281174
0.14285714285714288,0.14285714285714288,0.14285714285714288,0.14285714285714288,0.14285714285714288,0.14285714285714288,0.14285714285714288
0.07154959191638631,0.0714286253262875,0.0716467549036311,0.07142859192432309,0.5705140549957665,0.07160588355533162,0.07182649737827389
0.04761906278378846,0.04763668223410251,0.04769791467983845,0.047619052810323685,0.04790602432424018,0.7138088206632333,0.047712442504473415
0.047675543388975505,0.7139846805625628,0.047720245951109776,0.047619053843889654,0.04773486681544537,0.04761906248722172,0.04764654695079524
0.035820373390252756,0.03580694930724605,0.5354491501180625,0.28565915420937615,0.03578416510202545,0.03572717960157392,0.03575302827146298
0.02865787052088461,0.028646182964898775,0.02868236453096567,0.02858077133303547,0.02858646981334583,0.028802358883969717,0.8280439819529
0.03576436040857874,0.035786169563146494,0.7852032588871257,0.03571453036172636,0.03579754949401597,0.03599421379689447,0.03573991748851218
0.023966647636027138,0.023892323535578998,0.024012506064889083,0.023860046886371937,0.6253070932654972,0.02385290671532252,0.2551084758963132
0.020456620929671415,0.02043850405106367,0.020517121767838264,0.16322672100332086,0.5850286955274988,0.020609321800668653,0.16972301491993844
0.7139452806707214,0.04761905352601873,0.04761937924602755,0.04761904957470218,0.0479422011436971,0.04763598397436637,0.04761905186446666
0.03575409810008999,0.035726172224617964,0.785440795195468,0.035838481577235855,0.035733882197016675,0.035733497791164,0.03577307291440752
0.04771302770686627,0.047622288965757126,0.04804029479572102,0.04766051181250587,0.047627462778972056,0.04766087842498487,0.7136755355151927
0.7142401664143861,0.04763735344064622,0.04761905090347056,0.04764627863013826,0.0476190494837224,0.047619050704071436,0.047619050423565
0.008955503544681977,0.00894566956692979,0.28967956118701593,0.008938993882901577,0.27752254591980713,0.008957941243427496,0.39699978465523617
0.07149954248852157,0.07142858397663189,0.07143015461495414,0.07142857615599306,0.5713559784602631,0.0714285826619162,0.07142858164172007
0.78539105969978,0.035804859040236905,0.03585839410583983,0.03572519767038663,0.035735182796007875,0.03571430207945337,0.035771004608295236
0.020529432482716676,0.020470799615540842,0.4033389743906397,0.020411813216025393,0.49419411054830625,0.020533954355810964,0.02052091539096014
0.047638114203450786,0.047619051280007756,0.04766930901314259,0.047619048991931694,0.04762653274260039,0.04761905086860524,0.7142088929002615
0.7856251838767713,0.03572897964279514,0.03573231209651921,0.035714287479264216,0.03572272172660576,0.03573559007168061,0.035740925106363584
0.023877353919430702,0.2326434882336496,0.21437630865183935,0.02382108814574339,0.02383033495987144,0.4574814642661137,0.023969961823351964
0.6609865515407658,0.2942119855546,0.008949541006281989,0.008928635066210102,0.008997703799347934,0.008978048864102915,0.008947534168691262
0.7142270307158813,0.0476190524770228,0.047647912212424065,0.04761904917443484,0.04761904984468858,0.04763947774606592,0.04762842782948243
0.2816750347679673,0.2039683874531153,0.020408240162416776,0.43270539490655907,0.020412719703789304,0.020415737359721683,0.02041448564643054
0.3651009900654783,0.03594823372225135,0.03571430587054899,0.45609356568667037,0.03571429717761302,0.035714304583788194,0.035714302893649734
0.3871225693446256,0.3746798040828139,0.047619055387152505,0.04763818416555646,0.0476190526534677,0.047619054953638586,0.04770227941274527
0.5030875696561905,0.02381607155866747,0.02380970003196115,0.023809525975105515,0.3778374286849379,0.023830175625575795,0.02380952846756174
0.7851912399622671,0.03571690070662275,0.03597680347770649,0.0358250007239444,0.03574349748903736,0.03572656180680826,0.03581999583361345
0.33375896175693365,0.020434231999649034,0.02044713944933576,0.020408169982847096,0.40541194496827143,0.179004172842523,0.020535379000439925
0.07146671038750216,0.07142857783253426,0.5713904092913983,0.07142857384198192,0.07142857491553316,0.07142857710980657,0.07142857662124372
0.015985713696242503,0.01590188059880148,0.01592792668614188,0.01589998500238718,0.015961897521805504,0.015946546036546612,0.9043760504580749
0.8570319943239544,0.02380952763368357,0.02385815509833138,0.02381427627618648,0.023827352945222743,0.023827847358907965,0.02383084636371334
0.7856997896740419,0.03571429034559799,0.03571429009168159,0.035728762422234314,0.035714288199857065,0.035714289813117764,0.03571428945346949
0.015945700029063925,0.015896784020322487,0.36339814691611366,0.5571290369755558,0.015875896583890194,0.015877250762699125,0.015877184712354685
0.03588870409319254,0.5221022620869515,0.2991256462701267,0.03574048590457581,0.03571429641834673,0.03571430338518967,0.03571430184161707
0.035783407233624186,0.035786003435482716,0.03581033585313869,0.03571428899394811,0.7854555407590678,0.035736130966877645,0.035714292757860956
0.0716177894077675,0.07142857717598818,0.5711060028738455,0.07142857358525288,0.07147882954351674,0.07142857646708922,0.07151165094654006
0.0714286111535846,0.07142859980254397,0.07155455241306118,0.07142858180723241,0.5707388524278676,0.07185241432533963,0.07156838807037062
0.14285714285714288,0.14285714285714288,0.14285714285714288,0.14285714285714288,0.14285714285714288,0.14285714285714288,0.14285714285714288
0.5231164145761218,0.011019169644457056,0.010991372728862683,0.011020285873728589,0.011071006086712364,0.011117871770967446,0.42166387931915006
0.6111917828815067,0.02380953413417865,0.023809534717956164,0.26964130230326977,0.02380952935752083,0.023809532961259556,0.023928783644308463
0.48762029103247423,0.36909788254465786,0.02862056744701369,0.02857718354427955,0.02859241684142477,0.0288432762442447,0.02864838234590506
0.02059824671239268,0.020432284000029676,0.020413147376215336,0.020408165844421292,0.020434715128078516,0.020421957301223464,0.8772914836376391
0.8283657943948066,0.028737247386260916,0.02859103177142042,0.028591621231640975,0.028571433252532214,0.02857143630103231,0.028571435662306643
0.014332284699532178,0.014318432573920249,0.014319402235201287,0.014312264972026359,0.01431020629833997,0.014297730965985356,0.9141096782549947
0.028679419186930392,0.028605553805746028,0.02859684117693522,0.02857142959328011,0.028623026767639354,0.028600202006491254,0.8283235274629775
0.8926781553400305,0.017902421078352125,0.01788254492741134,0.017897744558306485,0.017857150005212756,0.017871002503168424,0.017910981587518256
0.04765164984426718,0.04769054214527911,0.7139792607215714,0.04773751035948729,0.04763403363697088,0.047643261119992834,0.04766374217243135
0.5200961908486178,0.03582462586115,0.035773757374504285,0.03571429135673541,0.3008676077156937,0.035842577032848315,0.035880949810450535
0.028597984080970206,0.028599992205338435,0.8282582885652547,0.028574696951153018,0.02868842701521004,0.028638230809454386,0.028642380372619385
0.0716749504093438,0.07142858654850116,0.5711821375683991,0.07142857729065544,0.07142857955417818,0.07142858492190185,0.0714285837070204
0.02868095433732831,0.02859943736965384,0.02905900464956439,0.8277634534709616,0.02857143198271133,0.02861474328679154,0.028710974902988986
0.17287834091093424,0.2441742535698638,0.014326476502759769,0.5257532251826839,0.014285721942142875,0.014296256082035613,0.014285725809579927
0.04786747650212086,0.4976051450131378,0.2638693230636324,0.04761905428951902,0.047641548606548165,0.04777838099094751,0.047619071534094344
0.7849378277720735,0.03627876775233943,0.03589861739653778,0.035714301682961774,0.03574184201275817,0.03571432333002312,0.03571432005330618
0.7142298878999181,0.04761905455735461,0.047619053606859654,0.0476190499747902,0.04765535011623197,0.04761905314150748,0.04763855070333807
0.8569191037972346,0.023918718053359843,0.023829193683441923,0.02388299346552657,0.023812740002093345,0.023817624243946966,0.0238196267543966
0.2107172859146244,0.013017948985666689,0.01299337856432862,0.013007690602805431,0.7241753228381351,0.013055924869402531,0.013032448225037345
0.04782858837461005,0.38067496449405186,0.04761910618790376,0.381019878131832,0.04761908070742709,0.04761910136668096,0.047619280737494184
0.2389725431932827,0.023809540272733,0.4070875974430636,0.02380952978894413,0.023867132475379766,0.02384534789692041,0.25860830892967634
0.035714290921935336,0.035714290469027764,0.7856640302781946,0.03571428751415386,0.035723946829558526,0.035714896463118845,0.03575425752401102
0.7854931532478396,0.03575396024475841,0.03572730914789054,0.03571428850402857,0.03572273500752101,0.03573963074766041,0.03584892310030166
0.46749116378320393,0.01787807643718743,0.16760422561851981,0.017857146431647593,0.017941711094156827,0.2933418140319128,0.017885862603371508
0.023826240875867474,0.023809535406277293,0.023811671131887854,0.8571200714336261,0.02380952997783816,0.023813417769943834,0.023809533404559213
0.047655344416423814,0.047619060732410706,0.04763720974133454,0.7141481208214242,0.04761908184202732,0.04764682465556889,0.04767435779081024
0.02381960490392892,0.8570970585630191,0.023836360011912403,0.02380958270149011,0.023812234917866108,0.02381526132189719,0.023809897579885945
0.14285714285714288,0.14285714285714288,0.14285714285714288,0.14285714285714288,0.14285714285714288,0.14285714285714288,0.14285714285714288
0.028571439105590207,0.02857377273355049,0.02863015590311488,0.028571431945380598,0.8283984342834227,0.028629980892500715,0.028624785136440227
0.02041627791588871,0.020427652435705452,0.8774333436976053,0.020471995517584014,0.0204129783762585,0.020426637301016938,0.020411114755941078
0.14285714285714288,0.14285714285714288,0.14285714285714288,0.14285714285714288,0.14285714285714288,0.14285714285714288,0.14285714285714288
0.7134892092993703,0.04763206336588205,0.04817072080233628,0.04766593137489188,0.04762089724929995,0.04762411735001934,0.04779706055820018
0.02862696010019046,0.028573850405338826,0.028573898044526622,0.028571435385620573,0.8282535279351655,0.028820557185138346,0.028579770944019516
0.5206849088678456,0.35958063633178405,0.023921462623599937,0.023892750697978967,0.024104869159442037,0.02399486447759536,0.023820507841754334
0.569215343981776,0.013021447144248544,0.013016973193583034,0.012987016974604576,0.365602659186275,0.01310236933887589,0.013054190180636834
0.0357682874705048,0.035714289117043954,0.2856184405151702,0.03571428699603898,0.03575147006424522,0.03575225636061971,0.5356809694763771
0.011932500465172444,0.011906653618815675,0.01194962277681129,0.19825031312008426,0.011918027297474163,0.011989268747118196,0.7420536139745241
0.03581637364984435,0.2152636325365757,0.32942087528719116,0.31232562713335543,0.03571430536977061,0.03574487064631819,0.03571431537694441
0.7854412800044566,0.03591507632078033,0.03571431420269841,0.035786405575893965,0.0357143018137704,0.035714312213893165,0.03571430986850714
0.7846032414984718,0.035717646875574494,0.03618872853211731,0.03586122299531484,0.036027402812933484,0.035873735556839224,0.0357280217287489
0.04773916356967125,0.40300726759114536,0.047799128102723375,0.04781758533670022,0.04766139133254657,0.047641558411056,0.358333905656157
0.2857446307789123,0.03577250495652465,0.0357143143007345,0.5356256250933409,0.03571430193162534,0.035714312915548906,0.035714310023313434
0.1517113665795371,0.00953830350740199,0.009548461082112249,0.009541732877609378,0.8005487706514107,0.009536724176814844,0.009574641125113637
0.1517113665795371,0.00953830350740199,0.009548461082112249,0.009541732877609378,0.8005487706514107,0.009536724176814844,0.009574641125113637
0.4842351377175688,0.00894218711044983,0.008933887945623624,0.471099879058554,0.008929353449787548,0.008930899234714263,0.008928655483301951
0.017872920423786777,0.017857145926875574,0.017864462382881835,0.017871332969983146,0.416897605619462,0.017859298648039985,0.49377723402897067
0.5102956509627379,0.023833983378089868,0.37046627943736027,0.023813656512874298,0.023860602897801727,0.023840223972241205,0.02388960283889478
0.8281259224855871,0.02879650626046688,0.02859691592163616,0.02858871295364092,0.028605941255938672,0.02871127260376168,0.028574728518968286
0.07169191445642212,0.07153729275908388,0.07144943400111049,0.07142857433663488,0.07142857859105989,0.5709302152130393,0.07153399064264943
0.19807137879906886,0.1917737767846376,0.29702181129843813,0.24160295182115077,0.023822943204155136,0.02385070395076781,0.0238564341417815
0.02380953172277075,0.5408295093032393,0.33979049750661877,0.023895196016096465,0.023906254994253185,0.023903633585714165,0.02386537687130739
0.0179322016476542,0.8924759420320615,0.017857156803113384,0.017858428427660507,0.01804250480452171,0.017913626419339006,0.017920139865649724
0.7852021668481021,0.03585323673125202,0.03599903526645985,0.03571428804806727,0.03577593666673318,0.035714291215189646,0.03574104522419584
0.02861233734810778,0.6285309261951534,0.028612245753775436,0.02857143284100791,0.028573502283702985,0.2285281178153893,0.02857143776286325
0.020460851247534634,0.02044169527387697,0.020471370532983698,0.020408165657284226,0.7313379931119365,0.16634564702596172,0.020534277150422248
0.07152007714418973,0.07142858245885166,0.07142858193837853,0.07142857564283721,0.07153488897817219,0.07171914714596875,0.570940146691602
0.023875345667233063,0.023818624908320794,0.0240014804653968,0.023809555776898132,0.564914953021658,0.023840052607817807,0.3157399875526754
0.04789972367943224,0.047689985987613814,0.04776561679836912,0.04761905036616657,0.04769836360778833,0.047619054157444024,0.7137082054031859
0.07142867242426577,0.07142866447108574,0.07142865797520004,0.5709857994610503,0.07187090652802611,0.07142865389031754,0.07142864525005461
0.04765169278297887,0.04762615168322673,0.7141546977112716,0.0476640047773506,0.047619049416904737,0.047620346217438714,0.04766405741082889
0.07142860632780941,0.07142860365327701,0.5712957429766741,0.07156126167021692,0.07142858852281311,0.07142859973781687,0.07142859711139259
0.07150876111360022,0.071428637419776,0.0714286336602647,0.5713481066711587,0.0714286068509698,0.07142862968289569,0.07142862460133496
0.7133894070767116,0.048168949720671546,0.047619090027364044,0.04761906431012173,0.047619071016549684,0.047619086535598314,0.04796533131298302
0.4355301268185004,0.017857147601324633,0.017914252355145342,0.01785714463414168,0.017961629329540423,0.4749772162360774,0.017902483025270054
0.028684101889836104,0.028571457359948413,0.028571442269222466,0.8284368545697354,0.028571436369056888,0.028571442705725505,0.028593264836475313
0.1784587884775175,0.020415268268371055,0.19670742809052116,0.020481932368176935,0.02045611972188633,0.020412723521781376,0.5430677395517456
0.02041748392235028,0.020410824124259888,0.020416577050120392,0.8775256515874565,0.020408168761268223,0.020411101816156074,0.020410192738388698
0.8567974553296683,0.0238508103834637,0.023921123538666073,0.023819495880397844,0.02391187481157592,0.023831441308984402,0.0238677987472439
0.7850529232446516,0.03591552026477456,0.035989855163698,0.03581343416023418,0.035714299761042186,0.03571669220700921,0.03579727519859031
0.028597495451359707,0.028657262915513092,0.028571446170667033,0.8284536567012015,0.028571438744806235,0.028577256252630395,0.028571443763821865
0.035714299246957605,0.03574862304915321,0.03573198595467581,0.2858052171313085,0.5354708046441915,0.03575742497415344,0.03577164499955989
0.008417264582549535,0.008414586282124324,0.18382776864144268,0.00846241169923964,0.008421952546515737,0.774040129144695,0.0084158871034331
0.7852998500071938,0.03571637651548272,0.03597202549476061,0.03578360749571385,0.03571429215471562,0.035716677374697976,0.035797170957435266
0.3809841916825866,0.04761908070996705,0.047652101648846715,0.38088741348959015,0.04761906438003828,0.04761907526428011,0.04761907282469105
0.3273334801921538,0.01588618375109989,0.015878403842285338,0.5932627149145674,0.0158776835801542,0.0158848401519473,0.015876693567792026
0.03574760418224185,0.785603480728311,0.035747351134601674,0.035758678887673125,0.03571429243113818,0.035714296820731684,0.03571429581530257
0.01428572076551577,0.12405565649719974,0.014323858064131657,0.8044616169325776,0.014285717455144887,0.014289513963778906,0.014297916321651437
0.14285714285714288,0.14285714285714288,0.14285714285714288,0.14285714285714288,0.14285714285714288,0.14285714285714288,0.14285714285714288
0.017871834273309448,0.01788824028451402,0.28691291031719274,0.017861329794188103,0.62370093749916,0.017867833740534543,0.017896914091101033
0.14285714285714288,0.14285714285714288,0.14285714285714288,0.14285714285714288,0.14285714285714288,0.14285714285714288,0.14285714285714288
0.3998154582562524,0.02862075696514721,0.25713722813268763,0.028571436902820727,0.028681482369919437,0.02860463798987898,0.22856899938329373
0.04761908747727608,0.047619084154100794,0.04765947455780611,0.04761906133420422,0.3809023331578191,0.047619080647390205,0.3809618786714035
0.14285714285714288,0.14285714285714288,0.14285714285714288,0.14285714285714288,0.14285714285714288,0.14285714285714288,0.14285714285714288
0.01429991759362534,0.014327502875541489,0.24569706539495417,0.014316721933012193,0.014326219600051263,0.014386724846670166,0.6826458477561453
0.04769051234477981,0.38093830243137244,0.04761906240566235,0.04762541192594383,0.047638353199659915,0.04761906142377753,0.380869296268804
0.020507813506951758,0.020409101741190778,0.020410516284217223,0.877440987803597,0.020409231106901682,0.020408321022391075,0.020414028534750443
0.0204126840570166,0.020408176283561126,0.020421700134974928,0.02040816817176262,0.02049193542697457,0.5414038685860982,0.356453467339612
0.020442110402537253,0.020419831988588932,0.020483586731134835,0.020409146330458986,0.020438978695207447,0.4875831577384115,0.41022318811366093
0.013025450483797697,0.012996414881499215,0.012989267824171336,0.9220224033621486,0.012989326570474101,0.012989272601051746,0.012987864276857296
0.8926455826407123,0.017902321919428633,0.01786896863342266,0.018011669532081245,0.017857149777000175,0.017857154283550777,0.017857153213804097
0.023839687047826744,0.02380964850911215,0.02387485085588818,0.023809554186529216,0.8569409885675833,0.02384524104865009,0.023880029784410246
0.0358806718753543,0.03578109051177256,0.37264649795617694,0.03571898404128698,0.03591575983356641,0.035850782224120144,0.44820621355772267
0.16673745813575488,0.014336606380680331,0.23872149214255667,0.014308691584145855,0.014333523959788087,0.5372445549219446,0.01431767287512967
0.028600350755501564,0.028621736536143454,0.3106505109057594,0.0286577293064878,0.028600037910933778,0.02859975121539037,0.5462698833697837
0.023853623259335745,0.02380980065855581,0.5792535887750487,0.02381240035201649,0.023901644058201357,0.023815662584432254,0.3015532803124096
0.035771822463312536,0.03572681815157856,0.035755006093379435,0.03571891847353683,0.38211286714383963,0.035770462920913154,0.43914410475343996
0.8567956609651218,0.02384126558068207,0.02385518883585744,0.023809526573715826,0.023848568765233398,0.024016161023012992,0.02383362825637642
0.3928307050115501,0.028574757563485025,0.02868225825789764,0.02857143260762014,0.028598836381453722,0.02861505994685044,0.46412695023114287
0.015919176106273396,0.015883993483141134,0.01601725927764085,0.015885237006080292,0.694500858463386,0.015949469755533144,0.22584400590794518
0.22846451202528434,0.028573070568449904,0.02880336937584462,0.028588676835517256,0.2676344645976969,0.028600034337703167,0.3893358722595038
0.01786913224311989,0.35315792351198094,0.23115942749816684,0.017877760227831142,0.19694272733104137,0.017953770363883084,0.1650392588239768
0.02042416561853423,0.2363026484645483,0.02045034126742963,0.3779353345960829,0.3040366624360544,0.02044049064499498,0.020410356972355572
0.023829855983393995,0.02394061428197184,0.023829648455885435,0.023809528691064227,0.6590808970528083,0.023920654881797263,0.22158880065307898
0.14285714285714288,0.14285714285714288,0.14285714285714288,0.14285714285714288,0.14285714285714288,0.14285714285714288,0.14285714285714288
0.14285714285714288,0.14285714285714288,0.14285714285714288,0.14285714285714288,0.14285714285714288,0.14285714285714288,0.14285714285714288
0.7137076232870081,0.04768083176377382,0.04783347312625417,0.0478104926690262,0.04763124739704296,0.047624180659223025,0.04771215109767175
0.8566128425644238,0.023830339467649553,0.023974632614969838,0.02380952779310158,0.02388661462158008,0.02385654928394575,0.024029493654329447
0.07149022436463169,0.5709949116611013,0.07142861996340659,0.07180041587332846,0.07142859881538448,0.07142861672555732,0.07142861259659003
0.0716749504093438,0.07142858654850116,0.5711821375683991,0.07142857729065544,0.07142857955417818,0.07142858492190185,0.0714285837070204
0.047763777990909105,0.047887749009903426,0.713814317802652,0.04763099864948418,0.047619051248556685,0.04762035031653386,0.047663754981960675
0.047763777990909105,0.047887749009903426,0.713814317802652,0.04763099864948418,0.047619051248556685,0.04762035031653386,0.047663754981960675
0.07142859553172949,0.07142859339683906,0.07168872197495495,0.07142857971573355,0.07142858344054909,0.571168336497658,0.07142858944253594
0.07142858133462067,0.07145008800855125,0.5712872904974751,0.07154830588559005,0.07142857624653584,0.07142857932544569,0.07142857870178144
0.035783697850051845,0.035798366986941235,0.29550316893570394,0.035741440967214,0.2871222171782325,0.27417687678143843,0.03587423130041811
0.047711702545962985,0.04771263453544172,0.3938965953172756,0.0476461001394893,0.04762082549190128,0.36762636809587207,0.04778577387405686
0.028630245034950593,0.028574038063245308,0.02874669855245299,0.02858077294621075,0.02893060172371442,0.028572447428778194,0.8279651962506477
0.7851070333975221,0.03576827665972218,0.03599172714713705,0.03573628214239663,0.035739065322496086,0.035738425493952404,0.035919189836773495
0.07154939564478788,0.07143265961320913,0.5710755444427071,0.07147181680957751,0.0714285730868358,0.07143325336692302,0.07160875703595955
0.7854503143664826,0.0357661346965135,0.03574400311414921,0.03573134767842089,0.03573905584102656,0.03573704908070945,0.03583209522269792
0.07142857612754319,0.07148166057871534,0.5712317326886911,0.0714285730301344,0.07144039681621489,0.07156048586386876,0.0714285748948323
0.02383375545716315,0.023925023070302635,0.02391836050753593,0.023822136581975243,0.02382290558395759,0.023899828621268392,0.8567779901777971
0.04860549202252619,0.16706519140794032,0.005957316019420023,0.7605033078608198,0.005955844597202318,0.005956244803568268,0.005956603288523108
0.07142860588816438,0.07142860317316106,0.07148917820094888,0.07142858336200891,0.5713678323321912,0.07142860018069086,0.07142859686283468
0.03591233101972456,0.03577050041766998,0.4319631645868135,0.03572600985936009,0.03581313067717041,0.38891739741039266,0.03589746602886882
0.14285714285714288,0.14285714285714288,0.14285714285714288,0.14285714285714288,0.14285714285714288,0.14285714285714288,0.14285714285714288
0.07154939564478788,0.07143265961320913,0.5710755444427071,0.07147181680957751,0.0714285730868358,0.07143325336692302,0.07160875703595955
0.07142857297045264,0.07142857284406855,0.07146090642285903,0.071428571954515,0.5712381946013829,0.07147441444748213,0.07154076675923982
0.04766069620259194,0.32214938662180403,0.04761907496698164,0.04761905831998999,0.43928856031059427,0.0478101944177209,0.04785302916031718
0.009556597748353332,0.009530354248206816,0.009592706713226951,0.009528506046464715,0.47800259564751907,0.2948202015809394,0.18896903801528975
0.03576167966582221,0.03571508569230869,0.4941096268014012,0.035722579224632664,0.03572278489253458,0.0357638447162178,0.3272043990070829
0.5712977264873194,0.07142857313904358,0.07142857304313852,0.07142857206791146,0.07155940947217196,0.0714285729409232,0.07142857284949199
0.03571430189608959,0.03571430031995355,0.035714299495287545,0.785714208635125,0.03571429350048335,0.03571429869635589,0.03571429745670503
0.020617966520502094,0.02041879109567907,0.020415913851496846,0.02041049645450605,0.45299186752721077,0.02041836148535859,0.44472660306524653
0.020431878335547625,0.2687026751798507,0.367005729039038,0.14212664702557373,0.16079968294259225,0.02045932331451192,0.020474064162885715
0.07164821739851442,0.07142861738658575,0.5712087555285661,0.0714285887623144,0.07142859615918443,0.07142861421186804,0.07142861055296686
0.02047838074636462,0.020420792091226315,0.020412348626798513,0.020408166414297012,0.8773596012628408,0.020469939591809757,0.020450771266663035
0.7853422767922823,0.03571429333820189,0.03603652807464854,0.03572119166972168,0.03571428973245205,0.03575712880692412,0.03571429158576935
0.5228584599546877,0.03577303435531722,0.035743039923652166,0.298248242700471,0.03572818291443324,0.03579249762575836,0.03585654252568013
0.2703058170569374,0.011931928355206348,0.011917827282121372,0.01190477791763039,0.011961278026393114,0.6700590181689967,0.011919353192714702
0.2284787371161384,0.028704128209840512,0.6283737471465158,0.028618845520666483,0.028629507836255785,0.028571441096216576,0.028623593074366304
0.41194675050230867,0.0062272484426335074,0.006243118558271644,0.14140908084977322,0.18314088054459912,0.10480755013814051,0.14622537096427332
0.03582954392658156,0.03571429607166466,0.03578567199803508,0.035714289587409666,0.7851875800262841,0.03580102936417638,0.03596758902584858
0.009552997689266837,0.009538132010254845,0.009573420842944134,0.9427586654362569,0.009523813496275933,0.009525232477297916,0.00952773804770346
0.013009451059483408,0.012997170983581646,0.012991251431069707,0.9220320544651058,0.012987016636159235,0.012990667699361353,0.01299238772523894
0.3889422018462773,0.3165712897742739,0.011043632271828191,0.010997126583835769,0.25027904099377496,0.01106158868506506,0.011105119844944774
0.020453204706115113,0.020506327825047688,0.8770550042869037,0.020529469397307924,0.020451597573147583,0.020440493224488248,0.020563902986989756
0.5309006263997813,0.34994641005468147,0.023848038510900487,0.023809526614960382,0.02382981579706857,0.023822871574772187,0.02384271104783552
0.14285714285714288,0.14285714285714288,0.14285714285714288,0.14285714285714288,0.14285714285714288,0.14285714285714288,0.14285714285714288
0.38102515050954894,0.04767289641815077,0.04761906715151284,0.3807955946089523,0.047619058638879684,0.04761906582808325,0.04764916684487209
0.07142966433625303,0.07142857501274595,0.571421285485211,0.07142857278461272,0.0714285733610815,0.0714347546929243,0.07142857432717165
0.14285714285714288,0.14285714285714288,0.14285714285714288,0.14285714285714288,0.14285714285714288,0.14285714285714288,0.14285714285714288
0.07142877488959631,0.07142857767981382,0.5713161690176554,0.07142857378451298,0.07142857959036075,0.0714333502514374,0.07153597478662342
0.7136999552533579,0.04766843826577587,0.04772285052224434,0.0476190539696999,0.047767426676440995,0.04771972704096803,0.047802548271513014
0.42839959773643527,0.028571439540279034,0.028614258953203835,0.02857143268943316,0.028731011227890554,0.028600345213600498,0.42851191463915766
0.04768521547080427,0.047619077281234365,0.047633831937454546,0.0476190586781619,0.7136840184854378,0.04767443706986275,0.048084361077044224
0.023826811029023974,0.023850733457436674,0.02388830631316489,0.023809526282803976,0.02381413344561234,0.023868779763026995,0.8569417097089311
0.028694085212528735,0.028609630118956248,0.029025417025080828,0.8278083153213356,0.02857143619009867,0.0285864425606462,0.028704673571353638
0.01195439631547182,0.199270299944659,0.3638233910629195,0.16586035085915896,0.011958856475245272,0.23520052280406994,0.011932182538475588
0.5225560106734841,0.015899353790406485,0.015925756045032994,0.015880201416683035,0.015891624200387127,0.39790647149322134,0.015940582380784933
0.0476782084211877,0.04761905194868178,0.04761905174174519,0.04762383633095738,0.04771487558521667,0.047628979903824475,0.7141159960683867
0.3836998472836779,0.03571429610111617,0.03575450130887088,0.03571428928249554,0.035787506292635045,0.0357845843940816,0.43754497533712283
0.02394446195846396,0.023816283256037955,0.02382491726677152,0.02380952689901347,0.8567914673748439,0.023958534306738742,0.023854808938130457
0.02400924994937194,0.6713606547398961,0.20898487152103282,0.023996800633808494,0.023886260101408152,0.023907175537735564,0.023854987516746893
0.04779363281189204,0.04761907629910973,0.7140231120447811,0.04764222289940205,0.04761908956056016,0.04761907293019994,0.047683793454054955
0.2072437638154829,0.00410024820796962,0.08125173883938544,0.3240536769759577,0.2778418706190562,0.10139928476650349,0.004109416775644632
0.020460731167274343,0.020476839008377448,0.4480816166380808,0.020418332356629744,0.18780271909239105,0.2823263012815415,0.020433460455705044
0.07142861123830314,0.07142860715312871,0.07142860552867124,0.0714285849933945,0.5712119637728009,0.0716450267341189,0.07142860057958268
0.04763470608886132,0.04761911871275165,0.04806608149448513,0.04778391951862358,0.047640068234720986,0.71362177178108,0.047634334169477245
0.04787039123668017,0.04761906971225823,0.3809666121509352,0.047619055827175044,0.38058881139920153,0.047623184408108234,0.04771287526564177
0.2961498982971626,0.035721890732575756,0.03571430847017846,0.0357142946827597,0.035748406063987735,0.52518596495675,0.03576523679658578
0.03576721251148574,0.03571431884339171,0.03584071313868778,0.28565175089083467,0.035852995134947455,0.2857373555806026,0.2854356539000501
0.07146640637161877,0.07142858286552699,0.07142858225987757,0.5713906887764756,0.07142857754889652,0.07142858149977281,0.0714285806778316
0.014287969803124984,0.7113667621073397,0.014298765260381218,0.2171680694069732,0.014285885998912225,0.014306821568824155,0.014285725854444644
0.07142860712971957,0.07142860402170935,0.07142860249458301,0.5714283982618584,0.07142859012892899,0.07142860029829849,0.07142859766490217
0.14285714285714288,0.14285714285714288,0.14285714285714288,0.14285714285714288,0.14285714285714288,0.14285714285714288,0.14285714285714288
0.028601057073347227,0.28814048801874154,0.02861440512200608,0.35280257388804637,0.02865310996364968,0.02868803124047571,0.24450033469373336
0.020421457313730736,0.020408323144342246,0.8773681352711645,0.020568213873295313,0.020408172215745625,0.020408341896760294,0.020417356284961278
0.14285714285714288,0.14285714285714288,0.14285714285714288,0.14285714285714288,0.14285714285714288,0.14285714285714288,0.14285714285714288
0.9042563185378744,0.016166170448859356,0.015905765704382437,0.015873022719822123,0.015918082155772825,0.015877669488941988,0.016002970944346877
0.011050869406781448,0.010990692962480177,0.255760756890925,0.010989136617611625,0.011020886548448188,0.011030795404102041,0.6891568621696516
0.7140872828937866,0.04761906879866663,0.047654177233767185,0.04761905556466781,0.04778228451478164,0.0476190663490602,0.04761906464526984
0.02394879731020746,0.024046103126325994,0.4834431906747785,0.023809840530581352,0.39703988304123233,0.02389497884773161,0.023817206469142822
0.5523910481928637,0.017867722476922778,0.3582709787026987,0.017857144568270804,0.01785714534322003,0.01786912564413761,0.017886835071886507
0.3780504983807814,0.028571444154089055,0.0285933391212076,0.02857143438991998,0.028754104249301242,0.4787667469913758,0.028692432713324823
0.0714286062836015,0.07142860308948895,0.5713540153461345,0.07142858339735121,0.07142858864031061,0.0715030061387582,0.07142859710435501
0.03584788409762618,0.3229697574904498,0.035714301583418095,0.0357142920057163,0.03583412827544067,0.49816417433337684,0.035755462213972196
0.02857142980887175,0.028579022873430813,0.028573882987157417,0.028571456802502802,0.8284567765557136,0.02857490324336535,0.02867252772895828
0.8282416360664305,0.028571435643887304,0.028578214925986337,0.028571431197294266,0.028600193238848465,0.02857610277587039,0.028860986151682998
0.8568553188383679,0.023822489071452176,0.023832153863012028,0.02391391590249552,0.023858666661720932,0.023856425657028644,0.02386103000592288
0.07142857896077613,0.07142857824801649,0.07142857792726415,0.07142857399805813,0.0714285751227119,0.07142857751527683,0.5714285382278963
0.07169191445642212,0.07153729275908388,0.07144943400111049,0.07142857433663488,0.07142857859105989,0.5709302152130393,0.07153399064264943
0.02860003788410381,0.4285662011581728,0.028571443902361677,0.028571430372657292,0.4283738449916674,0.02857172558505613,0.02874531610598084
0.04769557079857648,0.04777785858717138,0.7138357038962884,0.04767931790697812,0.04761907559204178,0.047745863022181645,0.04764661019676234
0.0049397856431628,0.004942673214679932,0.004940516013403298,0.19913357718060862,0.6724131064870096,0.10866391009165946,0.004966431369476269
0.047619075683917086,0.714139498724363,0.04762778494011141,0.047707744679152154,0.04761906157786791,0.04766776594036014,0.04761906845422845
0.017858991491557497,0.0179023877414506,0.017861234123118876,0.8927879493727215,0.017857148304812876,0.017869048203271697,0.01786324076306695
0.33409931447304553,0.007984622275296172,0.007979493376854583,0.1400165645181541,0.3274056555976598,0.1745268768738485,0.00798747288514144
0.07142859578387502,0.07142859368458994,0.07142859239860434,0.07142857980138952,0.5713182899017457,0.07143269001274002,0.07153465841705549
0.035858074867352964,0.7853265068017699,0.03574420222565623,0.03574228343654629,0.035828274399714935,0.03572563461108751,0.03577502365787237
0.45394780293973974,0.008939475725109402,0.5012894988954051,0.008950628782479954,0.008980723249135335,0.008943263215370319,0.008948607192760229
0.017973498842686148,0.018003560963036756,0.01803670074551106,0.8923570887784614,0.01785715161258369,0.017864881633518945,0.017907117424201993
0.011909114069070094,0.01192578461737252,0.011934822392803326,0.9284970229731148,0.011912815793307106,0.011905374221423596,0.01191506593290854
0.005960986443952777,0.15562450006958553,0.005963886088094512,0.005988280784640793,0.005989070335022841,0.8145073846184501,0.005965891660253516
0.01587518957871872,0.015877255785633225,0.01592623473879619,0.9047022583923611,0.01587301920323756,0.015873021422828388,0.015873020878424644
0.00551255697931972,0.005507646414563593,0.005511537609431403,0.5751305819052621,0.26937004567331785,0.00552050013245989,0.13344713128564537
0.02857144081824133,0.49569959756564774,0.028630651928929378,0.36136117313438004,0.028578327071412963,0.02858209388349289,0.02857671559789556
0.07144938978524344,0.07142859409291451,0.07142859293670942,0.5713556955962781,0.0714285836043124,0.07148055428479153,0.07142858969975054
0.028595021011758703,0.028580597484710847,0.02859725305019741,0.8285052868269621,0.028571432259989583,0.028578975287370627,0.02857143407901066
0.020431568468400284,0.02041257102038538,0.02042984217948109,0.020408164485339168,0.8773715947229151,0.020427891703073808,0.02051836742040503
0.3598128213417911,0.0357220132779022,0.03576059270069432,0.4613833899234634,0.035748432497099004,0.03572367862964386,0.035849071629406114
0.5242385548714874,0.017993879905928663,0.01792409651402139,0.017857308626898983,0.38611684382249667,0.017908696125316377,0.017960620133850667
0.017858995011423098,0.01786810263737467,0.017872069896194966,0.017857763541853148,0.01795919624088321,0.4926630157975448,0.4179208568747261
0.3651509865099608,0.028579206763271213,0.49182776863281813,0.028718807482561746,0.028571434287476563,0.02858035913399714,0.028571437189914232
0.4183693358034876,0.017857328305101478,0.4922352312990105,0.017944405417553405,0.017872027805509977,0.01785735066155517,0.017864320707781843
0.0075753504850068236,0.007535824950118659,0.007552511244223572,0.44227695780252796,0.007563592589684821,0.223671872723946,0.30382389020449213
0.018024270673246287,0.01785715111055806,0.017862075397474385,0.01785714596487255,0.8926402684056244,0.01787457869264511,0.01788450975557935
0.015890673020646045,0.015874437247920665,0.6724877382668842,0.015873017313906036,0.24803604964559184,0.015940871006524252,0.015897213498527067
0.02865555556387388,0.028571439018053826,0.23206818605417526,0.028571432503518984,0.6248388697150132,0.028576152844533933,0.02871836430083088
0.2284836110177945,0.6283332576564167,0.028796438178229737,0.028571561915800722,0.02857714194042679,0.028606476315899455,0.028631512975432132
0.023871944119738735,0.02380953164206785,0.6629520614029654,0.023809526760277623,0.2179303918385579,0.023817014010011538,0.023809530226381055
0.006217297508809473,0.006231356809055898,0.006215599019982758,0.006211239099995612,0.7564938981884866,0.006231708788600108,0.21239890058506963
0.07166567942143781,0.07142858093810962,0.07181689680876639,0.07142857501949187,0.5705380799370904,0.07163257184416091,0.07148961603094293
0.01104063530560235,0.011063477601989745,0.2933261049449957,0.010994165681441823,0.25813348933142316,0.4044401415253565,0.011001985609190544
0.004627115291330019,0.2205457302831835,0.11434976572248928,0.0046205236809045225,0.40364101387594115,0.004642472354110333,0.24757337879204128
0.13833802299313755,0.08279527400166485,0.002476790704935344,0.1405410185466369,0.0024753114348038227,0.0024708703370589983,0.6309027119817624
0.3808821503227136,0.047619075992585844,0.047703765239871604,0.04761905823871086,0.047899729870493825,0.04761907263370906,0.3806571477019151
0.380761403722663,0.0476190794587035,0.047747515452701665,0.04761905969095076,0.04766545084873169,0.04761907749423187,0.3809684133320174
0.014330910396058733,0.014314199104046873,0.23521437819388355,0.014360725094478636,0.26106419525890684,0.014301480918615203,0.44641411103401013
0.3808303051824766,0.04761909554255015,0.3808489867008566,0.047619065714947284,0.04771406458497146,0.04761909045479658,0.0477493918194014
0.22849906362042444,0.028707358864755773,0.6281187437743909,0.02857143634048355,0.02883567195569379,0.028612522743937042,0.02865520270031465
0.5713199760232265,0.07153706243978228,0.07142859933478857,0.07142858271063121,0.07142858717185929,0.07142859731200792,0.07142859500770418
0.14285714285714288,0.14285714285714288,0.14285714285714288,0.14285714285714288,0.14285714285714288,0.14285714285714288,0.14285714285714288
0.02384207741553554,0.023809540204771832,0.023819304016591655,0.023809528032739356,0.5211179948246055,0.02382745772375841,0.35977409778199754
0.010991470747574042,0.011012765557854142,0.011020723332109891,0.3949556308706106,0.2360549936004268,0.010996025578423758,0.3249683903130008
0.011907028451684901,0.011927302371929452,0.4994897028160873,0.011961077400627186,0.011916226674572306,0.44086546104347796,0.011933201241620926
0.04782419105305642,0.04761905758941585,0.047710802582451216,0.0476190513877421,0.7138690721594958,0.047665800649792506,0.047692024578046104
0.07169191445642212,0.07153729275908388,0.07144943400111049,0.07142857433663488,0.07142857859105989,0.5709302152130393,0.07153399064264943
0.04772747983855253,0.047619116969944704,0.45857953410113517,0.04761905707973274,0.3028752607329989,0.047717738082776046,0.04786181319485992
0.3926021684429215,0.01795530857531381,0.5178113145907556,0.017863444277055975,0.017946450827362813,0.01795527185754248,0.017866041429047866
0.028657921462379023,0.8283452910367571,0.02858880980957308,0.028571491608513147,0.028575517407379753,0.028571436010960388,0.02868953266443772
0.028624401884731646,0.13882171652654587,0.028580313496325747,0.028571431419065322,0.028614815892254387,0.028584780511308472,0.7182025402697685
0.2475427167223382,0.014320252318007192,0.014285720029580323,0.6809772225818191,0.014287900901347378,0.014292799233072107,0.014293388213835582
0.28660035965335157,0.023846914892906794,0.3250653902029804,0.29298827895894575,0.023849831274228874,0.02383652399455202,0.023812701023034413
0.37179168041592153,0.013027960365720605,0.013019895927528634,0.013043596556144198,0.5630248230369675,0.013078884224172428,0.013013159473545158
0.4283442839028797,0.028571452856950005,0.028571451805380923,0.4285488062144388,0.02863654200072455,0.028725710368888806,0.028601752850736947
0.5705769267538169,0.07154084565021632,0.07160710868054819,0.0714285756359391,0.0718471770249747,0.07152731017902801,0.07147205607547681
0.14285714285714288,0.14285714285714288,0.14285714285714288,0.14285714285714288,0.14285714285714288,0.14285714285714288,0.14285714285714288
0.011914829301633973,0.6176989776086192,0.219672054037598,0.011905197471895952,0.011941251688397336,0.011934741513899007,0.11493294837795648
0.43100840063119183,0.035730566314813764,0.03578864668337393,0.03571428973502778,0.3899538538969273,0.03571429522561724,0.036089947513048164
0.02864999219196868,0.028620291498106114,0.028659832514717456,0.028571432822571605,0.028695384608162275,0.8281733436744682,0.028629722690005733
0.5706551118177935,0.07152352816728995,0.07142859374598526,0.07182811641529835,0.0714285842146537,0.07170747502157919,0.07142859061740016
0.01594395936919257,0.015940704380162873,0.23888291521619018,0.4599959431131402,0.015895678574744547,0.23738009590659975,0.01596070343997003
0.02381318868099739,0.023826065191910082,0.0238170224148661,0.023809585803795316,0.02392835775309772,0.023817593374090416,0.8569881867812429
0.3808869496091993,0.047895959599902525,0.04761908633039965,0.0476606738570959,0.3806659965961382,0.04765225353238901,0.04761908047487556
0.3806583631923084,0.0476190609298197,0.047699907793288164,0.04765881160055969,0.047856873891296586,0.04761905933577527,0.3808879232569522
0.07142858989821699,0.07165502538969769,0.07142858737001583,0.07142857779997068,0.5707134637014892,0.07163446585928715,0.0717112899813224
0.010243923301429132,0.010210854243161874,0.010258345258607712,0.29612776657125134,0.010277989941955256,0.010220754584183209,0.6526603660994115
0.01304154170603545,0.013073196294254052,0.1764356439806999,0.013020732745105356,0.5852284298745741,0.18620630487131953,0.012994150528011563
0.02040817268358408,0.31863602842493904,0.020580511977331285,0.02040819054917171,0.020415358596327326,0.020435353273017424,0.5791163844956291
0.01197057210726369,0.011913220803213567,0.011933055077105442,0.011922154696994005,0.011976007047810957,0.011934853627207817,0.9283501366404046
0.16326030764095723,0.020477482106822913,0.17111704359219582,0.5838612744878516,0.020408173055480323,0.020447318845198813,0.020428400271493327
0.017943954157148275,0.28122521487529967,0.01796272787679489,0.01787432321157562,0.017861227459460692,0.017865953320750215,0.6292665990989706
0.14285714285714288,0.14285714285714288,0.14285714285714288,0.14285714285714288,0.14285714285714288,0.14285714285714288,0.14285714285714288
0.07156075586178126,0.0714285790689112,0.5712930906722422,0.07143184318954239,0.07142857548789,0.07142857815382418,0.0714285775658088
0.14285714285714288,0.14285714285714288,0.14285714285714288,0.14285714285714288,0.14285714285714288,0.14285714285714288,0.14285714285714288
0.02860195790510292,0.028599209560354943,0.22856750884370625,0.028571434239904523,0.42840560771405933,0.22854241096897276,0.028711870767899283
0.014289975796141989,0.01428573076105108,0.014324541578265074,0.6246227323272582,0.014312379267731564,0.014306696567716442,0.3038579437018358
0.03573414666814364,0.035720166979312885,0.03572629207226316,0.03571630442701476,0.7856311687321239,0.035738908674763044,0.03573301244637866
0.01432303197164484,0.27736820124286543,0.014321913585338426,0.014287944800882548,0.3157958315733437,0.014287153113307081,0.34961592371261796
0.7129575524282532,0.04768176346658983,0.04783327117565447,0.047621067646278506,0.047666993083289894,0.04828367573334364,0.04795567646659054
0.04765533704746074,0.04762557901093235,0.047637773952517434,0.7141392530689321,0.047619075737930304,0.047648587676099995,0.04767439350612694
0.023809550903349307,0.023978949281812705,0.6259535020149387,0.2544670628547522,0.023825157625011775,0.02382403050931416,0.024141746810821266
0.07142858001726322,0.07177059317930191,0.07164462033576581,0.5704893908594584,0.0718070244670343,0.07143120137901013,0.07142858976216616
0.020413652237858498,0.41447863088629205,0.02043086471345597,0.020408264559490828,0.48336452299048976,0.02041985232177094,0.02048421229064193
0.1555926529897181,0.020473008289091526,0.4522172225685015,0.020408167781907904,0.31031356298599005,0.020537542501566614,0.020457842883224227
0.7139490383953314,0.047646675575845725,0.047648162236211454,0.04761905051628489,0.04769508794565517,0.047750728042722235,0.047691257287949214
0.0714285809839375,0.07149173979417367,0.5713653706875634,0.07142857471070901,0.07142857614337034,0.07142857920092602,0.07142857847932015
0.047619066402247966,0.04765088641221239,0.7133691429334843,0.047624524317037474,0.04761905680077368,0.04796038002228327,0.048156943111960934
0.028589269945008208,0.028571444143856657,0.02863915192865638,0.4285549009429245,0.02863167509490023,0.028571442038095248,0.4284421159065588
0.035714307901051276,0.035731329521127134,0.0360113297768049,0.035737649608146085,0.035714322624126736,0.035725018007043315,0.7853660425617005
0.047638796646263686,0.047619058426202655,0.04761905802022123,0.04761905165179512,0.04767957545414115,0.04761905709669561,0.7142054027046806
0.0820814486977791,0.00650146077333484,0.13538329115714845,0.11683617070332601,0.006516200353635627,0.646148213502313,0.006533214812463074
0.028571443267356743,0.028580598840175143,0.02858166176273997,0.828544443834702,0.02857143572564001,0.02857897725275521,0.02857143931663066
0.5713036874459351,0.07142858643175024,0.07142858577812658,0.07142857705046417,0.07155339276117485,0.07142858684832311,0.07142858368422604
0.011963855244522611,0.31273956113387574,0.011968112304193819,0.011904783554959103,0.011980416829024978,0.011963536009369084,0.6274797349240547
0.009537950560962129,0.009533069236769467,0.009574815988192433,0.8690364214800621,0.009524688473602726,0.08326861305389749,0.009524441206513717
0.04761906266936098,0.3809359080899152,0.380853075132408,0.04761905278415651,0.047619055232582405,0.047619644086285835,0.04773420200529119
0.7138516895638445,0.04761906399005913,0.047989193248951886,0.04762536782628322,0.047619128475721265,0.047636144588537245,0.04765941230660287
0.5356413984690022,0.03579931687979977,0.2853372300904642,0.0357294130206626,0.03582883858930315,0.035790451820248405,0.035873351130519676
0.006852491643457787,0.24192330496249387,0.0068123415241604845,0.10850281586786238,0.11769432731872666,0.006829884363122581,0.5113848343201762
0.023887097182097392,0.8568850606711745,0.02381887565006131,0.02382394895817407,0.02380972807165894,0.023909439785681053,0.02386584968115272
0.02049025209062448,0.020408178361662997,0.44876892707431787,0.44882096244047354,0.020509046824529975,0.020566447297932725,0.020436185910458465
0.020448181880993396,0.4160465635702202,0.020436439151958002,0.020436418775627595,0.02042494889152393,0.19732150081937422,0.30488594691030274
0.15525877237945054,0.005961521307915768,0.005970842469530005,0.11579212177624093,0.17785493604486147,0.005965685002603526,0.5331961210193977
0.0285911879372719,0.028571432894026364,0.028571432692204166,0.028572740530885748,0.028602383407627534,0.02865831539886326,0.8284325071391211
0.020547943871818134,0.02043430666669414,0.020418217799490452,0.44893430820487434,0.17539330208559958,0.020504076022418563,0.29376784534910483
0.04810075927027623,0.04766148180566181,0.7133436486190953,0.04761905001937964,0.04767956034186399,0.047782761612758906,0.047812738330964215
0.007528011327948186,0.06010809942135628,0.007577152842028856,0.007550745792489225,0.9021701005926605,0.007539680109581609,0.007526209913935425
0.010231354207457816,0.09997003632228332,0.5131900999784392,0.010278544282784637,0.010253297971227617,0.16933126666854723,0.18674540056926037
0.0716060735595198,0.5706505949225444,0.07142860475807111,0.07142858471847226,0.07166680712490213,0.07179073463729017,0.0714286002792002
0.023809546426565718,0.02380954448098857,0.023809543298114005,0.023878923045159355,0.023809534881582023,0.6904349371256024,0.19044797074198777
0.04764304191350212,0.047619055102083294,0.04769547955401086,0.047853797303879515,0.047619051668107606,0.7138570133371063,0.04771256112131028
0.19041906886733945,0.02386036895658737,0.023868005473070192,0.19051400823359319,0.33257611685230815,0.023820035157227238,0.21494239645987442
0.03575799928618014,0.035750926103514005,0.2856940981979751,0.03578953456766319,0.535360720790004,0.035928095055128,0.035718625999535694
0.023811365138135025,0.02380953213141473,0.023809531713698748,0.857133293340694,0.02380952829829903,0.02381721882676138,0.02380953055099709
0.07164475072925133,0.0714285943638493,0.5708533570578583,0.07142858005818693,0.07142858385398278,0.07142859173260381,0.07178754220426753
0.5741669704872729,0.028577616789122594,0.28262000633632106,0.028712141901924677,0.0286070586576137,0.028607934178509646,0.028708271649235353
0.028576113009787917,0.26701890631388286,0.02863858740716893,0.02857325228410087,0.028592722793757113,0.028607840033639777,0.5899925781576626
0.017943720763357828,0.46142796002721265,0.017992476412661967,0.01785951730084358,0.017863406689475995,0.01791454069336541,0.4489983781130825
0.014321419652715979,0.014303938715497871,0.6387480828768747,0.014292123077364468,0.014313454945773383,0.28971674602660996,0.014304234705163706
0.5042133478317646,0.3170666118631838,0.035747958879978774,0.03571478132577477,0.03573759935917459,0.035763842016017545,0.035755858724106
0.013014654615621346,0.3767995765091539,0.01310339297309257,0.012987083072751834,0.5580420552005132,0.013023444004584423,0.013029793624282643
0.3809109711375531,0.3809298900802209,0.047619054073055646,0.04762150165101883,0.04765323519818015,0.047619638405242914,0.047645709454728416
0.07142860131075207,0.5714284438505591,0.0714285971828483,0.071428581685049,0.07142858615336713,0.07142859589109408,0.07142859392633036
0.13088433980745143,0.01587977788161828,0.015885672768051518,0.01587304146423012,0.5936500681879233,0.21194107001920312,0.01588602987152228
0.023959234628747782,0.023912408256092112,0.26028949483935776,0.023812568163901305,0.023820525202629898,0.023985821360012774,0.6202199475492584
0.14576217854799317,0.017857249456219453,0.01786594225195303,0.017857146583298046,0.6107256048399555,0.1720609440808246,0.017870934239756293
0.07178434163268438,0.07162520932412698,0.0714999138494835,0.07142857442755401,0.07147478189428326,0.07154808651388211,0.5706390923579858
0.01785714874067454,0.017918846598343766,0.8925542732028108,0.01788025472225004,0.01786483220883937,0.01786592261815813,0.018058721908923256
0.009534461056411897,0.1938211724850928,0.31615170529123415,0.00952905121174567,0.0095875829301146,0.2755728420422744,0.18580318498312645
0.01793529052175885,0.5612726187905698,0.017894897805145447,0.017919509232884188,0.017931596488592542,0.349154472896149,0.017891614264900286
0.5304181345853093,0.02057652126125611,0.020494855205400467,0.3669828676370967,0.020555064903318748,0.020436334061871324,0.020536222345747344
0.017857146005039414,0.01795036128156018,0.8927354484567042,0.01785716813167338,0.017873932775096822,0.017863315892537406,0.017862627457388574
0.012992301643636867,0.012996338833504815,0.013028360747346092,0.27247631598929006,0.013049675417085169,0.19873621284551918,0.4767207945236178
0.028599539443363325,0.42836448617886724,0.02859454361933564,0.42849333769601,0.028627379878934895,0.02871821677697895,0.02860249640650995
0.020578242302137933,0.020429375182183223,0.020411089324206762,0.020409298141200304,0.3939746680048149,0.020445049199761835,0.5037522778456951
0.502824154844877,0.01801897869016837,0.017857168225527294,0.017862034348743352,0.4075550421909068,0.018002516240866906,0.01788010545891035
0.035720076997284335,0.03574673071111294,0.03571430934623211,0.0357573476791983,0.03581106665184952,0.785477559927226,0.03577290868709672
0.006818713248595803,0.18305035191412017,0.22930233090559082,0.34455974957448,0.006818904679681557,0.22261314920440542,0.006836800473126317
0.0477261529094455,0.047619089337983034,0.047675029209653164,0.38081771252650143,0.047749521254436746,0.380793413794329,0.04761908096765116
0.26855963367822977,0.007525783237016454,0.6937922645214645,0.007519547030850781,0.0075360581339621304,0.00752900427931641,0.007537709119160142
0.03571431642678108,0.035720010268077404,0.5281405886777746,0.03571429622842609,0.035714300937714966,0.29316174542920015,0.03583474203202585
0.14285714285714288,0.14285714285714288,0.14285714285714288,0.14285714285714288,0.14285714285714288,0.14285714285714288,0.14285714285714288
0.5861960194707534,0.00841597079212294,0.21213376324462885,0.16799499319558206,0.008427286050632147,0.008422966457012853,0.008409000789267547
0.02863081819344079,0.028626196773261954,0.8283936495045965,0.028571678873827337,0.028584603416564547,0.02857715495390047,0.028615898284408716
0.04831300760247839,0.047626769295959284,0.7134421308587832,0.04761905202206506,0.04761905397297691,0.04771931712976728,0.04766066911796996
0.0359353262008313,0.03574963081470734,0.7852674778260967,0.03571428787088984,0.0357426447481572,0.035786270873538806,0.035804361665778786
0.010225072816939584,0.010215834627500768,0.938687435879291,0.010208890655182703,0.01021712169812049,0.010206963734869984,0.010238680588095649
0.011069206740918557,0.010994933455172466,0.7151823961332848,0.010989052010268778,0.011000378352877193,0.010989977976162508,0.22977405533131567
0.07164475072925133,0.0714285943638493,0.5708533570578583,0.07142858005818693,0.07142858385398278,0.07142859173260381,0.07178754220426753
0.028723571859713238,0.0285747284196663,0.028992429862057172,0.827851575383869,0.028577850056707065,0.028575205097520297,0.028704639320466845
0.017904232901494413,0.1577739063128348,0.25174053562390053,0.5189271135776731,0.01785716355737818,0.017904144953489447,0.01789290307322951
0.028614384439646753,0.028726030631216926,0.503611900539886,0.35330205681502086,0.028581228269453713,0.02857203820975551,0.028592361095020263
0.6216977608997986,0.011987938139828489,0.011909003144651474,0.011905852217270821,0.318662100166404,0.011908745939608,0.011928599492438515
0.017873438947606124,0.017878937222925165,0.19354609934404726,0.01787946645353058,0.017866744608639677,0.16158943815018498,0.5733658752730663
0.015873023279638382,0.015873022622357666,0.015875441731470954,0.12694976899784466,0.43497291509743213,0.015886502640702533,0.3745693256305537
0.341878499077241,0.028577278869892305,0.02862641413353506,0.028603489312833744,0.2021327572498407,0.3415153685355559,0.02866619282110113
0.04761906699587461,0.04761906532460956,0.380940122881011,0.04761905428110602,0.04767774643262634,0.04761906329806917,0.3809058807867033
0.007545821764599237,0.00753709102749229,0.007532163057753666,0.43994980888231666,0.21282278965351167,0.007565272063599062,0.3170470535507276
0.14285714285714288,0.14285714285714288,0.14285714285714288,0.14285714285714288,0.14285714285714288,0.14285714285714288,0.14285714285714288
0.31625938099613454,0.035714292014733584,0.03572215364391579,0.03571733620135356,0.5048851896590594,0.035733831137237194,0.035967816347566024
0.3520474967576955,0.035767815963346924,0.03592038111425407,0.0357142925094932,0.03577789243146969,0.4690388266164255,0.03573329460731513
0.028571433296339464,0.028731134982944436,0.8283516075266889,0.028571500603311904,0.02859386054621273,0.028587347512387663,0.02859311553211502
0.03573668731734837,0.2644873610626933,0.03575607092697379,0.035844582313357104,0.5567462309188094,0.035714307247945686,0.03571476021287234
0.03573668731734837,0.2644873610626933,0.03575607092697379,0.035844582313357104,0.5567462309188094,0.035714307247945686,0.03571476021287234
0.40650208691024536,0.010223219884050613,0.010257518783012773,0.010248333032782029,0.010268367814356031,0.542286072924425,0.010214400651128193
0.8569476884893704,0.023836296366168908,0.02383648326370928,0.02381122079553783,0.023823996879287226,0.023820663818451854,0.023923650387474668
0.07142857342839216,0.5713877017298535,0.07142857315387711,0.0714285721187414,0.07142857240405348,0.07142945021131816,0.07146855695376417
0.017900461107671524,0.26941347664751025,0.0179626122678085,0.017857145393143543,0.6410768943249866,0.017887125144690205,0.017902285114189363
0.5713668169651104,0.07142857892655644,0.07142857856146219,0.071428574244804,0.07142857545552934,0.07149029839750988,0.07142857744902786
0.035855968413956454,0.03576015871494572,0.535495460488826,0.03577149746170445,0.03575215763447934,0.28562300946795577,0.03574174781813239
0.035754222380420475,0.03620032046548043,0.7850510735658411,0.03571516709388488,0.03575597795488245,0.03580327768718972,0.035719960852300975
0.14409730886663255,0.008933447023338776,0.6546380529608637,0.00892857264042572,0.008982074320280123,0.008935413567611938,0.16548513062084713
0.02864065339162887,0.028571470052902205,0.22897924382031026,0.02857143931791401,0.028700279941525318,0.3938293522281874,0.26270756124753186
0.035740696621011404,0.4201296758180685,0.035714300031883396,0.035714291419847326,0.03586593062019346,0.4009404738741106,0.03589463161488533
0.02857805760281526,0.20897864758747925,0.028643569495245897,0.028571542562315023,0.02860392783543639,0.6479235923058292,0.028700662610879103
0.14285714285714288,0.14285714285714288,0.14285714285714288,0.14285714285714288,0.14285714285714288,0.14285714285714288,0.14285714285714288
0.07142860621068702,0.5712658725119593,0.07142860113133265,0.07153468659158466,0.07148503767213765,0.07142859918175119,0.07142859670054764
0.01303030939398521,0.013017311885682595,0.013029013200315291,0.012989732999063986,0.9218439423648749,0.013063141823701035,0.013026548332376991
0.14285714285714288,0.14285714285714288,0.14285714285714288,0.14285714285714288,0.14285714285714288,0.14285714285714288,0.14285714285714288
0.04764627311851507,0.235200433438465,0.526215532879131,0.04787277526461463,0.047755769888384765,0.04769014092170701,0.047619074489182414
0.047619059354990716,0.04821234187001854,0.7136923603284079,0.04761905163591578,0.04761907339539476,0.0476190571678786,0.04761905624739377
0.9386081889594675,0.010230973805968692,0.010235199774403084,0.010234678565970148,0.010225162368378156,0.010238894705189234,0.010226901820623116
0.02860259933062184,0.45911765318162784,0.02859390518485754,0.02862533218041419,0.028577342773084137,0.028571439907796117,0.39791172744159836
0.07142859528997744,0.5710333691236098,0.07161684798592363,0.07142858095862036,0.07143192919467055,0.07142859055675312,0.07163208689044503
0.5707205801446791,0.07169955584449679,0.07156157324715683,0.07142857473704702,0.07145962303869682,0.07142857652195773,0.07170151646596576
0.01790693729421642,0.017883991736101806,0.8926300282147421,0.017890557826504335,0.017948064432029252,0.01787806062996114,0.017862359866444896
0.14285714285714288,0.14285714285714288,0.14285714285714288,0.14285714285714288,0.14285714285714288,0.14285714285714288,0.14285714285714288
0.02043070894096674,0.2548672919858806,0.02045982742269268,0.02040938851049497,0.3128935681222142,0.35053031320701794,0.020408901810733
0.017888034688282137,0.6810801296542749,0.017916847989336678,0.017919870519269535,0.01791331736216591,0.017867909422089566,0.22941389036458146
0.04764011270306612,0.0476723628362774,0.0476190578400163,0.7142112997598201,0.04761905340917967,0.04761905715145581,0.04761905630018477
0.04778183491151101,0.7140217763645852,0.04764832317954213,0.04761911519055958,0.047677740079760826,0.04763211494695965,0.04761909532708188
0.6505912535624075,0.0071529224296580695,0.007180194454650461,0.3135796075156673,0.007154318650774521,0.007186332718554494,0.007155370668287737
0.3096473522707454,0.2683832592561017,0.023821328867717245,0.023811015713017327,0.32652024880281383,0.023945919965503507,0.023870875124101017
0.14285714285714288,0.14285714285714288,0.14285714285714288,0.14285714285714288,0.14285714285714288,0.14285714285714288,0.14285714285714288
0.028636771059185873,0.02857144025377997,0.028642682857673622,0.02857260621124348,0.8283824732085638,0.028582430673589697,0.02861159573596351
0.02041770958253151,0.3071082223536601,0.020453065255167446,0.020416084240557495,0.020569980092783026,0.020428257199289392,0.590606681276011
0.023834128135887606,0.44942864081011885,0.20854505920060726,0.2467595553916214,0.02380952992397198,0.023809533827270052,0.023813552710522826
0.07142857654696162,0.5712233347041255,0.07153569781777326,0.07142878581176355,0.07147928841114647,0.07147563063579727,0.0714286860724323
0.07142863800920653,0.07142863257123054,0.07147170655406826,0.5713063636928516,0.07142860396732559,0.07150742815474904,0.07142862705056839
0.7140923553961761,0.04777878832773556,0.04761905887909315,0.04761905207567997,0.04765262933473199,0.047619058766510576,0.04761905722007273
0.028663160819905116,0.02862618239888102,0.028657078942619475,0.828210825939732,0.028571437937412972,0.028688318609990417,0.028582995351458838
0.011957938352616422,0.011931424002639314,0.011927195118187794,0.011906250489692122,0.09952063120395285,0.012017776515585365,0.8407387843173262
0.6092020121179326,0.02857144480803122,0.24768683854739482,0.02859663360969144,0.028582714049389744,0.028748569677029205,0.028611787190531153
0.013076334818279649,0.4607597172913865,0.01301064988087006,0.4740280665216941,0.013060433101693242,0.013033325193703947,0.013031473192372309
0.03578482189864318,0.03575724697642075,0.035714292173811515,0.035882587796217925,0.03583377161526557,0.7852912699312152,0.035736009608425746
0.023809555170790694,0.6811510580549337,0.02386132109083139,0.02380953464878993,0.023935129475357007,0.023970081450829763,0.19946332010846754
0.5712977264873194,0.07142857313904358,0.07142857304313852,0.07142857206791146,0.07155940947217196,0.0714285729409232,0.07142857284949199
0.30603424548763863,0.020416046250863393,0.020479704900136474,0.020437970632765257,0.02054834556881526,0.5916755065118285,0.02040818064795256
0.047630079261082724,0.37222414247096924,0.04761906149776384,0.38964903670348733,0.04763859381359246,0.04762002680006895,0.04761905945303547
0.04761905642078343,0.7141453163768268,0.04770309951428231,0.047619051013201415,0.0476199810314144,0.047619054714494076,0.04767444092899752
0.03586122568024139,0.28539723984109383,0.03575442399957728,0.035723405688119735,0.03582925783061029,0.5357201484625183,0.03571429849783911
0.04763573671606529,0.04765953389320064,0.713921965048972,0.04761905043007171,0.047813725412084514,0.047730934829679335,0.04761905366992657
0.028571447289841664,0.028578481396340814,0.02857184248120937,0.028663847198892176,0.028574901439688168,0.028571443598685194,0.8284680365953426
0.02052043778877594,0.020532086696455138,0.8771108146520962,0.020429292607744943,0.02044041102411835,0.02045159254183132,0.020515364688978167
0.047619093919647575,0.38095194205998284,0.04784099444207151,0.38070363986153005,0.04764616175509604,0.04761908499505812,0.04761908296661383
0.03585795114361136,0.035817632930859135,0.03584525490062593,0.28077806750962875,0.03574131085015446,0.5400257609808641,0.0359340216842564
0.023872369515523528,0.023822160566948837,0.024114260945347635,0.8566735440716488,0.023809529801553247,0.023811999169865147,0.02389613592911291
0.011019546865700872,0.011033464786398248,0.7740439537631872,0.1707679429289175,0.011086382071671863,0.011007572771317576,0.011041136812806595
0.6455077910062069,0.02858711691331028,0.028714604614078397,0.02859421419454168,0.02857143346402938,0.028602491647311167,0.21142234816052208
0.01023037114461301,0.1618882788261726,0.010237305880838933,0.010204083799974182,0.40546485078988237,0.010214063190833428,0.39176104636768544
0.047619053290753506,0.4038198205014453,0.35806240840053033,0.04761904959920676,0.04761905038440189,0.04764156604988933,0.0476190517737729
0.020455235161966623,0.13985878934039317,0.3305431595284771,0.020408166979978243,0.44776000224309526,0.020521720251597965,0.020452926494491572
0.0716177894077675,0.07142857717598818,0.5711060028738455,0.07142857358525288,0.07147882954351674,0.07142857646708922,0.07151165094654006
0.023856603728364727,0.023809530209520893,0.023830189464231922,0.023819697738531133,0.8570301406767171,0.02383544214518889,0.02381839603744535
0.020479510697288962,0.020509923927354377,0.8772428873422745,0.02045713315109099,0.02042653354003205,0.020444826643819573,0.020439184698139712
0.028683303520579035,0.028588922533155273,0.8277840087331415,0.028584902861049328,0.029043300299871014,0.028683640698162323,0.028631921354041495
0.03571535610785671,0.03572504770655852,0.03572764927672427,0.03571429081967631,0.03594818162874943,0.03573642568010017,0.7854330487803346
0.07142857287301957,0.5713891709907003,0.07145649686784919,0.07143602133626951,0.07143259284696729,0.07142857258937915,0.07142857249581488
0.010228930532847102,0.010205584370466115,0.15916855568051844,0.010204399108942722,0.26172726080106,0.5382175046193026,0.010247764886862933
0.023833593376919926,0.023832142344973245,0.023827639399962557,0.023861816864715345,0.8568503186486913,0.023958374201882078,0.023836115162855567
0.07142860349075486,0.07152283341564646,0.07142859880087046,0.07142858265297639,0.0714285870473443,0.5713341993490327,0.07142859524337487
0.04773459992380945,0.3587713328048001,0.4029283989759975,0.04762412218090044,0.04765258772923633,0.04761905149658857,0.04766990688866762
0.07142858372885855,0.07142858265512547,0.07145950947647757,0.07148828534014144,0.07142859619298898,0.07142858131637399,0.5713378612900339
0.04773459992380945,0.3587713328048001,0.4029283989759975,0.04762412218090044,0.04765258772923633,0.04761905149658857,0.04766990688866762
0.028585536592668687,0.028571437167566188,0.8282715013701868,0.028571431806852787,0.02857880664578109,0.028780127337786458,0.02864115907915801
0.048204123247030564,0.04763380155884668,0.7136471879490974,0.047619059818321895,0.04762235432586434,0.04765439909239718,0.047619074008442
0.023848430147883976,0.7282037704110567,0.02395649956761913,0.15251873356665077,0.023809531143761446,0.02381165994315895,0.023851375219869263
0.028635801293733085,0.028571441509855466,0.02860511906751508,0.02857143344327127,0.26036145775427666,0.5966663753484963,0.028588371582852278
0.035771803948736934,0.5245177006078091,0.03583491311630695,0.03575432056137852,0.0357412848287583,0.2965482331107583,0.03583174382625185
0.5711509690508925,0.071428577224167,0.07142857697176999,0.07142857361132283,0.07157105225731146,0.0714285765969953,0.07156367428754078
0.017887937042655743,0.01786531555010875,0.5094964129498608,0.01795270060766529,0.017935984105672154,0.017906975916357048,0.4009546738276802
0.01432321745354739,0.014307754022555684,0.014298108988521845,0.014285717691427967,0.46228270446435515,0.3247815832592782,0.15572091412031364
0.07142860883517668,0.07142860569419898,0.07162456755758817,0.5712324274780051,0.07142858980091357,0.07142860167974792,0.07142859895436952
0.035751257401749656,0.035835217039512056,0.035737690033104536,0.2857079869483784,0.03578059510499883,0.5354444591193304,0.0357427943529261
0.02386116722506113,0.3442855686488318,0.023973155738604507,0.023843981573365678,0.02382392013363625,0.023824160471317014,0.5363880462091836
0.02871047676587483,0.028608084243614874,0.028595910927608447,0.42851741206735,0.02861517843697479,0.028575685136308055,0.42837725242226915
0.015927956152414095,0.6084680249468899,0.015919247998522363,0.015894059999873693,0.015925569297850144,0.3119681304743121,0.015897011130137823
0.01589895213528623,0.015902005521396617,0.5793496973107732,0.01588323924235559,0.015878473248842447,0.3412053463174598,0.015882286223886242
0.02045286919495547,0.02048045678481644,0.1109769941714361,0.306078538045324,0.020524170217775577,0.5009898835624408,0.020497088023251567
0.07142857832253026,0.5713537948254892,0.07142857739701486,0.07143076572722379,0.07142857481985716,0.0714327467051564,0.07149696220272835
0.5712645834539233,0.07142861414324737,0.07142861195379537,0.07142858766452258,0.07159238747821894,0.07142860940290492,0.07142860590338754
0.017893772324965758,0.017872674552667934,0.8926971707784183,0.017894425246050023,0.01787248974936169,0.017857151349724192,0.01791231599881227
0.07184158347760286,0.0714286485749671,0.07142864597167685,0.07155220548686393,0.07142861285503857,0.07147703697061589,0.5708432666632349
0.020445538390659646,0.8773385281338405,0.02049828496090286,0.02040844238488991,0.020412253332867468,0.02044311643927698,0.020453836357562653
0.03571430216066987,0.03601846407378475,0.7853077368494957,0.03571441213012909,0.0357672107758224,0.035741088008545176,0.03573678600155291
0.035854419020926086,0.285479349553077,0.5355895580815558,0.035788680558636536,0.03572521066328141,0.03576723408789398,0.03579554803462925
0.017894100465277677,0.017913641159256834,0.49542991369685063,0.22810494317387958,0.01790821030955838,0.017862452415918908,0.20488673877925784
0.07142861456458324,0.07142861128496336,0.07142860918397177,0.5714283633264107,0.07142859245062746,0.07142860616387076,0.07142860302557262
0.04761906991242903,0.33388472746213466,0.04769423534462,0.04761920625242152,0.427911158478678,0.047652459628465,0.04761914292125185
0.010210454654576215,0.010211475536554764,0.010234005293767653,0.010209282295572749,0.010227635405375763,0.010221947751890541,0.9386851990622622
0.028689133923715988,0.028571877322074585,0.6141343009254862,0.0285760336336402,0.02860714654658207,0.24275429786868502,0.028667209779816183
0.5173877106895148,0.03576969077065103,0.035799494414445035,0.30366834681571303,0.03580757632685072,0.03582260547541109,0.03574457550741427
0.03571429512556674,0.7854828884276303,0.03591706521778833,0.035717385884503995,0.03573977938517189,0.03571429331272976,0.03571429264660898
0.14285714285714288,0.14285714285714288,0.14285714285714288,0.14285714285714288,0.14285714285714288,0.14285714285714288,0.14285714285714288
0.028623568452773064,0.028571433364675186,0.02858842837248343,0.657634408949259,0.1993691330670624,0.02861384207254518,0.028599185721201837
0.07142867770425435,0.07142867420892965,0.07142866366410192,0.07164342451907721,0.5712132551835084,0.071428656017292,0.07142864870283662
0.04767304371431443,0.04762601728497179,0.04780891903384292,0.04762285934872148,0.047619058905018385,0.7137227028464266,0.047927398866704427
0.02858606179070494,0.028571434040795242,0.8285187387951412,0.028571678990057577,0.02859634222399127,0.028584311156519392,0.028571433002790216
0.023831668056114683,0.023934349178300108,0.292847091714814,0.2983457254157465,0.31331516550554345,0.02384854364176272,0.02387745648771857
0.04764018336059542,0.047671680744693946,0.04761911068813901,0.7139101968030197,0.0479206223557295,0.047619105533083066,0.04761910051473922
0.04810075927027623,0.04766148180566181,0.7133436486190953,0.04761905001937964,0.04767956034186399,0.047782761612758906,0.047812738330964215
0.2516420995123118,0.028719569720304854,0.028588441602433942,0.6051964455111607,0.028586596050479238,0.028578058689570217,0.028688788913739043
0.028589537291801217,0.2723342312908816,0.5847168709167773,0.02857631155814258,0.028599662756152465,0.028571970672389948,0.02861141551385505
0.14285714285714288,0.14285714285714288,0.14285714285714288,0.14285714285714288,0.14285714285714288,0.14285714285714288,0.14285714285714288
0.01191102541241091,0.01191370032754197,0.928365056518599,0.011996772603990622,0.011925578526289858,0.011939501051340493,0.011948365559827265
0.009548709697035678,0.00967019415458794,0.9426064043414647,0.009523812794480823,0.009549691389030281,0.009568253479511079,0.009532934143889588
0.007148117316575044,0.007145806222001711,0.0071519654374631,0.0071428577774576285,0.0071579893272047095,0.9570966552516583,0.007156608667639278
0.03612605033023728,0.03575001238372189,0.2856608888524159,0.035726147928280806,0.035815732337276904,0.03571429565690017,0.535206872511167
0.07160196450606324,0.5709277052230544,0.07142859589457952,0.07175596279285532,0.0714285852234948,0.0714285942124844,0.07142859214746831
0.04761905511425463,0.04785763317339522,0.7140382578617758,0.04761905018829659,0.04761905127106097,0.047627899286443946,0.04761905310477307
0.5296364287160517,0.015894867834839572,0.12368250342324792,0.01601829594815236,0.015905746117685107,0.2829613213853401,0.0159008365746832
0.07142857272489044,0.07145690929313617,0.5713673733019692,0.07142857187374742,0.07142857206199978,0.07146142836432541,0.07142857237993164
0.035905147461923,0.48972281460875916,0.3313751997966602,0.03571428816188693,0.03578072922725455,0.0357875297657105,0.03571429097780565
0.047750834875278106,0.7140001640346217,0.04762602865126954,0.04761904995250079,0.04763006181420028,0.04773762633880564,0.04763623433332397
0.017857156503623677,0.017893481730131323,0.25556586961342564,0.017857857495411945,0.017966563906707856,0.654955586318426,0.017903484432273506
0.028572070725727036,0.8283592970732253,0.02861260187341293,0.028712654984812205,0.02857173763367328,0.028600183013947355,0.028571454695202014
0.07178434163268438,0.07162520932412698,0.0714999138494835,0.07142857442755401,0.07147478189428326,0.07154808651388211,0.5706390923579858
0.011915810793882093,0.011914157262727517,0.011911914448130109,0.011904763713789885,0.011948057787993533,0.011949649954461954,0.928455646039015
0.03584195427879716,0.03581975511090586,0.2347933762254417,0.0357142928769589,0.035783194807113436,0.5862769134954063,0.03577051320537662
0.07147228530570138,0.07142860132488066,0.07147928184847804,0.07142858268493013,0.5713340537618598,0.07142859948329067,0.0714285955908594
0.34170694636933796,0.047741825417164756,0.047619075192926165,0.04762487655262994,0.4199935918406431,0.04765185251180216,0.04766183211549601
0.04761930413030776,0.04761908972156913,0.047619087340058305,0.3809017070564536,0.380839679235489,0.0477820512439939,0.04761908127212837
0.028860961214165533,0.028571438010253084,0.02868986157708388,0.02857143216258962,0.028852646305353908,0.028571437118117635,0.8278822236124362
0.013011780874278282,0.8226260531114377,0.11238252087357939,0.012990433810144888,0.012989233208068338,0.01300627573580343,0.012993702386687803
0.14285714285714288,0.14285714285714288,0.14285714285714288,0.14285714285714288,0.14285714285714288,0.14285714285714288,0.14285714285714288
0.07156599224097443,0.0714285768012646,0.07142857645039938,0.0714345825900746,0.5709573307256336,0.07175636549474967,0.07142857569690363
0.14285714285714288,0.14285714285714288,0.14285714285714288,0.14285714285714288,0.14285714285714288,0.14285714285714288,0.14285714285714288
0.07153970600430332,0.0716079478893678,0.07149903785350686,0.07142892460219669,0.571067203926245,0.07142859076460072,0.07142858895977965
0.6427161352712691,0.017911274657437876,0.017871699275599836,0.01785714581633938,0.0178974086504025,0.01791965718166875,0.2678266791472826
0.006247662127585336,0.9626630935128025,0.0062184706846604475,0.006216071681643271,0.0062151998552633,0.006221212636132007,0.006218289501913111
0.03574075346209951,0.7856336944814908,0.03576830889131599,0.03571428738971929,0.035714288105279886,0.03571428967977125,0.03571437799032344
0.711349679182863,0.02042049106918845,0.02046709205284139,0.020408388473510702,0.02042280257343147,0.18636350135835023,0.020568045289814728
0.502438754628187,0.011004985577808692,0.011034464663131347,0.01099618742803318,0.0110645417886365,0.010998437640446343,0.4424626282737569
0.023823226476048422,0.023817788300036266,0.023863663823498762,0.023828049176175165,0.8567286129221986,0.023834002492091503,0.024104656809951372
0.07142858605225134,0.07142858486462635,0.07142858391958691,0.07142857640480259,0.07155203106047163,0.0716342986060711,0.5710993390921901
0.01788150662229538,0.45941845551595073,0.018103749060265656,0.01785714621905108,0.01787552054989506,0.450977333395345,0.017886288637197024
0.023812828685775726,0.8571058019550521,0.023827154105116464,0.02381056999458703,0.023810479647744395,0.02382231389135051,0.02381085172037373
0.07144582278320703,0.07142908014164673,0.0714285763369086,0.5713780647132076,0.07145980109161952,0.07143007935401353,0.07142857557939682
0.03571431147335462,0.285705173333557,0.03576484575435508,0.03571429454115177,0.304085581662333,0.03575412988336339,0.26726166335188517
0.7137010706571917,0.04793066417244508,0.04779561316874156,0.047619051096602576,0.047715489961133006,0.04761905584674973,0.04761905509713609
0.02880327953640643,0.029056450994464036,0.028639928380848712,0.02857242859877374,0.6179646781763016,0.028672734703164865,0.23829049961004053
0.017896053049212834,0.47578312306838394,0.4346144201251975,0.017857201172298554,0.017973437982743284,0.01792087899468827,0.017954885607475612
0.03594612530143354,0.785228303912049,0.03577954802493953,0.0357152665773203,0.03585097815891234,0.035765476452172984,0.03571430157317228
0.014317617079165942,0.01430365103497578,0.014290859968194599,0.014285773136819802,0.4696556770730529,0.4588266401510604,0.014319781556730565
0.04788695459067752,0.047619063632423776,0.7139240963891162,0.04765033409087106,0.0476190563273579,0.04768143445186014,0.047619060517693323
0.8926956993035446,0.01794043388174763,0.01791915898342375,0.017857977730211295,0.017860106460046443,0.017864160148597555,0.017862463492428662
0.03571430658460925,0.4494639091430906,0.03584692632258903,0.035714292891502346,0.03579798673210743,0.3717180623624151,0.03574451596368619
0.015931769425792514,0.015873027015780375,0.15380846712193955,0.01587302006690614,0.7666732527960548,0.015965387950979307,0.015875075622547346
0.02387477941279436,0.023821048714764627,0.024114357269189274,0.023809569029801414,0.41457057854188667,0.4658750206366702,0.023934646394893424
0.0178723628362285,0.01786512246756005,0.01785769905956082,0.017857145808558038,0.01787219821621051,0.892755844432122,0.017919627179760138
0.0359304940245702,0.03575885642068613,0.03571431086277749,0.035714295735161196,0.7854534237785542,0.03571430927970635,0.03571430989854439
0.04761906321890307,0.7140287395016927,0.0476190610649429,0.047861666612987505,0.04761905530600318,0.04762280405680739,0.047629610238663196
0.14285714285714288,0.14285714285714288,0.14285714285714288,0.14285714285714288,0.14285714285714288,0.14285714285714288,0.14285714285714288
0.14285714285714288,0.14285714285714288,0.14285714285714288,0.14285714285714288,0.14285714285714288,0.14285714285714288,0.14285714285714288
0.14285714285714288,0.14285714285714288,0.14285714285714288,0.14285714285714288,0.14285714285714288,0.14285714285714288,0.14285714285714288
0.14285714285714288,0.14285714285714288,0.14285714285714288,0.14285714285714288,0.14285714285714288,0.14285714285714288,0.14285714285714288
0.7851537037799454,0.03576377590808838,0.0358063190420643,0.03584820208696866,0.035748660525074145,0.03574350828765809,0.035935830370201045
0.01792975860655641,0.6092759750088445,0.01788705612961103,0.17638692307744522,0.01787869082631528,0.017932626045011068,0.14270897030621654
0.028606772562738494,0.8281935039188738,0.02868955415290432,0.028571434188900926,0.028649435422571066,0.028627669151472235,0.028661630602539106
0.03573054682626479,0.035743873591053806,0.03571430101595743,0.5356619450694703,0.035736423719077176,0.0357143964220715,0.28569851335610513
0.009526608035254234,0.009524273977943053,0.009529064309208543,0.9428172252424066,0.009524772823613296,0.00952508739477924,0.009552968216794959
0.32513528592460783,0.035751835133143395,0.035727255232394034,0.4961766760470497,0.03572114614144286,0.03573444919828741,0.035753352323074764
0.14285714285714288,0.14285714285714288,0.14285714285714288,0.14285714285714288,0.14285714285714288,0.14285714285714288,0.14285714285714288
0.028582752661292538,0.02859429348410913,0.02859693209752328,0.02857311400871223,0.028702735844358482,0.02857144855447377,0.8283787233495306
0.01788946165102138,0.10609678996186149,0.017877283075555674,0.01785759589166166,0.8044444665567424,0.017947502081035575,0.01788690078212179
0.014419114532424301,0.014388867307936998,0.014324184002822536,0.014285937404765383,0.9138996496756796,0.014315575948180604,0.01436667112819057
0.5712977264873194,0.07142857313904358,0.07142857304313852,0.07142857206791146,0.07155940947217196,0.0714285729409232,0.07142857284949199
0.07142858273247087,0.5714277903378722,0.07142858109713181,0.07142857528947143,0.0714285769250352,0.07142858061697263,0.07142931300104587
0.57089566925438,0.07142858551474122,0.07142858493954297,0.07145318106764117,0.0715265021555014,0.07164578587261253,0.07162169119558057
0.00897140197451192,0.008933705005908118,0.008987372120313843,0.4871346487065485,0.46807590663690835,0.008944204456599833,0.008952761099209373
0.14285714285714288,0.14285714285714288,0.14285714285714288,0.14285714285714288,0.14285714285714288,0.14285714285714288,0.14285714285714288
0.011957737366277506,0.011969161178473024,0.011949043411338463,0.011906096358596855,0.0119361549422286,0.011908147928762516,0.928373658814323
0.5235661577184039,0.3571381146518704,0.02381511749469984,0.023812323779608187,0.023967350128280867,0.023891409793116776,0.023809526434020123
0.07142857295753369,0.07142857285445041,0.07142857275162956,0.07142857195220202,0.07173807946699923,0.07142857477179318,0.5711190552453919
0.07142857295753369,0.07142857285445041,0.07142857275162956,0.07142857195220202,0.07173807946699923,0.07142857477179318,0.5711190552453919
0.07142857295753369,0.07142857285445041,0.07142857275162956,0.07142857195220202,0.07173807946699923,0.07142857477179318,0.5711190552453919
0.07142857295753369,0.07142857285445041,0.07142857275162956,0.07142857195220202,0.07173807946699923,0.07142857477179318,0.5711190552453919
0.03581554105674561,0.035736495356987606,0.03579156090139815,0.03571507290131591,0.7854770717475379,0.0357499602617723,0.035714297774242454
0.14285714285714288,0.14285714285714288,0.14285714285714288,0.14285714285714288,0.14285714285714288,0.14285714285714288,0.14285714285714288
0.009553997745201478,0.009546594208797554,0.009555584610446042,0.009523811802074072,0.9427375133400404,0.009539499450232202,0.009542998843208203
0.017875995877973054,0.017860960364596504,0.01787789973927336,0.01785714438665054,0.8927578276041307,0.017874323938312318,0.017895848089063523
0.02056921476264106,0.020450220657662662,0.020471983717696374,0.020416717437113624,0.27467125528094827,0.6229834653398194,0.020437142804118565
0.02389317013262373,0.023820779397050316,0.02387176835896409,0.023824261836802082,0.5292839145201468,0.21657007117203475,0.15873603458237806
0.3742913008808324,0.04766751516252935,0.04761905841899268,0.047630671632085245,0.04783849451695985,0.047715389714350846,0.3872375696742495
0.04765357722327334,0.0476190522531137,0.04765076506738618,0.04761904934547627,0.7140967205955975,0.04771128953227205,0.04764954598288084
0.023817235521811142,0.02382091327110282,0.023809837786520096,0.023809610095897826,0.8570963711079581,0.023836506567957712,0.023809525648752296
0.014285933006935866,0.014296955564220525,0.31724605263379313,0.014285715627680195,0.014299174081652802,0.6112848622520357,0.01430130683368164
0.03587770944726587,0.0357252322160952,0.03575475093656027,0.0357142870536501,0.03578237134006094,0.035797222570935365,0.7853484264354323
0.07142857342839216,0.5713877017298535,0.07142857315387711,0.0714285721187414,0.07142857240405348,0.07142945021131816,0.07146855695376417
0.04761905615190208,0.38093102169591586,0.3809464224453079,0.04761905051416297,0.04761909973859317,0.0476196391893454,0.04764571026477258
0.04761906187233743,0.7141137762530766,0.04766761971676727,0.04761905016126568,0.04765511742461972,0.04770632142452001,0.04761905314741334
0.015876123756257868,0.015933649332450825,0.615837700975988,0.01589553530692325,0.01587301973671802,0.30469542295416335,0.015888547937498904
0.03571430869845003,0.0358080910830809,0.7851328538045644,0.03595983454173594,0.03583488059890908,0.03583572840303987,0.03571430287021972
0.07164984931695659,0.07142863323899754,0.0717250030895144,0.07142859546415964,0.5707661064908945,0.07157319081736074,0.07142862158211652
0.07142861911377137,0.07142861551277858,0.0714286122738244,0.07142858781119094,0.5710593849778692,0.0717975739125495,0.0714286063980159
0.028622613042518386,0.8278357672961658,0.028958139172923433,0.028572059409220505,0.028732702365043,0.028606453405862344,0.028672265308266626
0.20036639571075485,0.07727583063874509,0.6886760026949136,0.008404948746382326,0.008422733227280878,0.008439459408162136,0.008414629573761004
0.04792823574950048,0.04776986356196971,0.0480308461928922,0.04761905534935739,0.04772357211378839,0.04766881744545656,0.7132596095870353
0.07142859750566476,0.07142859601332023,0.07145064217223165,0.07142858054575947,0.07142858422373002,0.5714064087967461,0.0714285907425478
0.0714286004892196,0.07142859717579281,0.0714285959080829,0.07142858119390094,0.571233916736443,0.07162311609626776,0.07142859240029308
0.8567934286955838,0.023985089951328444,0.02388027828705027,0.023898717353844696,0.02381170737965265,0.023816542827061558,0.023814235505478464
0.01100033246378145,0.011044365423308906,0.9339707905364761,0.01099310875460834,0.0109995035121941,0.01100017428630821,0.010991725023322903
0.02382007803882695,0.023887880619395487,0.8570121213205177,0.023809527117717225,0.023823762258775333,0.023809762688827226,0.023836867955940123
0.015980243983942106,0.015953969654999137,0.13906528828260445,0.015873024015818096,0.015927324100810377,0.3848908950454491,0.4123092549163769
0.14285714285714288,0.14285714285714288,0.14285714285714288,0.14285714285714288,0.14285714285714288,0.14285714285714288,0.14285714285714288
0.612507823938036,0.028631875255396785,0.02858574402444902,0.028628621365274824,0.028581790363308764,0.028633877751507778,0.24443026730202677
0.03592943776556292,0.035830992212952294,0.7852243929988285,0.035714296673756696,0.03576564961446624,0.03574541244939021,0.035789818285043
0.047646789190063425,0.7139590755914728,0.0476190785918406,0.04761905994894975,0.047619065159550354,0.04780070933701375,0.04773622218110936
0.0204143842822503,0.522082317022915,0.020450976848470383,0.23138828126691013,0.020411421973376326,0.16476607582068095,0.020486542785396907
0.38984773019031077,0.5080539466229493,0.020417031646008506,0.020434613888167256,0.02041785494380577,0.02040817181938841,0.020420650889369854
0.023907177440473763,0.12990458418415518,0.7503191583577101,0.02382261006460404,0.02415983579682579,0.02402563397890578,0.02386100017732532
0.04761905317328131,0.714274702886321,0.047619052437872594,0.047619049564345234,0.04761905033967265,0.047619296114498444,0.04762979548400877
0.5710239244230831,0.07142859689481489,0.0714285956649205,0.0714285810770076,0.07174077636078018,0.07142859433736187,0.07152093124203164
0.071593824213002,0.07190499848252696,0.07147586099911481,0.07142858586553626,0.0715301191447823,0.5706380083238694,0.07142860297116842
0.5712149947872857,0.07142858084108214,0.07153423602700604,0.07142857491740541,0.07142857646529725,0.07150262266748565,0.07146241429443773
0.14285714285714288,0.14285714285714288,0.14285714285714288,0.14285714285714288,0.14285714285714288,0.14285714285714288,0.14285714285714288
0.015911593715999723,0.015919146215911135,0.9044767349660768,0.015873018757691804,0.015992546224476697,0.015900995204006004,0.01592596491583786
0.03571430547238324,0.03588305640464669,0.035770327079263795,0.03578011437255806,0.7852823724548894,0.03572814081647759,0.035841683399781214
0.7141330012612305,0.04761905572770732,0.047648187230285154,0.04761905067014577,0.04762501441671992,0.047661629656161844,0.04769406103774938
0.7139578331250049,0.04761906563893371,0.04791882446078523,0.047619054363810046,0.04761905727952902,0.047619063510411105,0.04764710162152591
0.14285714285714288,0.14285714285714288,0.14285714285714288,0.14285714285714288,0.14285714285714288,0.14285714285714288,0.14285714285714288
0.035850065113370376,0.03571433437193275,0.035714331747329936,0.03610513087076862,0.7850402360080897,0.03586157691990463,0.03571432496860401
0.01594430792157486,0.015906710404488926,0.016021964197114588,0.015936547692169626,0.015898949059826157,0.015922952068227147,0.9043685686565986
0.0714903958008444,0.5710772830369866,0.07171789992048212,0.07142859075140484,0.07142859958575636,0.07142861672099544,0.07142861418353023
0.04761905392581099,0.403819040075154,0.3580631866507278,0.047619049792199615,0.04761905070671547,0.04764156656996899,0.0476190522794231
0.028590255311546294,0.028579020664147102,0.02858169945239312,0.028571456895453734,0.8285054572261756,0.02857699874432989,0.028595111705954187
0.011117719084722803,0.010989018225905435,0.011044527860568264,0.010989323778509096,0.3703363688720093,0.011057426693779463,0.5744656154845057
0.035890866726732785,0.035776571131929835,0.03581291729236425,0.03571428977491292,0.03584708386590714,0.03572974774529842,0.7852285234628547
0.7133787195475642,0.047638935787276654,0.04780896355702367,0.04784939752244298,0.047664553954990224,0.04767633323989383,0.047983096390808354
0.020460975176393666,0.020459229571994437,0.02047354136268548,0.020507148438364788,0.8771808931362263,0.02046891524152892,0.020449297072806395
0.07142859891816028,0.5712841699641099,0.07157287969152808,0.07142858153420763,0.07142858487097557,0.07142859343097822,0.07142859159004038
0.01589448511829887,0.4656135651592027,0.015879112748231068,0.4549736008926962,0.015875277317673752,0.015890621452239198,0.01587333731165833
0.9523362266407902,0.00794131676409587,0.007936512699478463,0.007973669586193463,0.00793877545430924,0.007936986834196276,0.007936512020936398
0.047619056079459786,0.04793661664618741,0.7138121693506585,0.047632481824216054,0.04761905173982276,0.04776157053813118,0.04761905382152441
0.5712149947872857,0.07142858084108214,0.07153423602700604,0.07142857491740541,0.07142857646529725,0.07150262266748565,0.07146241429443773
0.047619078283804364,0.04762677115518322,0.7138011199453884,0.048086988004022876,0.04761906259225327,0.04762790983896912,0.047619070180378635
0.028641559653525328,0.8277627489856391,0.028593818738892413,0.028753411014868852,0.028621590575367447,0.02862088422732629,0.02900598680438067
0.07149130172492955,0.0714286029090194,0.07149828822721584,0.07142858332541725,0.07142858851019489,0.07142860035711675,0.5712960349461064
0.02383113868607177,0.023809530005016656,0.023831364732590843,0.023809526141296385,0.02388535556584684,0.5222504196564608,0.3585826652127167
0.015890336386803646,0.12697864786967558,0.015885687730755518,0.1287407064079696,0.01588233531369871,0.6807282981829715,0.015893988108125496
0.07164254992500381,0.07142857739037434,0.07142910930250669,0.07142857365766922,0.5711864471319813,0.07145616628179396,0.07142857631067082
0.5712981695868468,0.0714502906280179,0.071428575546491,0.071428573055676,0.07142857380735088,0.07145592392738473,0.07150989344823279
0.047619060243918265,0.04761905903520034,0.38095227568778256,0.04761905191751462,0.047757364210491315,0.3808141320454676,0.047619056859625315
0.004769847560829437,0.004772320914751061,0.004766352249013587,0.004766697710493301,0.004785418041115316,0.0047717762310990125,0.9713675872926982
0.017883236423936,0.8926512577915023,0.017859455087027062,0.017977992315505866,0.017871573675844937,0.017885174168661356,0.017871310537522403
0.03574936788325384,0.035910024742713396,0.7851654474090614,0.035714298708138824,0.035835913105748046,0.03573396852251568,0.03589097962856885
0.017900419050018046,0.18651100403343032,0.01789998705180983,0.017857239306703892,0.017915973688604363,0.017971608606302182,0.7239437682631313
0.047659452934579,0.047619060791494555,0.047682187958324865,0.0476190525766218,0.047733434226431636,0.047714449225360105,0.7139723622871881
0.07142860395493224,0.5713465123985678,0.07149799247188822,0.07144111058906674,0.07142858735019841,0.07142859787209273,0.07142859536325387
0.04766866147179621,0.7142042290253904,0.0476508772073968,0.04761905233575615,0.0476190543369744,0.04761906734809041,0.0476190582745956
0.035786329929552434,0.4950218395974184,0.3262612641915271,0.03571429598426885,0.0357522768510135,0.0357143099933165,0.03574968345290333
0.14285714285714288,0.14285714285714288,0.14285714285714288,0.14285714285714288,0.14285714285714288,0.14285714285714288,0.14285714285714288
0.14285714285714288,0.14285714285714288,0.14285714285714288,0.14285714285714288,0.14285714285714288,0.14285714285714288,0.14285714285714288
0.047648238227600635,0.04764025809703489,0.3809290020609932,0.047619054459065176,0.3808008920228084,0.0477434928430411,0.047619062289456504
0.5712454413384795,0.07142861396200358,0.07142861153401284,0.07161152413261838,0.07142859419634695,0.07142860920800066,0.07142860562853798
0.04761905419850116,0.047644432521802345,0.04762799597670079,0.047663245415027734,0.047619052470242104,0.04761905286819616,0.7142071665495298
0.07142858825050352,0.07148152906246592,0.5711958884009238,0.07142857717493298,0.07142857969583034,0.07160825364983728,0.07142858376550616
0.07142861631214882,0.07142861268860541,0.5703524154145841,0.07147959241826889,0.07171193785751051,0.07169135403560857,0.07190747127327367
0.3806583631923084,0.0476190609298197,0.047699907793288164,0.04765881160055969,0.047856873891296586,0.04761905933577527,0.3808879232569522
0.04763058911007911,0.04761905322348622,0.047619052949682744,0.04761904971536058,0.04762357316353976,0.0476994201159428,0.7141892617219088
0.02894105737148261,0.687448878893962,0.16919043993785493,0.028571434606755437,0.028587388831875806,0.028615694915873867,0.028645105442195548
0.5710181254534106,0.07142860404363656,0.07142860186170957,0.07142858354974788,0.07142858872378902,0.07142859987666822,0.0718388964910382
0.071428583963151,0.5709679562399214,0.07142858274701758,0.07142857569408137,0.07155954962393042,0.07175817094122477,0.0714285807906736
0.02040816612940085,0.020417860645211974,0.8775036143079807,0.020408164258275123,0.020414976900984823,0.020439052362625297,0.020408165395521333
0.02857143343220027,0.0285714329815445,0.028583055093726367,0.028575143195146438,0.2873507178297085,0.028603658045561822,0.569744559422112
0.07156146040029575,0.571202994692907,0.07152124548093904,0.07142857331792081,0.07142857408721337,0.07142857582778141,0.0714285761929428
0.39816059171724766,0.028582932831269975,0.20924070904554,0.02857143054498967,0.02860852914262831,0.2782335743592386,0.028602232359085905
0.07156146040029575,0.571202994692907,0.07152124548093904,0.07142857331792081,0.07142857408721337,0.07142857582778141,0.0714285761929428
0.8926683029347291,0.017857152978193094,0.017862443162719132,0.01794516909316311,0.017863535653069095,0.01791038887987669,0.017893007298249768
0.04761907889710726,0.04763796826457401,0.3809399735331684,0.3809238669345474,0.04761906276097085,0.047640979229909876,0.04761907037972227
0.015974312410268855,0.015910579342403443,0.015885855918297002,0.01587479797530519,0.9045628325315693,0.015900479390757612,0.015891142431398622
0.03572730537493165,0.7856717137063949,0.03574382068763615,0.035714288227634186,0.035714289294476335,0.03571429162282813,0.03571429108609865
0.03571430479790321,0.03571430285986128,0.035812187815161156,0.03571429211485366,0.03584603012118275,0.7854738165094941,0.03572506578154379
0.28560131512359127,0.03572090119118551,0.03580454226333114,0.03571428830945995,0.5355556330715254,0.0358129783912194,0.035790341649687384
0.029021911240511258,0.028715608279780622,0.02861314542836323,0.028578141951514594,0.827814563460015,0.028634982742456933,0.028621646897358535
0.03576449436932427,0.035743527527359445,0.03573433144714841,0.2877540163492252,0.035766546097037034,0.036029935906506085,0.5332071483033995
0.04761907183373147,0.38089984277146904,0.04761906854819877,0.04761905589901722,0.04764552805329242,0.3809158272901093,0.047681605604181866
0.03577386759741864,0.5411207920190172,0.2800877368881904,0.03578162504002359,0.035714291485382535,0.03571682780470185,0.03580485916526567
0.8005238324389339,0.010213236763435768,0.010233689458818165,0.010209194596174021,0.14837243259736937,0.010235800948880417,0.010211813196388506
0.028586566773969348,0.42850977376901306,0.028645714536985157,0.42849245615115966,0.028571436941119348,0.02862261059274861,0.028571441235004866
0.07142861482951053,0.07142861101071354,0.0714725691821159,0.07142858636912414,0.07143743410161668,0.07158829140454491,0.5712158931023743
0.04761907840548898,0.04802675566754896,0.7138779448775708,0.04761905202975375,0.04761905389978664,0.04761905799669602,0.04761905712315497
0.028583778738650506,0.6733995675010035,0.18370565462848715,0.0285833325141154,0.028571432767896535,0.028584799001374978,0.028571434848471564
0.028727734254196897,0.02860521271098061,0.8281648813118985,0.028571430620153535,0.028619716730553788,0.028571433451579545,0.028739590920637017
0.4609790663582834,0.36028856206212306,0.035714302573888364,0.03571429243747486,0.03577850515454639,0.03576304645479741,0.03576222495888658
0.04761905579927618,0.3809323357918483,0.04763767075073557,0.047624016511525966,0.047621731933525355,0.047619054020878536,0.38094613519221004
0.04773504928432988,0.04776883321050497,0.047720595251064354,0.04761905021407709,0.04766952540453889,0.04761905402185668,0.7138678926136282
0.03571430286259453,0.2856870109584867,0.03571430051047844,0.03571429161454412,0.035779381065117036,0.0357143002037646,0.5356764127850147
0.04763911689620683,0.7140771199888525,0.04779676953989087,0.04761905060669416,0.04761905190514357,0.04761929817785182,0.047629592885360415
0.8774399193209085,0.02041925919106757,0.02041658871239799,0.02042202991529013,0.02042774046352236,0.02044048762091872,0.02043397477589467
0.02050406279829327,0.6478819167377584,0.020409684728426396,0.020411023872307494,0.020490242488487707,0.2497765070938419,0.020526562280884782
0.03571430970384324,0.5268363271962877,0.03571430608717104,0.03571429379849138,0.03571429728870881,0.03580198165120493,0.294504484274293
0.015901643601277233,0.015873023644567632,0.015889448772655336,0.01587301878018094,0.4380953167096612,0.0158905875976651,0.4824769608939926
0.7514463657403416,0.007961366055876416,0.007941979106894351,0.007938218845842372,0.20879110696852232,0.007973551535233235,0.007947411747289683
0.04787304756015048,0.7132347625101073,0.04762266887626476,0.047619059655014895,0.048187286801401746,0.04775222137066758,0.047710953226393106
0.047619056079459786,0.04793661664618741,0.7138121693506585,0.047632481824216054,0.04761905173982276,0.04776157053813118,0.04761905382152441
0.020441428371277336,0.02053443336261086,0.877341420652761,0.020408164773788286,0.020414230825411647,0.020414445204881906,0.02044587680926896
0.785359200532088,0.03571430516869303,0.0357143041007472,0.03571429301485053,0.03578623676620668,0.03595148062061198,0.035760179796802495
0.010234004645647677,0.4261206754427883,0.3899895781212109,0.010221906781855914,0.14296456546840164,0.010241744489598968,0.010227525050496815
0.36114041197824526,0.008418153924004718,0.5966401569051539,0.008428922535971673,0.008435997633860057,0.008455108713240464,0.008481248309523778
0.03597709793738875,0.03574419069833495,0.03571429170772909,0.03571428806886066,0.7853161765939333,0.035735880392935494,0.035798074600817804
0.03574937208976837,0.03572123842943406,0.7856140206862359,0.03571428729345728,0.035729195767149724,0.03574452110776193,0.03572736462619278
0.023912115559679138,0.02394783759278138,0.4697738372176052,0.023809822892525104,0.023895697892221065,0.4108196085596351,0.023841080285553103
0.011919715891547543,0.011921951262311322,0.508810019478966,0.011908436117728075,0.30012197752209263,0.14340633005237977,0.011911569674974701
0.3809150520386289,0.04767339127220338,0.04785664761484789,0.047619061964569,0.3806815816599492,0.047635187253579375,0.04761907819622237
0.0716177894077675,0.07142857717598818,0.5711060028738455,0.07142857358525288,0.07147882954351674,0.07142857646708922,0.07151165094654006
0.020454588353745213,0.02041266533996345,0.020421291726029543,0.774114048986511,0.12372687689066869,0.020440928501026853,0.020429600202055205
0.0022149861854505607,0.0022009887686277093,0.002203123058600382,0.5699899935385201,0.32222478551911876,0.09895785042095398,0.0022082725087284156
0.7133633314802781,0.04773340239258096,0.0476567776203109,0.04761905251033065,0.04775308464655178,0.047987410447493904,0.04788694090245379
0.03604810282981132,0.03579792864915526,0.03571430103082728,0.03574145419245921,0.03574891882854886,0.035714300266769985,0.7852349942024281
0.07148475946865272,0.07142857908386935,0.07142857870762814,0.07142857424718785,0.07150447015367921,0.5712415546312336,0.07148348370774901
0.020408179756937667,0.020410227001315933,0.02041445470029194,0.5904609828245088,0.3074840443835297,0.02041393593003641,0.020408175403379678
0.011971404216164005,0.011933458957114524,0.011913631345615999,0.01191562552764888,0.9284036569426266,0.011931692764179646,0.011930530246650336
0.24582547396942442,0.011060598545509627,0.3938923198249712,0.010995310839344725,0.011026035399610577,0.3161895267114311,0.01101073470970826
0.03580212965310251,0.03573069733259823,0.035756128416266776,0.035714288638970734,0.7851906019840963,0.03573595649679571,0.036070197478169724
0.020484890754864336,0.02044891953446446,0.020428813106551764,0.02040823906271747,0.73079753767024,0.1669749633167204,0.02045663655444152
0.07150265203667378,0.07142859222640119,0.07142859112933708,0.07142857919175902,0.07162428078112404,0.5711587166329581,0.0714285880017468
0.01787855615498036,0.8926745417862069,0.017862970784676063,0.017857619073906768,0.017867269458664525,0.01798287389166076,0.017876168849904818
0.26255156551385495,0.3782065937426698,0.015939216382869888,0.015884313409341138,0.29559734271564897,0.015937932438995026,0.015883035796620065
0.006515170430796236,0.5740277686410031,0.006518860039425939,0.006494416876324065,0.3934218508186514,0.006511116833971414,0.006510816359827849
0.07142858273247087,0.5714277903378722,0.07142858109713181,0.07142857528947143,0.0714285769250352,0.07142858061697263,0.07142931300104587
0.16106626083590433,0.7838418601823728,0.011004085878038937,0.010999815373095894,0.011100762281068545,0.010997855874041753,0.010989359575477703
0.1887645402819436,0.02040817004400415,0.020419810683282386,0.02041011018761263,0.02048849064346904,0.7090445615583423,0.020464316601346077
0.02857207153050744,0.8284594184219799,0.02859092161737542,0.028585815712694935,0.02863851367820656,0.028581252539285257,0.028572006499950564
0.0238384651803252,0.023816503026869627,0.023828690699336134,0.02386390302185716,0.02395357895971432,0.023838613216280426,0.856860245895617
0.877219610383781,0.020425662654890653,0.020460719373665497,0.020408168157664105,0.020445261921062004,0.020595719005673925,0.020444858503262883
0.14285714285714288,0.14285714285714288,0.14285714285714288,0.14285714285714288,0.14285714285714288,0.14285714285714288,0.14285714285714288
0.07142858224474719,0.07142858123315421,0.5714284528136343,0.07142857508384629,0.07142864931935836,0.07142858003138876,0.07142857927387086
0.035731365858291037,0.28566996002234313,0.03572577767929203,0.03571429192458561,0.03578165669496365,0.5356316433939841,0.03574530442654042
0.03571428689079623,0.035736974771280385,0.7856874422511647,0.03571428611746852,0.035714286288674464,0.035718437102912524,0.03571428657770301
0.07142857342839216,0.5713877017298535,0.07142857315387711,0.0714285721187414,0.07142857240405348,0.07142945021131816,0.07146855695376417
0.07160008193042137,0.0714809385282804,0.07142992798221892,0.07142857669942243,0.07159458274059927,0.5707813220496567,0.07168457006940089
0.007548607681623815,0.007537834093057838,0.17777427538338866,0.27252695046983105,0.007528508050636194,0.007534096824606692,0.5195497274968556
0.023910926848949795,0.024000712749751716,0.8567756318176931,0.023851585998118582,0.02380953639460173,0.023837606311030934,0.023813999879854098
0.028578749085342862,0.028723413235138197,0.8283242674123299,0.02857143250461238,0.02858059585546846,0.028578988034460864,0.028642553872647098
0.14285714285714288,0.14285714285714288,0.14285714285714288,0.14285714285714288,0.14285714285714288,0.14285714285714288,0.14285714285714288
0.01788674219939046,0.017865678596076615,0.017880342766673298,0.017857144890258962,0.620098960723704,0.017861545437664793,0.29054958538623193
0.8567202296238381,0.023877386215609704,0.02388953252508213,0.023809529177744607,0.02388569959861067,0.02388320672753477,0.02393441613158005
0.028577057732252404,0.028571434413265387,0.0287099952818309,0.028571430734713025,0.028629154224601057,0.828284905511723,0.028656022101614276
0.04768844356328074,0.047619062233686,0.04761906225152893,0.04761905312752722,0.7141123510380597,0.047695480500916945,0.047646547285000306
0.07142858188236245,0.07145940135076467,0.07176774574862696,0.07142857501588899,0.5708890464590615,0.07159807039989975,0.0714285791433957
0.5707205801446791,0.07169955584449679,0.07156157324715683,0.07142857473704702,0.07145962303869682,0.07142857652195773,0.07170151646596576
0.14285714285714288,0.14285714285714288,0.14285714285714288,0.14285714285714288,0.14285714285714288,0.14285714285714288,0.14285714285714288
0.04784656313450083,0.7135569353586745,0.04768288964801228,0.04791137661269997,0.04763399826024814,0.047619055871643466,0.04774918111422095
0.07142857930628699,0.5714285380959526,0.07142857820743988,0.07142857418573975,0.0714285752662381,0.07142857774239858,0.07142857719594405
0.07142861017857968,0.07142860610082835,0.07142860421681622,0.07142858509419973,0.5714283921992463,0.07142860265661737,0.0714285995537122
0.028581139558134676,0.8281934432070509,0.028616618563239035,0.02857143662669484,0.028575710324806394,0.028889975796645154,0.02857167592342896
0.14285714285714288,0.14285714285714288,0.14285714285714288,0.14285714285714288,0.14285714285714288,0.14285714285714288,0.14285714285714288
0.04761909064307925,0.3809839593925598,0.04761908464410724,0.04761906241545868,0.047731937446361644,0.38080778576389523,0.047619079694538144
0.07142857272489044,0.07145690929313617,0.5713673733019692,0.07142857187374742,0.07142857206199978,0.07146142836432541,0.07142857237993164
0.07142858745444274,0.0714285862094512,0.07142858521029054,0.07142857705697069,0.07142857938021205,0.07142858444014964,0.5714285002484831
0.7853341192860366,0.03572978877932979,0.03587328135905864,0.03571428884510029,0.03580033935573377,0.03576137008572802,0.03578681228901291
0.5712977264873194,0.07142857313904358,0.07142857304313852,0.07142857206791146,0.07155940947217196,0.0714285729409232,0.07142857284949199
0.14285714285714288,0.14285714285714288,0.14285714285714288,0.14285714285714288,0.14285714285714288,0.14285714285714288,0.14285714285714288
0.03591761865279231,0.03580108733831609,0.03593028591065491,0.03571507058625952,0.7849733863908389,0.03578047699246406,0.0358820741286742
0.015902667608045512,0.01587872812099372,0.015986478649369876,0.5448721497356466,0.37550313058595675,0.01592641065026629,0.01593043464972121
0.015873020010241445,0.5708371515791012,0.01589125658804034,0.01587326330599764,0.3497033781848903,0.015879101736809013,0.015942828594920206
0.014345454493859149,0.11634688183538316,0.014361719549817499,0.01433598626042538,0.01430060962448532,0.014301918599661831,0.8120074296363677
0.03571429752832461,0.30243477305733707,0.2687753828762153,0.03571428969200725,0.03577416415933441,0.03587789933245154,0.28570919335432976
0.02387089243410973,0.8568714002229166,0.02381343481635492,0.023810679484960358,0.023910340237933696,0.023833218278297767,0.023890034525426897
0.017889857594969524,0.017897166455040307,0.0178740705503159,0.01785781283890894,0.8926847315423785,0.017883921562752706,0.017912439455634144
0.010229908523406127,0.20486287205179846,0.010264120331229082,0.010204085011525315,0.010278614668980576,0.010278093653370306,0.7438823057596902
0.07142858517250442,0.07165053428162976,0.5711252626825266,0.0714285761566571,0.07142857826732997,0.0714285825411444,0.07150988089820767
0.014298861770957724,0.014305706821410757,0.014294165291345329,0.014285715656147337,0.9141309708889915,0.014321703275490465,0.014362876295656935
0.07142858077372471,0.07142858001211144,0.07142857953008594,0.07142857465371959,0.07147641284589763,0.07142857912601477,0.571380693058446
0.009535381836106685,0.009544050422121607,0.22993789903545936,0.7223950082763895,0.009527240477721516,0.009528512724351266,0.009531907227850158
0.5712149947872857,0.07142858084108214,0.07153423602700604,0.07142857491740541,0.07142857646529725,0.07150262266748565,0.07146241429443773
0.03573049104740961,0.7855449386923766,0.03575330948844474,0.03571428759224186,0.03573779905534132,0.0358048843520719,0.035714289772113994
0.03573049104740961,0.7855449386923766,0.03575330948844474,0.03571428759224186,0.03573779905534132,0.0358048843520719,0.035714289772113994
0.4067690113603846,0.528220859681587,0.01300365274339505,0.012987014481077145,0.013018231668739949,0.012993070734441002,0.013008159330375378
0.020443175345929057,0.8773174308633541,0.02043925563819949,0.02040816537241755,0.020409708219326504,0.020478388848549932,0.02050387571222319
0.7854048300940327,0.035737112895385725,0.03590905333051574,0.035720757445298956,0.03573056667324642,0.0357543168815402,0.035743362679980205
0.03575176276804528,0.035714301293051344,0.03571430009838339,0.035717649447475935,0.035840486572849335,0.03582358400969772,0.7854379158104969
0.03589336023058687,0.7850418467977862,0.0357555467825264,0.03611319718937773,0.035729497517917784,0.035731147049917415,0.03573540443188744
0.4847764537101452,0.41297344152973714,0.02041380982919268,0.020409545639654813,0.020521877155605175,0.020486820483594594,0.02041805165207041
0.035730966030591914,0.7856156417934568,0.03572623521348449,0.035714287055315604,0.0357188811192085,0.03576343899023473,0.035730549797707914
0.020426916336746714,0.30590604039507135,0.020462128743769428,0.020485358169637095,0.020592717197896328,0.020418985034470497,0.5917078541224086
0.03576386364034365,0.03571932093307177,0.03572764600056903,0.03571451284803885,0.7851670363302846,0.036142828019535694,0.035764792228156345
0.035789204087250004,0.03576827562017946,0.03579554798292238,0.03571429145357067,0.7853630508720647,0.03578962554482906,0.035780004439183805
0.07142858517250442,0.07165053428162976,0.5711252626825266,0.0714285761566571,0.07142857826732997,0.0714285825411444,0.07150988089820767
0.011037941934156288,0.28993841327810765,0.2835107405584418,0.010996105409016278,0.010998435398416575,0.011016812540928251,0.3825015508809331
0.011046814753628918,0.29095288938277974,0.37094451970889253,0.010990492336355143,0.01100512717376602,0.2940393971122419,0.01102075953233576
0.023809529647680475,0.023813274702654673,0.364490884391988,0.023809525813281232,0.5163595822946662,0.023817705827135324,0.02389949732259403
0.04765652129261979,0.3809430714847499,0.0476190670582743,0.04761905524824931,0.04766965256342528,0.3808369659685536,0.04765566638412795
0.04761905554354947,0.7141527750465986,0.04767575370252254,0.047636960329511695,0.047619051491116275,0.0476773504443193,0.04761905344238211
0.009534255346737132,0.7108763153041875,0.24141011186587533,0.009549850256212427,0.00954252699388829,0.00953162915540173,0.00955531107769766
0.017943538691192737,0.8925703110773099,0.017899265733884295,0.017874716273516427,0.017889950859480048,0.01786843454443178,0.017953782820184803
0.04761908366453558,0.3809316260427238,0.3809184731898626,0.047619060299427,0.04764788542519912,0.04761908128903905,0.04764479008921267
0.04769452277835144,0.7141207175208099,0.047641224762585074,0.04762410763779304,0.047681318690909344,0.04761905464554372,0.047619053964007584
0.04761905576268225,0.7140801626659199,0.047761411460168254,0.04762488560592389,0.047619051585797184,0.04767637933644274,0.04761905358306601
0.020415921334531715,0.17855252860840629,0.020434599951951998,0.7193378379576519,0.02042217634294585,0.02042013686968317,0.020416798934828978
0.07144640383537385,0.5713900491912348,0.07142858331013545,0.0714285761389965,0.07144900191827035,0.07142880399852564,0.07142858160746328
0.14285714285714288,0.14285714285714288,0.14285714285714288,0.14285714285714288,0.14285714285714288,0.14285714285714288,0.14285714285714288
0.010249804786063549,0.08374958053006867,0.01020759328277695,0.01020410045685425,0.865116402666482,0.010251764755093328,0.01022075352266124
0.551933890954604,0.013011238320134044,0.013030961922127758,0.012987052064866953,0.15640146663177254,0.239618623475572,0.013016766630922773
0.04789133735589961,0.04764927395920549,0.04765228561853502,0.047719481265017696,0.7136176058437016,0.04785096016301292,0.04761905579462775
0.016067641654130643,0.01592219733112172,0.015898290240767794,0.015890081105872297,0.015896338624724567,0.9043876175468345,0.01593783349654857
0.0062195321942097375,0.8077854007773333,0.006228542258438967,0.006242888521077376,0.006226275711042717,0.161082269393301,0.006215091144596805
0.8927449469462648,0.017866383315946237,0.017863402948020232,0.017857145033232835,0.017894722247718726,0.01789236086310366,0.017881038645713398
0.203584542918417,0.12840221076418748,0.4123920183075067,0.020412235249021225,0.19421837238759276,0.02048569141690831,0.02050492895636663
0.015961027953574385,0.21247485753697523,0.015908625598250032,0.015902902263900388,0.015923259494477007,0.01593099884566355,0.7078983283071593
0.047619049897187064,0.348578863685233,0.047619049586804504,0.04761904840289583,0.04777818606003899,0.047619655725249524,0.413166146642591
0.9044722271074308,0.015919760310311365,0.01589864627798402,0.015881653747792737,0.01587392450473646,0.016052033573401705,0.01590175447834297
0.8282536796224848,0.02865657055387655,0.028647895270820543,0.028607258927372068,0.028571433968661186,0.028671264751946434,0.028591896904838737
0.0238392985050434,0.32089531051995035,0.5596236166831441,0.02386509103703508,0.023827455444626056,0.02393453468441177,0.024014693125789098
0.04761910223968328,0.04764130338042014,0.047706679326740484,0.7141757389322033,0.04761905561762608,0.04761906085460656,0.04761905964872014
0.02863299099522427,0.02857144561218446,0.028600992976456494,0.02857357779577861,0.4520153168415744,0.028623730657019845,0.4049819451217619
0.017915799942463412,0.017899049834040393,0.017874685817537705,0.3962114790325813,0.5142471696342339,0.017897184528485023,0.01795463121065834
0.015933846820645792,0.015934207108332012,0.3695534709910421,0.01589008809710468,0.5508582296253425,0.015929040892334573,0.01590111646519834
0.020476124523649337,0.8772457198912259,0.020444370021101867,0.02059978947259718,0.020408169168697074,0.020414951040050353,0.02041087588267832
0.047619062345437384,0.37796206384241615,0.04767205656009036,0.0476240271678327,0.38388467210449884,0.047619059418214045,0.04761905856151031
0.7855748383155404,0.03571430233787113,0.03571430142368008,0.035714771380469405,0.035791122472614754,0.03571430055145623,0.035776363518367785
0.02042263311372966,0.020454956959243487,0.020420863395584247,0.02040825038207219,0.020555009684382265,0.020414410737485306,0.8773238757275028
0.0358460035459614,0.035897982392369576,0.03576989399409285,0.03571429269604145,0.7851921945441636,0.03574674806423593,0.03583288476313517
0.028740799717393368,0.028587761507197433,0.028571439595503168,0.028582493121220073,0.028609674900347805,0.028610485717000627,0.8282973454413375
0.03576488518098088,0.03571431488779578,0.4494989370065275,0.0358336683774117,0.03581245916171205,0.03581053774636153,0.3715651976392105
0.014302438919460769,0.9142325736017902,0.014289841622637899,0.014309105606920787,0.014287311775547177,0.014287510623162311,0.014291217850480651
0.004470434982399507,0.004475037444768488,0.004470311301295681,0.004468215514340412,0.9731579525006486,0.004468891948731503,0.00448915630781581
0.07142882564722162,0.571428151878829,0.07142872881388215,0.071428572579353,0.0714285730615854,0.07142857413190715,0.07142857388722168
0.7134858651018726,0.047835708180444324,0.04761908245069422,0.04761906165179431,0.047654051600480654,0.047619080368290316,0.048167150646423504
0.020418344805161824,0.416883425303279,0.020417824988973706,0.02040816540224497,0.020427891349184282,0.02041674380964353,0.4810276043415127
0.047619132624043034,0.7141956509479799,0.047619100686491375,0.04770894715827882,0.04761905379032431,0.04761905774685728,0.04761905704602524
0.07148475946865272,0.07142857908386935,0.07142857870762814,0.07142857424718785,0.07150447015367921,0.5712415546312336,0.07148348370774901
0.01021214587978187,0.010207646818609174,0.010207613188300765,0.010204082196456946,0.010224315311336545,0.01020493944119656,0.938739257164318
0.23131532492060955,0.010209917650678696,0.09279310760164179,0.6350249714983282,0.010220551475826569,0.010224659326174194,0.010211467526741184
0.0178705380760506,0.0179945662366938,0.017878222787831265,0.2875824910365742,0.0179451798685105,0.48889651473665807,0.15183248725768153
0.02044014804882939,0.4149476938541404,0.020430201448894972,0.02040857624630397,0.4827227657677105,0.020483009308114152,0.020567605326006544
0.035722968914370115,0.7856205420965835,0.03571845039171758,0.03571428742721142,0.03572139363794616,0.03576828042741908,0.03573407710475216
0.028605757306283605,0.028577691980841435,0.028596445423370254,0.028571431670414437,0.8284889099593503,0.02858402887816904,0.02857573478157081
0.07142862550248254,0.0714286214090838,0.07142861808787987,0.5714283108646614,0.07142859782175347,0.07142861503872205,0.07142861127541689
0.14285714285714288,0.14285714285714288,0.14285714285714288,0.14285714285714288,0.14285714285714288,0.14285714285714288,0.14285714285714288
0.35711644054466574,0.5238111880929287,0.023809528212246522,0.023810035062703974,0.023821685219869142,0.023809604359570025,0.023821518508016084
0.028580462486031546,0.028673688411159838,0.02861234569000252,0.828392180674863,0.028577540931199196,0.028592162480696827,0.028571619326047272
0.03573439256017617,0.2857079390076248,0.535420266800112,0.0357142912586476,0.03571429374686235,0.03597552536353736,0.035733291263039736
0.014439293540234944,0.7692941225314258,0.014359460021923409,0.014285717289322906,0.014327350519316747,0.014322145136406107,0.1589719109613702
0.011930355382998203,0.3378949631239421,0.011936765254741584,0.011904764354472233,0.011967415553639093,0.011940598177221692,0.6024251381529852
0.8569355111957714,0.023831018934418077,0.023839260072988606,0.023809526374923076,0.023831072574135557,0.023862932018063134,0.02389067882970032
0.03571429339261684,0.31532479014211134,0.03571429227622537,0.03571428832965785,0.03571428944233163,0.035714616243260236,0.5061034301737967
0.035714290951282125,0.785709137485485,0.0357142901931404,0.03571428752371542,0.035714288252444,0.03571440438269831,0.03571930121123477
0.03571429339261684,0.31532479014211134,0.03571429227622537,0.03571428832965785,0.03571428944233163,0.035714616243260236,0.5061034301737967
0.00894274777431023,0.11993003617821812,0.8353664756374704,0.008940403758475534,0.008929743828407097,0.008939611937570329,0.008950980885548418
0.013004668220484057,0.013131882107606964,0.013037455702395069,0.012987015196704274,0.013032228568599143,0.013002559674125658,0.9218041905300848
0.01599164055761181,0.2131248391765241,0.015888721365790674,0.015874191222975623,0.38116928901766656,0.3420477085460117,0.015903610113419522
0.013003912710621245,0.01309864875476908,0.14411004422006876,0.012999055677859356,0.7907795741037399,0.013012687684337738,0.012996076848603865
0.013003912710621245,0.01309864875476908,0.14411004422006876,0.012999055677859356,0.7907795741037399,0.013012687684337738,0.012996076848603865
0.02876329747385095,0.2285389248388496,0.028705036976093605,0.02857365271490561,0.628232033698161,0.028615602089762916,0.028571452208376195
0.015962511452214855,0.6969946276369215,0.015910751004681308,0.015873018009932335,0.01592219754583661,0.015936591810796666,0.22340030253961662
0.02857386697744061,0.02857145513143169,0.0286641830743656,0.028576393219524102,0.028639529991356157,0.028617619190021412,0.8283569524158605
0.008445949569731175,0.008439703744344175,0.5872038709150192,0.008412690092843974,0.37065037894080227,0.008431098810404306,0.00841630792685491
0.015957157515632148,0.01587599554908223,0.015895953048563775,0.015873085136158472,0.9045977618804604,0.015885454192137577,0.01591459267796531
0.0362229507456934,0.03590582131660127,0.03571429694978935,0.03578919594354685,0.03575757180964946,0.03576127381389392,0.7848488894208258
0.7138901688172139,0.047667273941566494,0.04792193229105347,0.04762136153076405,0.04763124725089661,0.04763203941904888,0.04763597674945656
0.6484762657442774,0.015892719689770195,0.13776984293355707,0.01587301896115591,0.15017472556665065,0.015899853950962335,0.015913573153626303
0.073715622639048,0.008929907247496675,0.008975524942187542,0.008928937894218862,0.8815149788855381,0.00897765395485425,0.008957374436656524
0.04761906875587413,0.7140158696559237,0.04761906571926954,0.047632154332229004,0.04761905808122397,0.04787571589371859,0.047619067561761146
0.07155381446323766,0.0714285742314887,0.07146852248317774,0.07144403226773027,0.5710821082465136,0.07152906398719591,0.07149388432065619
0.04761924209843143,0.3809801405853219,0.04761917630048692,0.0476190585903897,0.047802331446626226,0.3807409799078,0.047619071070943736
0.21926560330950864,0.637634755358533,0.028578460724228642,0.028571432006967455,0.02858049840172786,0.028740765755479285,0.028628484443554963
0.047619066455107335,0.7140097078924458,0.04761906377360866,0.047619054050608976,0.047702943803013646,0.047619306698351634,0.04781085732686407
0.24610258903851165,0.08338829049760575,0.017861973306141452,0.10995994819157999,0.017871580756969343,0.01794235808969837,0.5068732601194935
0.015893565790941564,0.22543437961293653,0.01591111287781508,0.015873750140202127,0.21917248150372043,0.2075908212225551,0.3001238888518291
0.02387383863717811,0.023809530879338646,0.023839438262900584,0.02380952645915007,0.8569927799865475,0.02384421273627357,0.023830673038611465
0.07142861283032068,0.07142860936332299,0.07142860642538446,0.07142858526265036,0.07142859133863248,0.0716123904937205,0.5712446042859685
0.017937718279004537,0.017869278829136116,0.15428590921854624,0.0178776207493912,0.756235848097464,0.01790848882267287,0.01788513600378507
0.03602012939393563,0.03586767455920088,0.035714306132968714,0.03571429381995507,0.03576653157641856,0.7852027613769024,0.03571430314061888
0.047619058574556575,0.38152256721159705,0.04761905703631149,0.04761980820601247,0.047619052977566786,0.38038140034610146,0.04761905564785416
0.008934800010183232,0.008968581837222262,0.00894844943924792,0.008932048126143925,0.008972097218870842,0.008946545453289226,0.9462974779150426
0.785670573721331,0.0357142949334914,0.035714294294764505,0.03575795965236793,0.03571429057291699,0.03571429372585554,0.03571429309927274
0.011905400186292155,0.6043474573092731,0.33610107149448204,0.011921215581612655,0.011906310833710073,0.011908027875441667,0.011910516719188394
0.015881712896549247,0.6917834802284961,0.01588956152911344,0.01587919797485606,0.2288033134482779,0.015889713120730755,0.01587302080197642
0.04764334682211442,0.047763956190025096,0.3809337456095592,0.3808017828936268,0.04761905378591088,0.04761905778483274,0.04761905691393081
0.014286220144681847,0.014306795587094672,0.13854879215000165,0.014286163180280947,0.014364990403344045,0.7898930050977341,0.014314033436862782
0.07142882564722162,0.571428151878829,0.07142872881388215,0.071428572579353,0.0714285730615854,0.07142857413190715,0.07142857388722168
0.008976179610897243,0.08416401277010543,0.008938790009545453,0.008932519520432928,0.0089498637142629,0.8710800990217471,0.00895853535300895
0.02387825935246354,0.6725385393352119,0.023826010333107366,0.02380959933958412,0.2082655974113803,0.02383351792858594,0.023848476299666934
0.13546055898251044,0.013016731726415843,0.01302004749972749,0.01298803267823848,0.013092703436163157,0.7994101146034791,0.0130118110734655
0.2385533686139471,0.3600102533767662,0.028571443264647056,0.028572500723379718,0.02863990828558877,0.2870691444434766,0.02858338129219446
0.7853884786669789,0.035769131535911075,0.03582716282681137,0.03571428803327277,0.035823169586245096,0.035763478652114156,0.0357142906986665
0.6506050532839582,0.02043568791943291,0.02041155282983978,0.020421134586362983,0.24722944533348556,0.0204478890981253,0.020449236948795267
0.008429074899137289,0.00846014361823159,0.1886025116715397,0.00840520968132829,0.008441114049790553,0.008437458933903085,0.7692244871460694
0.013012117520792621,0.6804708897199779,0.013013739668930813,0.01298833177435391,0.2544431693542652,0.013031181985359092,0.013040569976320348
0.011905739593107867,0.011904768761782316,0.011905369328835458,0.2617588432618909,0.011919005871247687,0.011944914945341892,0.6786613582377939
0.023809528399283596,0.023812774887091156,0.023811389038386196,0.02383595512169727,0.023811792768524298,0.023809527501693566,0.857109032283324
0.01429518166561296,0.014290594815760926,0.014287075210204357,0.2877096390126292,0.014285720151417288,0.014320467105392233,0.6408113220389831
0.0079460303177232,0.007937793307071127,0.007936975456588505,0.007949008409394965,0.007940079784118498,0.007937728263777245,0.9523523844613264
0.0079460303177232,0.007937793307071127,0.007936975456588505,0.007949008409394965,0.007940079784118498,0.007937728263777245,0.9523523844613264
0.020424312678728133,0.020429903932114794,0.020426111094922855,0.020488780411057558,0.020417613881611545,0.020444084498049544,0.8773691935035156
0.47015151444972436,0.410760432642381,0.023809532206651197,0.023809579873244377,0.023822971408930207,0.023810937653526,0.02383503176554292
0.028571431465334668,0.8282868239213591,0.028832687354412922,0.028575215221330025,0.028575269951187532,0.028574995371509676,0.028583576714866058
0.07142860032629773,0.07142859776298476,0.07142859633477558,0.07142858136058416,0.07142858555108013,0.07142859473890117,0.5714284439253764
0.028571446829716848,0.028571445199304966,0.028577240141941237,0.534120233349846,0.028580973793810797,0.02857144327878477,0.3230072174065954
0.00954206593425189,0.009541671650982159,0.009542910211107224,0.009531080874126739,0.00959120568891521,0.009548341069377323,0.9427027245712395
0.07142860032629773,0.07142859776298476,0.07142859633477558,0.07142858136058416,0.07142858555108013,0.07142859473890117,0.5714284439253764
0.014285717905355452,0.014289067373763153,0.014286486209985155,0.014305460143731932,0.014287912061992477,0.01428582310898001,0.9142595331961919
0.047619068141311074,0.047619082675470055,0.04774971905213171,0.04761905458067277,0.713594024768717,0.047799719907225646,0.047999330874471606
0.010995462817915316,0.011009224804013104,0.010999930512239497,0.11004928339121682,0.011002378456244463,0.011005001334938092,0.8349387186834327
0.007165821178043681,0.007153611868063366,0.007143708872578702,0.1510339012577096,0.007160991496132707,0.007173519160136502,0.8131684461673354
0.014301387508880221,0.9138679215691192,0.014407514385307133,0.014383275140774705,0.0144091788174812,0.014326183298556363,0.014304539279881099
0.0476507005398558,0.38072981289970775,0.04783153354755725,0.0477426818136961,0.047640450073439325,0.3807353836375857,0.04766943748815806
0.020459248497648172,0.1665371791967318,0.02040903234977485,0.020408166742113543,0.02049194883498702,0.731241998851171,0.020452425527573675
0.02042338349164804,0.020581093709016493,0.02048685799448641,0.02040823267276261,0.8771678916154398,0.020437520852288435,0.02049501966435822
0.3895956221174934,0.02384617030078522,0.02383071413221625,0.4912799076497747,0.02381544957909069,0.023815207650099424,0.02381692857054028
0.012994127371554497,0.8234920920185902,0.11149599800085057,0.012987015700287754,0.013023652495994183,0.012992952750866722,0.013014161661856368
0.047619059365567366,0.7138986600423718,0.04782400570359201,0.04761905164619054,0.04780110970510221,0.04761905728256102,0.04761905625461504
0.023809530046748805,0.02390562360632134,0.85699411382714,0.023809525945748245,0.023815075314742834,0.023835235958470386,0.023830895300828447
0.028622240845135375,0.028693027584383742,0.028656166383239264,0.02857161695849228,0.8281683024505211,0.028670661509816068,0.028617984268411983
0.0204535887415829,0.02042578165860479,0.020431758805158573,0.020408165124264778,0.4841396079971303,0.020424034615919663,0.4137170630573389
0.01193207806055317,0.18085611000711074,0.011961496504310352,0.011927847777453836,0.011960098324429631,0.30780058975248836,0.463561779573654
0.01195755654858493,0.011925465779938913,0.01194615858816942,0.011916894021202726,0.928373010492145,0.011931615520384242,0.01194929904957481
0.028574196734481524,0.028578199367897905,0.8284074377580443,0.028571430110409347,0.02868874560096047,0.028608558542866137,0.028571431885340493
0.013020387678965344,0.31615555509458465,0.012996229501000236,0.012990491366875752,0.013046007406700089,0.6187918293274938,0.01299949962438018
0.713917935410925,0.04769497611401455,0.047646758134434454,0.047619050982168384,0.04763701622520914,0.04766536439727008,0.04781889873597847
0.07142857342839216,0.5713877017298535,0.07142857315387711,0.0714285721187414,0.07142857240405348,0.07142945021131816,0.07146855695376417
0.8926018576745051,0.017865913853818322,0.0178823639399317,0.01792522108603586,0.01791137445555176,0.017880169556302453,0.017933099433854738
0.023907117622506118,0.35277806994802735,0.023871899300863888,0.527637601118715,0.023823582013711035,0.02414407863906027,0.02383765135711627
0.04761905405353334,0.7142748553688814,0.04762670139094964,0.04762111690983457,0.04762016711302087,0.04761905282540838,0.047619052338371826
0.4994013520107197,0.18121544927053765,0.017897715213603158,0.01786073239414538,0.017862879569308033,0.017857286826628373,0.2479045847150576
0.007940613319734793,0.007946866780990993,0.007948124130305668,0.007936509146218879,0.24035293857484763,0.38587269514425376,0.34200225290364833
0.03571431716516945,0.33612215883980806,0.03605832893655833,0.03571429625390249,0.035822092210297675,0.48479288323104447,0.03577592336321947
0.014319643298470387,0.637607802602928,0.29088357680473376,0.014286845941041033,0.014292815546744927,0.0143136380633662,0.014295677742715604
0.03571605680291402,0.5348569286693353,0.03572003633652917,0.03572616406887814,0.28655214408490914,0.03571430707957403,0.035714362957860166
0.14285714285714288,0.14285714285714288,0.14285714285714288,0.14285714285714288,0.14285714285714288,0.14285714285714288,0.14285714285714288
0.14285714285714288,0.14285714285714288,0.14285714285714288,0.14285714285714288,0.14285714285714288,0.14285714285714288,0.14285714285714288
0.047619227941191465,0.380849431565414,0.3810551199967378,0.04761905193696709,0.047619053863867965,0.04761905781497483,0.04761905688084697
0.01788061000453638,0.2081420354787636,0.01788065523909657,0.017858184584656697,0.7023908045611016,0.017900092604849385,0.017947617526995776
0.023854479805974656,0.2754031160718361,0.6052857037523147,0.023809530104214688,0.023840577558514212,0.023855949657069137,0.023950643050076364
0.008430800483126676,0.008405531922347742,0.008417049543405644,0.008403362743471112,0.9494877347217232,0.008432756628374222,0.008422763957551392
0.07142857287301957,0.5713891709907003,0.07145649686784919,0.07143602133626951,0.07143259284696729,0.07142857258937915,0.07142857249581488
0.9219692925851999,0.01299994917778269,0.012998715684773919,0.01299755809988124,0.01300697392689121,0.013008478916255572,0.013019031609215633
0.03571432334175049,0.7856862873436004,0.03573717417833009,0.035714286593248594,0.035714286964688084,0.03571440226970823,0.035719239308674135
0.003973289983526208,0.003971737015725027,0.0039755053799976235,0.19861302718982027,0.781481322536008,0.004003290566928273,0.003981827327994598
0.03571444736087452,0.2856607912027127,0.28581904722763457,0.035714297375676766,0.2856627928315032,0.03571431315441511,0.035714310847183295
0.5712977264873194,0.07142857313904358,0.07142857304313852,0.07142857206791146,0.07155940947217196,0.0714285729409232,0.07142857284949199
0.005505189919135383,0.665831038677835,0.005521352245658228,0.00549590673546289,0.306615590224237,0.005515580010053517,0.005515342187617993
0.04761905492102293,0.0476190542539201,0.7142036138614414,0.047619050116841866,0.04767164299180168,0.047619054525947314,0.04764852932902476
0.023848116120106313,0.023824731790448767,0.023813491302484356,0.02381106268380113,0.8570125529330624,0.02383065194251862,0.023859393227578324
0.03571429757943161,0.2854705750106162,0.03576786796693885,0.03573807066972631,0.03573965356707931,0.03573782731843994,0.5358317078877678
0.035821064316677566,0.42920552950279667,0.3917392881143407,0.03571454091440992,0.03579982445885801,0.03597913638506731,0.03574061630784981
0.4115329038005839,0.04761905545811341,0.35021352539604306,0.04761905057247004,0.04769997433202262,0.04761905458936964,0.047696435851397254
0.014383000601294082,0.9140702415724216,0.014315244632729873,0.014286602177291174,0.01429852287048165,0.014318276889925133,0.014328111255856342
0.028571451623119987,0.0285714809202752,0.028588966129091144,0.02885510537160327,0.028656784484115214,0.8281847659123127,0.02857144555948241
0.011917827044738497,0.011913920376120561,0.01190955992761309,0.011904763585747824,0.011930609752449745,0.9285140258545813,0.01190929345874894
0.04764478197103698,0.04761905342878666,0.04771126608835092,0.047619049788969366,0.7140965100037657,0.0476431923440384,0.04766614637505213
0.02386562306685562,0.02384277997031203,0.023809669294339485,0.023809531321101033,0.02396596218843491,0.023996529085163393,0.8567099050737935
0.01304192818732198,0.012988569180242954,0.6130440945735991,0.012987014892076381,0.013019394101463208,0.013027879023558132,0.32189112004173825
0.007154164939844702,0.00714537836257327,0.007151824166258055,0.26666671910217776,0.007183464476255129,0.0071544957551933925,0.6975439531976978
0.011019873876986594,0.01099981072634345,0.2542354787103299,0.010989110359435717,0.011021822331221502,0.011003893765178933,0.690730010230504
0.014285720427423381,0.6800130846715662,0.014360652035501251,0.24846980890549225,0.014286916709754571,0.014291206532754161,0.014292610717508217
0.07142857297045264,0.07142857284406855,0.07146090642285903,0.071428571954515,0.5712381946013829,0.07147441444748213,0.07154076675923982
0.714015655180619,0.047808852447429676,0.04761906248793182,0.047619053472389275,0.047659466930080364,0.04765860833587349,0.0476193011456763
0.14285714285714288,0.14285714285714288,0.14285714285714288,0.14285714285714288,0.14285714285714288,0.14285714285714288,0.14285714285714288
0.14285714285714288,0.14285714285714288,0.14285714285714288,0.14285714285714288,0.14285714285714288,0.14285714285714288,0.14285714285714288
0.020435139418708597,0.020412475041161553,0.020438354795480333,0.020426502842977118,0.02044380529312861,0.020423860249151323,0.8774198623593925
0.5110542716154628,0.3695321104591974,0.023913743270134204,0.023809527112697636,0.023896689509599056,0.023819882856163252,0.023973775176745447
0.14285714285714288,0.14285714285714288,0.14285714285714288,0.14285714285714288,0.14285714285714288,0.14285714285714288,0.14285714285714288
0.01433383364436714,0.01429020636860548,0.014369468427843446,0.014325346447508255,0.014309848471022998,0.914037110754461,0.014334185886191628
0.14285714285714288,0.14285714285714288,0.14285714285714288,0.14285714285714288,0.14285714285714288,0.14285714285714288,0.14285714285714288
0.011950022077234421,0.9284163148436954,0.01193423217980882,0.011905002754537937,0.011954445929804542,0.011927989645779978,0.011911992569139
0.33857817577446037,0.04774228926164171,0.04761906767459846,0.047624895770318455,0.047692767527720746,0.42308081493493926,0.04766198905632095
0.03573593787377541,0.03574587831387238,0.7852965296611568,0.035714290353328224,0.0360485152866241,0.03571429674667463,0.0357445517645684
0.01793244999683677,0.017885152558171143,0.01799037335306844,0.017857160274649043,0.32504015263693176,0.5854055527496848,0.01788915843065818
0.02865182343647864,0.028571451578694278,0.028651904984192508,0.028571435566231807,0.2650086474346321,0.02868799076881067,0.5918567462309601
0.00795084021599286,0.007992668227860546,0.007954074479586537,0.007949526367588488,0.9522400220612042,0.007943455976647775,0.007969412671119802
0.14285714285714288,0.14285714285714288,0.14285714285714288,0.14285714285714288,0.14285714285714288,0.14285714285714288,0.14285714285714288
0.02860659517650401,0.028659775579867992,0.602990059557504,0.02857143956430524,0.028679473990962642,0.2538202438077833,0.028672412323072775
0.015905814935119268,0.01587746555833902,0.015935543566956898,0.015873053126551222,0.904511029840042,0.015906024920554544,0.01599106805243718
0.0714774351563936,0.07147589315674759,0.0714285866376194,0.0714285775167694,0.071428580209339,0.07142858567925615,0.5713323416438749
0.023889941949605656,0.023830425921644766,0.023898208292183747,0.502085745875783,0.024051112450498884,0.3783904494504041,0.02385411605987961
0.02041471355890535,0.020421698672291114,0.40434769935906095,0.020455389847044685,0.49346538447280647,0.020452732085346995,0.02044238200454438
0.07142857287301957,0.5713891709907003,0.07145649686784919,0.07143602133626951,0.07143259284696729,0.07142857258937915,0.07142857249581488
0.01789303995562565,0.017980292567686424,0.017900744311023828,0.017949092860844958,0.8924808598817274,0.01790056928738179,0.017895401135710014
0.017878112015672132,0.018041520498626694,0.017878306020837065,0.01786103628500205,0.01802230664380933,0.01790848641020854,0.8924102321258441
0.02865201871788555,0.028571646561920735,0.028571434709420793,0.02857143101283207,0.02864189367467718,0.8283156488692407,0.028675926454023015
0.013072231214299169,0.013030697006296565,0.012987016982780368,0.012987014571582127,0.013034528251700109,0.9218702540303337,0.013018257943007976
0.04761905677923421,0.04767024503175032,0.04761905553511545,0.04761915229640229,0.7141913868921874,0.04761905513640839,0.047662048328901814
0.7856015554860463,0.035714290795465925,0.03571429054044044,0.03571428762992082,0.03574971542847398,0.035757691190397886,0.035748168929254545
0.7856015554860463,0.035714290795465925,0.03571429054044044,0.03571428762992082,0.03574971542847398,0.035757691190397886,0.035748168929254545
0.015876903572766474,0.015877079442167676,0.01588955929649579,0.015889101473044218,0.015929970469974575,0.0158768678551315,0.9046605178904198
0.020606074528719157,0.2065361523822779,0.020409584949690068,0.020569860553794034,0.02041734201880194,0.020418070341864655,0.6910429152248523
0.020479799364736484,0.020557210154930013,0.020447581540742187,0.020408505008914002,0.8772353889632818,0.02045346639392687,0.020418048573468652
0.5714284762422431,0.0714285923085716,0.07142859117681413,0.07142857929258559,0.07142858262910981,0.07142859004285829,0.07142858830781744
0.017890061003221283,0.018099427824208248,0.8922994960052393,0.01786039389347346,0.017943715908900714,0.01796580871650678,0.017941096648450092
0.03571430373635974,0.5245423142153808,0.03573583678405874,0.035719410760365514,0.0357374981768502,0.2968218778093591,0.035728758517625754
0.0714286178559735,0.07142861332914634,0.07153355405058506,0.07142858731141355,0.5711182210226031,0.0716338011990423,0.07142860523123608
0.14285714285714288,0.14285714285714288,0.14285714285714288,0.14285714285714288,0.14285714285714288,0.14285714285714288,0.14285714285714288
0.07146671038750216,0.07142857783253426,0.5713904092913983,0.07142857384198192,0.07142857491553316,0.07142857710980657,0.07142857662124372
0.04764478326876004,0.7142597974712992,0.047619062068374234,0.047619180371944896,0.047619055811899,0.04761906110188342,0.04761905990583915
0.023877868875999873,0.6475290016380199,0.23318346271754536,0.023809601087348208,0.023813086589032736,0.023948115531439742,0.02383886356061433
0.02858798524467199,0.3872967870928891,0.4697571971012618,0.028578860473536936,0.028591254481252198,0.02860755774874481,0.028580357857643433
0.028721032311175638,0.028573771232585938,0.028600521210804634,0.02857150770089989,0.828242130182707,0.028625364208701806,0.028665673153125334
0.14285714285714288,0.14285714285714288,0.14285714285714288,0.14285714285714288,0.14285714285714288,0.14285714285714288,0.14285714285714288
0.013021508566419884,0.01298820984024392,0.36023831882569496,0.4362954101050837,0.013031534396792964,0.15139573144822752,0.013029286817536843
0.04766640515918438,0.7141144250988986,0.04761906286354567,0.047742928143985466,0.04761905631114574,0.04761906185331899,0.04761906056992131
0.0714286004892196,0.07142859717579281,0.0714285959080829,0.07142858119390094,0.571233916736443,0.07162311609626776,0.07142859240029308
0.028645308988884004,0.02857570493835142,0.8279093337982812,0.02883382599283398,0.02867523900394117,0.02863415025147715,0.028726437026230803
0.035714395852335726,0.36035944384691204,0.03571435993721861,0.03571429407643916,0.46096390024327505,0.035763849484285154,0.035769756559534176
0.38091427836475467,0.0476190719337035,0.04763359083833566,0.0476190568023892,0.3809465695035066,0.04761906920859339,0.04764836334871686
0.5643468716388842,0.3334346354795135,0.020476454459602396,0.02042314330061111,0.020427902935974736,0.02046029553658428,0.02043069664882983
0.07151525257914229,0.07142858328439788,0.07142858274305357,0.07142857588791564,0.07142857780022553,0.5711289363758362,0.07164149132942885
0.1914016507570577,0.1184066107703006,0.3008524812419595,0.010998504479402408,0.011015911083091771,0.011072613931501104,0.356252227736687
0.07153549716544186,0.5709926945781244,0.0714285883804523,0.07173459911768479,0.07142858107163426,0.07145145342178937,0.07142858626487295
0.38000071354878256,0.047834930337418285,0.3815838166410048,0.04772331690035681,0.04761906671880748,0.047619079214071255,0.04761907663955873
0.8926179347365084,0.017859780626464566,0.017861577185671933,0.01785789802560725,0.017902298507297937,0.017915637577968324,0.01798487334048156
0.008954523924087732,0.3399944044190754,0.008932260680087099,0.0960320089196419,0.5280890722200096,0.009008179026571592,0.00898955081052664
0.01307695428464452,0.012995884402241305,0.013020198173032833,0.012987015694889931,0.24610103037640396,0.20676735127997495,0.4950515657888125
0.01588319282332787,0.015928706559877517,0.015877412402760437,0.9046822855387865,0.015873022054487162,0.015875032115647048,0.015880348505113672
0.785299369837956,0.035732263472639754,0.035792342265576635,0.035826494790911156,0.03574470059292523,0.035725643082506864,0.03587918595748435
0.035714291568832726,0.7855151446922517,0.03591340697685912,0.03571428772856359,0.03571428857854539,0.035714290434654794,0.03571429002029267
0.07145557199048885,0.0715701147004351,0.07144964555207868,0.07142857283816405,0.0714312290349985,0.5711521013392754,0.07151276454455942
0.04770436581284258,0.04770527755005273,0.7134622781849104,0.04761906211399958,0.047903046916732736,0.0478251299070196,0.04778083951444243
0.01588071048325572,0.015877539204594778,0.904579044081119,0.015932987120094548,0.015970461832871423,0.015885774840513397,0.01587348243755127
0.7854931532478396,0.03575396024475841,0.03572730914789054,0.03571428850402857,0.03572273500752101,0.03573963074766041,0.03584892310030166
0.017871099065332605,0.017860401857103938,0.018031060507608443,0.017857189815946247,0.8925406594868167,0.017946132705735227,0.017893456561456925
0.028623630913118682,0.028584607340170317,0.028613111429964245,0.028571432301649914,0.8281580110316653,0.028852429855457343,0.028596777127974347
0.035754927540166945,0.7850571470631071,0.0363140103509723,0.035714291439788035,0.035714293914222095,0.03571429929618351,0.03573103039555993
0.047619079461647076,0.047690631387742065,0.04761906051785658,0.04761905273123602,0.7142140574575194,0.04761905990351502,0.047619058540483795
0.8925748977184126,0.017867883711760044,0.017901791434565748,0.017899762292994465,0.017939301636132526,0.01792811088825187,0.01788825231788284
0.006820204210350078,0.006815174948495327,0.23777357767312254,0.006803189331549188,0.5931273422544057,0.14181869021406918,0.006841821368008015
0.28743555747650823,0.593238143932753,0.02397636477481374,0.023809528942638394,0.023889475783605178,0.023821020763967853,0.02382990832571387
0.03595943936137999,0.03571429024628546,0.03571449447631725,0.03571428740780849,0.7854637226098693,0.03571428972484889,0.035719476173490555
0.07142857297045264,0.07142857284406855,0.07146090642285903,0.071428571954515,0.5712381946013829,0.07147441444748213,0.07154076675923982
0.009549873007925985,0.9427301364300575,0.009537907134519852,0.009528163667888737,0.009542786971683431,0.009558128381528239,0.00955300440639628
0.1171792966529082,0.009528048098737675,0.009530311254401591,0.009523926495075547,0.8350513563308232,0.009615875025517792,0.009571186142536008
0.04769967770733937,0.047619065607837754,0.047619064629273164,0.047619054403170304,0.7139710527980058,0.04761906495642664,0.047853019897946956
0.017909530490809157,0.017864472325972318,0.017923314836761815,0.2677813757258196,0.6426308911203541,0.01792880326798716,0.017961612232295733
0.017877249934961658,0.017873593401617878,0.017881019141734435,0.0178571464604802,0.017899081560507745,0.14977697560325456,0.7608349338974435
0.02046045159043047,0.020426605473144822,0.020491313680842307,0.020414927067616145,0.020428948177693498,0.020411560727714297,0.8773661932825584
0.4498129575989653,0.16831603104383192,0.007946812136030537,0.007936764755214838,0.35008744921063417,0.007949098547342336,0.007950886707980772
0.6872707166556714,0.21047694879566003,0.02046624514322599,0.02040921177878024,0.020410042000638767,0.020531306246173726,0.020435529379850083
0.03573234760039744,0.2856668551208536,0.03574247801475503,0.03571429232906999,0.03616749794127397,0.03575427692730818,0.5352222520663419
0.784837406586906,0.03591278132166829,0.03583534628778581,0.03574417887228207,0.03574120272232792,0.035945706390331414,0.03598337781869832
0.028643518723181174,0.27565059870050884,0.028602519754913368,0.028571488405358367,0.5812783271389682,0.02864770749944143,0.028605839777628594
0.023932350754697716,0.02381812536536494,0.8569202788255011,0.023809525030975984,0.02389908580469301,0.02381110778980001,0.023809526428967054
0.010242693214294505,0.15800568627592357,0.010222165941560531,0.010220956080981187,0.010232121660066044,0.010238242368890654,0.7908381344582834
0.03578120457391017,0.035780837816829655,0.03582180360238041,0.03571428899524038,0.035813198155511615,0.7853743740888867,0.0357142927672412
0.15391381955514416,0.01785813623199527,0.017870683712141566,0.017857609933594188,0.756713914453607,0.01788457175390735,0.01790126435961047
0.03585071560190991,0.035803285130438026,0.29802273062451945,0.03571514078061938,0.2867436760861485,0.27210760405427376,0.03575684772209098
0.07142857399679414,0.07142857378045277,0.07142857431825055,0.0714285723117788,0.07151661093166599,0.07142857351335427,0.5713405211477035
0.04761905497889721,0.7140802646682052,0.04765265394443575,0.04773201052543275,0.04763345188622706,0.04761929759158486,0.04766326640521728
0.07142860280156357,0.07142859989895736,0.0714285987971087,0.0714285821739123,0.07142858674512298,0.07142859661276774,0.5714284329705673
0.010208799821033043,0.18654656273545536,0.010210490240750316,0.7623993646550908,0.010219057678322428,0.010211155987359426,0.01020456888198857
0.07146671038750216,0.07142857783253426,0.5713904092913983,0.07142857384198192,0.07142857491553316,0.07142857710980657,0.07142857662124372
0.570814719198683,0.07146577086054624,0.07156676447529103,0.0714285738764136,0.07149347230461842,0.07159381218701841,0.07163688709742937
0.028805123356347682,0.028571452661137624,0.02857377222404988,0.028571437598876277,0.8278234840876032,0.028898514221855028,0.028756215850130298
0.0130077365009312,0.013003111337316287,0.012990275087269451,0.012988621375979914,0.013042460914420826,0.3310592651578405,0.6039085296262419
0.0059761144720845765,0.426963503655588,0.005967720479022874,0.0059735104848521285,0.5431451591111555,0.005984703626060375,0.005989288171236385
0.01587301863076924,0.015880762053555302,0.015875752164200528,0.01587305881267794,0.9047252561776115,0.015875351391451333,0.015896800769734244
0.047619088376679754,0.04761908439760113,0.047865747364773926,0.047619061535395024,0.7138874351568807,0.04767215992609385,0.04771742324257567
0.04819679541131263,0.04761910990408759,0.04761910684623662,0.047743877710941275,0.04761908159555588,0.7135321111204891,0.04766991741137697
0.14285714285714288,0.14285714285714288,0.14285714285714288,0.14285714285714288,0.14285714285714288,0.14285714285714288,0.14285714285714288
0.00894543233467961,0.00897155964913555,0.9462181027924025,0.008963057200818504,0.00898519377300962,0.0089476452985012,0.008969008951453035
0.4281219425014749,0.22819656764834512,0.02862721423495934,0.028702842023399115,0.028666729983468805,0.22883923972795397,0.028845463880398717
0.02381101754155553,0.5234404753761536,0.35740439125310464,0.023809527575889673,0.02380952919606103,0.023845571883721405,0.023879487173514024
0.047619053392654105,0.7142060075650791,0.047648300326815975,0.04762569317986413,0.04764978228600519,0.04763208055581045,0.04761908269377112
0.03572522405296606,0.03592231045752589,0.03578810967811573,0.49295057426571226,0.03573146384535533,0.3280964161917847,0.03578590150853998
0.03583850208298164,0.035717239636186365,0.0357571344619558,0.03571428706001242,0.035732983646192124,0.03574971624454003,0.7854901368681316
0.011916970988881389,0.40019568144689455,0.5401930744475864,0.011905399990092642,0.011912273850022637,0.011944158829412103,0.011932440447110237
0.028571432679483873,0.18136921821708096,0.02857143208827695,0.028571429973205158,0.028596866057241294,0.028571770941555975,0.6757478500431559
0.04761908921070244,0.04763378349358294,0.7136384286795573,0.047619061799229374,0.04788272306469025,0.047945352853255456,0.04766156089898219
0.047701587440503006,0.0476190597869776,0.3809319791607027,0.047619052198898594,0.04761905418859036,0.38074828029138236,0.04776098693294522
0.011003873135795386,0.9340119357873488,0.011001539477751834,0.010989156617740543,0.011001412332229753,0.010998377447009601,0.010993705202124343
0.011923230523675388,0.3620286285818056,0.011931760692460063,0.011904987088490896,0.011924913066817713,0.011952297073069634,0.5783341829736808
0.012989881670476579,0.20154271172767707,0.013004320767952111,0.7334464058459023,0.013042117789854856,0.012987048929889082,0.012987513268247925
0.04761905557657082,0.3809496665212621,0.04764061003223635,0.04761905034062106,0.38082815348701216,0.04764961486533014,0.047693849176967416
0.017909167087101024,0.3472818996297162,0.017870115165380503,0.017983383610345544,0.563024665305637,0.017916355779460363,0.01801441342235942
0.01430116873561131,0.01428572135495744,0.014302785036326567,0.014400773061976228,0.014316408076103277,0.9140649316550867,0.014328212079938321
0.07142859043934212,0.07181997752273203,0.07146356007263811,0.07142857791949024,0.5707702089680357,0.07154199702361211,0.07154708805414971
0.28548648889765976,0.0358449805883315,0.035793605273500055,0.5354923216264191,0.035920576196071294,0.03571429850961812,0.035747728908400174
0.011907396195549013,0.011905181703867104,0.0119059795082384,0.011905116880865171,0.9285498251737347,0.011916526061152068,0.011909974476593607
0.04761906315708951,0.4559022895152827,0.047912814044524826,0.30555282464333006,0.047619055367259626,0.047619506144979916,0.047774447127533426
0.012022367808697915,0.011914802915894238,0.011909837674275657,0.011904764034334072,0.012061707909130899,0.6113658244503484,0.3288206952073188
0.010256921474255314,0.010215139249885943,0.010229058798999609,0.01020587053207588,0.44268964983808473,0.010210386183810212,0.5061929739228883
0.04799654523400267,0.0476190543326365,0.04761905397443045,0.04761905013888862,0.04768401182661095,0.7138432314353514,0.0476190530580794
0.03572641850993776,0.03571429469932872,0.03577340674653116,0.035714289094812536,0.03573898039333342,0.03574220381327783,0.7855904067427786
0.0714286004892196,0.07142859717579281,0.0714285959080829,0.07142858119390094,0.571233916736443,0.07162311609626776,0.07142859240029308
0.020466897856599428,0.278983678012266,0.020445913540220666,0.020408166137717145,0.020507646994509486,0.020483843436180742,0.6187038540225066
0.04768379271299456,0.04761905055097352,0.04764020449046748,0.04762724204754009,0.4143038305263019,0.04767174869527228,0.3474541309764501
0.41426173693733936,0.5207067213731911,0.013007075126444802,0.012987308661111984,0.013018602910048683,0.012995193535400582,0.013023361456463526
0.01024964470210773,0.010212925296767546,0.010211983985457774,0.010219525337859487,0.01027057323734078,0.3845299425370502,0.5643054049034165
0.018146621011591892,0.8923846848052224,0.01785715023791345,0.01785714580466916,0.017940199315428593,0.017872223235538193,0.01794197558963628
0.04784021369407473,0.7135039013800614,0.04768813857500232,0.04761937073274661,0.04766473207025143,0.047730526441041844,0.04795311710682183
0.01587632595095259,0.3478760468595701,0.015902121462579376,0.015874149063344133,0.4557923154271156,0.13278817034554408,0.015890870890894058
0.017925997338457077,0.8926974489712634,0.017906694143752736,0.017857639609028503,0.017867273859519646,0.017867507527304767,0.01787743855067401
0.3603743120737505,0.020432640361998572,0.02047441986148286,0.020573132761771504,0.5371619123527602,0.020458053737418335,0.020525528850817973
0.04765070130775465,0.3807339332836648,0.04772596718439577,0.047743218835754324,0.04764044986268308,0.3808860257323669,0.04761970379338047
0.00952730919002293,0.5523292473539535,0.00953418911527797,0.009607690153222182,0.009576579634366022,0.3998793456878074,0.009545638865349983
0.34261036447164434,0.3165468073681045,0.12188750232178706,0.005495006732339068,0.20243518049734296,0.005500587730176277,0.005524550878605753
0.047619087576172524,0.047619084098040845,0.7140755244283992,0.04782907979878549,0.047619067164495946,0.04761907987728141,0.04761907705682461
0.03576168028461996,0.5782593132167125,0.24293124898736007,0.0357142886915719,0.035714289973983446,0.035842126861541763,0.03577705198421028
0.028587466214982104,0.02867222939868389,0.35938431843332824,0.02857730893458197,0.028599098153317265,0.028631524443636567,0.4975480544214701
0.03572812018853935,0.035717917563386256,0.7855104613070661,0.03571429168215788,0.035714294236933446,0.03572830435514089,0.035886610666776085
0.011031279265596603,0.16855182646514788,0.33887882365662075,0.448425321505045,0.011022900534906994,0.011034714009421617,0.011055134563261139
0.011055496522756197,0.4086864578445711,0.1756278497164479,0.010997532807357763,0.011005381680477577,0.011038742490710806,0.3715885389376788
0.7865277135943148,0.0034095207909026985,0.19640595399576583,0.003411466427371187,0.003414615669722411,0.0034162384147865136,0.0034144911071365682
0.03574993509957771,0.03574763222815279,0.7855355624097023,0.03576647717326633,0.035734786540102065,0.03573822571287601,0.03572738083632277
0.14285714285714288,0.14285714285714288,0.14285714285714288,0.14285714285714288,0.14285714285714288,0.14285714285714288,0.14285714285714288
0.03572866335697217,0.7856136999448101,0.03579780514322674,0.03571428860486261,0.03571692996810513,0.0357143212075418,0.03571429177448142
0.007963715657467745,0.4433591858068275,0.5167243610156667,0.008034521663006774,0.007989627442660796,0.007958130141466202,0.007970458272904631
0.8281266327479194,0.028739203874686352,0.028727532947217197,0.028571431140587425,0.028609463334649754,0.028654301823043557,0.02857143413189643
0.028591313977802027,0.2315418653770356,0.028572414457150776,0.625562885611643,0.028571434717643986,0.028588648116137046,0.028571437742587392
0.020415274468054228,0.8774190620794866,0.020421777677643346,0.020466112102992456,0.020408171059461893,0.020436764001740125,0.020432838610621246
0.07142860636909037,0.07142860330522402,0.5714284212299637,0.0714285833921855,0.07142858902392776,0.07142859962665352,0.07142859705295526
0.02857638353884577,0.028573539784270904,0.828463274037296,0.02862381847166735,0.028596020253973068,0.028586735554846886,0.02858022835909977
0.017916950788318016,0.3326224326240559,0.2711002841192225,0.017861747160890548,0.017871619681543213,0.017891496058046696,0.32473546956792293
0.07142857272489044,0.07145690929313617,0.5713673733019692,0.07142857187374742,0.07142857206199978,0.07146142836432541,0.07142857237993164
0.04761906224589982,0.3809181980032038,0.04761977231406784,0.04764801948131362,0.04762991647794524,0.04768444176599403,0.38088058971157557
0.14285714285714288,0.14285714285714288,0.14285714285714288,0.14285714285714288,0.14285714285714288,0.14285714285714288,0.14285714285714288
0.023914913010282614,0.023823681472824876,0.3570990454003104,0.02381549451410607,0.523355890985225,0.02393091682688621,0.024060057790364804
0.01430911607633124,0.47826630413516186,0.2885855058250078,0.014288319352006211,0.014288160884899483,0.014351752277637669,0.17591084144895572
0.028603020849628045,0.028571447428634756,0.028609210227144775,0.6141049807070421,0.028584917047975198,0.24284783540913799,0.028678588330437158
0.008934558993836614,0.008980050999770079,0.946241203245349,0.008935901616487937,0.008966915806251058,0.008958027919830963,0.00898334141847432
0.0878176584837968,0.010255620425885105,0.01027352047005937,0.3450996302412694,0.5260566453782699,0.01024829301050192,0.010248631990217373
0.02041260428116149,0.020408166428136004,0.8775336365886156,0.020408279175968585,0.020410757216733643,0.020408329043087262,0.02041822726629753
0.017945855263037633,0.017864204272464948,0.12190290563929468,0.017858124233758387,0.01788119389218139,0.3282370820456997,0.4783106346535632
0.047619075760684366,0.047637964504855856,0.3809367581728971,0.04761905717001106,0.38092710123983686,0.0476409749071476,0.047619068244567055
0.0029247761687340016,0.002920564949901023,0.002936333658908022,0.002919706357591484,0.9160478710320579,0.0029325336522069904,0.06931821418060068
0.01789495357796233,0.6468239218489883,0.017866254429944446,0.10380448179428711,0.17784211579171297,0.017901504580399193,0.01786676797670567
0.007550068437249998,0.007521434497067231,0.0969619507571786,0.007518801834562678,0.48951304190211425,0.007528368771138938,0.3834063338006884
0.04765441978568501,0.047619054974466085,0.7142171052947777,0.04761995781820021,0.04761905164291653,0.04761905408575892,0.04765135639819536
0.028600720158844475,0.028600379556317963,0.8284884128077594,0.02857142915312463,0.02858144145388614,0.028573845864827255,0.02858377100524023
0.020733188298863038,0.17171289655603802,0.7257782391587225,0.020437870516768587,0.02040817691609343,0.020409546113041677,0.020520082440472803
0.017919038994911343,0.25440794055143356,0.49048070949437134,0.0178604112364089,0.01793084524803342,0.18342399977941531,0.017977054695426098
0.07142857272489044,0.07145690929313617,0.5713673733019692,0.07142857187374742,0.07142857206199978,0.07146142836432541,0.07142857237993164
0.03573002694950934,0.03580674870955406,0.7855578598769931,0.03571429115329731,0.035750885023758894,0.03572237269619499,0.035717815590692335
0.07142857272489044,0.07145690929313617,0.5713673733019692,0.07142857187374742,0.07142857206199978,0.07146142836432541,0.07142857237993164
0.6919286090406829,0.015908087949200136,0.016000202054501325,0.015933535124860215,0.015879754139854624,0.22845629467155779,0.015893517019343113
0.7847838345828934,0.03600577772792406,0.03574806907996648,0.03573647383801539,0.03578436300708596,0.035898847558869684,0.036042634205245005
0.008421527055781253,0.35468943961055116,0.47759353192972936,0.00843357585069234,0.008415099967532194,0.1340272257427663,0.00841959984294729
0.713617046799476,0.048168646962125625,0.04771128435462992,0.04762422859024821,0.047629231180641114,0.04761905538722808,0.047630506725650903
0.013066113996765846,0.012998395227186176,0.14975627331044403,0.26428243356670716,0.5338110005595574,0.013005898538207123,0.013079884801132239
0.11611630304557728,0.012996450159681566,0.8188869065180315,0.012990736996477875,0.013000737584458058,0.01299800923294304,0.013010856462830591
0.0716177894077675,0.07142857717598818,0.5711060028738455,0.07142857358525288,0.07147882954351674,0.07142857646708922,0.07151165094654006
0.010235813539363418,0.01021555441114031,0.010205829626327326,0.9387288664477812,0.01020508843278628,0.010204744630697246,0.010204102911904349
0.6532252242631552,0.006521839843946427,0.31425384962077185,0.006513062741435286,0.006493998897878476,0.0064954990525583674,0.006496525580254402
0.04766451969490271,0.04766710266558148,0.04769096166977235,0.7139971723387304,0.04761905439054409,0.047740821146969745,0.0476203680934992
0.023815342914868295,0.02381832746678694,0.8571163124766571,0.023811660258488892,0.02380952432298028,0.023811337539524233,0.02381749502069423
0.10824011390998088,0.011912009676557754,0.47249583708544735,0.011906716240520879,0.011931319808626533,0.011906612244515453,0.3716073910343512
0.001686798051209714,0.31757074847408934,0.08952055451430117,0.4824441116300587,0.0016871018087020353,0.03800385313901031,0.06908683238262889
0.028733838061117928,0.028574725791822526,0.624055032258684,0.028575945381144052,0.028572437576102918,0.23289972872827946,0.028588292202848992
0.8925573682073557,0.017857159901282293,0.017857158990712732,0.018062290010919028,0.017930270484361126,0.01786003029242398,0.01787572211294505
0.028604835654166345,0.02857143355970416,0.828465580625501,0.028571678972590026,0.028618711010047357,0.0285905510685683,0.028577209109422953
0.785202452822994,0.03574942074308122,0.03600731294817746,0.035718061091922326,0.035743866236244135,0.03574804019604311,0.03583084596153778
0.14285714285714288,0.14285714285714288,0.14285714285714288,0.14285714285714288,0.14285714285714288,0.14285714285714288,0.14285714285714288
0.14285714285714288,0.14285714285714288,0.14285714285714288,0.14285714285714288,0.14285714285714288,0.14285714285714288,0.14285714285714288
0.4767944377093908,0.028595757014362587,0.028575231139318966,0.028572355468440905,0.028599270600552285,0.3802593129153333,0.028603635152601305
0.4767944377093908,0.028595757014362587,0.028575231139318966,0.028572355468440905,0.028599270600552285,0.3802593129153333,0.028603635152601305
0.02860650808918618,0.028598608577263422,0.19413336716086496,0.028571430799832896,0.028667361739682956,0.44464906797455717,0.24677365565861234
0.14285714285714288,0.14285714285714288,0.14285714285714288,0.14285714285714288,0.14285714285714288,0.14285714285714288,0.14285714285714288
0.391415893998703,0.48915353832570774,0.024087117465968897,0.023829491391647032,0.023809527427969397,0.023819315789626337,0.023885115600377455
0.5708903899585225,0.3269425838234805,0.020429400569295,0.020424053179742836,0.020416876905017638,0.020426854900666664,0.02046984066327491
0.07142857272489044,0.07145690929313617,0.5713673733019692,0.07142857187374742,0.07142857206199978,0.07146142836432541,0.07142857237993164
0.028717728902615168,0.24873143271163264,0.28751541399554287,0.028583623481944806,0.3492618288153521,0.028572771729232622,0.02861720036367983
0.013024230345725127,0.013014877031925052,0.013054772999461117,0.012988420982975583,0.012992153013321052,0.01310663555694359,0.9218189100696484
0.07142857272489044,0.07145690929313617,0.5713673733019692,0.07142857187374742,0.07142857206199978,0.07146142836432541,0.07142857237993164
0.01588198882027395,0.015895192673841686,0.01587302306997155,0.9047114475497496,0.01587766353336973,0.015887662341738766,0.015873022011054783
0.0031214742763443376,0.07917600114222466,0.13354719164068748,0.003111419784141991,0.0031147587127355373,0.7748056976937784,0.0031234567500875742
0.03574329822302625,0.78564810022037,0.03574530939420285,0.03571428724910902,0.0357169279902285,0.03571778792374375,0.035714288999319596
0.00433546307874438,0.004334031973270115,0.8178969747109491,0.1603868843721689,0.004355364202965805,0.004345540291593534,0.004345741370308349
0.03571429705182419,0.2857137133450988,0.035721018264577964,0.03571428960773117,0.5355970762297937,0.0357816176815285,0.03575798781944562
0.028684048952749328,0.0285847052285683,0.8282615682689384,0.028647265944672085,0.028624816401276437,0.028585083912259317,0.02861251129153602
0.014301191339712088,0.014295351416389608,0.014346712870161553,0.18801479084227574,0.39503042244396025,0.014318145917953102,0.35969338516954763
0.015952519112738067,0.01599587808072532,0.015931178747871342,0.2985464585091486,0.015953542762752092,0.01590529539769175,0.6217151273890728
0.005299802070124971,0.005320602358966134,0.005297232958178299,0.32557585576592035,0.005298185325517093,0.005301762344752112,0.6479065591765409
0.01587303013918378,0.01588175656757496,0.20555277752296527,0.1836389355633962,0.5472293249884717,0.01589577123361669,0.015928403984791516
0.010205645635298936,0.010246250884011954,0.28732373720471893,0.5586661616338643,0.010216097380679225,0.010232011462773447,0.11311009579865336
0.0717242220391545,0.07142859071670915,0.5711042707370304,0.07142857854762585,0.07145716289843068,0.07142858830671805,0.07142858675433131
0.011001988555305167,0.4819846559128977,0.24137461263922302,0.23265708613639252,0.010993734839135865,0.010994745560616014,0.010993176356429792
0.03571430934411183,0.03578059132443118,0.35115855925763967,0.035714293778011684,0.46997930068346994,0.03592443116022475,0.03572851445211094
0.0075792151872951866,0.007529051898157856,0.3447057123673446,0.007589224246919315,0.007556725982720661,0.3540784568419451,0.27096161347561737
0.07152542257689216,0.07142857430845752,0.07142857414867108,0.07142857250129005,0.07143116201556589,0.5713291206091695,0.0714285738399537
0.023816606925272096,0.023949527906679008,0.856818097590847,0.02380986073686939,0.02387793840970817,0.02388772291431564,0.023840245516308527
0.047619243250348796,0.3809753217674273,0.04761917568582311,0.04761905695383862,0.04761906112472325,0.04761906945926631,0.38092907175857255
0.017953810990630394,0.18930183225266511,0.46250841230796663,0.14295402277930508,0.017880069217419473,0.017925550398277798,0.1514763020537356
0.35077157639363093,0.04763552668723652,0.41106120219362624,0.04765560074949427,0.04761905880079078,0.04763797090332829,0.04761906427189295
0.005503399968722654,0.5374173585005986,0.22633809830236476,0.005518613433992252,0.005500340853057094,0.14410191187151355,0.07562027706975089
0.15291421242671824,0.6431950617964681,0.017891882546912215,0.017884238825952817,0.017865805865697176,0.017882608235111577,0.1323661903031398
0.0204626150351467,0.020451570505306774,0.020523052075309238,0.02041113480838371,0.17608548826050788,0.020443346818493108,0.7216227924968527
0.7138137958425728,0.04761907806763175,0.047647940820592746,0.04803213924926934,0.04761906399461605,0.04763952144040562,0.04762846058491166
0.9282299771017266,0.01207726687179181,0.01195976054145824,0.011930182077592078,0.011932150271031956,0.011958675107444878,0.011911988028954316
0.00842651450711947,0.29919505080416153,0.34557571830400163,0.2527452895407457,0.008403365446296256,0.07722006740269544,0.008433993994979877
0.0285830060214674,0.028571439298899968,0.028615040438060044,0.02857812648559344,0.26702608435020647,0.0285714384272492,0.5900548649785236
0.08164918058709136,0.007190137567786796,0.16910215320817723,0.15577229976243961,0.3562677324879839,0.22286279708758813,0.007155699298933112
0.5313011935577413,0.03573453649673496,0.03573355567380895,0.03571429046945775,0.0357182505552606,0.2899335693303103,0.035864603916686034
0.07142857272489044,0.07145690929313617,0.5713673733019692,0.07142857187374742,0.07142857206199978,0.07146142836432541,0.07142857237993164
0.017892584569771837,0.16559183429640714,0.47958607141793297,0.017857146230657685,0.2833401192657628,0.017857380947985602,0.017874863271481994
0.0021094545841134687,0.024364186525734074,0.11688562782809578,0.10656761017139932,0.4020039346863847,0.0021100569711734775,0.3459591292330992
0.03575654449509319,0.035718439679132345,0.7856364756437614,0.03571990032631191,0.03571428805279154,0.035719053159165993,0.0357352986437438
0.14285714285714288,0.14285714285714288,0.14285714285714288,0.14285714285714288,0.14285714285714288,0.14285714285714288,0.14285714285714288
0.3583414329929546,0.01589028140759095,0.19726212519407485,0.015875186449629795,0.015893844274367797,0.01587897056299541,0.3808581591183866
0.1131323083705557,0.17385152302850473,0.3447682019600269,0.007159771799590465,0.007152242418937942,0.34678677255115986,0.00714917987122438
0.14285714285714288,0.14285714285714288,0.14285714285714288,0.14285714285714288,0.14285714285714288,0.14285714285714288,0.14285714285714288
0.03583273813232608,0.4726212341741696,0.3486884809657415,0.035714482840351974,0.035714293066439105,0.03571429779109078,0.03571447302988086
0.01593927228881569,0.016057002074016297,0.015963831487215852,0.015878968183419884,0.512052988112674,0.015987743692321532,0.4081201941615367
0.07142857272489044,0.07145690929313617,0.5713673733019692,0.07142857187374742,0.07142857206199978,0.07146142836432541,0.07142857237993164
0.01590603652029254,0.35117599428022933,0.015922839022488564,0.015907145197588242,0.5691776913779052,0.01599405260811592,0.015916240993380352
0.015929037224683078,0.015898725471341867,0.9045686634553988,0.015873188756703727,0.015974685514787163,0.01588160039763813,0.015874099179447286
0.02045612627723885,0.6334545342722221,0.020416820413062167,0.020426437903841896,0.2643679050810517,0.02042863971667412,0.020449536335909197
0.35177113370627167,0.020491248273921417,0.5460804579951845,0.020408332222102914,0.020409572643752597,0.020428645022663425,0.020410610136103433
0.07166567942143781,0.07142858093810962,0.07181689680876639,0.07142857501949187,0.5705380799370904,0.07163257184416091,0.07148961603094293
0.12687996750478725,0.023809549044697554,0.023809547747286015,0.43077372572945005,0.023855016477317862,0.34701228702700215,0.02385990646945921
0.02384895120831832,0.023869548902408083,0.13508580684600316,0.29036873010554537,0.023935956753931027,0.4790740625642596,0.023816943619534365
0.047678190145541324,0.04761905951959319,0.7140895638362159,0.04761905208290041,0.047663606292597374,0.04761964276921476,0.04771088535393709
0.01429659608730663,0.014286236991685885,0.014316673589595373,0.01429921920283959,0.47932043993132445,0.01429608101169454,0.4491847531855535
0.03574594111490899,0.5663493307614591,0.2549213670047167,0.035714289330491075,0.035733816211513045,0.03582096199585072,0.03571429358106052
0.03571430769190627,0.29218635449271346,0.5292355093493846,0.035714293270923854,0.035714296708979326,0.03572093662094298,0.035714301865149484
0.017860082262599393,0.017857151966657582,0.017963752048078634,0.0178794411459851,0.40397047141203407,0.017859350511807835,0.5066097506528374
0.5408610851969538,0.01306541040066832,0.013019995826267318,0.012987184123857264,0.013016582638164914,0.013076146271055817,0.3939735955430327
0.047644839411736035,0.04771254208219356,0.047910472040922226,0.04761905902858571,0.7138076320709528,0.04768638317178055,0.047619072193829146
0.1991342862541782,0.011070301990836912,0.4388347307006574,0.31788870261714774,0.011020725407203403,0.011035189665799378,0.011016063364176994
0.14285714285714288,0.14285714285714288,0.14285714285714288,0.14285714285714288,0.14285714285714288,0.14285714285714288,0.14285714285714288
0.2838698604810898,0.0068075863382360755,0.006814729955564059,0.10200921129200376,0.5868427665776307,0.006843091788343039,0.00681275356713252
0.314631136256204,0.035921350093890664,0.5064888697010222,0.03574458188076638,0.03571429692851156,0.03571522470443256,0.03578454043517264
0.2835045296483692,0.023952493658756183,0.5971122658540119,0.02380952786773378,0.023809529622443464,0.024002120826505022,0.023809532522180345
0.028611228511456296,0.4599283569684412,0.20579065236786317,0.21988013792309863,0.028589055321395915,0.02862900739002295,0.028571561517721934
0.0024685391254847333,0.21003965596971727,0.20888245426737984,0.002480935827064815,0.002469386642934784,0.5200912446201973,0.05356778354722148
0.011960537091959338,0.01195687377938173,0.012013460790613729,0.4661764559938201,0.47397483355974834,0.011910378223751352,0.012007460560725455
0.023841614769635304,0.40461680456256205,0.023813953606609886,0.47629903085611053,0.023809529774129205,0.023809533632069033,0.023809532798884068
0.011050582325085902,0.011017657814335837,0.12346258527569876,0.010989919734317235,0.49314503521890724,0.01105830136507738,0.3392759182665776
0.047651967522987726,0.04766186468892901,0.0476190586332774,0.04768131346757583,0.047772512738950085,0.7139832344070337,0.04763004854124633
0.0714286114252532,0.5707975838492452,0.07170139707338115,0.07142858519211047,0.07167022999382033,0.07142860422240782,0.07154498824378194
0.0286467891625788,0.02859050450354475,0.8284334888530313,0.028589610907622454,0.028571432671858896,0.0285818003456828,0.028586373555680864
0.07142857272489044,0.07145690929313617,0.5713673733019692,0.07142857187374742,0.07142857206199978,0.07146142836432541,0.07142857237993164
0.0049399871412017455,0.14232314674867966,0.2162604875167541,0.6216781781604596,0.004926755818372368,0.0049373365225225075,0.004934108092010084
0.010220289073895931,0.010241979051747962,0.6868429590759711,0.26206042434537574,0.010204085994892196,0.010204467442042295,0.010225795016074726
0.010244752761400824,0.16907774060000055,0.09816739359558381,0.31665617289671893,0.010281844861306903,0.2632806885609649,0.13229140672402406
0.38547039596017285,0.023829556512813637,0.4950925892593653,0.02381232402903438,0.02409016028867474,0.02388788973619806,0.023817084213741187
0.014315299037323814,0.014410141166812121,0.9139198596467507,0.014468904009858851,0.01429149655699152,0.014300203748041702,0.01429409583422144
0.03572919113409796,0.03583794892373046,0.28539424668272795,0.5356155054457553,0.0358130097321861,0.03589578911405718,0.03571430896744496
0.008428156424826203,0.008513988844655755,0.27581526661222466,0.008411422980323663,0.008420149771471298,0.36581241453028934,0.32459860083620906
0.8570069682698869,0.023834681339198818,0.023830139743939275,0.023814770867689183,0.02381912840390515,0.02382815284382499,0.023866158531555756
0.023812184368781287,0.02383957839509634,0.8570157061917526,0.02381836286754033,0.02381695590800697,0.023811112048421203,0.02388610022040123
0.028571434006523785,0.5175913127840543,0.33954502579612017,0.0285714304436351,0.028571431231647855,0.028577933166734043,0.028571432571284607
0.015884912525583834,0.015893681138505762,0.568259201943713,0.35217989632761376,0.015891732860637327,0.015875778972875104,0.01601479623107112
0.00793880453230201,0.9091232425186484,0.007963446603782705,0.00793720527234215,0.05114261901509382,0.007955471989242542,0.007939210068588377
0.02857501569545492,0.8285633499938518,0.028571431063401348,0.028574395086851723,0.02857142998107864,0.028572892702093372,0.0285714854772684
0.04761906492488259,0.04772467686252159,0.38092634082131205,0.04761905356777437,0.38085150447202026,0.04764029046970435,0.047619068881784805
0.03573093612126624,0.7854863322820493,0.0359255818406935,0.03571428670653761,0.03571428711389614,0.0357142880185471,0.035714287917010146
0.02049240399566014,0.877003614305293,0.020539548529305084,0.020509408023309694,0.020482845798958253,0.020466711490407664,0.02050546785706604
0.006817977636048422,0.21560842647671308,0.03932840910839855,0.7177890446049247,0.00680357859877055,0.006807540800978845,0.006845022774165776
0.0476197172330588,0.35869126090610887,0.4032012146216315,0.047624132706189655,0.047621793433654414,0.04762283097853496,0.04761905012082174
0.02389033038766733,0.023826336789853395,0.5238018612333218,0.023809526290733074,0.35691266254525755,0.023889405490057147,0.023869877263109584
0.028582996627948363,0.0286470455782977,0.6665557314966802,0.028571429475745903,0.02857256753958219,0.19046287157535746,0.02860735770638794
0.02882175827209301,0.02858661360287134,0.6279066325707453,0.22890282303882323,0.028571435197283147,0.028623682552494544,0.02858705476568956
0.020414054395986394,0.020416849016173716,0.020433335521577715,0.3061480946203672,0.5917493026673699,0.020408395930326183,0.020429967848198824
0.2974884188269943,0.028572508210920382,0.02869928183011575,0.02865088769580538,0.02861606697909255,0.028590672737935596,0.5593821637191362
0.017966680773811104,0.01789841406155431,0.017895488794300758,0.017864654818438096,0.01787103782746946,0.8926375625484986,0.017866161175927688
0.006512373203470388,0.38755400059623984,0.0065203087714590605,0.0065266955895962485,0.006524300784123818,0.4537842928688941,0.13257802818621656
0.008408997347171219,0.1209514316892489,0.008429354598842123,0.008438610057088592,0.21048321574605094,0.29290167857518706,0.35038671198641125
0.02042564047873737,0.21493924915108126,0.020408197986267994,0.6829981736298263,0.020408166584138333,0.020412403919305006,0.02040816825064379
0.047915971667914344,0.40314984232683354,0.35841442302745774,0.04761905539576344,0.04761905880072529,0.04764080396294637,0.047640844818359174
0.01303148084306035,0.4507391946649907,0.13322052197882944,0.013100470228830655,0.013012506019421196,0.3639077976330286,0.012988028631839033
0.01592675744573823,0.015878193124797428,0.904560969966136,0.01587301780422809,0.015901812481705004,0.015912101322051606,0.015947147855343582
0.03576801837051717,0.035799139305580006,0.2348866767552932,0.03571428849357421,0.03571428969342748,0.5863143356166574,0.03580325176495048
0.047651669594313745,0.04762018159613634,0.7141938030497867,0.04763098503483847,0.047619049263670006,0.04762034566334899,0.0476639657979056
0.028602312758191493,0.028573844868002615,0.8285177277704636,0.028574694506232765,0.028573592636805006,0.028574201678493793,0.02858362578181063
0.7137475926566981,0.04761905317637165,0.047990815578643355,0.047619049706618406,0.04769164243705952,0.047619052515281306,0.047712793929327764
0.1446974161050871,0.014289728696457707,0.5281711240428455,0.014286740940431236,0.014354959465797706,0.014328412737234264,0.26987161801214654
0.363822475680094,0.047636334223381,0.3980171034314766,0.04761905288376891,0.0476190553873607,0.04763890072998005,0.04764707766393877
0.07164475072925133,0.0714285943638493,0.5708533570578583,0.07142858005818693,0.07142858385398278,0.07142859173260381,0.07178754220426753
0.03571429619386311,0.03572937626620657,0.2348996982982624,0.03571428932655376,0.03571429085021735,0.5865137556130833,0.03571429345181358
0.0158930919061833,0.01589261210824225,0.24500011251783632,0.015875502281110433,0.3396971390191336,0.01588825441832437,0.35175328774916975
0.01800748663738945,0.5177317722299913,0.017896840399426576,0.017859287955847517,0.017904622661726946,0.39271483803972773,0.017885152075890393
0.3753154596915884,0.04761908973476843,0.04761909242888583,0.38651660962573314,0.04761907008166332,0.047691596992437045,0.04761908144492379
0.01434676365431683,0.014324122492366647,0.18601336623886439,0.014287278226277027,0.01429447409656003,0.014307037210866526,0.7424269580807485
0.07142862338553865,0.07142861814589686,0.07142861520784365,0.5714283221090576,0.07142859627085069,0.0714286145419937,0.07142861033881884
0.020519832600218144,0.020426702689741956,0.020552173426156516,0.020616382432345287,0.02054124946805505,0.8766801046451137,0.02066355473836923
0.6272422477170558,0.014298761997837629,0.014306693364756342,0.014374052878858287,0.014308094382025622,0.3011666533085892,0.014303496350877003
0.7849625780584626,0.036006911428402226,0.035994701141924934,0.03575046925851387,0.03574845722179385,0.03573967459119441,0.03579720829970797
0.023825669016651823,0.02384705907140153,0.29056399410697753,0.023809526672057414,0.28228885600763987,0.023818855601263997,0.3318460395240078
0.028597011137460923,0.028715745237560528,0.358993260374697,0.028754152300594218,0.028727407518647042,0.028623249152730887,0.49758917427830945
0.03572961617942151,0.03571845491537966,0.7851227921195677,0.035719909985014724,0.036123126079399305,0.03580493717010435,0.03578116355111268
0.020420690188826928,0.020408168907582437,0.3724762321243522,0.020408467804729196,0.02051678721451793,0.3825305646788079,0.1632390890811833
0.020425657486456073,0.020465335449973126,0.24806096130437133,0.02041133416742964,0.020467079341320957,0.020462075234548575,0.6497075570159003
0.01304938939663877,0.11275677854693111,0.01299430360600314,0.012988600080900043,0.013000781184698319,0.013050512187357394,0.8221596349974711
0.6959063405737399,0.01786739447923505,0.017913550256544376,0.2145528577767289,0.01791806343072291,0.017902771315379342,0.0179390221676495
0.02858032481868801,0.028573844754582117,0.8285418863342096,0.028574693430140834,0.02857143040493206,0.02857420130658368,0.028583618950864077
0.5713668169651104,0.07142857892655644,0.07142857856146219,0.071428574244804,0.07142857545552934,0.07149029839750988,0.07142857744902786
0.028610115757943894,0.02860333491154672,0.19202962874776236,0.2285309162869239,0.02857183205637995,0.46490860718446564,0.028745565054977436
0.012998508485164897,0.1558892265472985,0.7791094708060937,0.012991403393618286,0.012993760683754133,0.0130151118748984,0.013002518209172066
0.020414147562559205,0.02040841640331249,0.020418378915105468,0.020524569263058078,0.4169250223595033,0.020477979361940346,0.48083148613452104
0.014310456145211953,0.11706274395199004,0.8113091946155867,0.01430755603775057,0.014328224940871406,0.014327867428576295,0.014353956880013136
0.07142966433625303,0.07142857501274595,0.571421285485211,0.07142857278461272,0.0714285733610815,0.0714347546929243,0.07142857432717165
0.48038532312286897,0.43999618209259833,0.01602555953359477,0.015900738163277396,0.015873348705044164,0.01593549578579023,0.01588335259682614
0.028613716804947974,0.02857800570601777,0.0288188049313147,0.38396867932902645,0.4727035513008519,0.028602325830387163,0.028714916097454003
0.14285714285714288,0.14285714285714288,0.14285714285714288,0.14285714285714288,0.14285714285714288,0.14285714285714288,0.14285714285714288
0.017902415769011422,0.0178771841144575,0.54756848233917,0.017857148717445252,0.19580237593995645,0.017885227302528457,0.1851071658174308
0.011919773020990213,0.011996463596497954,0.9283969411671887,0.011905260576335982,0.011923019279952035,0.011910206781274595,0.011948335577760568
0.14285714285714288,0.14285714285714288,0.14285714285714288,0.14285714285714288,0.14285714285714288,0.14285714285714288,0.14285714285714288
0.550396798707457,0.4074923182148579,0.00844196205308528,0.008435668653475132,0.008406447783852704,0.008411652980049322,0.008415151607222766
0.03578966747278604,0.03579564230265295,0.39743444443566567,0.03571530357953314,0.4237715843496199,0.03577904740406518,0.035714310455677196
0.008941516637895077,0.008933439485891271,0.008937029984406535,0.8628041043186103,0.008975121757295835,0.008945133017130357,0.09246365479877061
0.1097654697423771,0.013071879722715972,0.8251060225436221,0.013022431536389977,0.013005706389087318,0.013026901557039457,0.013001588508768126
0.03574105277998214,0.2873816329246326,0.5339908624108037,0.035722981126617114,0.03571429847001732,0.03571429200084562,0.03573488028710142
0.1702623306379177,0.08969857584195985,0.009579579783042748,0.7018767475073592,0.009524805183174993,0.009526669352625229,0.009531291693920214
0.26657498286823933,0.01197024915397688,0.01205587716288644,0.6736781450751892,0.011911174336081468,0.011904789021931279,0.011904782381695258
0.028571436390235384,0.028585798504690372,0.02857484031162374,0.028571431223908848,0.578210697192607,0.028576256066793013,0.2789095403101416
0.8566995946353916,0.023859217460222498,0.02391082330616667,0.02386753968239214,0.023823593565732517,0.023842997843170254,0.023996233506924255
0.5123113971894895,0.028584119780018902,0.3444315804791598,0.028571430939906026,0.02869172400375122,0.028785697123390235,0.02862405048428442
0.5713130024294503,0.07142858945315965,0.07142859594024745,0.07143601974883719,0.07142858087245502,0.07153662575907488,0.07142858579677541
0.015918135885221094,0.5055403464898874,0.01596604533867642,0.41482506699473254,0.015949185661876777,0.01589216402477009,0.015909055604835725
0.8284120696897808,0.028577596106010676,0.028714139057750963,0.02857385643501931,0.028571432646951094,0.02857947136505602,0.028571434699430902
0.03571429162509517,0.7857091795059977,0.03571787524323567,0.035715259602387986,0.035714813541269784,0.0357142904367794,0.035714290045234354
0.009555349017850297,0.009550339377364613,0.8028408543395671,0.009555726763922466,0.009598359748233032,0.009540096187813025,0.14935927456524958
0.011029531392542001,0.01099871037237342,0.3085335254556359,0.6364554346801261,0.01098901466678233,0.010998976775616913,0.010994806656923425
0.013095446694558003,0.01298922052638708,0.01306925971698593,0.012987016278378468,0.921729233822393,0.013016241454961469,0.013113581506336142
0.014299104856920111,0.014315431445699708,0.24545787025642193,0.014285858763232047,0.014378282799278332,0.4853884620938361,0.21187498978461172
0.002987384117594841,0.34557047584990314,0.0029838525502313535,0.6168961818830043,0.025595455021795513,0.0029804414821392885,0.002986209095331675
0.013072552163635495,0.013069802575110447,0.013030560954639767,0.013098024303378166,0.01305021951198491,0.013053851232539267,0.921624989258712
0.04765563559953958,0.7141799105385168,0.047619058051619576,0.0476785941738986,0.0476190535139981,0.04762869165257584,0.047619056469851574
0.3122499530518886,0.32176784278931453,0.023961704337150152,0.02389233313342376,0.023838232444841602,0.2704247871327005,0.023865147110680832
0.011012788584412589,0.0110176883396423,0.3417160388037378,0.01099631578834479,0.13442043297185863,0.47983717074363563,0.010999564768368181
0.03571430910698465,0.03571430714247797,0.035804438210529824,0.03571586828567472,0.03571629114655984,0.7854533174604553,0.0358814686473177
0.02858851487151083,0.028572871165868215,0.028571447819854955,0.6285510535440892,0.028571439587770118,0.22857322732530821,0.028571445685598534
0.023931571670989298,0.023818767453723938,0.1904626225860372,0.02380952663098962,0.6902252182229268,0.02382018511749124,0.023932108317841847
0.020408175977005734,0.0204102525113057,0.7292317954530442,0.16867366085029892,0.020411344439631444,0.020444182850629208,0.020420587918084893
0.020413392614216163,0.02045136660538374,0.6930533216757402,0.204839781525989,0.020408170623200588,0.020409829177715694,0.020424137777754755
0.009536555586712204,0.09845555212231216,0.009542455244847238,0.009534494717532704,0.2310258589392924,0.36026571130537766,0.28163937208392575
0.07142882564722162,0.571428151878829,0.07142872881388215,0.071428572579353,0.0714285730615854,0.07142857413190715,0.07142857388722168
0.02044067884467796,0.7105833361741184,0.02040824387541509,0.020420850860074318,0.02041203774012235,0.18731410927782732,0.02042074322776449
0.7135798228306663,0.04827510433594183,0.047619074962542106,0.04761905851256476,0.047628416425238636,0.04761907292313683,0.047659450009909204
0.5582504238356378,0.020503742590812696,0.020507289198785524,0.020498616203373187,0.020413056123719645,0.3394063505837405,0.020420521463930592
0.01302171540828975,0.01298878493813147,0.013022411822449106,0.01298717105356434,0.22000188302722135,0.29160835148578246,0.4363696822645615
0.020421466718123626,0.02040817671772913,0.02040817625269084,0.7114556561144224,0.02044073293562057,0.020408175175807123,0.18645761608560626
0.014302321051631922,0.014437568764289652,0.014420791685174598,0.11330680653474566,0.014305692701313487,0.8149237044796396,0.014303114783205034
0.02862253899517945,0.6284819169524306,0.2285143094176389,0.028572738919322452,0.028571434295846018,0.028596052720697627,0.028641008698884855
0.5714284455250761,0.07142859929539037,0.07142859784189802,0.07142858174304108,0.07142858624671329,0.07142859574937944,0.07142859359850162
0.014298428758059045,0.01429386908444691,0.9141803900625539,0.014285768685894542,0.014288771882782691,0.014328257237430359,0.014324514288832434
0.0023114375352469387,0.002311481089663038,0.13277917606143927,0.8556686102628636,0.0023054865524419622,0.0023172407779664716,0.002306567720378769
0.04773560090928401,0.047619077745545135,0.7140986181244401,0.04763986521569061,0.04761906375569769,0.04761907419484721,0.047668700054495305
0.028592858193528758,0.6095835590657902,0.02870420521688522,0.02860511303891411,0.2472252604326701,0.02867044034799457,0.02861856370421701
0.017941407552602425,0.3621119551188596,0.5482218749501772,0.017939692282385174,0.01787073138574155,0.017985807920001467,0.017928530790232697
0.011043043642543994,0.01100553115851803,0.9337652183206138,0.011062305243663967,0.011063140939729028,0.01101932321619768,0.011041437478733459
0.047619057650096774,0.04762680714137708,0.7142689886674171,0.04761905106239383,0.04761905267437578,0.047627987821379704,0.04761905498295981
0.023841562176962962,0.023809532411534082,0.023850664007487404,0.02384654962978399,0.023895693539309776,0.8569276158314798,0.023828382403442035
0.015877710300902032,0.015873018514255464,0.9047391181004275,0.01588224545229562,0.01587450646076103,0.01587462921790729,0.01587877195345117
0.08467399686191289,0.24772205248337037,0.4675571050066853,0.005964312808023851,0.005969314109971839,0.18214818160722374,0.005965037122811966
0.9283781602888918,0.011904767597027122,0.011919168142508749,0.011906179188310231,0.01193614649334907,0.011962715255767394,0.011992863034145776
0.6991407239545891,0.14401292600787674,0.013035513192438631,0.10480881557362458,0.013007617242850938,0.012998011704886648,0.012996392323733388
0.23450424840762293,0.01304143232101954,0.70049618711225,0.012990509103460057,0.012989216284729646,0.012987015788603059,0.012991390982314683
0.010228346083523467,0.15355193109511878,0.4852434990584352,0.01022623141630934,0.3202505278266981,0.010229315441462628,0.010270149078452492
0.07154068812314736,0.5708257154432931,0.07176327267275354,0.0715795451718327,0.07142858034382871,0.07143361331115618,0.07142858493398853
0.014322945966527565,0.014291688759231529,0.014303242757839327,0.0143035733157191,0.3771297372946574,0.014329747342905633,0.5513190645631193
0.0059637863350760255,0.40000696998318236,0.1599808074369611,0.005956650556524835,0.19508749784950585,0.005965069167998167,0.22703921867075164
0.014373281101435707,0.3697977270788794,0.014332272128835689,0.014328162935317934,0.13078663285061848,0.014299627575705822,0.4420822963292069
0.02383361076090574,0.3559558826107447,0.02381714524945973,0.023821561539582516,0.19160794325613664,0.35709093809237313,0.023872918490797573
0.017982019179951642,0.42090119069078524,0.489642402791322,0.0178718368147191,0.01785714828489451,0.017875741245615362,0.017869660992712238
0.02861927502195576,0.028571448553622664,0.8283608280346226,0.02857143614055231,0.028571439352674623,0.02868636288702128,0.02861921000955064
0.28132189938731184,0.6292430523894648,0.017873360542436066,0.01785748253766565,0.017884069734979646,0.017943417564074908,0.017876717844067122
0.01588560916039334,0.015908320884947445,0.015913293908040946,0.015875011120337023,0.01597395981788979,0.42865548858129204,0.49178831652709953
0.02858543893224205,0.5893284383858066,0.028655994515579666,0.2674264675557363,0.0287181676602549,0.028652483074474464,0.028633009875906074
0.03588206419168381,0.39467188480243454,0.03571431062999223,0.4265794566689327,0.0357142999048133,0.035723676841919495,0.03571430696022386
0.02381771771969903,0.20307642315842198,0.6778047263117134,0.023809740792561367,0.023815579686472965,0.02381156542796067,0.023864246903170648
0.028597489512010674,0.20560141346656818,0.6514219257885699,0.02860739808338098,0.028580613325310273,0.028599137782728143,0.028592022041431814
0.17520022936155977,0.11226734244435811,0.003582693761586464,0.23215901172135053,0.4696158258540742,0.003586909631157819,0.0035879872259130694
0.33757484234451685,0.23762888615465713,0.3675553170429933,0.014290119927546597,0.014309808526719725,0.014327950786379258,0.014313075217186989
0.5355288962717599,0.03572816455206703,0.28570908345135443,0.03573427716697336,0.03583547739029015,0.03573022124404962,0.035733879923505546
0.23379547020955202,0.00843684283350903,0.36460315669030163,0.008407474528318823,0.008415524954640036,0.18169401199085403,0.19464751879282446
0.014315420466039935,0.5275887736475288,0.014317170114658724,0.014289736552123709,0.014379587351281715,0.014340833911152828,0.4007684779572145
0.017867867138730283,0.017861466985962228,0.017873323954343753,0.8928108909549222,0.017857149286439323,0.01787214911021887,0.017857152569383417
0.014298180314698978,0.48360271267059857,0.44474079584010245,0.01428571728907929,0.014299969507416565,0.014393392131509886,0.01437923224659437
0.015881463752688212,0.3928127405715047,0.5277719921831185,0.015873135753449046,0.015878594736857106,0.015889489124921444,0.015892583877460856
0.07142882564722162,0.571428151878829,0.07142872881388215,0.071428572579353,0.0714285730615854,0.07142857413190715,0.07142857388722168
0.04765167431048996,0.04762787245777527,0.7141772425282416,0.04763098487996202,0.04761904825409084,0.04762917885115311,0.04766399871828726
0.014323411379921762,0.014287779158264761,0.014339503683517768,0.014339269238194218,0.014397298583428418,0.014391028889689777,0.9139217090669833
0.047651669594313745,0.04762018159613634,0.7141938030497867,0.04763098503483847,0.047619049263670006,0.04762034566334899,0.0476639657979056
0.03571430889867259,0.035714306749427285,0.035714306076599894,0.7856820894301241,0.035733529476077004,0.035714304617811124,0.035727154751287925
0.047727176096944705,0.047671585285695206,0.047858343068468846,0.047619060026045816,0.7138579053847046,0.04764685573547022,0.04761907440267074
0.4111432533412269,0.03572247514813911,0.4099160448029789,0.035714288859645844,0.0358158987963926,0.035817426724639986,0.03587061232697662
0.07142861606481953,0.07142861245528648,0.07142860992350152,0.07142858673603672,0.07170349068937366,0.5711534799802355,0.07142860415074667
0.03582349970116791,0.0357142996441506,0.2856464843026836,0.035715925546946276,0.035714293415320765,0.03574913208648267,0.5356363653032482
0.014327843119562245,0.014293263917793234,0.16554128636453583,0.01428571696916975,0.01432847487546361,0.014305031228293153,0.7629183835251822
0.03571485811576531,0.03571714892998322,0.28573341875823427,0.5355848194969149,0.03571429954037824,0.03571739813411492,0.03581805702460911
0.020440824104349612,0.02040816997291281,0.020532063799181228,0.020408167975893586,0.02048112686624069,0.4768931718364433,0.4208364754449788
0.03578881379733828,0.03586598399524227,0.035730968111284823,0.035714296802257316,0.035940051386569936,0.035793542346766606,0.7851663435605407
0.007162507625107545,0.13036230355204315,0.47041227704098554,0.007156489826494677,0.007165163509242843,0.3705623496184487,0.007178908827677564
0.04765211099659387,0.047966238878236096,0.04770815680760184,0.7137014572683257,0.0476414028733249,0.04771090533276678,0.04761972784315087
0.01788699172939879,0.017892633128416255,0.017928546338792557,0.01786465246340876,0.017880463796427912,0.8926625288083222,0.017884183735233466
0.028704154282391776,0.02862445703006992,0.46175811065832056,0.028571926460404025,0.028636488743599586,0.028767620537556587,0.3949372422876576
0.03571430703448432,0.03571430540866982,0.7855345356958819,0.03572698752674303,0.035728072823898005,0.03571430304542722,0.03586748846489565
0.03591258420395064,0.03578247481300771,0.5357064078804822,0.0357142884855535,0.2853579014357706,0.03581205150827093,0.035714291672964464
0.29195605401492436,0.5887964194941094,0.023869105263065696,0.023830715330641968,0.02387218623272136,0.02384142687577978,0.023834092788757404
0.07142857272489044,0.07145690929313617,0.5713673733019692,0.07142857187374742,0.07142857206199978,0.07146142836432541,0.07142857237993164
0.4781161367907145,0.48932303626507434,0.006511213044759672,0.0065031787862327274,0.006509954955621503,0.0065343606916294225,0.006502119465967888
0.006214778672092072,0.14152747686519634,0.006219059497559181,0.8273937343187626,0.006211280474939071,0.006217268210068668,0.006216401961382026
0.0010139269435511875,0.0010143349575221729,0.0010141361982512836,0.9779940641305571,0.0010135037770604037,0.016935116762024468,0.001014917231033549
0.0014886413904064155,0.0014935927097995284,0.0014883725435316099,0.9910621165977855,0.0014884313362916062,0.0014896189242449753,0.0014892264979402701
0.0004453723195491218,0.18186906373847103,0.0004456691985786327,0.8158988047165562,0.00044519670395674703,0.00044946403336620146,0.00044642928952212527
0.0019310597885063517,0.0019308950353768282,0.001930815052081856,0.973296438395153,0.0019307440984307747,0.01704914936054386,0.0019308982699073173
0.010204085496605415,0.010206114380401485,0.010204084962874314,0.9387674657974477,0.010205356938172793,0.010207293172308184,0.01020559925219009
0.001935013192801235,0.001933676602826322,0.0019326307335967641,0.961572347417712,0.0019358537758555868,0.02874895820103304,0.0019415200761750242
0.0016812501692656163,0.015008453431711435,0.0016815042937010439,0.9765861751274246,0.0016807064401504082,0.0016809338685290479,0.001680976669217741
0.002198728378236716,0.0021989412471764926,0.0021986192548149558,0.9868063861860304,0.0021987752048991745,0.0022006169670476554,0.0021979327617944093
0.0007643149604027183,0.0007643952822386171,0.0007643474184261653,0.9954143158694663,0.0007640740816957776,0.0007642393113242785,0.0007643130764462303
0.0015365751095819183,0.00153678537978628,0.0015367180961832583,0.9784984220020406,0.0015363468608159132,0.013818696860538783,0.001536455691053301
0.0021330984780272857,0.0021330092009227072,0.002134981565376549,0.9872009714719461,0.002132235350980486,0.002132568410754664,0.002133135521992133
0.004203617769876396,0.12192286914945875,0.004223901755417686,0.8570431973565653,0.004202194934701561,0.004202433246237778,0.004201785787742553
0.0006384733325982046,0.02572748371775485,0.0006382601743599943,0.97107951951171,0.0006380283532397095,0.0006401238498258126,0.0006381110605113636
0.0007645756407153925,0.02696841345166124,0.0007646556358198237,0.9692095906417485,0.0007639964571432418,0.0007643311230212102,0.0007644370498906347
0.0007811660500593319,0.0007824161260081785,0.0007808173827119942,0.9953109741246577,0.0007816612216949046,0.000780945552727152,0.0007820195421405137
0.0013232877122855093,0.014003786963466287,0.0013237310091728897,0.9793800400029837,0.001322891122171339,0.0013230733027689285,0.0013231898871512919
0.0005087328338391579,0.0005099932325653343,0.0005089343396220293,0.9969434195191924,0.0005109230471576817,0.0005090304672699759,0.0005089665603536392
0.0009502271263267954,0.0009463918543146207,0.0009466909843326139,0.8892841567854792,0.0009502816413955388,0.09077031718887026,0.016151934419281037
0.0017424594855595403,0.0017426669343265737,0.0017426457790704344,0.98954383466082,0.0017425038894782734,0.0017435291014430204,0.001742360149302249
0.022475677566929555,0.06421296102046793,0.0005518733885056525,0.8270803315461116,0.08457553360134813,0.0005519121669404684,0.0005517107096965892
0.00044028781858733413,0.028127870624406862,0.0004388752567324406,0.9696761731431683,0.00043931445273490783,0.0004388153897149571,0.00043866331465498186
0.0010602464065083905,0.023079774793841438,0.0010604135293118436,0.9716183316476029,0.001060167900936081,0.0010607029415245813,0.0010603627802746876
0.0057146325984681725,0.005715577725984311,0.005717455458584968,0.9657002833299986,0.00571530525946397,0.0057199713501734336,0.005716774277326676
0.00028476936793002925,0.00028485738413977746,0.00028476272309649456,0.9982914850084952,0.00028460909534706045,0.0002847927546491582,0.00028472366634241914
0.0005655725591464622,0.0005652821010783204,0.0005649151178972248,0.996606772177914,0.0005657303664150793,0.00056555738001827,0.0005661702975305706
0.0005649214739032591,0.0005649058420398571,0.0005650194809386097,0.9966099997738694,0.0005650427760580599,0.0005652772709806954,0.0005648333822101526
0.002233497435831261,0.0022326040478473116,0.0022329551094385884,0.9866021322017359,0.0022324375350505337,0.002233707187876912,0.0022326664822195754
0.0009858382780525672,0.0009859858292694168,0.0009856390288740895,0.9940853952706896,0.000985870144138711,0.000985825922332953,0.00098544552664267
0.0012787585894344319,0.0375218107657662,0.001280403772640424,0.9560879646527713,0.0012763761658517903,0.001277316460244659,0.0012773695932911202
0.000821921488828059,0.025208915054682764,0.04934757453521981,0.9221566199969913,0.0008212830761882505,0.0008212863297454477,0.0008223995183445246
0.0006782200719282506,0.16977832963994477,0.0006796006022826353,0.8268295085625331,0.0006788471734633498,0.0006777239325661995,0.0006777700172817238
0.0004908013151364974,0.0004897257495853186,0.0004904608767524597,0.9970606820571726,0.0004893032896575486,0.0004895301959286873,0.000489496515766853
0.0015582273952985913,0.0015539149465125344,0.0015551915625263372,0.29780239406963227,0.17455256119818055,0.4263820389778909,0.096595671849959
0.0014444327675047503,0.1334723586443856,0.0014446344422290292,0.8593060544587092,0.0014431958192674442,0.001443351171435479,0.0014459726964684667
0.0005787977414146152,0.0005788764368228049,0.000578665502434727,0.9965274722819594,0.0005787289649836301,0.0005787570055759639,0.0005787020668089466
0.0006484094645740099,0.0006483196805106007,0.02022686035057461,0.8299766280390564,0.04622899557267816,0.06221095863700653,0.04005982825559967
