doc_id,text,platform
0,based reports reported p26 billion budget cebu covers large number infrastructure though effectiveness currently intense scrutiny due severe flooding data suggests around undertaken across cebu province amounting approximately p26 billion,youtube
1,basta maipalusot pra manakaw budget hndi pagaaralan mkakatulong tlga bkt wlang pagaaral hndi ktulad japan inaaral mbuti pinas harang gngwa,youtube
2,kasya resources funds basta nakaw iyong mapepera balak pwede maawa nawalan breadwinner bahay kabuhayan stop paid serve taxpayers,youtube
3,soul conscience guilt soul conscience guilt interconnected concepts soul considered essence person conscience internal moral compass guides soul guilt emotional pain negative feeling arises one acts conscience acting accordance one conscience leads clear conscience violating results guilty conscience powerful motivator seeking change forgiveness soul soul considered essential part person sometimes viewed one moral spiritual conscience conscience internal faculty allows person distinguish right wrong functions moral guide compass soul healthy conscience freedom seared ignored conscience dangerous interpretations guilt guilt emotional psychological response violated one conscience sense right wrong often described painful feeling bad feeling comes knowing thinking done something wrong intensity guilt depend perceived severity wrong action relation others oneself overcoming guilt often involves process seeking forgiveness repenting trying one conscience future statement conscience describes profound lack morality empathy conscience internal sense right wrong absence means someone regard rights feelings others individuals without conscience antisocial manipulative guilt remorse harm cause,youtube
4,sarah next,youtube
5,martirez,youtube
6,poor planning poor execution corruption incompetent charge investigate justice,youtube
7,erc reason fuel increases russia time still mideast problem nahalata pinapa ginatasn nyu pinoy,youtube
8,correction russias attack ukrain way around baka maging pilippines aggression china sunod balita ninyu please check facts,youtube
9,question investigation makakasuhan natakbo involve haruhay ibang bansa lge kawawa kming mahihirap,youtube
10,dizon focus davao cebu equally important ilocos norte ghost fully paid per chavit,youtube
11,approved subdivision development lumiit lalo ilog problema illegal structure illegal logging yun ilog naging kanal laki,youtube
12,estimate consider ton weight wood force strike,youtube
13,cebu iimbestiga dedicated davao city conduct controversy,youtube
14,substandard gawa cebu baha madaling masira masama yun bundok sinira,youtube
15,invite slater young show interview monterrazas allegedly caused floods nearby areas,youtube
16,mitigation planned based normal rainfall sure know planned low high budget lot could ways long nobody gets arrested money confiscated won laughing funerals normal,youtube
17,let involved placed caged,youtube
18,death penalty corrupt officials,youtube
19,frankly study done,youtube
20,phil needs bitay,youtube
21,dizon planning start plan plunder budget kunwari planing planning eventually budget gone smoke luck,youtube
22,nangyari builders bang result invistigasyon dating district engineer dati assign 6th engineering district cebu city maraming sasakyan marami pang bahay asawa contractor behind scene umpisahan imbistigasyun mindanao dating kapatid nañg undersecretary nañg central office,youtube
23,naging resulta ghost substandard flash floods tuwing bagyo kawawang biktima flash opesyales contractor politiko senado kongresso ayahay busog flashflood funds,youtube
24,napakaliit makitid kakayanin biglaang dating volume tubig,youtube
25,ilang msasakripisyo dhil buwayang ngnakaw pera mmmyang pilipino kwawang mmmyan ngbuwis dhil trahedyang dulot ktiwalian nsaan puso,youtube
26,congresswoman bohol become richer ayalas buying hotels pieces candies,youtube
27,bohol,youtube
28,based reports reported p26 billion budget cebu covers large number infrastructure though effectiveness currently intense scrutiny due severe flooding data suggests around undertaken across cebu province amounting approximately p26 billion,youtube
30,huli naaa,youtube
31,waiting days seeing nothing frustrating accountability shouldn take long,youtube
32,paring nakukulong bwesit,youtube
33,akong ipag yayabang saaming probinsya camarenis norte egay tallado salita,youtube
34,iso bayad wait untill became congresman,youtube
35,ibinoto magtiis,youtube
36,weeh tagal sec dizon drama drama,youtube
37,daming kurakot senador,youtube
38,duterte panahon dghan ghost,youtube
39,kwenta hanggang ngayun paring napaparusahan,youtube
40,napapansin nililishi issue slater young dumaan tamang proseso binigyang permit dolomite dumaan tamng prosesso nawala basura senador sinacrfice easy target sen villanueva jinggoy davao duterte obvious nepo babies relaxing real culprit abroad tumatawa romualdez still free,youtube
41,spelling two words issue slater young dolomit sisishin ilihis katiwalian issue,youtube
42,paren nakukulong sinomang pumirma approve magturuan leadership country take responsiblity sorry unacceptable government officials spend tax money travel abroad supposed learn something bring ideas bit instead thought right make personal allowance shameless politicians sampal recto putik magbayad tax,youtube
43,lagi managot gang ngaun nananagot malayang malaya,youtube
44,ikulong gwendolyn garcia,youtube
45,water tanging diversion direksyon daloy nature win ever time,youtube
46,corruption longer left solely local governments crime impacts millions fall jurisdiction icc corrupt officials imprisoned released new administration takes justice never truly served time international criminal court take stand treat large scale corruption crime humanity ensuring accountability transcends politics borders,youtube
47,hope filipinos learn next election vote leaders serve filipino honestly sincerely,youtube
48,want accountability want someone head justice cebu,youtube
49,philippines never change population poorest world reason corruption government,youtube
50,philippine government always always trash,youtube
51,divert tubig mabawasan baha tama,youtube
52,nangyari hangang pang nakulong,youtube
53,lahatin create teams provinces,youtube
54,manila gets flooded manila prioritized,youtube
55,unahin davao,youtube
56,isabay reforestation kalbong bundok maplaflatten tuwing uulan siempre mauulit mauulit masisira structures pasara minahan,youtube
57,epekto pangungurakot,youtube
58,hold across philippines wait typhoon strikes,youtube
59,huli killed,youtube
60,bunga corruption,youtube
61,pati denr ipapakulong,youtube
62,patayin corrupt,youtube
63,26b wasnnot last years started,youtube
64,ilocos imbistigahan dami palusot,youtube
65,duterte,youtube
66,look devastation cebu aftermath nuclear bomb explosion different terrible terrible devastation ground stunned see even heavy buldoze rock carried strong water current town streets neighborhood landslide heavy rocks came carried flashflood must came hills mountain alike many houses destroyed cars properties mud made worst act vince send many heavy equipments area mentally physically exhausted know traumatizing shocking prayers fellow kababayan president recently declared national calamity asked nations send help well president bbm shoukd call mobilize national army national guard bring heavy equipments thousands armies cleaning know main purposed look upon ghost resulted mainly need help residents whole city towns first heavily affected clean starting worked lives whatever needed immediatelly bless,youtube
67,fix issues controls pbbm need reach netherlands ask help advice done centuries hire chinese filipinos experiences plus cheat steal,youtube
68,look devastation cebu aftermath nuclear bomb explosion different terrible terrible devastation ground stunned see even heavy buldoze rock carried strong water current town streets neighborhood landslide heavy rocks came carried flashflood must came hills mountain alike many houses destroyed cars properties mud made worst act vince send many heavy equipments area mentally physically exhausted know traumatizing shocking prayers fellow kababayan president recently declared national calamity asked nations send help well know main purposed look upon ghost resulted mainly need help residents whole city towns first heavily affected clean starting worked lives whatever needed immediatelly bless,youtube
69,sec dizon puros managot maniwala kami nakulong tagal munang sinasabi namang nanagot patunayan maniwala kami puros salita pilipino basta pera mapagkatiwalaan tutukan pinoy basta pera huhudasin kawawa mahihirap bayan,youtube
70,prioritize mkukulong lokohan garapalang panloloko budol scam government official cause corrupt governmetn foreigner extremely corrupt bbm mahiya buong mundo sirang sira gobyero bangag,youtube
71,nagbaha ulit susunod bagyo priority style bulok need prioritized implemented properly,youtube
72,kasalanan korap ngyari bitayin ayup,youtube
73,duterte legacy,youtube
74,lawyer right though ever shots would national hero,youtube
75,goal prevent floods mitigate effects layer defence flooding,youtube
76,iyong bahay nasaan bongbong marcos sina romualdez zaldy chua abante atbp sangkot corruption bahain bagyohin lugar saan andon,youtube
77,laging bulok eroplano helicopters phil airforce hilig refurbished hilig pinaglumaan,youtube
78,kasalanan botante binebenta boto hanggang iba patuloy humahanga lalo pamilyang dugasveño,youtube
79,duterte kmi patay cebu duterte kmi,youtube
80,malalim malawak matibay sewerage system magseserve basin atupagin basic engineer architect antatanga,youtube
81,nalunod baha rehiyon mahal mahal digong imbis digong mapalabas tubig nangyari nakulong tubig proud dds,youtube
82,consider widening making straight revetment away bends river,youtube
83,crocs tormented guilt conscience,youtube
84,next move government pinas mangutang ulit ibang bansa nasalanta totoo pambili gulfstream private jet mansion forbes park polpolitiko,youtube
85,drowned grandma almost got swept flash maayu gani evacuate mins hapit najud,youtube
86,cebu nabudol magnanakaw mamamatay pamilyang duterte ghost duterte administration plus ghost billion pesos budget single build,youtube
87,snippet magtayo neto masyadong malapit dagat ganito itsura reservoir overbearing masyado torrential rain bansa hire working crew engineers analyze major building prayer bless nov2025,youtube
88,imprison perpetrators murder,youtube
89,problem lack zone studies compounded narrowed constricted riparian zones river deltas mother nature shaped river ways plains ions ago lack understanding human encroachment turn natural seasonal flooding unbearable human disasters embankments could making problem worst narrowing river channels simply space run significant rain event opinions folks technical facts,youtube
90,connected keso,youtube
91,dungturdte league voted robbed suffer much dedicated masochistic lifestyle,youtube
92,itigil mining uphill development resulted denudation uphill land tsktsk,youtube
93,questionin kasamang putik,youtube
94,grabeh need tong politiko minaliit nagdurusa maging matalino mahigpit politiko,youtube
95,kinalbong kabundukan nanggaling tubig kabundukan maraming puno siyang pipigil maraming tubig ngunit pinagpuputol magtayo kabahayan,youtube
96,mia zaldy unta nalumos cebu worst satan,youtube
97,pilipino lessons learned nabobola parin binigyan pera election,youtube
98,devastating ondoy sige ibenta boto bumoto parin irresponsableng politiko kawawa tayong mahihirap nagdudusa pasarap sarap anytime pwede silang umalis silang pakiaalam,youtube
99,governor funded president,youtube
100,dis corruptions exposed everywhere philippines,youtube
101,master plan real study holistic cause effect mitigation measures adaptation measures start forest protection etc dikes canals,youtube
102,dds pasalamatan tatay digong pamumuno noong babahain kagrabe cebu iba pang lugar pilipinas duterte duterte duterte,youtube
103,ilagay iko construct offering bad spirit padugo,youtube
104,lawyer must show receipt proof serious threat life always ginagamit serious threat show threat harapin imbestigasyon namang ginawang masama matatakot uwi lalo pang lalala kakaharapin,youtube
105,bitayin,youtube
106,pambihira panay dating pagkain magnanakaw,youtube
107,makulong kurakot indi nakita nangyari cebu kurakot governo nakakagigil,youtube
108,korap malunod baha,youtube
109,kulong kulong korap,youtube
110,jusko bat pang nakukulong,youtube
111,namang nakukulong,youtube
112,kulong,youtube
113,even famous damn disappoint government,youtube
114,halip ilaan bywis bayan pangangailangan mamamayan kinakatay katakawan bywaya pamahalaan,youtube
115,asa bansang hangga namumungad hunayupak matatakaw politiko merong tagapag tanggol,youtube
116,kapusakal kinauukulang opisyal pamahalaan tamang konsyensya mapunan laang kasibaan pondo buwis bayan,youtube
117,nakakahiya corrupt politiko pilipinas pinaguusapan buong mundo nabibitay protektado mafia gobyerno,youtube
118,tama panggulo pang delay ginagawa marcolekta nagmamagaling kapos kaalaman pera pera isip,youtube
119,marcoleta abogado kana discaya magresign kana pangulo nagiging smooth,youtube
120,kinalawang bilanguan ginawa hangang mabilango malapit napo pasko give nalng know kakahiya buong mundo ginagawa ibinoto,youtube
121,wagna esali markoletasahearing,youtube
122,likes marcoletakke studied law became lawyets defend weak poor marginalized innocent etc rather studied law became lawyers know bend manipulate defeat bypass exploit flaws backdoors vulnerabilities cracks system law exploit use weaknesses advantages political careers build wealth regardless means obtain wealths,youtube
123,marcoleta hoy,youtube
124,bastos marcobita,youtube
125,panira tlga peluka hay nku imbes mkatapos,youtube
126,panira tlga peluka hay nku imbes mkatapos,youtube
127,kayong limang senador nanalo kayong delikadesa kpit tuko kayong animal tinatablan hiya bayan ttigas lumayas,youtube
128,boy ulagang tagapagtanggol kawatan kumunistang china,youtube
129,inquiry main purpose legislate law indict individuals results investigation used culprit court law filed doj ombudsman favor government reproach blame job,youtube
130,mangyaya sinongaling uwi magandang panoorin,youtube
131,olol marcolita standby tuloy,youtube
132,marculeta magulo imbestigasyon masyadong maepal,youtube
133,marcolitainc pronto,youtube
134,ayaw lacson mabunyag pinag tatakpan pera pera ibang mang babatas election tingnan back ground nitong senador papadala matatamis pangako,youtube
135,palagay pinsan marcoleta magsalita,youtube
136,ikulong kurakot,youtube
137,million marculeta ginamit election galing discaya nagpapakamatay ipagtanggol marculeya discaya sara lustay,youtube
138,zaldy romualdez marcos kasali,youtube
140,appears sen marcoleta habit delaying hearings raising called prejudicial questions instead continuing hora mismo investigations given cmte limited number hours marcoleta wasn able pursue discaya couple request witness protection sen lacson mentioned brice hernandez radio interview lacson temporarily chairman marcoleta back trying raise questions delay questioning many invited persons investigation marcoleta wants restitution discaya couple possible cases would decided courts take decades resolve time makokolekta govierno marcoleta,youtube
141,paulit ulit post binabago hayop gusto gumawa bagong tlga bang ngyari last days,youtube
142,hay naku magnanakaw pera bayan,youtube
143,kabuhay marcolita kunra kakampi contractor,youtube
144,kulit luigar,youtube
145,walaka lacson butataka sen marcoleta,youtube
146,bida bids tong makulita nato,youtube
147,lumilihis pinky tanong,youtube
148,kaylan issue han warrant pinky martin zaldy bbm,youtube
149,sira ulo tlga marcoleta umpisa gnun agad daig pang wlng pinag aralan kampi marcoleta,youtube
150,milyon bilyon pinag uusapan,youtube
151,nagmamagaling corrupt marcolekta seguro nakakuha commission discaya,youtube
152,tamaan kidlat magnanakaw sinungsking kaka daming palusot paikot ikot,youtube
154,contrabidang markobeta gusting pagtakpan ayaw nyang mabunyag gustong ekut ikutin sen ping making mole small hole sen ping words,youtube
155,zino magnanakaw peru pangnakukulong,youtube
156,lagi nangaaway laging galit markubeta,youtube
157,kita sen marcoleta salita itigil agad lacson sotto,youtube
158,hnd sen marcoleta umopo mangyayari paikot ikot nlng pinag takpan cla,youtube
159,kanang salita marcoleta du30 tinatakpan kang kridibilidad,youtube
160,nka red jacket likod ksabwat marcoleta sesenyas,youtube
161,bastos nitong ping lacson lalo nyang mali cya nakakahiya totoo opinion nanalo tito sotto kiko pangilinan bam aquino,youtube
162,ipakulong tunay nanakaw,youtube
163,talagang matapos nato sangkot makulong kulong,youtube
164,still voting corrupt politicians suffering,youtube
165,country justice system fvcked nahhhh,youtube
166,tapusin tanong ejercito bkit ayaw sen lacson halata one mastermind iligaw iligaw isyu ngkagulio,youtube
167,marcoleta sugo diablo taga pagtanggol kawatan,youtube
168,sige away,youtube
169,marcoleta nagpapansin foul ball pretending knowledgeable hambog pretentious kami belib,youtube
170,busit katalaga marcobeta hinde muna patapusin sisen ping,youtube
171,mukhang pera kayong kayong puso baka bato inyong puso,youtube
172,wait kayong matauhan,youtube
173,takot pinky lacson,youtube
174,sinira mayabang marcoleta,youtube
175,marcobeta investigated must jail involved pdaf scam involved destabilization present gov,youtube
176,matalino marcoleta naging bobo forum tinanong yun sagut lacaon privadong mamayan chairman nasubrahan talino nagiging bobo minsan,youtube
177,pinky pinky pinky,youtube
178,marcoleta konra bida,youtube
179,sen ping time invistagation douths time belong truly served truly served servant working jesus name amen,youtube
180,lason lacson lalabas katotohan mannaig masama kabutihan hayop kyo kapangyarihan,youtube
181,paikot ikot tanong tanong hanggang tanong parin nangyayari tagal,youtube
182,sarap iuntog pader marcobeta,youtube
183,kupal pagulo,youtube
184,tae marcolit pinipilit tae mabaho nha,youtube
185,yinatakpan marcolta tunay cover magnanakaw nakita galawan,youtube
186,keeps holding long hearings outside trying survive begging food fighting day heartbreaking government already released funds supposed protect support communities yet results ground empty lots unfinished promises see families drowning struggle politicians argue circles feels one actually moving need help,youtube
187,marcoleta gumugulo pinagtatakpan,youtube
188,waiting days seeing nothing frustrating accountability shouldn take long,youtube
189,buang kang lacsona,youtube
190,pinoy style engr anyare tanggal lisensy,youtube
191,lusot maniwala congress uusap meron pang executive session saan,youtube
192,amo asawa marcoleta asawa,youtube
193,kasuhan marcoleta sinugaling pati saln ginagago pilipino,youtube
194,kasuhan marcoleta sinugaling pati saln ginagago pilipino,youtube
195,kulong kasbwat sinasayang oras namen punpasweldo,youtube
196,attitude marcoleta kamukha,youtube
197,japan korapsyon gobyerno nagpapakamatay politiko dame pakiot dame plot twist tang ina nangyayari gago,youtube
198,lawson,youtube
199,hapit laman gihapon nanagot,youtube
200,away away kunwari loob mapakita concern,youtube
201,lolokahan nlng,youtube
202,ginawa lacson basqhin gutezw halata tama marcelta,youtube
203,marcoleta nagpapagulo tinanggal marcoleta gusto pang humirit samantalang pekeng duteza hatak ayaw lumabas patay,youtube
204,hettsora remolla magkano pera cover scamer leader kaso desmis kolong matenong boang kana,youtube
205,lacson away kaagad yabang imbestiga npakulong,youtube
206,boang lacson kenakampehan cover lacson soto kayong pakenabang magkano epatawag romaldes salde pangasinan hoy,youtube
207,naten maraming dalang bagahe tong dds ubod rereklamo sarili,youtube
208,kabastusan yon ginawa ping pong pinatapos muna sinasabi sen marcoleta pinapakita bayan kong klasi pagkatao,youtube
209,pagulo tatang,youtube
210,lacs sumpungin inawayan bumalik kinain isinukha chair,youtube
211,napakabastos bulldog marcobeta,youtube
212,marco presiding officer,youtube
213,missed chat,youtube
214,andaming imbestigasyon ebidensya makulong corrupt bagal pagapapatupad batas pinas,youtube
215,diyos bahala nagsisinungaling,youtube
216,hay naku,youtube
217,alagang alaga remulla katabi,youtube
218,talagang isinama romualdez boying script,youtube
219,remulla halatado,youtube
220,halatang script,youtube
221,sen marcoleta wisdom handling please let speak,youtube
222,binabasang script katabi remulla,youtube
223,alisin boy pelukq ginawa kundi mang gulo protektahan dds,youtube
224,philippines palitan,youtube
225,worry official already moved assets america,youtube
226,gagong lacson kinikilingan,youtube
227,panggolo marcoleta kala pinakamagaling,youtube
228,markolikta pang pagulo lumayas markolikta,youtube
229,panggulo marcolecta abogado magnanakaw,youtube
230,bobo,youtube
231,house representatives hor magkamatayan protect kanilang members contractors senado pilit magkamatayan laglag kasamahan senado malamang interesado run pagiging presidente kapal laglagan kasamahan,youtube
232,mababawi nanakaw hanggat bbm presidente sigurado turo iba strategy tulad nitong marcoleta pauto,youtube
233,nakakasakit ulo opinion pinaka ugat hin magkasundo dami pang kailangan gawin dumating bagyong tibno uwan andyn padin aaway away papapatalo manok sayang oras araw daming naghihirapap natatapos maibalik pera bayan nakakaiyak nakakaawa pilipino,youtube
234,dpt ikulong lht cla pra ndi pamarisan maraming politician pra kinabukasan susunod henerasyon kpayapaan pilipinas,youtube
235,naging gahaman salapi tumanggap suhol pinairal katarungan samuel magandang balita biblia habang iba mahimbing natutulog tuwing umuulan matandang babae namamangka sariling bahay baha humuhupa itsura lupa gabi gabi takot kasama mapahinga habang kalunos lunos kalagayan nakaupong panatag tuyong dako pagod kabibilang salapi ginugol katulad ilang kailangang ilubog bago tumigil pangungurakot pagnanakaw kaban bayan katahimikan gabi maririnig hinaing maraming pilipinong nilulunod sakim,youtube
236,ayaw halos imbistigasyon marcolita mkpg salita iba gusto nlng salita npk bastos,youtube
237,lhat senador marcolita npk bastos mula conggreso hnggang senado nlng png gugulo,youtube
238,andaming kasinongalinga taega,youtube
239,ogag,youtube
240,hanep katabi boying remulla nagbigay papel script dis,youtube
241,habang nakaw,youtube
242,first time seen philippines country flooded every area every province,youtube
243,government full corrupt hayy,youtube
244,mayayaman kurakot tumutulong mahihirap mamamayan magbigay tulong,youtube
245,habang binabaha cebu nepo babies pabakasyon bakasyon lacson intention idiin sacrficial lamb co2mment bobo naiintindahan ayaw point kila zadly romuladez,youtube
246,absolutely embarrassing president congress non profit organizations contractors hope get karma bahala lord nature mad ongoing wrongdoings prolonged evidence justice system weak whole lot ego disrespect officials disgusting hope government help cebu need lot help world watching,youtube
247,gusto idiin pawn taga deliver pera master mind nakaupo nepo babie sarap sarap ngaon kakabakasyon,youtube
248,kpag corner suspended agad,youtube
249,tulong saan galing iyang itutulong tax payers money,youtube
250,protektahan iniimbistigahan baka sangkot hinaharang,youtube
251,meralcoletta president makinig pangunahan president masyado kang guilty,youtube
252,marcoleta saan credible witness ilabas muna sinungaling,youtube
253,pahalagahan ibang hind kagaya katipunan san miguel catanduanes mapansin ginawang tulay,youtube
254,natanggap kaginhawahan daigdig kapalit nasawi sakuna kagagawan impiyerno naghihintay kaligtasan kaluluwa habang mananatili mundo katapusan mapaparusahan impiyerno kaluluwa kailaliman hihingi kapatawaran panginoon ngunit pakikinggan nakamit nararapat katapusang paghihirap kalaliman dagat dagatang apoy asupre nawa inyong kaluluwa malapit hinihintay impiyerno bwah hahahaha,youtube
255,bwesit lacson,youtube
256,ping lacson aso rumualdez,youtube
257,sinong nagpapatawa gumawa script alcantara halatang nagturo sau binabasa talagang maniniwala imbestigasyon sen marcoleta maniniwala kami pinky kami naniniwala percent,youtube
258,naku virus mayron kayang naniniwala pagiimbestiga naku iwan,youtube
259,balik balik,youtube
260,diba pwde isama investigating panel marcoleta panggulo,youtube
261,marcobeta worst likes argue non sense humble opinion,youtube
262,umiiyak bayan namiminuno gahaman salapi nagpapasuhol nanunuhol darating araw pagbinaba dios hatol ping sotto damay prinoprotektahan magnanakaw pagsiningil damay pati pamilya kahihiyan,youtube
263,ipatigil qng putol bundok sakim kayong gobyerno kawawa pilipino pwede naba kayong tawaging hayop imbis putol bundok magtanim,youtube
264,chairman one investigating magcolekta,youtube
265,obstuctionist markulita goes,youtube
266,nanggugulo buldog,youtube
267,mangyayari investigation pinagtatakpan cebu baha davao investigation bicol baha maynila investigation philippines nakakahiya,youtube
268,ahead ahead ahead personal opinion questioning shut galing lacson ply eboto epis,youtube
269,meetings obviously nothing philippines every time look starving begging money surviving politicians accomplishing anything arguing,youtube
270,sakit ulo,youtube
271,lacson corruption,youtube
272,laging defensive markubeta nababanggit discaya halatang nabigyan malaki hayop,youtube
273,marcoleta bastos pino protektahan marcoleta,youtube
274,marcoleta hilig maginterfere,youtube
275,funny investigating billions peso anomalies guilty corruption karma slow befall upon corrupt officials,youtube
276,bastos lacson,youtube
277,philippine full clown officials joke,youtube
278,tota kawatan lacson,youtube
279,sangkot criminal charges maging senador phils,youtube
280,kwenta lacson sayang,youtube
281,kupal romwaldez pakulong bat kasama,youtube
282,sen rod appeared defending contractor,youtube
283,shut marcoleta grrrr,youtube
284,tunay kriminal kasakiman salapi masahol pasa ejk nangyare baha talagang inosente namatay bitayin romualdez marcos tongressman buwaya sarap pagpapatayin,youtube
285,takot zaldy kritiko kinakatakotan nagbabanta iba kundi romualdez marcos buking kumanta zaldy todo denial ayaw nmn pauwiin,youtube
286,nakakasuka pagmumukha nyang zaldy,youtube
287,sangkot anomalyang gawain pamunuang marcos inaangking inosente kasalanan epekto kahihiyan filipino pamahalaan sala whistleblowers matitinong iimbestiga,youtube
288,fishing business deeper reason wants bring zaldy entirely corruption personal agenda politicians truth filipinos believe,youtube
289,tiangco obviously honest trusted hope becomes speaker house someday effort laying bare inner workings called small house representatives minutes meeting already suspicious sara duterte release confidential funds central characters received cash cannot found,youtube
290,always protect shelter corrupt criminals,youtube
291,inday first dalawa hawak budget pilipinas zaldy martin romualdez,youtube
292,magaling english maaari tagalog gamitin malaman maigi,youtube
293,anything gonna happen philippines talking stealing,youtube
294,first time lawyer client innocent client victim original sure politicians help cover corruption exposed hard expose corruption everyone coruptible,youtube
295,palagay tama pahayag zaldy kayang gawin maniobra budget tama toby zaldy martin romualdez matic tsaka andyan zandro majority floor leader finally pbbm approved budget iisipin,youtube
296,toby tubol,youtube
297,toby tubol,youtube
298,toby tubol,youtube
299,toby tubol,youtube
300,toby tubol,youtube
301,toby tubol,youtube
302,toby tubol,youtube
303,toby tubol,youtube
304,toby tubol,youtube
305,toby tubol,youtube
306,puros imbestiga namang nananagot punong buwaya naglolokohan karamihan sumasamba pera maari pasok bagyo lindol land slide ibat ibang sakuna kunin sakim pera madamay nako maibalik hustisya magnanakaw,youtube
307,tiangcong bangus,youtube
308,tiangcong bangus,youtube
309,tiangcong bangus,youtube
310,tiangcong bangus,youtube
311,tiangcong bangus,youtube
312,tiangcong bangus,youtube
313,tiangcong bangus,youtube
314,tiangcong bangus,youtube
315,tiangcong bangus,youtube
316,tiangcong bangus,youtube
317,tiangcong bangus,youtube
318,toby magshabu zaldy,youtube
319,mabuti matapang toni tingco laman tindi budgets insertions zaldy gaya ibang tikom bibig,youtube
320,soul conscience guilt soul conscience guilt interconnected concepts soul considered essence person conscience internal moral compass guides soul guilt emotional pain negative feeling arises one acts conscience acting accordance one conscience leads clear conscience violating results guilty conscience powerful motivator seeking change forgiveness soul soul considered essential part person sometimes viewed one moral spiritual conscience conscience internal faculty allows person distinguish right wrong functions moral guide compass soul healthy conscience freedom seared ignored conscience dangerous interpretations guilt guilt emotional psychological response violated one conscience sense right wrong often described painful feeling bad feeling comes knowing thinking done something wrong intensity guilt depend perceived severity wrong action relation others oneself overcoming guilt often involves process seeking forgiveness repenting trying one conscience future statement conscience describes profound lack morality empathy conscience internal sense right wrong absence means someone regard rights feelings others individuals without conscience antisocial manipulative guilt remorse harm cause,youtube
321,attractive karmina beauty brains,youtube
322,starring winged liner,youtube
323,pambansang magnanakaw zaldy,youtube
324,napapansin nililishi issue slater young dumaan tamang proseso binigyang permit dolomite dumaan tamng prosesso nawala basura senador sinacrfice easy target sen villanueva jinggoy davao duterte obvious nepo babies relaxing real culprit abroad tumatawa romualdez still free,youtube
325,anchor babae name hinde criticize anchor tagalog marami pilipino hind ema get english mabuti toby tiangco tagalog sagot babaeng,youtube
326,warrant arrest sen bato dela rosa ombudsman remulla pronouncement icc international criminal court contradicts issuance arrest warrant filipino bato dela rosa icc published press release entry confirming warrant issued dela rosa official icc site listing philippines case mentions warrant former president duterte,youtube
327,wonder zaldy lawyer telling lie liable falsifying statement,youtube
328,pulitiko wla kamag anak mali mali tama panu gagawin nagawa mali alangn namn bulag bulagan,youtube
329,simple umuwi nagsalita totoo power magiging resulta inday magiging presidente,youtube
330,gets bat kaso murder issue dahilan bat daming namatay tuwing babaha,youtube
331,gaya toby magalong kasama nagiimbestiga davao,youtube
332,assets smni npakadali nilang freeze ninakaw mang yaman basura bansa magnanakaw kaban bayan freeze,youtube
333,galing talino carmina keep works,youtube
334,shit show magaling pilipinas palabas,youtube
335,security risk uuwi convenient,youtube
336,point lawyer allegations namang kaso direct kasuhan bilis,youtube
337,ancalerts abscbnnews mahina research team cant even find anomalies tiangco district words tangos river mafigure research team,youtube
338,toby tiangco nong dating teves nagtago ibang bansa tahimik dmo,youtube
339,maybe someone want zaldy come home,youtube
340,president cover cousin due process richest,youtube
341,yes telling truth tiangco cover yayari bansa warrant arrest pinalalabas,youtube
342,zaldy innocence loose,youtube
343,salute tiangco bless,youtube
344,yellow pink needs decide bbm inday hahaha,youtube
345,file one criminal case ask court issue warrant arrest order dfa cancel passport since retained counsel atty rondain already ask rondain willing accept service process civil complaint damages forfeiture assets government files civil case ask atty rondain willing accept service process client bir files civil cases collection taxes tax evasion need criminal tax evasion case filing determination tax liability tax collection case members small 19th congress stella quimbo mannix dalipe nonoy libanan haven testified,youtube
346,lawyer rondain know defending makonsensya whose administration covering romualdez philippines laban karapatan bayan revolution military pnn afp fooled politics,youtube
347,kasuhan obstruction justice abogado zaldy,youtube
348,kapal ruy orendain makapal zaldy,youtube
349,tiba tiba pera lawyer zaldy,youtube
350,apakasinungaling nitong rondain summa cumlaude pagsisinungaling matandang top1 kakahiya anak kakayanin humarap grabee sinungaling,youtube
351,double time gobyerno makipagcoordinate ibang bansa zaldy gamit cia gamit perang nakurakot kaban bayan,youtube
352,zaldy turo tulad discaya gumalaw,youtube
353,corrupt politicians killed lot second hand smoke pwede second hand homicide sobrang gahaman marami namatay pagkagahaman,youtube
354,resign innocent charges thrown action apparently says back home,youtube
355,agree,youtube
356,kaufman mean toby tiangco delaying tactics technicality overwhelming evidence documents pinpointed directly connected aside witnesses,youtube
357,fugitive running away evading law,youtube
358,fairness magaling matalino abogado zaldy pamahalaan umuusig zaldy gumawa pamahalaan paraan abot naaayon batas napakaraming ahensya hawak gobyerno gamitin mapatunayan kasalanan zaldy kailangan mapauwi interest administration panagutin zaldy mangyayari papaikutin kaso hanggang mgtagal husto,youtube
359,karmina constatino bias interviewer kitang kita bata marcos romualdez dahilan,youtube
360,kaladkarin pauwe ayaw,youtube
361,straight forward answer guilty face problem run away way put stop accusations,youtube
362,natatakot saldy umuwi baka ipagurgur makapagsasabi katotohanan kasagwat,youtube
363,pati kapatid zaldy guilty,youtube
364,nmn palusot abogado cocomelon pagtanggol kapalit million bayad sinungalingan gagawin makasuhan,youtube
365,baka takot ipapatay bbm romualdez kya ayw umuwi bka matulad ninoy assacinate pgkababa eroplano,youtube
366,tobby tiangco dds minion gustong sirain gobyerno pbbm,youtube
367,bbm romualdez kings corruption stole hundreds billions pesos taxpayers millions pilipinos drowning suffering starving death philippines needs new government revolution civil war corruption must stopped bull investigations nothing happened nobody goes jail congressmen involved corruption bull mindanao separated state run duterte family corruption drugs criminality cleanliness disciplined,youtube
368,lumabas nanakaw,youtube
369,crossed line corruptors something huge committed crime humanity,youtube
370,makukulong mismo presidente pumoprotekta,youtube
371,pwede ikulong kaagad invokved threat trigger revolt better ikullng pwede gawin state order,youtube
372,nakakaaliw toby pinsan buo bbm asawa romualdez pinsan buo bbm,youtube
373,nating pagtalunan uuwi magnanakaw yansa pinas simple gustong pauwiin gobyernong bbm madaling paraan kaso ayaw pauwiin nilang magkanda letse letse ultimo siguradong idadawit yun rason uuwi magnanakaw asa pinas lalong asang umunlad nariyan magnanakaw kongreso senado khit lgu umasa,youtube
374,ipinangako zaldy atty rondain,youtube
375,tianco nagsampa kaso ombudsman anomalya,youtube
376,threat life anywhere actually easier get rid outside philippines,youtube
377,side never admit involvement scam siempre innocent claim hope sleep night someone value human filipino lives defend kalulu,youtube
378,tumahimik tiangco script remulla romualdez director pweding credible witness credible gud luck philippines,youtube
379,bilyonaryo masarap tulog paranoid chiz jinggoy villanueva markolekta revilla marygrace piatos many corrupt politicians nagkakasakit memeltdown look napoles many mansions condominiums time hiding sleeping small mausoleum family cemetery magdala magnanakaw politicians hwag gawin career hwag maging dynasty,youtube
380,laying foundation application asylum yun yown,youtube
381,magnanakaw sinungaling three thieves please fill blanks mapasuko dhil pera pwede patahimikin hukoman kapangyarihan masturmind,youtube
382,pacheck navotas kasama toby panahon duterte hinde napagbigyan bbm biglang umingay,youtube
383,abotakot humihingi ebidensya akala kaso kala korte hahahahaa hoy pauwiin muna sumagot inquiry kailangan ebidensya kang magpayaman ganyang paraaan atorne,youtube
384,flight indications guilt,youtube
385,cant least answer questions via zoom takot cya cyber attack,youtube
386,atty zaldy birds feather flock together expect umasa pere pera moral values asa,youtube
387,manhunt zaldy,youtube
388,fear facing trial,youtube
389,daming palusot gawin wanted person yani,youtube
390,takot takot magnakaw ehh yaman umupa security takot umamin kilala mataas king buwaya sasabit,youtube
391,dati kinompronta,youtube
392,matinik madulas tngnang zco mahina govt nakakulong bitay nayan ibang bansa,youtube
393,halata,youtube
394,magkano bayad atty rondain sinungaling,youtube
395,abugado zaldy traydor bayan pera maaatim irepresent magnanakaw mamatay atty,youtube
396,nakikita tiangco naalala anak nyang tommy kasama tim kulit tommy,youtube
397,kasama romualdez peru prenutiktahan govt,youtube
398,mamatay den buayang,youtube
399,zaldy matakot karma,youtube
400,rondain evil lawyer dress,youtube
401,zaldy anyari romualdez tinakpan,youtube
402,kapal attorney zaldy maliwanag nagdarambong cliente sasabihin pang inosente pauuwiin,youtube
403,rondain greedy lawyer,youtube
404,carmina job tanong,youtube
405,failed cebu overdevelopment cebu buildings concern environment prioritize one calamity strikes long term development water ways get hold politko magnanakaw haya malunod naka nakaw tiba2 nakakuha bilyones pera dedepensa pagbayad abogado maski million gagastohin,youtube
406,trying hard max tiangco pagtuturo former speaker siyang bahid file case romualdez ebidensiya halatang inggit meron former speaker,youtube
407,wont able without romualdez president commin sense,youtube
408,attorney rondain press conference sucks let know accusations billion missing billion zaldy parked accounts aware first place case mindoro oriental mindoro occidental budget received amount billion pesos researched toby tiangco many nefarious transactions zaldy receives millions millions ghost kick backs private contractors discaya jail testifies client receives kickbacks bgc boys attested multiple times isn surprising fact gutesa testimony group delivered multiple numbers attache case suitcases containing million pesos numbering per van delivered house romualdez client thief balls face multiple accusations getting service personal lawyer defend zaldy gonna massive faikure tainted lies creating alibi full hypocrisy saying life danger threat life total crap lies attorney queation ask queation zaldy felt sane way regions towns suffered severely due failure zaldy contractor company made zaldy conscience lives danger right zaldy telling filipino main reason coming back home threat life enough enough zaldy alibi gonna bite nation suffered ghost amd sun standards made born yesterday clearly understood escape hide moron zaldy coward hide covering stolen wealth money case whether come home defend ckurt law evidence piling strong many witnesses proved tried absentia eventually found guilty mean tlthe whole narratives tells resigned post representative order escape scrutiny government failed comstituents bicol gave massive embarassment well volition choose fugitive politician run big shame cannot bring wealth die know coward think still save personal reputation name family come home face accusations agains otherwise run cannot hide warrant arrest served face via interpol,youtube
409,bakeet grace poe ndi ipatawag pinakamalke insertion 11b member bicam comitty tahimik grace poe baka nakalayas bansa,youtube
410,zaldy lawyer daydreaming told innocent whether likes fall arms law plunder malversation funds kakapal magsimula zaldy pati lieyer laki binayad lieyer,youtube
411,baka pwede nting tawaging saint zaldy masyadong banal pagkakakilala pagkaka describe lawyer hiyang hiya batang araw araw dumadaan baha dhil kabulastugan nla,youtube
412,sangkot mang kurapsyon,youtube
413,lakas loob atty kakamipii president,youtube
414,threatened holds truth mastermind since,youtube
415,keep interviewing politician pogi wait court hear try matter mang bisa gusto pogi eying position useless court talk forget legit agency investigate,youtube
416,well masyadong estimating evil namn tianco definitely banta zaldy nanaman kunwa kunwaring ngyayari bayan maiging gawin iencourage zaldy pahayag knyang depensa videos interview online siguradong sigurado kakampi sure weighing situation mahirap pigain obvious pinalano talgang kurapsyon purpose malaman totoo confirmation nlng mula sknya kailangan totoong ngyari kasabwat,youtube
417,cut chase file everything pfool carmina ask abs cbn lawyers help prove wrong blah blah blah,youtube
418,won govt cancel passport force return dying nothing done frustrating lawyer defend zaldy scale corruption salahula ipaanod baha,youtube
419,life threat ginamit dati dating teves kita napabalik sha sha napatay lumang tugtugin life threat zaldy ayaw nyang bumalik ayaw ipa cancel passport bakeeetttt,youtube
420,abogago,youtube
421,isalang kapatid christopher,youtube
422,pilitin makuha minutes small meeting ibanpang kasama meting yun house archive,youtube
423,korte magpaliwanag umuwi harapin kaso kinalaman nakawan,youtube
424,pagsuotin bullet proof helmet pati harap helmet lagyan bullet proof pati buong katawan lagyan bullet proof isakay bullet proof vehicle paligiran daang body guard billion saln previous declaration pwede gawin zaldy dahilan iisipin guilty unang dahilan medical,youtube
425,barbero naguusap speculation magpakita ebidensya dalhin tamang ahensya baka makatulong hearsay,youtube
426,obviously government want home get teves quiboloy alice gou reason get unless afraid get implicated,youtube
427,susunod namang guilty politician kundi napoles discaya haaaay,youtube
428,nasagot tiangco,youtube
429,katakutan guilty makikipag patayan guilty,youtube
430,zaldy puppet tamba bbm truth,youtube
431,zaldy stands corruptions cover ups,youtube
432,zaldy biggest corrupt government official history philippines stupid leave country family alone guilty action another one many excuses stick lawyer another corrupt person coz siding evil instead,youtube
433,dina nagluklok naglulukohan,youtube
434,abolish congress susi pra maging maunlad bansa,youtube
435,ask ombudsman remulla pco lagi hinaharap media naka tawa gobyerno bangag,youtube
436,malaking sindikato gobyerno,youtube
437,panahon duterte sara lumaganap pagnanakaw patuloy nangyayari term marcos bbm must resign gross negligence led corrupt gov,youtube
438,opposition tinatarget remulla plu der case kaso peru tuta nakatanggap billion plunder case kadituta bibayad pumirma impeachment sarah gising pinoy political syndicate,youtube
439,destroy philippines country leaders government evil corrupt,youtube
440,boying bida,youtube
441,tama magkakasabwat cla bbm romualdez,youtube
442,bang inaasahan gobyerno mismo leader meron papunta bangin percy,youtube
443,sabwatan gov official peror pang kaso,youtube
444,sama muna marcos kasuhan dina makaka pasa approval,youtube
445,blaim duterte see mentioning dates years starting duterte time bias investigation believe romualdez put behind bars,youtube
446,kasalanan duterte paikutin bayan final imbestigasyon malamang malamang duterte itturong gawa sukang suka kme kalokohan ombadsman remulla pilit inililigaw inililihis hayup buaya imbestigasyon sarile cno mastermind masyado pinagugulo usapin namo,youtube
447,purobkayo presscon ngyayari drama,youtube
448,makukulong alams haysss,youtube
449,salute ombudsman boying remulla,youtube
450,ombudsman ngaun pinaka worst,youtube
451,malaking mafia gobyerno bansa tama term connivance kakakaisa sabwatan nasasarapan papatayan pwesto mamando kabinipisyo nasasarapan patuloy ginawa maninindigan matapos mananagut katiwalian,youtube
452,dati pasikot2 ilang months lumipas klaring klaro satingin niyi magla2kas loob silang kapit taas mismo dating speaker maramu kumanta pilit nili2his gobyerno higit bago mapasa budget dami question sinasabi patuloy parin pinirmahan pangulo gawin bobo halatang halata administration nato pinaka kurap history sila2 nagsasabwatan,youtube
453,dabi pasikot2 ilang months lumipas klaring klaro satingin niyi magla2kas loob silang kapit taas mismo dating speaker maramu kumanta pilit nili2his gobyerno higit bago mapasa budget dami question sinasabi patuloy parin pinirmahan pangulo gawin bobo halatang halata administration nato pinaka kurap history sila2 nagsasabwatan,youtube
454,pangitingiti official samantala mamayang pilipino lumalangoy baha,youtube
455,daldal tanong meron kakasuhan tax ina,youtube
456,fact namang bugfish makulong,youtube
457,economic sabotage,youtube
458,malinaw sabwatan,youtube
459,sinu gobyerno magkakasabwat hingi transparency imbistiga,youtube
460,inc sumikap magkaisa tungo ika unlad bayan tiwala dios,youtube
461,harapan konaybans pumunta hor marami,youtube
462,problema faelan cla kaso ombudsman macoconvict maabswelto cla dating politiko ombudsman,youtube
463,malinow kong cno kagagawan,youtube
464,kasalann nmn botante anomalya ibinoboto kya sna nmn sunod election lhat involve anomalya iboto,youtube
465,problema lagging isinasali pbbm samga tiwsli,youtube
466,buti nalaman nyong sabwatan umaction,youtube
467,tagal pang nakakasuhan daming cheche,youtube
468,bago maupo pwesto bbm naipwesto digonyo mafia sindikato branches gobyerno,youtube
469,hoy koment wah idamay goberno sisihin gumagawa goberno nagbigay pundo he3 ksya ifamay goberno isipin momg mabuti tnx,youtube
470,kme eba nlng tamba bat hendi kasale,youtube
471,grabi malingaw sabuwatan government sabuwatan ipakulong,youtube
472,maawa taga cebu videos binaha mapaapmura asana binayad tax pangtulong kapwa filipino bnulsa,youtube
473,president got biggest share,youtube
474,dal dal ombad nothing,youtube
475,pbbm yun mastermind pababayaan,youtube
476,magandang pakinggan kahantungan saban dang huli absuelto,youtube
477,wla pondo ubos pagnanakaw gobyerno wlang makokolong pinuprotectahan kanilang amo magnanakaw gobyerno wla ginawa kondi pagnanakaw kasinungalingan paninira duterte years wlang hinto paninira wlang pagnanakaw napakalakinoa tax logmok pilipinas pamumuno bbm kapalpakan administration isinisisi duterte pati corruption isinisisi duterte buong pilipinas pamumuliktika paninira gobyerno wla kaming tiwala gobyerno ayusin trabaho ibinoto bayan pagandahain pilipinas ibagsak pilipinas nyp pagnakawan bayan,youtube
478,isama boying tagapag baluktot batas,youtube
479,malinaw hndi mahuli kwenta batas pinas bigtime nasasangkot maliliit kilala kulong agad ipa icc laang magaling icc,youtube
480,sindikato gobyerno hiya,youtube
481,babala maglalabas martial law bbm anumang oras mula ingat kabayan,youtube
482,sundikato adik gobyerno magnanakaw mula paggulo romualdaz tongresman senador sangay gobyerno,youtube
483,sabwatan,youtube
484,nakakahiya gobyerno pilipinas kya ibang bansa nagbibigay tulong ngayun sunod sunod kalamidad nararanadan nating pilipino,youtube
485,mangyayari investigation kunyari humupa galit bayan,youtube
486,kulang tungkol sabwatan nabanggit executive department napakalines,youtube
487,marcos romualdez magnanakaw,youtube
488,poro negligent hoi remilla ayosin,youtube
489,sindikato nakawan gobyerno buti nlng kinunsinti pbbm nakawan bless pbbm,youtube
490,malinaw kayong nagagawa referral engrs kwenta,youtube
491,ebentang nyona duterte pinatagal nyopa dim punta absueltohin nyona zaldy romualdes,youtube
492,malaking sindikato,youtube
493,sempre napakalakimg pera paghatihatian nakikinabang pera gobyarno sarap blood napakalalaking sahod gobyarno,youtube
494,sabwatan president team bangag team,youtube
495,bulsa bangag buwaya kawatan tunay binaha kawawa maralita umasa makukulong duterte tina target ganid davao inspeksyon makikitang mali maliit kumpara nangyari luzon cebu atbp palaging binabaha tumigil aksaya pera oras panahon kawawa pilipinas,youtube
496,grand conspiracy ganito ginagawa remulla gumagawa orchestrated movies kitang kita martin romualdez zaldy mastermind kasama marcos bangag,youtube
497,tried best issue duterte administration discaya nong tinanong cla cla ngbibigay sop porsyento wla nmn ban dati bidding panahon dating administrasyon nkaupo speaker romualdez administrasyong marcos pagtakpan sala ngtuturo sino2 perfect pang divine intervention mother nature mabubulilyaso kawatan administrasyong,youtube
498,pati presidente pumirma,youtube
499,bang kasuhan remulla,youtube
500,bkit png nakukulo hanggang ngaun drama ata nayayari bang pangil batas sadyang mahina namamahala nakaka buwisit,youtube
501,madalit legal magnakaw gobyerno,youtube
502,maliwanag peru nakakasuahan,youtube
503,antayin maparusahan makulong mbawi money money money govt,youtube
504,nahubaran nayan maaring susunod mababawasan kakandidato nilang maaring basta mababawi puhunan ipag bawal indorso anumang relihiyon sinomang politiko,youtube
505,mambabatas,youtube
506,importante pang nakulong polpol imbestigasyon ipakita bayan sinu utak kaalyado makulong nakakasawa,youtube
507,commenting regards corruptions philippines long time complicity sabwatan among officials every agencies handled taxpayers money budget appropriation including house representatives look results corruptions today started investigating find culprits taking long find culprits obviously part corruptions pathetic thieves getting away corruptions way sabwatan finger pointing nagnanakaw niloloko kapwa pilipinos pathetic isn nothing new systemic corruptions long time even time marcoses present one thing even mind boggling filipinos still want bring back dutertes stupid minds filipinos maybe filipinos deserve happening country stupid complicity corrupt system governance saying offense fact,youtube
508,romualdez myo maisama kaso pili kakasihan maestermind iiwas usapin,youtube
509,ginagawa ding imbestigasyon meron ding sabwatan,youtube
510,sobra sobra,youtube
511,maniniwala naipakulong mastermind corruption,youtube
512,untouchables father movie,youtube
513,politiko contractor kamagank kakilalang contractor supplier politiko ahensya gobyerno involved corruotion,youtube
514,ituro nagsabwatan parusahan sinungaling magnanakaw sino2x pera tunay hustisyaaaa baon utang lubog baha taon2x bansa,youtube
515,pati mayor nangungontrata paki investigate please damimg mayor biglaan yaman,youtube
516,hangang daldal anong gagawin nalaman aksyon agad usad pagong,youtube
517,buong pilipinas anomaliya sabwatan government agencies imbistigahan parusahan samsamin kabuhayan kinurakot erment opisyal,youtube
518,romualdez kailan cla nsa baba kakasuhan puno,youtube
519,isinisisi marcos gusto kritiko karamihan madaliin kaso madismiss agad walanh solid evidence laya agad sisi ulit marcos stratehiya politika lufet mapabagsak pangulo gagawin,youtube
520,saan matami pang kasunod namumuno mukhang pera,youtube
521,curruption phillipines rampat rumal dumal sindikato ahensya sangay governo mismo,youtube
522,ganon singson dati,youtube
523,dpat pti skol building puntahan santa margarita baggao cagayan bgong school building pintura tumutulo bbida kuryente,youtube
524,pinangalanan nanga ayaw kasuhan tinatakpan remualdez ilocos ayaw embistigahan,youtube
525,sindikato kriminals,youtube
526,isama pagna isabatas bitay,youtube
527,nako remulla gawin salita kasuhan martin,youtube
528,makurakot tanggalin vat sources fund congresista papahihirap bayan,youtube
529,alamnyo ikolong,youtube
530,gagawin ngyon buying remulla aksyon agad dakdak dakdak,youtube
531,ikulong yun,youtube
532,matitikman galit presidente sindikato govyerno nakayong magagawa unang nakulong dutae,youtube
533,nominated guinness book record corrupt country world okay culture,youtube
534,sisingson dating nakinabang panahon,youtube
535,mayor hanggang goverment tlga sasabwatan fact marami pong kalbong kabundokan luzon mindanao aksyonan nkakabahalang bagay chekwa unti unti tayong sinasakop tinitira ekonomiya bansang ocg chinese empmoyee goverment meron maging mayor lagyan batas bansa foreign employee,youtube
536,signatory gaa budget kasabwat bbm liza,youtube
537,tandaan gobyerno magpapakandahirap tulungan umangat sahod magkandarapa tumakbo mangurap gagastos million million sahod kalahating million buwan,youtube
538,gurami gustong kasuhan,youtube
539,bilisan baka makapagtago ibang sangkot,youtube
540,kasuhan appoint,youtube
541,malinaw tinta pusit ibidensya,youtube
542,opisyal appointed duterte admin senadors pawang sangkot kailan marcos nakaw pera bayan katulad ama apolakay palaging pinag bintangan marcos romuladez nanakaw galit marcos,youtube
543,clear sabwatan pol politiko,youtube
544,ligalize syndicate kasabwat bbm martin romualdez zaldy grabing nakawan taxes pilipino marami sanang school nagawa naayos,youtube
545,budjet mambabatas trabaho gumawa batas,youtube
546,abominable congress decay tagpi tagpi batas marami palipat lipat papalit palit taguan tagpuan kotong mamdarambong upang malustay pera bayan symptoms morally evil minds,youtube
547,maniwala remulla freash martin leader kawatan martin kawatab,youtube
548,parin pinsan pres marcos dadawit kaso pisan,youtube
549,maniwala ppunta ilokos norte sabihin boy bangag,youtube
550,marami namatay makukulong ikukulong,youtube
551,yrs dutae bang nakasohan nakulong time inamin nung ghost proj,youtube
552,uprobe pumirma budget,youtube
553,akala duterte presidente sabwatan pagnanakaw huh loko huli bbm presidente sama sama kulungan,youtube
554,oficials congresman governador mayor magnanakaw mapili,youtube
555,water wet,youtube
556,nung una,youtube
557,tsk tsk tsk wla sanang naulit ganitong nkawan binitay pulitikong involved pdaf tulad jinggoy revilla,youtube
558,nmn pla dipa hulihin hahahahahahaha,youtube
559,kwentang administrasyon sangkot nakawan natatawa kanilang imbestigasyon napunta kalaban politiko napanagot kaalyadong magnanakaw pinaka mabisa gagawin gobyerno sisihan magnanakaw mayor hahawak budjet kanilang distrito pumalpak mayor babalikan,youtube
560,approve pinermahan maraming illegal insertion budget managot,youtube
561,dada malinaw kasuhan selective iimbestigahan,youtube
563,paring makukulong anjan last law bender,youtube
564,pati singsong imbestigahan panahon nun sec,youtube
565,cla2 government officials ombudsman secretary kasama dlwang remulla president brgy captains,youtube
566,cebu billion plag gate lomotang boong cebu saan ponta pera ganon moro moro moro saan romaldes piling congres ikolong bitayin bles sen escodero kasama,youtube
567,totoong totoo analysis statement secsingson pede katulad kailangan gobyerno,youtube
568,nababanggit mike villar guilty,youtube
569,laro bongbong gusto makulong bongbong zaldy martin romualdez,youtube
570,panagutin silang magresign dissolve congress houses conduct election exclude corrupt politicians,youtube
571,lato bongbong,youtube
572,matagal dba hudikatura problema huli kulong,youtube
573,sindikato tlg ginagawa sayang pera bayan nkikinabang,youtube
574,conivance nabanggit malakanyang pumirma budget implementor malakanyang malakanyang,youtube
575,speaker kasama,youtube
576,buti bukas totoo sabwatan nakawan gov matagal yayari panahon pangulong aguinaldo patayan makuha pwesto matagal tulad pinalalabas timawa gov papatayan mananakaw government wlang tumatakbo linkod daliri tumatakbo gov makapag nakaw maging makapangyarihan patay patay tumabo gov period,youtube
577,tama pangulo pasimuno subrang kurapsiyon,youtube
578,mabuhay remulla ipatuloy managot kawatan makabawi bayan,youtube
579,bend law process,youtube
580,kasuhan paliwanag,youtube
581,iniimbistighan duterte,youtube
582,tama yun hnd mangyayari wlang bas matataas opesyal gobyerno hanggang pinakmataas opesyal gobyerno hnd magagawa ibaba bryce hernandez alcantara atbp sakaling wlang mapaparusahang anumalyang lalo politiko sangkot cguro panahon kumilos bayan kasundalohan pilipinas,youtube
583,totoo sabwatan nangyayari hanggang taas hanggang sanga gobyerno hanggang daldal sisi nakaraan,youtube
584,sindikato,youtube
585,malinaw meron makulong senadorobo crocgresman,youtube
586,maliwanag maliwanag kasangkot tambaloslos romualdez zaldy,youtube
587,president liable approved,youtube
588,organize corrupt riligion politic congres,youtube
589,marcos tamba bat imbistigahan,youtube
590,halos kasabwat nakawan kaban batan,youtube
591,ablo martin romualdez ining ayan halos envolve anomalya tumatangap nangaling martin romualdez,youtube
592,terribly presidente mismo mastermind hinfi mska bang hit takot magtoro salot leader mang ksjayahan msng laban,youtube
593,kawawa seniors nkayo retirement stressful nayan puros nanakaw cases wow,youtube
594,magkaganyan kong pabaya pangulo bansa kasabwat,youtube
595,electric chair telivised dapt,youtube
596,sus takot kyo marcos,youtube
597,dating escudero could criminal negligence speaker negligence,youtube
598,escudero siyang naging president corruption nagsimula duterte villar secretary,youtube
599,nkakahiya nangyayari nakawan lantaran,youtube
600,bkt kapabayaan kaso dalawa,youtube
601,makukulong syndicates planning pbbm resign patalsikin makukong huag nating payagan mapatalsik pbbm,youtube
602,district engineers regional director hawak usec sec kasama makasuhan,youtube
603,animal pinapatay pra pamarisan,youtube
604,anak nkawala marijuana,youtube
605,nyu tinatago imbestigasyon stream pro nkakaalam,youtube
606,bantay salakay senador insertion kasabwat commision audit nakalusot ghost,youtube
607,tanung bkt davao imbistigastion cebu natamaan bagyo,youtube
608,kya wlng nakukulong gobyerno nagnanakaw gumagawa anomalya proyekto budget maxado gahaman kya naniniwala diyos naniniwala opisyal gobyerno nagiging diyos wlng nakakagalaw sakanilang batas,youtube
609,started panahon dutae duterte yon,youtube
610,natutulog kangkongan dating bonoon,youtube
611,isinama kaso martin romualdez gross negligence recommendation bonoan romualdez pinagaan kaso plunder kasama pbbm gross negligence pbbm pumirma budget,youtube
612,sabwatan mula kongreso senado hanggang presidente sabihin singson kang magpakatanga tangahan,youtube
613,ala bansa gustong tumulong pilipinas kalamidad dahilan curraption diba nin napapansin pilipinos alang tulong galing ibang bansa kalamidad dati dating agad tulong ibang bansa ngaun,youtube
614,contagious virus corruption widespread,youtube
615,well organized sabwatan lumaki bilyons ninakaw ibang alibi,youtube
616,maliwanag pro pamg tinumbok sinong personality,youtube
617,come roads lead palace knowthat protected kailangan bang isigaw yann,youtube
618,nako mahaba haba iimbestigahan,youtube
619,wow genius itaas naplano say ibaba full shit know everything happening big shit,youtube
620,du30 nnaman kasalanan,youtube
622,singson dating malamang dati palang,youtube
623,syndicated government,youtube
624,abolish nakasuhan bac procurement dept,youtube
625,budget senador gobyerno,youtube
626,akong tiwala lalo kasama office ombudsman binubudol maniwala mañana got leader sindikato budget scam nililinis pangalan malaya pinagloloko kaalyado magnanakaw,youtube
627,malinaw piro romualdes cnama kalinaw panluluko,youtube
628,buong mundo maraming magnanakaw gobyerno experience nakakahiya,youtube
629,bbm martin dugo cimelda guilty korakotan,youtube
630,hahabol politika gagagastos milyong milyong wla pkinabang gobyernoniilan politiko mlinis harangaron bansa,youtube
631,tama villanueva sindikato naganap,youtube
632,gravehh ginawa nyu duterti ngayun problema sumonod intu,youtube
633,corruption happening long time became systemic corruption,youtube
634,matagal kalakaran governo politiko mula aquino ngsimula corruption naging kultura politiko naging negosyo ksi kya halos mgpaatayan puwesto,youtube
635,cguro pinapqnganak corruption ngaung administration sobra corruption sobra,youtube
636,ngstart panahon villar dds,youtube
637,kasiyahan makuntento kanilang sahod daang libo nagagawa paring mangurakot samantalang kaming manggagawa kinakaltasan tax barya kinikita halos mapagkasya pangangailangan pamilya loob buwan sahod,youtube
638,mangyayari malawakan talamak hayagang kurapsyon hinahayaan mambabatas pinakamataas namumuno bansa sapagkat nagbibigay budget ahensya proyekto,youtube
639,singson digongyu ahahaaaa,youtube
640,joel villanueva jinggoy strada sacrificial lamb inosent behind bars martin remualdes zaldy free,youtube
641,kailangan ipaliwanag magagawa isa dalawang,youtube
642,senado magimbistiga remulla justiis umbadsman feather flock together,youtube
643,ilalim empluwensya kapangyarihan opisyal hinahayaan nakikinabang systema problema politiko,youtube
644,sabwatan dyaan senatong tongressman dbm coa contractor yaan magkakakutsaba legit legit,youtube
645,truelly syndicated corruptions house thieves infra agencies coa etc using money trail form conception approval budget,youtube
646,bayan maningil corap pera tai bayan,youtube
647,sabihin sabwatan toby government one biggest sindicate godfather expect say another way around gives ride men,youtube
648,singson maliwanag nyong imbestiga credit mahal pangulo matapang siniwalat wakasan sindikato gov,youtube
649,team buwaya nagkukunwaring maka bayan yon palay maka pera,youtube
650,much talking past months nothing happened,youtube
651,natatapalan millions iimbestiga pra protektahan magnanakaw npka mpalad congressmen ngnakaw protektado kamay bangag independent alipores,youtube
652,lot connivance total connivance yes absolutlely true kyo mtindi puno sabwatan pra protektahan magnanakaw,youtube
653,gusto mahinto kuratong mula alisin congress pagpapagawa kalsada floodcontrol etc mawala tuluyan kuratong ayan pinag mumulan malakihang kurakot bansa billiones,youtube
654,kasama kasabwat kasuhan senador takot singson senador,youtube
655,economic sabotage philippines,youtube
656,enough,youtube
657,happening country,youtube
658,tau nahihiya banggitin agency coa religiously ngtatatrabaho coa ghost sure pricing unahin ilibing coa followed pulitiko 3rd one pumasok offices karamihan pick truck cars personal govt issues short maraming pweding ikarga,youtube
659,kawalng hiyaan nnkaw clng awa walng puso claseng nilalang pakialam kalamidad tatakbo ibang bansa lilinisin pangalan nia pati dios ginagamit kawang hiyaan,youtube
660,favorite protektahan tunay mastermind kasabwat limited maliliit isda pinapa imbestigahan romualdez magalaw galaw cousin bbm manluluko,youtube
661,abolish senado kongreso pagnanakaw ginagawa aim plunder country craft laws jinggoy escudero villanueva revilla villars zaldy romualdez etc resign jail,youtube
662,takot mamuhanan ibang bansa bagsak ikonomiya kasalanan yon,youtube
663,reporting,youtube
664,nakakalungkot taga gawa batas mismo corrupt gawain disenteng sad goverment official greedy,youtube
665,job tuloy ulo,youtube
666,mabago naka upo gawing prime minister tatakbong presedente bawasan alisin kagawad sangkot anomalyang pyoyekto gov magresign ikulong pwedeng tumakbo position gobyerno eno audith jada sahod gobyerno big yaman bitay agad,youtube
667,long overdue prosecution kelangan,youtube
668,duterte inyong totokan piro admin bbm male maleta pera,youtube
669,kaalyado nagnakaw kaban bayan makulong mapapatunayan kinikilingan,youtube
670,pati sabwatan nina remulla bbm tito ping mabunyag corrupt managot,youtube
671,tamba lusot galing,youtube
672,billions kinuha cya uwi hook crook maawa pilipino,youtube
673,magtitiwala report nanadyan remulla pupuntiryahin allies sara,youtube
674,magbubumyi amg baysn makilomg dining remilla,youtube
675,bonoan shoukd jailed life,youtube
676,remove congress srnate budgeting,youtube
677,wide evidence racketeeering fraud especially top leaders congress chiz escudeto jailed,youtube
678,sindikato meron gobyerno,youtube
679,wtf,youtube
680,kasuhan,youtube
681,tama practice make things perfect tanong gagawin maulit sabihing amendahan kasalukuyang batas gumawa bagong batas panibagong pork barrel ganon tinatawag rizal park maraming pilipino kasaysayang naganap duon gayahin pangalanan siyang buwaya park pinangalanan buwaya park magaganap duon,youtube
682,gusto iligtaz sibb tambaloslos,youtube
683,ikulong nalulubog boung pilipinas tag ulan ninanakaw pera bayan,youtube
684,ipasa ewan tumigil,youtube
685,pakain kapwa uwaya palawan,youtube
686,magsumite solution mahinto government agencies kelan nagumpisa corruption,youtube
687,president country signed blank budget accountable due negligence,youtube
688,bawat estratehiya sakop pong authority let justice serve philippines waiting new change future katarungan gobyerno sobra sobrang aabuso dala kanilang kapangyarihan gamitin authority implement batas inyong ipinagpapasa mangalaga kababayan gobyerno propesyun dignidad kayoy sinumpaan gagampanan,youtube
689,sayang tiwala nawala sabwatan pantakip butas maligtas pagnanakaw,youtube
690,majority working government kawatan,youtube
691,simula aquino duterte pinag loloko pinaimbistigahan binuksan usapin maraming galit masasagasaan,youtube
692,hinde pinatawg marten romwaldes,youtube
693,makolong kawawa taga cebu binaha managot mastermind sendekato,youtube
694,nakukulong imbestiga,youtube
695,protektado romualdas bbm,youtube
696,tanong kasunod,youtube
697,matagal politicians congressm iniisip bopol kapinoyans next president mayor vico sotto,youtube
698,malinaw nakukulong,youtube
699,still protect tamba bangsg anak bangsg charice,youtube
700,nalaman inuulit,youtube
701,remulla romualdez elect kindi bong bong,youtube
702,pinakamadali pinakamasarap magnakaw never,youtube
703,sabwatan admin iligtas kaalyado bbm media imbistgasyon nka sanang pagdududa bias imbistigasyon,youtube
704,baket wlang nakukulong judge comitee gutom pera,youtube
705,sense,youtube
707,ilan,youtube
708,days arrest yet even zaldy arrest warrant interpol notice bring home face allegations slow take look happens visayas especially cebu earthquake typhoon tino,youtube
709,know already long nalaman bulag bulagan,youtube
710,siguradong meron magsabi pbbm corrupt,youtube
711,pang nakukulong government officials involved ghost,youtube
712,sabwatan marcos,youtube
713,privatized governance,youtube
714,malinaw nakukukong,youtube
715,manga inutil,youtube
716,duterte started corruption illegal wrong doings comes dumami magnanakaw daming gusto magnanakaw fiona ilalaban tuloy pagnanakaw,youtube
717,singson make sure andyan martin zaldy negligence bong mastermind pagnanakaw pumirma dba kasama bong ikulong pati kasabwat dalhin cla hague,youtube
718,agaran pagdinig sandigan mahatulan baka abutin dekada higit marami kaso ombudsman ifile hanggang ngayun nangyari namatay ibang kinasasuhan pati ibang staff ombudsman iba retired sayang napala,youtube
719,sindikato,youtube
720,pahawakin budget congress,youtube
721,ayaw bangkitin martin rumaldes,youtube
722,tsk tsk itinayong proyekto fully paid tindi,youtube
723,inuulol,youtube
724,sabwatan anomaly nakukulong,youtube
725,another epal presscon,youtube
726,linaw explanation neutral neutral bobo magsasabi political gusto pangulo matapos tong nakasanayan dds bobo kukunin marcos singson dating apointee pinoy intensyon linisin kurapsyon,youtube
727,tagal kalakarang,youtube
728,klaro ganon sadly kong appoint martin ganon cla kong perma bbm halata bbm create big lihis,youtube
729,hahaha galing boying plano storya wow hahaha masunog pinag sasabi,youtube
730,kasalanan duterte,youtube
731,wft principal master mind political organized crime syndicate committed pilipino romual daz rrupt ombudsman play crimes mafia bosses,youtube
732,singson isa karin iniimbistigahan tanong panahon bang korapsyon ata tama former sec nagiimbistiga dati ding former secretary,youtube
733,based reports reported p26 billion budget cebu covers large number infrastructure though effectiveness currently intense scrutiny due severe flooding data suggests around undertaken across cebu province amounting approximately p26 billion,youtube
734,ikulong romualdez marcos,youtube
735,forget word resilient government took advantage resilience won care even rest filipino suffering never ending greed corruption kawawang pilipinas,youtube
736,savi demonyo,youtube
737,dds lubog baha duterte bungul duterte administration anu dds,youtube
738,tignan bundok epic fail smh,youtube
739,bisaya salot lipunan kayong bisaya nagnanakawan kaban bayan pati pulitiko masaya maraming bisaya namatay hahahahahahahahaha bisaya,youtube
740,solid supporter pbbm mula pgkakataong hnd kasama makukulong martin rumualdez hnd bilib unfair ibang corrupt makukulong dpat patas batas one law dpat wlng kamag anak ngkasala,youtube
741,wake call dedees sinusuportahan naglaan p33 flooding woes mula hotbed catholicism bansa binalewala pagmumura digongnyo panginoon hesus sinuportahan pamilya wake visayas think wisely morally,youtube
742,suyop lalay,youtube
743,earthquakes typhoons telling stop corruption,youtube
744,dutae legacy,youtube
745,gabaan karma naa malikigayang araw nakawan kaban bayan mananagot nanaman kayoooo ngayuuuunnn,youtube
746,time unpopular let inhabit river banks,youtube
747,kapg kame luzon nasalanta tulod cebu paprating super typhoon weekend failed masasabi kalaban malacanang gobyerno lord kunin silng kurap kme idamay,youtube
748,malalaman gov kaka elect malamang straight coordinated local gvmnt ginawa manila pera congress gumawa budget magkaka kuntsaba kalakaran simula naupo marcos gagawin duterte nanaman sala khit budget marcos admin hahaha,youtube
749,standards specs mat use pera mahalaga maski papa basta goberno enough gov work furthermore reyes implies love corrupt politicians evil constructors,youtube
750,binigyang pansin,youtube
751,nagiingay kunyari,youtube
752,dedma dds nagsimula corruption maging dds noh pilit pinapaniwala kawatan digong araw araw maraming ebidensya lumalabas kawatan,youtube
753,ibig sabihin build build build tatay digong ring matino ghost substandard correction former president duterte kundi presidenteng umupo kapanahunan nayan,youtube
754,much timeline based evidence points toward duterte administration cebu provincial government specifically revealed ₱26 billion worth implemented either substandard ghost builders contracts cebu largely publicized marcos administration circumstantial evidence suggests many actually awarded duterte administration whose term ended since bidding approvals typically occur months implementation likely firm major awards especially started signed early mid approved duterte leadership execution funding continuing marcos government,youtube
755,shocker,youtube
756,look devastation cebu aftermath nuclear bomb explosion different terrible terrible devastation ground stunned see even heavy buldoze rock carried strong water current town streets neighborhood landslide heavy rocks came carried flashflood must came hills mountain alike many houses destroyed cars properties mud made worst act vince send many heavy equipments area mentally physically exhausted know traumatizing shocking prayers fellow kababayan president recently declared national calamity asked nations send help well president bbm shoukd call mobilize national army national guard bring heavy equipments thousands armies cleaning know main purposed look upon ghost resulted mainly need help residents whole city towns first heavily affected clean starting worked lives whatever needed immediatelly bless,youtube
757,look devastation cebu aftermath nuclear bomb explosion different terrible terrible devastation ground stunned see even heavy buldoze rock carried strong water current town streets neighborhood landslide heavy rocks came carried flashflood must came hills mountain alike many houses destroyed cars properties mud made worst act vince send many heavy equipments area mentally physically exhausted know traumatizing shocking prayers fellow kababayan president recently declared national calamity asked nations send help well know main purposed look upon ghost resulted mainly need help residents whole city towns first heavily affected clean starting worked lives whatever needed immediatelly bless,youtube
758,love zaldy philippines contractors,youtube
759,kanal ginawa,youtube
760,build build digong,youtube
761,allocated magic word job find went,youtube
762,umoisa corruption gov cebu panahon duterte speaker duterte,youtube
763,north korea patay corrupt,youtube
764,awa matatapos corruption,youtube
765,lagi ninyong tandaan pasimuno corruption mismong executive department connivance speaker house using private contractors leverage maipit katotohanan magkakaroon corruption inumpisahan malakanyang kongreso,youtube
766,marami namamatay pilipino daihl pagbabaha naging sanhi pagnanakaw pera bayan gobyerno hanggang reresign marcos romualdez pasimuno corruption,youtube
767,napaka babaw ilog makikita lalo bandang gilid noong pang bagyo wall hahara tubig,youtube
768,kasamaan pilipino daming magnanakaw npakahirap tiga cebu matatandang foreigner pinapatulan leaders politiko sobrang yaman,youtube
769,denr imbistigahan,youtube
770,dalang kamalasan pagkanta sara duterte apoy galing impierno dulot lindol apoy baha delubyo dala,youtube
771,ikulong sangkot kurakot fund dami namatay,youtube
772,justice usec jess andres tnx service filipino mabuhay bless likewise fav journalist one karen davila take care,youtube
773,sorsogon investigate corruption rampant escudero hamor connive,youtube
774,case build till kulong pathetic system,youtube
775,justice prevails asleep lord side righteous moment poor righteous filipinos shall claim gift glory let mighty heavenly power job granting wisdom every legal officer prosecute bad elements entire nation hold everyone works mysterious ways lord praise glorify name million times every moment life please forgive everything done teach love day trust,youtube
776,milagro makakauwi zaldy habang mainit isyu,youtube
777,matagal proseso taga gobyerno magnanakaw batas madali hatol,youtube
778,isama pulitikong isasabit malinaw accountability,youtube
779,tulisan becomes rich loots still tulisan,youtube
780,martial law sagot gusto nyong makulong mabilisan one month loob kulungan,youtube
781,due time naghilum bagong face surgery zaldy makilala,youtube
782,karen mabuti notice gusto malaman pinoy justice nasaan zaldy next time know china malaysia zaldy susunod romouldez ppagamot america,youtube
783,lets see romouldez zaldy return pilipinos money escudero bong want see get ninakaw nilang pera,youtube
784,guy undersecretary andres,youtube
785,must return stolen since,youtube
786,weather weapons utilize typhoon systems build higher,youtube
787,isama taga coa ibang agencies kasuhan,youtube
788,ikulong takipan duterte pinadala icc kawatan,youtube
789,fraud theft plunder estafa ikaso isama kaso senador kongresista opisyal pcab dbm land bank coa bir governor mator kapirang bgy tumanggap,youtube
790,circus titigil corruption hanggat nabibitay corrupt itigil kwentang daldalan,youtube
791,martin romualdez zaldy buayas team,youtube
792,party lists given funds iba consituttcnts sectoral party lists,youtube
793,saan spain,youtube
794,sec dizon magingat kawatan buwayang sindikato corrupt baka gamitin ninakaw pera iyo patnubayan angels,youtube
795,grabi demonyu lipunan gawin yun addik nagbigay pera budget,youtube
796,angono rizal maraming ghost multi purpose building ginawa gamit staffs kurakot mayor governor,youtube
797,without billion billion stolen philippines would better shame mayiha nmn,youtube
798,takot salarin sinunog gusali district engineer baguio patunayang mali imbistigahan,youtube
799,need stolen taxes back official receipts back national treasury,youtube
800,assuming ghost involved say katao guilty napatunayan bitayin kada araw malamang susunod gagawa,youtube
801,dinagdagan,youtube
802,million pesos almost 1ea peso bill hawakan maleta mabaklas highest philippine peso peso coin mahirap nakawin budget million coins tig peso coin kailangan crane mabuhat pwede suv malaking truck kailangan isipan,youtube
803,kita nagdimula papala noong operation pagnanakaw saldy napupuna natukladan panahon pbbm liwanagin simula salaysay orly gutisa binanggit salay saldy martin romauldes unahin simula sinong kasama salasay paul,youtube
804,batas pwede palang rule ilang posisyon alinsunod procedure nasasaad batas gagawin basta maging bida harap sumisigaw tayong pkialam batas quote quote mismo sinusunod tamang batas magpatupad batas laki tendensy baliin batas,youtube
805,karoon bitay leader gobierno kawatan,youtube
806,godbless always,youtube
807,guteza ginagiit marcoleta,youtube
808,lord break liar give wsdom tell thr trith without coaching coavhing dectatorshiop marcoleta iba tlg abg ikae mismo mgsalita base katunayang pngyuari,youtube
809,nku semi mandatory ready mafe madeup marcoleta,youtube
810,briefing nmn marcoleta guteza,youtube
811,salita gawa,youtube
812,marcoleta binigyan kahihiyan church kinabibilangan subrang sinongaling mapaggawa kasinongalingan nakakahiya abogado kuno pro saksakan pagkasinongaling,youtube
813,appointed romualdez zaldy chairperson house appropriation,youtube
814,totoo pinagsasabi mukang turo,youtube
815,nilalahat maling kamalian piliinong tapat roon tayong aral itaglay kabutihang turo dios bale walain itoy pinaka mahalaga ikintal leeg bawat aral turo nararapat itaglay isip tungo ikabubuti karapat maging tapat,youtube
816,buking tistigo marcoleta hnd kabisado isinulat,youtube
817,epal namn marco,youtube
818,iiza pinaglaban ntin bless,youtube
819,baletang bagyo today oktobre twenty 2o24,youtube
820,napakalalaking pera basura twag maawa tax payer,youtube
821,pansinin fake news salaysay allegation pti notary fake bkit witness presentation cuteza wlang kwenta aksahin pagdinig notary palang fake,youtube
822,mkg boycarlbfknos,youtube
823,oky deg bbm,youtube
824,excuse mkgkitaboying depotde annuml secret boyfriend carl congr kompynsacr,youtube
825,goosebumps bump dugong pinoy malaya,youtube
826,halong kasinungalingan sakpan jud buaya dami pera buaya tlaga,youtube
827,sabwatan sendekato coruption martin romualdez zaldy kong zaldy zaldy kong martin romualdez martin romualdez kong pbbm signatures approved become master mind planner sidacate malawak sendekato coruption,youtube
828,imbinto salaysay marcolita halata imbinto,youtube
829,hay naku anung gawin sangkot fllodcontrol,youtube
830,nonsense tanong senador ibalik ninakaw ibalik cgurado maibalik ubos family taga ubos casino ibalik tabgang tulfi bam aquino,youtube
831,grabi hinde manlang binegyan tapus tong bahay pinapagawa sorry,youtube
832,pawang katotohanan,youtube
835,baka gawa ninyong dalawa defensor sinumpaang salaysay guteza nagtatago luku luko marcoleta,youtube
837,halatang tinuruan lga salitang markubeta datingan sinasabi witness markubeta,youtube
838,philippines,youtube
840,toto kwinto nayan kuya basura sinabe,youtube
841,halata kana sinuhulan kalang,youtube
842,ayan saludo hahaha putol,youtube
843,halatang ginawa ibang binabasa gawa marcoleta saulado hahaha,youtube
844,kailan iharap zaldy martin,youtube
845,tama pagnanakaw sna pagkakalong parusa daming nawala giwna ginamit snaa tama pondo pilipino,youtube
846,san ppnta kapal,youtube
847,galing erwin tulfo halata bayaran tambaloslos,youtube
848,bka gawagawa nanaman gumawa gsto,youtube
849,samga tanong umaminna kurkot walalang tigil nayan hatihtinalang kyo sapera sabay abrod hhe lamna nmin hospital ares nak hiya papogilng kyo tigil nayn,youtube
850,kayong alamnyoyan linolokonyo kame lalona marcbeta tanong sampung taon dehins mattpos tigil hatihati nalng pera lumindul intensity twente ppantay pantan,youtube
851,tigil pagttanong tawag batas tanungan wanaman mkkulong papogi nakkahiya tama sabwatan lumubugnasana mundo bumagyo limang taon,youtube
852,dpt tlg alisin curap,youtube
853,look alcantara keeps peeping gotesa test papers nangongopya,youtube
854,lacsoncongratulation,youtube
855,lacsoncongratulion,youtube
856,bullshit,youtube
857,latelive,youtube
858,pelikula napapanood nangyari real life,youtube
859,maniniwala put martin romualdez investigate kayamanan nilang,youtube
860,basta marcobeta initiator leads disaster ginawang magaling taing,youtube
861,social basura many malita,youtube
862,ongoing philippines suffer widespread corruption poor planning ghost leaving many vulnerable communities unprotected despite huge spending transparency accountability must prioritized restore faith actually keep safe,youtube
863,nskakatakot corruption philippines syndicate hulihin crocmualdez,youtube
864,syndicate,youtube
865,sige tulungan tayu kailangan rally tayu,youtube
866,wlang kwenta linkod bayan nanakaw nakakaahon pilipinas nanakaw iisa nanakaw,youtube
867,nahiya bomoto nilolok senador linkod sablayan wla kwenta pla nakayong mahiya pla nakaw pera nakayo nahihiya,youtube
868,maibintang magnanakaw kakutsaba,youtube
869,lastog marcolita,youtube
870,sara,youtube
871,wagkayo matakot romualdes taba ikulong meron nagawang pagnanakaw pinagtatawanan kayong romouldez pinag away away death penalty firing squad luneta mgnanakaw,youtube
872,tibay ibidencya pinatatagal,youtube
873,bat pinatatagal usapan dami ibidencya ikulong bitayin pinatatagal usapan pinagluluko bayan hatulan kurakot romualdes discaya alcantara,youtube
874,linaw linaw mapatawag zaldy martin naku naku bbm,youtube
875,mgakapal mockha mockhang pera,youtube
876,mgakapal mockha mockhang pera,youtube
877,mgakapal mockha mockhang pera,youtube
878,mgakapal mockha mockhang pera,youtube
879,bbm magresign kana,youtube
880,panlenlang,youtube
881,buwan cenyor nalalaman tunay tungkol pensyon nakatatanda kong kapatid nakatatanggap tamang pensyon nagsasabi kelangan mawala muna yun senhor bago ipasok slot senhor nakakalungkot ipray mawala pang handle pensyon,youtube
882,grabing pera mantala kaming nagbabayad buwis nagkakadakuba maghanap halos karampot sahud tong buwaya hayahay,youtube
883,hoyyyy naniniwala bayan lord kunin nayan kasinungalingan,youtube
885,marolita kweto bintang kailangan ntin matitibay ibidinsya hnd hersay chismis pagtakpan kakampi sinador duterte,youtube
886,mabuhay pgtatanggol bansa,youtube
887,pagnanakaw bayan,youtube
888,revolution pilipino sobrang dinanas baha galit galit,youtube
889,peke buhok marcoleta peke notaryo testigo natitirang kredibilidad kalbong marcoleta maging tapat marcoleta ipakita tunay laman anit ilang kuto pinoprotektahan,youtube
890,saan galing pera,youtube
891,nakkatuwa alcantara hambugan ngyyari,youtube
892,duda sayu alcantara scripted,youtube
893,cnu gumawa salaysay,youtube
894,defensor alyado alyado digong natural defensor marcoleta nagpakita mahinang testigo orley guteza pekeng notaryo kulang kopya guteza dinala korte gigisahin todo nagtatago orley nagpapakita tinatago marcoleta napahiya,youtube
895,well guided guteza hinde magkamali,youtube
896,salot,youtube
897,ibitay hangal kaluluwa,youtube
898,marcolita inililihis gawin pra bang nagpapakita paggulo,youtube
900,gumawa paglalahad kulang putol original kopya samantalang sen marcoleta kumpleto kopya ibig bang sabihin sen marcoleta original nagtatanong kulang kopya resource person nagtatanong,youtube
901,babayaran kasama sigurado,youtube
902,proud,youtube
903,drama,youtube
904,snappy salute due respect sergeant cuteza bro bless always health divine protection,youtube
905,kumplito scripted sinyas noong sesenyas tatlo nako marco halatang scripted kabisado marco binabasa nia isa nagulat lacson gulatan hinde kasama inimbatahan last,youtube
906,hahahaha natatawa ganda script pelikula ulit yarrnnn,youtube
907,tingnan katabi gateway natatawa isip magkano laman tutuo laman pera,youtube
908,kunyari pumayag hahanapan butas magtagal mauwi sagutan,youtube
909,pake new katibayan asan escrep gagawa gawa sinongaling,youtube
910,guteza tumigil paglalahad kasinungalingan,youtube
911,buking marcobeta gumawang alarado,youtube
912,pray safety protection brave filipinos proud guteza,youtube
913,naku marcolita ubod ngang sinungalinhmg naku bagong script director anny nauku kmiws,youtube
914,buti tattay digong pinuno pilipinas kundi kalalagyan zaldy rumualdez,youtube
915,tatawa tawa alcantara,youtube
916,congratulations inyong bravery,youtube
917,mambubudol tlaga markolekta,youtube
918,salute,youtube
919,soldier gutesa,youtube
920,kawawa negusyante babayad tax ninanakaw mismo naka upo govt,youtube
921,kurap administration ngayun,youtube
922,ana tato hatag bodjet dpw boo mog senado chik projik nahoman naba,youtube
923,mao deay hanting tongod deay ana kinsay naki dro kinsa makig nako deha,youtube
924,michael,youtube
925,golden china means belong china,youtube
926,mukhang nay katotohanan orlyguteza sumasang body language katabi acusado corruption lalo nung mabanggit pagdeliver pera,youtube
927,tanganamong aso,youtube
928,marcoleta paquitao diaz ping fpj,youtube
929,kayong buwaya kawawa bayan,youtube
930,maprotektahan pamilya salute lakas loob ipagtanggol bansa hanggat ganitong lumalaban tapat asa atj pilipinas maging maayos,youtube
931,buksan malaman kong totoo sinsabi,youtube
932,kent pakibangit contractor governador san jorge western samar,youtube
933,mention imbestigastion sasali imbestigastion pra diversion tactic katulad company imbestigation iyo tatawagin katanungan ganoon,youtube
934,fucking shameless thieves,youtube
935,orly history books huge numbers corrupt politicians philippines written next generation politicians abuse power,youtube
936,mention anymore asked tell truth nothing whole truth swear mention powerful one means fear heart emotions won connect consciousness afraid tell truth afraid lie,youtube
937,clarong claro witness tutor marcoleta,youtube
938,salute,youtube
939,another budol budol marcoleta bulldog creased forehead,youtube
940,president marcos parurusahan romualdez involve alipores,youtube
941,pagbayarin bawiin kayamanan ibitin patiwarik,youtube
942,naghihirap pinas noong panahon kampon kasamaan pulitiko,youtube
943,solid duterte solid marcolita love solid gusto page nato,youtube
944,declaimer kasamahan buwaya,youtube
945,sabihin marvoleta credile sinadsbi,youtube
946,yawa wla nakukulong,youtube
947,plano magkano bago pera honest ibalik pera pamamagitan pagbaba pagbabawas taxes gobyerno pilipinas ibalik nawalang pera ituloy baguhin ghost maayos matapos gulo corruption pinas pera ibalik matapos nawa tumahimik pinas magsisi nagkasala pagbabago mababago repent makaabot pinas kaluwalhatian dios langit welcome bagong pinas,youtube
948,shame corrupt fucking politicians cancer sickens whole country hayup hope rot prison,youtube
949,offer salaysay cedalla imbesigahan athindi kapani paniwala kundi halong pagdawit ibang,youtube
950,brize iba ibinibigay ibinababa dadalhin loob bahay salin lipat sasakyan imposible binibilang harap pera bayaran,youtube
951,pol authorisado magbukas magbilang pera harap,youtube
952,credible,youtube
953,halatang bayaran,youtube
954,naiinip katabi nia binabasa,youtube
955,puntahan,youtube
956,tiresome hear mercoleta,youtube
957,publicity ginagawa kasuhan,youtube
959,lies,youtube
960,tuloy new malacanyang deliber,youtube
961,tapus diparin mapatawag dalawanv pangalan nabanggit,youtube
962,inshaallah sundalo katulad,youtube
963,marmaleta safe kana,youtube
964,nakulong dami teatigo napanagot,youtube
965,galawang bistado marcoleta gumawa scrift nagpangalan damay salita katibayan,youtube
966,delaying taktik imbistigasyon,youtube
967,kakampi nanganganib gumawa scrift,youtube
968,dto sen marcoleta sports mahilig coaching pwede abogado bawal pinaggagawa,youtube
969,nakahanda tropa laban katiwalian bayan ika ipaglalaban bayan,youtube
970,nervous lacson,youtube
971,nakylam kalbo bato bato marcoleta maging annes,youtube
972,lacson tatanga tangahan beterano,youtube
973,meron ser bato isipan katuturan hirit oras tapusin warrant duterte come home,youtube
974,love ser marcoleta fight panginuon,youtube
975,saludo iho bless pamilya kapwa pilipino mahal nating sinilangan,youtube
976,halatang nagsisinungaling marcobeta,youtube
977,konsensiya ipagdasal masamang mangyari pamilya,youtube
978,yangg sundalo mamahal bayan salute byani gutiza ginawa kahanga hanga,youtube
979,saludo syo bandilang pilinas pusong pilipino pusong mahrap gabyan kpal pamilya bless,youtube
980,among taon anong nuwan,youtube
981,dectador sina kon actual salita saulado,youtube
982,famas awarde master sgt gutezs tinalonya discaya alcantara,youtube
983,nakakagulat nakakagawa cla trabaho trabaho labag batas mabuti yun konsensya nanaig puso naisiwalat yun matter usapin truth set free,youtube
984,done well guteza ingat,youtube
985,nakinabang anomaly pananagutan,youtube
986,marites hilig evedensya salaysay matinong evedensya abogado abogago,youtube
987,kapoy kaayo marcoleta hilig fake news,youtube
988,kong tapang pangulo dampotin sangkot aamin makakalaya basic diba,youtube
989,maniwala cno ngaling marcolita gawa2 iligaw mona,youtube
990,bat zaldy,youtube
991,lols lib maintindihan basura arte ayaw magpa lib,youtube
992,basura pera kuya,youtube
993,magalimg mangopya alcantara aaral magaling manilip hehehehe,youtube
994,rumanas rehabilitation rumanas makapatay due motorcycle accident naging regular driver wards tajuna funeral services benjamin tajuna naging freddie tajuna tax remittance ala accounting funeraria meron kurtina kotse,youtube
995,hernandez ramos angkan mayor omeng paki ayus pagbabanta sinasabi iingat maling trabaho,youtube
996,patingin tingin alcantara patawa tawa,youtube
997,hinahanap sundalo saludo iyo hayaan muna sundalo police kaabang malakanyang protektahan presidente binilang tone toneladang pera natutuyu laway,youtube
998,lacson biyan pira kongrisman sinador bastanti kanilang sahod gagawa nalzng batas katolad gagawa dike kong dapatgawin bigyan pira sahod irikta mayor gobinador makita bayan midia iabolis maraming magnanakaw,youtube
999,dpat mkita cctv basement tirahan condo martin,youtube
1000,nakakatawang witness marcoleta misis dawit,youtube
1001,napakalinaw ipinagpaalam sen marcoleta msgt guteza ainasabi lacson courtesy nangyari,youtube
1002,mklong sna kyo pira byn,youtube
1003,halatang halata lacson photos agad sangkot feed nanonood buwaya harass intimidate agad pati pamilya lord watching knows evil deeds plans,youtube
1004,galing marcoleta nung ibinigay kopya tunay pagsasaad nung marine nung sabihin niyang naputol something new pinutol ahas buong salaysay bwahahahaha dignidad decency takot diyos mabuhay grijaldo salute marines,youtube
1005,tuturuan tlga kawatan gverno pra mdiin,youtube
1006,inuto molang paris nung isa senyas likod bahog,youtube
1007,hahaha magtanim biro isa kang malaking kahihiyan,youtube
1008,tarantadong marcoleta nayan yabang inililihis duterte aso china bka isa nanakaw bayan gagung matanda nayan,youtube
1009,palpak boy,youtube
1010,ikulong,youtube
1011,reason want least enlist army reserve boards integrity soldiers esp wars love pilipinas,youtube
1012,buwakanang politicians bansang ophir tinawag king philip kingdom spain ginawang anomalies political leaders kasabwat department works highways corrupts political leaders ganito nangyayari bansang ophir tinawag philippines palagay sadyang matagal ginagawa political leaders sadyang kasabwat department works highways highways waked kayong voters voters tiyak marahil pong ibang involves anomalies governments tiyak mayroong pong involved matataas pong positions ibang departments governments malamang baka involved ibang departments governments tinatawagan voters maging mapagmatyag iba pang sangay governments course natural matagal gawain political leaders ganitong karumal dumal corruptions governments tiyak pong ibang involves tiyak departments works highways tiyak mayroong involvements iba pang sangay governments sasabi pong ibang sangay governments agencies waked voters,youtube
1013,tapang kya tinatawawan senador akusado,youtube
1014,pera droga diliver damay speaker yari markulekta,youtube
1015,sinungaling panira comotti,youtube
1016,patay tau act cis party list,youtube
1017,kasihan nawa dios pamilya talagang perfect mundo ngunit ginawa saludo bawat sisisi pinapatnubayan dios bless,youtube
1018,marcoleta sos lord bahala halata kang tinago hysss nako panginoon naka witness totoo peo baka scrip hahaha,youtube
1019,makulong nayan nanakaw,youtube
1020,tama katakutan kawatan bagkus matakot sambayanan pilipino susunod generasyon,youtube
1021,iksw sng dspat bigyan wpp,youtube
1022,mabuti kapasir tama mali nakaupo tama mali mali,youtube
1023,galawin zaldy romualdez palagay boung hanay marines makalaban sure salute lalantad pang iba,youtube
1024,senador pinag tatakpan corrupt gobyerno hnd mananalo lacson sotto lht nabangit darating halalan tandaan senador pinag tatakpan mali bayan trabaho pinag tatakpan susumpain bayan ayaw ituwid maling gawain tiwaling isa tiwaling gobryeno lacson sotto lht nabangit,youtube
1025,marcolita,youtube
1026,martin romualdez zaldy napaka walanghiya awa mamamayang pilipino congressmen congress karamihan magnanakaw,youtube
1027,lumabas katotohanan sal pagnanakaw ngkavan governor mananagut kayu magnanakaw,youtube
1028,wish granted wish kara david nilihis isyu romualdez pinag uusapan,youtube
1029,anong bayan makaka resolve systemic corruption bansa pagbabarilin kurakot,youtube
1030,lumabas kana saldy rumaldez malalaking buhaya pinoproteksyoan sip sip senador takot tamban,youtube
1031,haba letanya,youtube
1032,uroi nmo marco scripted,youtube
1033,madaldal katiwalaan gumagawa kwento ugali satanas mapanlinglang salita,youtube
1034,go3 sen marcoleta,youtube
1035,lain tinan awan alcantara,youtube
1036,direct magulo kya,youtube
1037,kiko getting point pinipilit nyong kwestyunin nireport landbank amlc suspicious cash withdrawal bounded policies banko basta basta dinideclare account owner protection privacy although yes nirereport knowing kilala client galing manager kkwestyunin iisipin nun need rush pera makabili gamit constructions itatanong saan knowing galing contractor babaw tanong umikot pagkwestyon sinumbong,youtube
1038,klaro jud testimony naay pangalan tawo involved,youtube
1039,buo loob nung una nsaan npo bkit nawawala sha,youtube
1040,trio,youtube
1041,natakot karma demonyong kurakot gagastusin sobra2x samantalang daming makain takot dios,youtube
1042,grabi mayaman kulang demonyo pira tangi annnn,youtube
1043,imvestiga halos taon inaabot kaso naisampa ihinto imvestiga moro moro kaso naisampa,youtube
1044,iingat poh plagi naway gabyan iyong pmilya mahal pnginoon,youtube
1045,nakaw,youtube
1046,senador,youtube
1049,magsasama,youtube
1050,senador money,youtube
1051,job,youtube
1053,nagnanakaw,youtube
1054,pinagtatakpan pinky lacson iisipin kalaban testigo nilinlang dian commitee,youtube
1055,kng anyan,youtube
1056,hwag nan ikot,youtube
1057,marcoleta,youtube
1058,karma,youtube
1059,magnanakaw buti anak mapasok sikmura,youtube
1060,okey peru magnanakaw,youtube
1061,gaing,youtube
1062,magyari bansa kasama bbm,youtube
1064,lord let justice prevail guilty perpetrators rightfully punished sabagay katulad father permanenteng tahanan iyong life nating paghandaang,youtube
1065,klaro kaayo zaldy corakot martin romaldaz utak corakot pera bayan,youtube
1066,nagtaka baboy alkantara nung sabihin bag million compute tuloy kulang nakuha hehehe corrupt hayop bitay,youtube
1067,bat marcoleta kaw gumawa,youtube
1068,kinakabshan kuya mamadali pagbasa pra matapos hahaha bless,youtube
1069,pulong oot bagong drama neya napunta nanaman sundalo buamaha buong pilipinas,youtube
1070,nako script ginawa marcolita sinungaling ohh ayan buking kna magkano ibinayad hiya ayan napakamot tuloy binabasa,youtube
1071,kita lito guirereo lapid,youtube
1072,laki pla pera kya sobrang clang nagpapayaman samantalang madaming naghihirap kakapal kurakot,youtube
1073,basura,youtube
1074,protect sen marcoleta believe warrior stay firm strong uncorruptable fearless gives power jesus name declare expose reptilians least philippines metathron come time eye,youtube
1075,salute marine,youtube
1076,nagkamali mali guteza gumawa,youtube
1077,nagkamali mali guteza gumawa,youtube
1078,habang nabasa guteza tangu tango alcantara ibig sabihin totoo sinasabi guteza,youtube
1079,gawa gawa kwento halatang sinasabi markolekta binsa nalaktawan dinagdag halatang guided sibasabi akala isinulat binabanggit nausulat,youtube
1080,kong hantongan testimony kasinungalingan,youtube
1081,laban tyo kabaro tamang paraan sgt moreno jack,youtube
1082,almighty bless wisdom guidance protection time duty,youtube
1083,nagsasayang oras nkasubaybay skin sotto lacson bbm remulla rumualdes iisa cla,youtube
1084,haynko wlang mapuntahan imbistegasyon lacson sotto protector,youtube
1085,sayang lacson pinili protektahan marcos romaldes kaysa bayan,youtube
1086,kawawa pilipino pinaasa sinungaling wetnes,youtube
1087,tunay dugo marines takot bayanihon,youtube
1088,kita buseeettttt,youtube
1089,ping pong akala paalam bagong witnes sen marcoleta ayan maliwanag lets proceed kpa haist masyado halata baleleng,youtube
1090,urteza marcoleta sabwatan nabreafing bago umupo senado fake tistigo halata salita utal utal macoleta didikta tingnan likod sen tulfo didikta dds,youtube
1091,marcoleta alias marcubeta panggulo kontrabida magnan kaw pera bayan promise berolisan shadow,youtube
1092,sinungaling gawa2 markubeta,youtube
1093,fake witness pakawala,youtube
1094,gma7 narinig humingi sen marcoleta pahintulot chairman ngayong pagkatapos marami sinasabi sen ping media 2day ipa lista nagtataka kami pinag take oath,youtube
1095,totoo tumango alcantara bawat bawat bngit guteza name ibig sbhin alcntra,youtube
1096,listening watching iloilo,youtube
1097,domolition job mabuti,youtube
1098,guteza patibong witness karin mahuanay,youtube
1099,romualdez marcos names synonymous corruption filipinos expect governance,youtube
1100,kasamahan magsalita,youtube
1101,yari tamim tistigo marcubeta,youtube
1102,pakasiguro alcantara sinungaling kapatid magnanakaw magnanakaw bigyan mabigat parusa halos pilipino kumakain tamang pagkain bagoong tuyo kayong awa mahirap,youtube
1103,maniniwala magnanakaw sinungaling diyos magpaliwanag nagpaparusa inyong buti pang naging kayong kahihiyan,youtube
1104,nakipagcooparate kana lord,youtube
1105,tama sabihin mapoproyetahan family lalo silang manganganib lalo dsa pamilya victim kalokohan,youtube
1106,nagsalita binasa script remulla binabasa hndi dala niyang polder laman paper nkasulat sasabihin alcantara natakot remulla iba tlaga batas ngayun breaking law hndi bend law sindikato corrupt government,youtube
1107,intetution ogok bali bali pinagsasabi ayusin sabihin totoo dagilan mamatay atake puso kasinungalingan pinagsasabi,youtube
1108,scripted malihis imbistigasyo matombok tunay mastermind tumbok kuna sangkot zaldy rumualdes bbm,youtube
1109,alcantara dimo isuwalat kasabwat katulad romualdez bbb saldy nadidiin mataas involve corruption saba makunse tuluyan,youtube
1110,alcantara magbitaw pera derby,youtube
1111,yes tama pgllhad bible says tell truth truth set free,youtube
1112,bonjing focus gawa statement baka mabuko,youtube
1113,patayin silang pati family matirang corrupt,youtube
1114,show time,youtube
1115,asinso sambayanang pilipinas kagagawan kailangan maaliskayo serbisyo kurakot,youtube
1116,death penalty gawin nagkukurakot pera sambayanan pilipino,youtube
1117,nako scripted multi purpose namang kasali galing gumawa kuwento,youtube
1118,prior denied statement brice mendoza admitting time brice alledged give hin patek phillip car birthday thsnks admitting,youtube
1119,pla zaldy,youtube
1120,tumulong imbistigasyon kasamang ikukulong mastermind,youtube
1121,dimonyo kayong tatayong vigilante maubos kayong ayaw parusang bitay sigurado madami mabibitay,youtube
1122,mahirap maniwala tinuturuan sasabihin ididiin,youtube
1123,nagsasayang pera kunwari kakasuhan sumisimpatya impeachment sara,youtube
1124,sign pages last page insertan tanggalan iditing mangyayari,youtube
1125,save engineer alcantara knows bad guy save self save family,youtube
1126,maraming namatay kon kinawat pera bayan sanang mamamatay maraming kawat billon billon corrupt masauli pakaya pera gihakut daming carton basura kanilang mansion maaawa ginugutom anak naanod baha aming bahay binuboto manalo pinatay kami napakawalang hiya gobyerno pilipinas maraming pilipino ayuda gusto gusto bayang pilipino ibalik aming pera ninakaw panggobuerno,youtube
1127,remulla pagka cute,youtube
1128,naawa magnanakaw parepare,youtube
1129,hayop remulla script sinimple alcantara karma paparusa hayop,youtube
1130,remulla evil,youtube
1131,sinungaling,youtube
1132,mahihirap basura pera kurakoot senador tawag pera basura hindii pinagpapaguran ninanakaw pera basura basura pinagpapaguran pulutin mahihirap nahiging pera,youtube
1133,ultimate solution strict review scrutiny program works makikita kong kargado tarepa sop andyan bilihan among pre qualified contractors ranging solution detailed itemized scrutiny program works,youtube
1134,gagaling corrupt opisyal gobyerno lustayin pera hakutin pagbibigyan play money,youtube
1135,mgkwento ayaw umuwi zaldyco tinabihan boying henry isiwalat katotohanan bumango bbm bayan,youtube
1136,lbo sinasabi wlang kalatoylatoy tinuturo boying bukal luob,youtube
1137,awang awa sarili kumita parehas nagbabayad buwis nanakawin luho unfair,youtube
1138,jenggay strike two,youtube
1139,hintayin ngbibgigay paliliwanag ilihis peluka,youtube
1140,alaga boying alcantara ibulgar boying mastermind bitayin remualla,youtube
1141,corrupt wants show hero goto jail,youtube
1142,bkit nkadikit mulla alcantara bka bulong cremulla,youtube
1143,ingat testigo mapanagot kurakot humingi tawad alcantara talagang ikanta pati pinaka puno,youtube
1144,tignan mata remulia halatang tunay salaysay alcantara iyo alcantara totoo mawala naisaad katotohanan,youtube
1145,baka kasabwat karin kunwari kpa mapagtakpan kasama,youtube
1146,engr alcantara,youtube
1147,nice alcantara job,youtube
1148,engr alcantara,youtube
1149,mukhang naturuan group efforts leader alcantara pwedi bang lie detector test silang dalwa orly dikit dikit aha bryz congressmen friends pati pagnasa casino palinlang mindset mindset lie detector senador mukhang credible bryce poro tongressmen involved,youtube
1150,bonding mapakali pakialaman pagbabasa engr alcantara nakita binigay kang script pinabasa kuratong engr bistado bondying magkakasabwat nina kuratong pepsi paloma walking maasahan bayan hintayin karma,youtube
1151,lalo malaking buwaya isisiwalat alcantara baka sakali mapatawad kapa sambayanan bless,youtube
1152,atleast sen joel hnd multi purpose namn cguro kababayan yun,youtube
1153,atleast sen joel hnd multi purpose namn cguro kababayan yun,youtube
1154,binoto lagi tandeam revilla bodots bodots nahihiya,youtube
1155,nakangiti demonyo tabi halos ayaw basahin alcantara script galing demonyo script,youtube
1156,okay cguro election hayaan pumili pera ebibigay,youtube
1157,kunsinsya pinaka hiya pinapakain pamilya nakaw weak leader pbbm pirma maelabas pundo piro check nagawa bah katulad tay digong pinpuntahan kapal magnanakaw shame,youtube
1158,lletsi kayong kawatan mamatay maraming nalunod baha ginawa nyong kawatan,youtube
1160,let pray bless,youtube
1161,yes bless,youtube
1162,tingnan tuta bangag katabi bwahaha alala maxx scripted nkita camera bwahaha makonsensiya bayan niloloko,youtube
1163,isip isip kana tangapin alok pilit pagtakpan rumaaldas bangag bwahaha resign konting push bangag susunod kaso daming tuta bangag senado dadalhin consensiya habang,youtube
1164,pro gyahin hernandez binalik nkulimbat ska panasilip bangko,youtube
1165,pilipinas bangon,youtube
1166,bantay basahin bigay remulla,youtube
1167,tama kumanta kasalanana kelangan dasal resposibilidad sabihin babyhin,youtube
1168,laru laro alcantara ngayun taya,youtube
1169,pour truth engr alcantara pupurihin diyos pagsiwalat katutuhanan filipino choosing right thing,youtube
1170,ayan lumabas katutuhanan zaldy titirahin sarah malaking nakukuhang pera bayan,youtube
1171,gana pang bait baitan bagay galit inyong lalu dios,youtube
1172,siyempre nahuli nahuli tingin titigil,youtube
1173,pinklawan bangag taga suporta marcos ipagtangol ibibintang kaalyado sara dumi pla ibedensya scripted,youtube
1174,boyeng demonyo muka nsa gilid,youtube
1175,tagayan tubig boying,youtube
1176,engr alcantara alagaan sarili kailangan saksi katiwalian gobyerno kayanin stress sanay pong panghinaan loob kailangan pong maisiwalat bayan utak katiwalian,youtube
1177,truth set free,youtube
1178,sen marcoleta investigate salaysay alcantara pinalitan remulla talk dat proof kumakalat plus bernardo dnala doj bgo mainterview,youtube
1179,remulla halatang halata kademonyohan maraming plot twists katalinuhan mali fact twister korap,youtube
1180,kapal stealing money,youtube
1181,lalim kaso pinipigilang mabunyag tama maglqntad lana maraming naliligaw naninira mabusay marcoleta kaso marami siyang kalaban paghalungkat katotohanan,youtube
1182,kabadong kabado remulla,youtube
1183,infairness khit tumba alcantara gwapo lalo cguro noong kbataan cnyng talino napsunod systema pulitiko nangungurakot mganda sbhin totoo lht nkinbng sabit2 alngan nmn kyo kya gusto nilang maging pulitiko gwa influence power privilege magpymn,youtube
1184,nakaka tawa sinasabi akusado bayan hahaha,youtube
1185,mangyayari imbestigasyon matagal bangayan nayan napatuyan mahirap batas pilipinas mayaman kalaban nahirapan sopot hurado magdesesyon hahaha,youtube
1186,bong revilla matagal magnanakaw,youtube
1187,buti nmn ngsalita tlga,youtube
1188,nakakasukang manood warrant arrest namumuno commitee nakakahiya nakakasuka nakaka rindi pilipinas nakkaahiya,youtube
1189,naipit sinungaling parin maniwala sen villanueva maghatid cya pera tauhan laki halaga pera impossible usapan bago hinatid tauhan sen villanueva nagsiwalat narin totoo,youtube
1190,ikot ikot ikot ikot ikot ikot nangyari ngani laughing stocked pilipinas buong mundo,youtube
1191,sorry liv challenge better quality safe strong tungkol waist help tiis tiyaga maging develop sorry,youtube
1192,sorry stepping stone liv take new,youtube
1193,take safe liv take new pray deep heart specially,youtube
1194,tapon napo basura practical manggagawa oras trabaho benefits call challenge new safe sayang pagod since sorry challenge pray liv take new,youtube
1195,tapon napo basura practical manggagawa oras trabaho benefits call challenge new safe sayang pagod since sorry challenge pray liv take new,youtube
1196,sorry tapon napo yaan plus non advisable quality foor kumain kayu,youtube
1197,usec bernardo naging tuta romualdez,youtube
1198,niliwanag dawit sen jinggoy sen villanueva,youtube
1199,liv,youtube
1200,coming new stepping stone coming sorry,youtube
1201,panapon yaan take new sayang challenge tiis tiyaga tulong pang araw araw gawain let challenge pray,youtube
1202,liv,youtube
1203,sorry leave take new pray challenge gave sorry touch sorry pasensya,youtube
1204,laki leeg makabigkas maayos pananalota,youtube
1205,mawalang galang napo giv let start new safe strong healthy plus season tungkol benefits plus trabaho tayu enjoy safe plus foods allowance,youtube
1206,sorry ramsack take new safe strong healthy bless thron take new disipline pray sorry take new safe coming gift lord safe,youtube
1207,shame trying protect senatong tonggresmen shame shame nakaw bulacan officials shame,youtube
1208,boto convict naaapektuhan kaboboto corrupt,youtube
1209,ikanta nalahat alcantara ilang taon naritira baka maya maatake puso makatylong kapa,youtube
1210,kurakot tlga tong jinggoy hndi nagbago nakakaputang ina,youtube
1211,tjhis time webpray corruptions could minimized bless pbbm,youtube
1212,pinatong papel remulla bago magsalita gustong ipabasa ping lacson simula ayaw basahin alcantara,youtube
1213,boying inabot papel hndi binasa,youtube
1214,napansin sen marcoleta binigay script boboying,youtube
1215,takot marami kayong nanakaw,youtube
1216,naging baboy mokha nakaw pera bayan,youtube
1217,lalanas hule bbm asawa utak grupo ulupong dpat magkaron batas bitay politicians kurakot nagpasa mambabatas batas iboto,youtube
1218,lord imong tabang domating gaba dili magsaba nuon ngsabi sara dalawa hawak pera saldy romauldez marcos resign kana dika nahiya pinsan,youtube
1219,kapal nataga mokha nakaw kalang natako tagal nakaw,youtube
1220,tama henry tama ginagawa diyos bahala iyo hernandez mendoza hayaang magdala parusa mangagamit,youtube
1221,totoo binago remula tukoy tamba,youtube
1222,alcantara inomin tubing,youtube
1223,senado congress iisqng grupo terrorista pabagsakin pbbm pilipinas corruption economic sabotage filipino kabataan nagdurusa kanilang demonyuhan,youtube
1224,sarah duterte true zaldy head corruptions,youtube
1225,pinutol nabanggit zaldy crocs,youtube
1226,focus nakaka distract nka cream chinita likod engr alcantara zoom zoom,youtube
1227,daming naghihirap smga pagbaha smantlang sangkot pgkurakot smga pera bayan hayahay dna nakonsensya smga naghihirap wlang konsensya dyos hahatol sangkot dto lupa hyahay kabilang mabigat hatol dyos lumabas katotohanan tlaga hangganan,youtube
1228,masasabi tumayong tapat isa makabayan,youtube
1229,boying remulla utak nandyan itabi ginawang testimony gawa gawa sinasabi,youtube
1230,bulin zaldy romualdez,youtube
1231,kanus mangamatay,youtube
1233,wagkana basa kilala,youtube
1234,pasalamatan remulla hahahaha,youtube
1235,kayapla 700k plus dinner anak zaldy cheap knila walnghiya bilyon bilyon perra ninakaw,youtube
1236,buti siniwakat iglap matapos saka makapag lubid nanaman buhangin,youtube
1237,laki binibigay tulong hiya pinag parti partihan kaban bayan habang naghihirap binigay bigay pera tulong subrang laki bowaya bitayin,youtube
1238,ibitay zaldy,youtube
1239,tiklop imbistigasyon narin matatapos career contractor darating bagong kontratista sistimatikong pamamaraan kong papano tumatakbo lagayan dating gawi bagong pamamaraan nmn,youtube
1240,pinalitan remulla salaysay prepare alcantara,youtube
1241,nakakalungkot isipin napakayaman pilipinas yun nababaliwala ganid gobyerno shame korap lugar nababangit kasali ghost napakasakit knila esp taga bul acan halos lumubog samantlang pondo pagpapagawa pinaghatihatian ganid halang sikmura gobyerno samantalang kming mamayan papalpitate kakabili kopiko blanca babakasali manalo 1million nagsasawa isda kakasali raffle mega sardines one blink eyes million billions pesos ninanakaw natatapos laban pilipino ahensya merong korap ahensya meron tayong pilipino magtulungan mapakulong ipakulong pagbayarin pagbayarin,youtube
1242,abogado remulla anjan tabi minamandohan,youtube
1243,magnanakaw,youtube
1244,alcantara bago salita tummolong imbestigastion usap salasay nayan ginawa basahin nlang alcantara rinig pangalan marcos romualdes zaldy ayaw ipatawag zaldy imbestigahan takot baka kumanta idiin tinatakutan papansin nasi alcantara utal utal salita gusto idugtong pansin lacson sinabihan nlang kon salaysay yon babasahin kita deretso deretso salita,youtube
1245,namang nakukulong,youtube
1246,yaman pilipinas sanang abroad nagsasakripisyo bilyones pinapa sweldo ofw pilipinas trabaho,youtube
1247,jinggoy estrada pork barrel andun bwaya,youtube
1248,buti makonsensya iba,youtube
1249,kapoy kawatan oyy kapal,youtube
1250,script galing boying remulla pananakot inilahad henry alcantara fake save phil,youtube
1251,well tailord prepared wih emotions narration lets see play drama,youtube
1252,iyak iyak kpa mha sunugin satanas tatang gihan kaluluwa sobrang sama satanas bka palitan,youtube
1253,bayan maligtas sarili,youtube
1254,kya tumataba engr hahahahaha dami plang nkulimbat yaman sna atakihin hahahahahaha,youtube
1255,ngaun natatakot kaligtasan pamilya noong nagwawaldas milyones casino naiisip ngaun nahingi security ora pamilya ngpasasa pera taumbayan galing,youtube
1256,makulong maganda maunlad bansang filipinas napupunta funds mapagawa magagandang hospitals school mahihirap nababansagang 3rd world country pinas napag iiwanan sobra makulong managot maibalik ninakaw nilang justice needed filipino,youtube
1257,kapani paniwala kayong aminadong kawatan kaysa senador kongresistang humpay pangtanggi paulit ulit pangungurakot malaglag isama pati ugat katiwalian,youtube
1258,star witness think better sen jinggoy sen villanueva zaldy list cooperate,youtube
1259,bayan,youtube
1260,asan tambaloslos,youtube
1261,grabeee,youtube
1262,grabeee,youtube
1263,pinaextend maternity leave pay nakinabang anak breastfeeding binulsa nyong pera,youtube
1265,ikulong alcantara usec bernardo isoli ninakaw,youtube
1266,ufjthfhfufjthfhf,youtube
1267,tanong asan binigay meron silang proyekto napunta vault ipakita proyekto ghost,youtube
1269,shoot balde,youtube
1270,una sobrang nakaka gigil alcantara strap sampalin paulit2 denied denied habang ginigisa bryce mood mohalatang takot kita manager anomalya bless alcantara ksa,youtube
1271,bless mangyari aamin,youtube
1272,ginawang scripted kawawa alay madidiin tutulungan makalabas,youtube
1273,bka gus2 nilang bankrapin gobyerno cla sekretong insert dpt maalis kaagad korap,youtube
1274,isama iyong pagsoli pera magarang sasakyan,youtube
1275,hinde konsensya natakot safety family sobrang greedy selfish tagal nyang gawain hinde konsensya takot takot makulong makuyog galit galit bayan,youtube
1276,hahamhahahahhaahha,youtube
1277,buti napalitan marcoleta napa tong hayup,youtube
1278,papatayin mmyan pilipino kpg hnd nagsi aminan katotohanan mtalino ngaun kase binubudol kaban bayan,youtube
1279,involve,youtube
1280,magprosper pilipinas tiwaling government official puwesto kulungan masisibak puwesto especially,youtube
1281,nung nabibisto budget sarisariling bulsa nung nabisto magsasabi kapakanan bayan yun goodluck,youtube
1282,cut zaldy,youtube
1283,engineer akcantara ilantad muna kkasi nahalin bayan kang natakot bahala lord magbagong,youtube
1284,engr alcantara nagsasabi buong katotohanan iniiwas senador mahiya,youtube
1285,sus sindikato lht namumuno bansa nato,youtube
1286,wla nmn makukulong wla kwenta batas bansa nato demonyo namumuno,youtube
1287,gahaman kayong karmahin,youtube
1288,matindi namumuno kawatan kopo hoi kawatan,youtube
1289,matindi namumuno kawatan kopo hoi kawatan,youtube
1290,kurakot trabahu patas million kinukuha naawa bayan nagttiis hirapkauo nagpakasaya pera nattakot kna bitay,youtube
1291,goodluck engr alcantara keep safe bless,youtube
1292,kana takot kana eyak eyak kapa hahaha piro busog namo bwesit,youtube
1293,naay pinakataas ana,youtube
1294,hayuuup kang zaldy sunugin loob bahay kasama kurap kakuntsaba,youtube
1295,pinrotektahan sina jinggoy joel,youtube
1296,isipin yeqrs service,youtube
1297,movie pplano ehh,youtube
1298,kapal pagmumukha,youtube
1299,nice coaching attorney,youtube
1300,halatang scripted hahaha pinatuloy salaysay ahha baka magkamali,youtube
1301,anu gagawin zaldy ipapatawag question,youtube
1302,bayan nakaw mula bayan,youtube
1303,minahal,youtube
1304,paulit ulit isyu ghost repleksyon sistematikong problema transparency accountability gobyerno amyendahan procurement process,youtube
1305,chinese always chinese blood,youtube
1306,drama,youtube
1307,pati nakaraang admin isiwalat tagal niyong namayagpag corruption,youtube
1308,nakikita remulla kumukulo dugo,youtube
1309,buwis nakontento maningil bir wagas nakakagigil gineer,youtube
1310,lacson stay kana sinumpaan salaysay baka magkamali kpa statement madulas,youtube
1311,wow,youtube
1312,idinamay senador miembro minority bloc tinakot pinangakoan maabswelto isa pakay ping masyadong manipis mabawasan idamay dalawang senador makasuhan magiging minority mahirap habulin kayang maimpeach titigil hangga naligwak duterte allies,youtube
1313,mainstream media interesado manood,youtube
1314,lusot bonoan,youtube
1315,ganito butas batas pinas kabababayan magnanakaw malakihan iyong pichi pichi halaga makulong bow,youtube
1316,alcantara una palang naging tapat bayan look napapag iwanan kamay nakikinabang bansa support system ikauunlad mahal nating bayan,youtube
1317,anung minahal institution sabihin institution inyong ninakawan naiyak iyak nung nilulustay pera bayan sayang sayang,youtube
1318,wish would subpoena meralco representatives ask electric rates high since looking corruption,youtube
1319,tahimik congress nagaapula contractor,youtube
1320,sen ping humahawak comitee,youtube
1321,tama,youtube
1322,maniniwala iyo,youtube
1323,jesus fcking christ buti natitiis ipakain yun pamilya tas natatakot pamilya okiribit animal,youtube
1324,sabihin totoo dika karmahin,youtube
1325,drama niligaw toang bayan gising pilipino kawawa yayama trabaho mgayayari kaso,youtube
1326,naisip pamilya tlga harapan sinungaling,youtube
1327,katabi remulla panu bang diktahan,youtube
1329,magkatabi korap remullia ibigsahin pansin,youtube
1330,sabihin papano mabawasan galit mapanagot malaking sindikato likod corruption,youtube
1331,sabihing bayan sukdulan galit kababayan kapanipaniwala mahalaga totoo sasabihin kang ititira poprotektahan tanggapin balik ginawa iyong pamilya sadyang isa sakripisyong gagawin balik masama ginawa matagal panahon nagpasasa pera bayan,youtube
1332,demonyo likod senador ping pansin,youtube
1333,kahiya hiya taga magnanakaw,youtube
1334,hihingi proteksyon bayan,youtube
1335,malaking pinaka utak usapan zaldy gawing sacrificial lamb protektado nla nla ppygan mahuli clng tatlong malalaking ulo marcos romualdez ligtas nmn,youtube
1336,naku pinahahab pinahahaba mangyayari aabot ilang taon masasayang amg mundo bayan ilit makukulong kawawang bayan kong pilipinas hihirap nagpapaka sasa kyong politiko,youtube
1337,katapusan kaligayan pera pagusapan,youtube
1338,paborito proponents bulacan district compliant gusto nanghihingi gumagawa diskarte magkapera kasabwat pagnanakaw pera taongbayan,youtube
1339,bumaba tatay du30 andami nyang kagagohan nangyayari bansa uusad daming pasikot sikot,youtube
1340,dami perang ayaw payagan mangkulekta isauli pera managit senadorna bias tulaf mangkulekta,youtube
1341,alcantara andyan kana kanang lusot kanang pagtakpan totoo humihingi porsento sabihin mona pagtakpan naniniwala nasabi meron kang matakot kana pweding saktan itumba iingatan kana susi malaman mastermind bukod zaldy,youtube
1342,naku katabi satanas remulla mukhang naging tagapagtanggol lam,youtube
1343,kaswapangan managot diputa humingi tawad bayan isissieslat kakutsaba,youtube
1344,pinaka mastermind neto duterte,youtube
1345,bago umamin kinausap muna pinakamataas gobyerno job atleast umamin,youtube
1346,anu ubrahan kana sen marcoleta ekaw lage kuntrabeda bute beda,youtube
1347,malinaw dalawang pera pumasok galing contractor pondo galing gobyerno nakay zaldy bicam napupunta next kanino napupunta,youtube
1348,mangyari pamilya gawa,youtube
1349,noh lumulubo pondo bansa andaming nakakagigil sobra sobra ginagawa niyong pagpapahirap pilipinas,youtube
1350,tama sound pilipino alcatra yes,youtube
1351,nganong sigi manghilabot silay labot gatrabaho politico maoy kurakot diha tinood diha mando politico mao nay tinood,youtube
1352,luck engineer alcantara,youtube
1353,niyong hahayaan mananagot,youtube
1354,coa purpose safeguard funds ensure accountability auditing government money property raised spent managed prrd nominated mario lipana commissioner revealed corrupt time commissioner jinggoy revilla release prison prrd time,youtube
1355,ungoy tumbong kapal,youtube
1356,galing tatalino mapaikot mabulsa,youtube
1357,tulungan diyos ama pawang katotohanan masabi ipagtapat kadamay,youtube
1358,kya wlang aseasenso pilipinas daming kurakot nkaupo ibalik batas bitay pinas corupt opisyal bibitayin mapatunayan,youtube
1359,totoo sasabihin demonyo umpisa nagsisinungaling bilyon ninanakaw kaban bayan kita epekto pagnanakaw lubog baha kaliwat kanan rally hanggang umabot marahas rally kabataan magrarally magnanakaw tulad ninyong officials pulitikong gahaman negosyante contractor,youtube
1360,kbila hihirap pilipino anjan pinag lalaruaan masayang masaya kayong gastusin pera bayan,youtube
1361,ganda drama,youtube
1362,opinion pulido kinakanta nagsimula medyo sintunado ibirit golden buzzer hehehe,youtube
1363,bochokoy piggy kawanats,youtube
1364,lantad kalokohan choice kundi aminin deserve makapasok witness protection engineer kahalagahan bawat yun protection bayan nasikmura sumabay corruption tas natatakot pamilya pinasok harapin,youtube
1365,hanga alcantara katapangan katapatan pusong filipino ipag dadasal gabayan panginoon,youtube
1366,lakas abogado alcantara remulla doj,youtube
1367,jinggoy joel,youtube
1369,tama decision engineer,youtube
1370,kailangan makulong makapwesto senado,youtube
1371,binanggit pangalan tambaloslos halatang scripted salaysay banggitin sangkot politika interes dinawit sen joel,youtube
1372,taba engr alcantara busog pera,youtube
1373,isa acting2 nde bagay,youtube
1374,wow bayani kapal,youtube
1375,kalapit remulla zaldy nmn ididiin amo zaldy kundi crocs romualdez nmn amo romualdez pinsan laylayan iniimbestigahan,youtube
1376,makulong binanggit engr alcantara ayan mismo sinumpaang salaysay kakapal lalo zaldy,youtube
1377,freeze assets bank accounts soon possible corrupt leaders shouldnt allowed run political position,youtube
1378,pinapaikot ikot bayan,youtube
1379,deciding country hopefully sinasabi totoo pawang katotohanan dagdag bawas bansang pilipinas,youtube
1380,isipin billion khit year mauubos dami samantala nkkita lumalangoy baha billion billion lustay kasino millon pinattalo josko,youtube
1381,bago matyugi isiwalat,youtube
1382,kana insakto engineer aronomondang namo pangawat among buhis,youtube
1383,ahensya pilipinas korap kawawang pilipino kawawang pilipinas alisin cingressista dagdag nakikiparte kaban bayan,youtube
1384,alcantara pinakabossing bulacan mlki binubulsa iibng engnr sumusunod sau,youtube
1385,ayan buwaya sabihin derektang kinuha tauhan kumukuha nakikinig circus eleksyon boto ahahahha nasisilaw biyon kapalit hays kababyan sundin payo tatay digong kunin pera iboto,youtube
1386,nakakaiyak marinig tong perang ninakaw putanginang binanggit sanay napunta mahihirap naawa kapwa pilipino tattabaho marangal mabuhay,youtube
1387,tumolong cla akusado patungo wla,youtube
1388,ngaun katotohanan kelan mananagot,youtube
1389,drama,youtube
1390,naturuan kna kong sasabihin doj kya ginawa,youtube
1391,lumalaki utqng pilipinas kurakot,youtube
1392,nagsalita idiin zaldy iligtas tambaloslos bangag pinaka mastermind babalik maimbestigahan kasama remulla halata plano,youtube
1393,nakakaiyak palang kurapsyon iba ahensiya pilipinas iisipin mayaman bansa nagagamit bansa pilinas maka level singapore japan iba karatig bansa asia,youtube
1394,job engr henry alcantara sabihin matakot,youtube
1395,malupit immunity totoo hahaha,youtube
1396,niligtas sina alcantara hernandez bagman titigas boying tibay hintayin galit bayan makapit gising bayan,youtube
1397,lacson susi marami pigil selective sayanng sen ping gagawa mabuti sinagad,youtube
1398,inisip outcome pinag gagawa nyong corruption saya namamatay bagyo konsensya,youtube
1399,inyung corrupt sunugin,youtube
1400,palak pakan bayani alcantara matapos bilyon bilyong pagnanakaw alcantara hero nasaan romualdez zaldy ginawa kalihim works habang nagaganap kabalbalang mangyari siyang,youtube
1401,bat tagal hatulan ebedinsya,youtube
1402,pictures bulsanueva jengoy estrada,youtube
1403,dpt mtpng kyo mali sinuong baka kasinungalingan takot brize,youtube
1404,maron kayon makapag aretes loob husgado aakssys oras panahon gujlo pinatay palabas ililibing kakapal mumukha nahihiya tdlaga bayan kayong hiya kailan maramdaman hiya bayan kaming pira ninakaw bayan,youtube
1405,bitsy kurap politiko,youtube
1406,aywan gusto congress comfort senado wakang comfort ganon zonrox malinis dkaya rust remover,youtube
1407,gusto taumbayan uulan kidlat tamaan magnanakaw corrupt mamatay agad maloloko taumbayan kunwari inosente mamatay magnanakaw thru kidlat lord,youtube
1408,alcantara used brice command choice brice sumunod amo nakakatangap brice kya involved brice,youtube
1409,think brice ginamit cya alcantara brice alcantara didstribute pera sss,youtube
1410,involved corruption biggest biggest corruption,youtube
1411,talagaa mahirap nyong nakataya family affected kci big mahuli kya tell truth cmpre give protection life made corrruption bansa sacrifices admit sins,youtube
1412,kailangang ibalik senado,youtube
1413,tono ger patuloy pagkanta,youtube
1414,kyu jinggoy villanueva gen kapulisan pnp drug investigations kyung gestapo magimbestiga iyun kyung mangurakot kyu ibinoto makulong kyu tulad napoles guo,youtube
1415,jinggoy estrada iboto,youtube
1416,corruption philippines nothing new happening eversince root cause law rich powerful many corrupt officials able unnoticed convicted able pardoned run evil citizens indefferent hopeless different coz diminishing demand main dollar earner ofw government budget loaned interests corrupt officials brazen coz know get away attorneys connection death penalty unpardonable prison sentence total forfeit assets corruption happen secret least corrupt countries world coz functioning law equal rich poor payout loans could assets richest untouchable corrupt officials combined assets trillion dollars money laundered assets rooted generations corruption become worst venezuela new generation wake let corrupt officials thought get away modus always single tweet vico sotto made difference single soul refused scared shows blind coward gullible,youtube
1417,binangit name nayan kasali bayan corruption,youtube
1418,hello tanging jesus makapag liligtas seryosohin ayaw pagsisihan desisyon namatay jesus saiyo maniwala mabuhay sakaniya malapit pagdating dumating sumampalataya naniwala sakaniya katapusan kang masasaktan iiyak madami pang ibang masamang bagay impyerno mahal jesus,youtube
1419,sikat brice,youtube
1420,kase hinde dena daan politiko maewasan corrupt department work highway yun mismo homawak pwede nmn deba,youtube
1421,kawawang bulacan pinagkakitaan husto,youtube
1422,bless country,youtube
1423,tama brice humingi protection bago magsalita naging sunod sunuran utos mahindian bumawi mendoza labasan baraha exciting tanggi ron tanggi hen alcantara ilabas baraha balatan king pupwede kumanta bless,youtube
1424,corruption cancer philippine society consuming draining blood filipinos eversince wonder politicians government officials cohorts strickened succumed big kind disease passed children children much wealth stolen kaban bayan goes around comes around,youtube
1425,puru kuda ala mangyare hanga alang kikilos lusubin meron hayz nalusub kuna san,youtube
1426,ipakulong senador sangkot curaption binoto bayan ganitong gagawin pilipino tlga tlga kayong senador mahiya kunukulang sunasahod gusto sideline kailan matatapos iton mahiya kulong hndi,youtube
1427,nku nku nku witness ngyari knya ibig sabhin wlang kwenta protection cnasabi cno gawa gigil much tlga corrupt kakapal dpt tlga datihan senador iboto bago nmn matitinong iwan dpt ndawit isyung corrupt hnd iboto corrupt always corrupt,youtube
1428,course bryce price head bcz corruot,youtube
1429,pray pray hard studying hard work turned around change virtues pathetic integrity negative,youtube
1430,ppl tht building need handcuffed sent guantanamo,youtube
1431,bastos kayong official govt workers private sector corrupt ppl look luxury life worst cockroach spit wish putin take send siberia putin release alllll innocent ppl incarcerated deep russia filipinos loving signature everything eating food looking reels media excellent stench worse rotting cadaver mention hypocrites return goods monies opportunities stole regular hard working filipinosegat disgusting govt foreibgner ever atep country bcz propped falsehood life,youtube
1432,corrupt system alllll way near top tht everyone got away,youtube
1433,jenggoy joel villanueva evidence insertion millions millions pesos responsibility discovered funds went ghost involvement denied investigations truth done corrupt actions including involved corruption operation budgets government,youtube
1434,ikulong jinggoy estrada joel villanueva,youtube
1435,magnanakaw iyi,youtube
1436,kya lalong naghihirap pilipinas nanjan kawatan senado,youtube
1437,currupt opisyal mamatay sobra pahirap bayan,youtube
1438,isama nyu boong nigros oreintal potahan nyu,youtube
1439,itoro mona sinador sangkot nan harapan nainbold plood,youtube
1440,pati abogado imbistigahin nagtuturo kasinungalingan mamihasa,youtube
1441,wagkayo maniwala sinongaling injinir nayan lalong maniwala denawit nia jowil mabait,youtube
1442,batman milyon milyon pinatalo casino maniwala naging batman kapal mokha,youtube
1444,involved wow kakahiya corruption philippines tama miriam defensor,youtube
1445,yari kana jingoy kasabwat imbistiga kapa imbistagahan sarili jingoy,youtube
1446,natakot mangurakot kaban bayan tapus ngayun takot kana magsalita kaloko,youtube
1447,matagot mang salita yun pang nakaw matakot lokohan kurakot ren kang tako dio pinaksin pamilya nakaw kapal,youtube
1448,magiging reason spark another power magiging katulad days protest nepal overthrow government replaced within week corruption ask curious know enough enough,youtube
1449,hndi mawawla matatakaw bayan naghihirap maniwla hndi mawawalan korap gobyerno hndi aasenso pilipinas palubog habang papahirap bayan nanag papakahirap magtrabaho magbayad buwis kayong nsa pwesto isip isip matakot dios,youtube
1450,saang daan hndi sira ispalto sisirain hahaha,youtube
1451,saka ginagawang daan quezon spalto kalsada wlang sira sisirain hahaha,youtube
1452,hahaha investigate district engineers kayong one sided,youtube
1453,hahaha investigate district engineers kayong one sided,youtube
1454,hahaha investigate district engineers kayong one sided,youtube
1455,hahaha,youtube
1456,damayan kayong engineer amo,youtube
1457,daoat kse isulong death penalty kurakkt gobyerno drug lord killer rapist kidnapper dskat death penalty,youtube
1458,hay naku pagsamasamahin kulungan iwahig malawak kasya lagyan aircon anu pangkaraniwang naka kulong,youtube
1459,dpat gagawin sama sama lumabas kalsada upang isigaw masang mamayanan pilipino power tanggaling sindikato kasabwat opisyal pang gov bbm kuenta talagang galit kami tiwali,youtube
1461,dati diba hanggang kasalanan bayan binoto bobon kita corrupt payagan tumakbo nanakaw magnakaw parin ulit ulitin parin yng bumoto utak,youtube
1462,dati diba hanggang kasalanan bayan binoto bobon kita corrupt payagan tumakbo nanakaw magnakaw parin ulit ulitin parin yng bumoto utak,youtube
1463,toto sisisabi hernandez matibay ebidensya bahala mayor magalong ping lacson secretary vince lusot shoot kulungan,youtube
1464,sinungaling brice hernandez magsabi totoo bka mapatawad kpa diyos,youtube
1465,isa toh brice kurakot,youtube
1466,bayan naghihirap magbayad tax tad makikinabang onlybin philippines maraming umaalis pinaggagagawa ibabtumitira savibang bansa ataw bumalik makakapal muka dami naghihirap nagpapasasa pera bayan kayong kunsinsya,youtube
1467,kailan matatapos iimbistiga ngga aabutin election ilang gastos bawat congress bitayin involve,youtube
1468,matanggal position yun taga hagonoy malolos hwag ulet iboboto,youtube
1469,laglagan matira matibay mfa corrupt,youtube
1470,ibalik bitay bansa unang bitayin magnanakaw kaban bayan,youtube
1471,nakaw noong nakaraan nakulong mangawat uli,youtube
1472,pbbm malinaw sikat araw pagnanakaw pang dadaputin 70k nilang sahod saan kumukha pbili luxury cars imbistiga napakahaba sayamg oras hanggang matambakan makakalimutam nanakaw asan hustisya,youtube
1473,buwaya iimbistiga,youtube
1474,protecting culprit amassed billions pesos anomalous kind justice,youtube
1475,hahaha nagturuan halos namang malinis senador pinas marami tiwali subukan kumuha building permit dpw malakihang pera hati hati,youtube
1476,sindikato namamahala gobyerno pilipinas kayong asenso,youtube
1477,dami pera gobyerno nolulustay pareparehas kai,youtube
1478,isipin jinggoy iba uulam asin tubig toyo mahihirap kababayan waldas waldas pera taxpayers years akong binawasan withholding tax kakainin ibinawas sahod p500 natira,youtube
1479,mahuli even highest position gov involved multi millionaire gambler came corruption gov money taxes paid,youtube
1480,daming pera nalustay,youtube
1481,kababayan sinasabi ginawa robinhood padilla sinadya mapansin gusto siyang sabihin hintuturo ibig sabihin hintuturo robinhood padilla isama pilipinas one china policy tutuo bayan ipinaglalaban ilukluk upoin malakanyang pro communist china sara duterte gawin tayong probinsiya communist china bilis bilisan icc interpol pagkuha bato dela rosa bong iba malinisan senado mabuhay pilipinas godbles america ironclad,youtube
1482,mapapamura ganid masisiba naawa,youtube
1483,job sumbong bryce totoo patunayan magnanakaw senador,youtube
1484,bkit kpa kumuha abogado kna kyang ipagtangol positive kna dhil umamin kna makikinig abugado magiging marites conggres hall,youtube
1485,dpat isip muna bago ginawa kinatatakutan tanggapin parusa syo dhil ginawa tanggapin buong tapang huag kang matakot,youtube
1486,natakot ginawa pagnanakaw pera bayan takot kang ikulong senado bkit natatakot dba matapang magnakaw tops isinugal bayan latakutan,youtube
1487,cge gawa paraan ipangtangol kawatan,youtube
1488,magbitiw pwesto,youtube
1489,magnanakaw dimonyo ikulong bitayin kana silya elektrika,youtube
1490,magturuan nagnanakaw,youtube
1491,salita lagot,youtube
1492,bless pilipinas,youtube
1493,hanggang bulacan matapos pagbaha pumping station floof pinangbili magagarang sasakyan luho higit pinangtatalo pinagsusugal casino kayong kumain lamesa kaban bayan maling paraan inyong death penalty maglakas loob magnakaw ulopong pamarisan maawa,youtube
1494,kapal engineer enjoy demanding kapa balik parin senadp tanggalan lisensya kumain lamesa kaban bayan maling paraan,youtube
1495,rumualdez presidente marcos,youtube
1496,lumitaw buwaya ilog,youtube
1497,todo pilit marcoleta senado ikulong bryce aircon bang vip room kulungan libre kape wifi teka senado kulungan syempre tunay kulungan pasay city jail gustong gusto senado simple makapasok naka barong naka kurbata kurap pwede nilang lapitan bryce sabay bulong style pananakot pssst bryce sumunod lechon lounge ayaw bryce niyang bra brainwash naalala noong panahon duterte bureau customs ganoon style tama tito sotto pasay city jail tamang destinasyon naka kurbata maglalakas loob pumasok madumi mainit kamera imagine jinggoy papasok pasay jail naka barong aba baka interbyuhin preso libreng load fair pasay city jail best vip treatment brainwashing makikita tunay matapang juan dela cruz,youtube
1498,vico nagkalat kalang kongreso siraan dizcaya kang respeto sabihin ama umiinom pepsi,youtube
1499,natakot talo casino milliones come saan galing pera bansa lubog baha nasisikmura tolarete gosh kailangan managot ituro mastermind,youtube
1500,pinapaamin maligtas,youtube
1501,poro tanong,youtube
1502,binoto bayan paunlarin pilipinas kala pangarap kayong tumulong bayan pangarap sarili timakbo manalo naka upo pwesto nanakawan kaming bayan,youtube
1503,kawawa tayong mmmayan politikong kukurap kurap natatawa imbis magalit namayagpag katakawan pwra pinag babanggit congressmen asawa maine mendoza pamilya shock background makapaniwala,youtube
1504,hay dami makakain tama lalo bundok laman lupa kinakain naglalakad ilang kilometro makapasok eskol laman tyan malalaking ibinoto bayan nasisikmura kinakain masasarap iba nagtitiis kamuti nasaan puso,youtube
1505,hay dami makakain tama lalo bundok laman lupa kinakain naglalakad ilang kilometro makapasok eskol laman tyan malalaking ibinoto bayan nasisikmura kinakain masasarap iba nagtitiis kamuti nasaan puso,youtube
1506,dinggoy binigyan 2nd chance bayan matapos masangkot anomalya napoles ulit kapal talagah,youtube
1507,bulakenyos sama power,youtube
1508,maykasalanan batas problema,youtube
1509,sinangayonan masamang spiritu,youtube
1510,kunin satanas,youtube
1511,lack assurance brice protect full protection witness especially high ranking govt officials,youtube
1512,naniniwala engr brice,youtube
1513,marunong makonsensya katotohanan mananaig,youtube
1514,umayaw nagkamal bahag buntot nakakulong,youtube
1515,sobrang sarap tungo sobrang takot lungkot haaay,youtube
1516,protect engr bryce madami sasabihin,youtube
1517,think nagsasabi totoo brice hernandez halatang pinaglakaisahan nina alcantara estrada villanueva,youtube
1518,salute engr brice gabayan sna lord,youtube
1519,naniniwala sarswela nyong palabas,youtube
1520,galing nimal buaya magkano bayad tambaloslos lagot brice kaharapin jinggoy kawatan nagtumpok,youtube
1521,bang involve,youtube
1522,pinapakaen pamilya nakaw kyo mgnanakaw,youtube
1523,sangkot basta mey ibidensya ikulong husgahan bail higit due process ikulong kurakot magnanakaw hayop panahon magbayad ibalik bawiin perang ninakaw panahon,youtube
1524,pagmahirap kulong agad pagmay katungkulan dami pang kuwento palipas ilang buwan tabla nayan,youtube
1525,bkit bulacan,youtube
1526,mayor vico sotto raffy tulfo erwin ben mayor isko moreno totoong gumagawa kanilang sinumpaang trabaho,youtube
1527,magbago vico sotto masa magpapabago mundo mamayang pilipino isa akong tagahanga conni reyes mumar godbless,youtube
1528,19m chair,youtube
1529,lumabas nanay taya kapatid hayop sunugin,youtube
1530,kami kaisa sonogin bahay mananakaw,youtube
1531,isasali kasali,youtube
1532,course need ade hernandez safety pra pamilia sarili nia confess malaking isda involved,youtube
1533,wagnang iboto senador involve,youtube
1534,mananaig katotohanan lord gabayan cla kunsenya diyos lalabas bibig takot cla diyos,youtube
1535,dawit explain,youtube
1536,botata prised samot publima bitay kalabasan,youtube
1537,ginagawa taga pasig,youtube
1538,panakot contempt,youtube
1539,nxt election iboto ulit,youtube
1540,nmn jinggoy pdaf ibinoto hays ksalan bumoto dyn,youtube
1541,mabuti magnanakaw bibigyan proteksyon lagyan proteksyon lugar biglang pagbaha naiisip senador matagal nagtitiis iba nagbuwis kalamidad sumalanta kanilang lugar magnanakaw mva bibigyan proteksyon mamatay mapatay taumbayan kulang ginawa nilang kasaliman perwisyo kalbaryo dinulot simpleng pinaglaanan gobyerno lugar pondo matitira mabuhay malalaking sinasabi kawala dios nakakaalam matindi magparusa dios katapusan dagat dagatang apoy,youtube
1542,kadaladala ginggoy basta pera pati boy dila akalamo napakalinis nanakaw amg walanghiya mamga magnanakaw sabayan napakalinis isa timawa salapi mamga walanghiyang amg mamga pusakal magnanakaw amg mamga animal,youtube
1543,maghusga alin matimbang papaniwalaan sinalita nakitang ginawa,youtube
1544,gusto mangmang pilipino napapaikot,youtube
1545,madami glit bilyon pera ninakaw buaya gov tpos elections kyo,youtube
1546,parepareho nandiyan,youtube
1547,naturuan magkano,youtube
1548,halata kayong masyado aso hayok buto,youtube
1549,congress sucks igalang ibang congress tamba,youtube
1550,gina mit maimpluwencia anak brice awa amg dios hanga,youtube
1551,kaming tiwala congresista panay kawatan kayang paglaruan pilipino,youtube
1552,wagnalang tayong magbayad tax kurap umuunlad pilipinas natututu pang magnakaw kapwa pilipino kaban bayan tax binabayaran buwaya nakikinabang,youtube
1553,hahaha protektado congress pasay tuloy kinulong marami akong kakosa sputnik,youtube
1554,sad poor starving,youtube
1555,kurapsyon abay president abay gumawa paraan maparusahan involve kongresista maraming pilipino naghihirap ganito bumaha malalaman katotohanan maryosep daming pera nasasayang,youtube
1556,maraming magbigay supporta iyo mayor vico bayan matinong godblessing iyo,youtube
1557,pinag hatihatian pera taon bayan galing tax hihirap trabaho,youtube
1558,kakapal muka awa bayan pati badget ikaliligtas marami nating kababayan dating baha ninakaw parin manlang naitulong kababayan subrang kakapal muka awa politiko sna tatay digong forever presidente iba bansa panahon best prsident philippine history rodrigo roa duterte parin kami,youtube
1559,makulong mambabatas,youtube
1560,nataranta silang,youtube
1561,brice hernandez nakulong asaw nakulong nagkamal limpak limpak salapi discaya,youtube
1562,naniniwala kami brys hernandez panahon tatay digong duterte sigurafo snang papatungohan tong imbestigasyon nato,youtube
1563,kama doyan corart,youtube
1564,hirnandes imbistigahan makulong milyon pina talo casino,youtube
1565,thieves criminals investigating fellow thieves nasaan nbi partisipasyon ganitong dinig ever present session imbestigasyong nilalagay kaagad custody mang govt official implicate,youtube
1566,sunod eleksyon magbutuhan gamitin mamayang pilipino nagsisilbi iba kapwa pulitiko indi sambayanang pilipino,youtube
1567,mahirap suspect kulong samantala senador ibang opisyal gobyerno kailangan patuyan asaan hustisya batas nakapuwesto govyerno mayaman,youtube
1568,nanjan biko kalaban pulitika,youtube
1569,ibalik pera bayan nagbabayad buwis dugo pawis mahirap nagbabayad patas nagnanakaw gaya gahaman kayong magnakaw kaban bayan walanghiya,youtube
1570,kwenta vic sotto pinagtakpan kurakot tambaloslos,youtube
1571,nabubuhay percy lapid sasabihin jinggoy kakupas kupas sawa pagsandok kaban bayan,youtube
1572,agaw pasin vicco sotto pogi,youtube
1573,tulpo presinte,youtube
1574,demoyong pulitiko,youtube
1575,tatapng mgnakaw kaban bayan tpos ngyn takot takot kasabwat,youtube
1576,hanggan kaylan matatapos imbestigation sinado nakakapagtrabayo senador matatapos termino poro kaso nalulutas gaya sabongiro pinatay nalulutas poro tanong medya,youtube
1577,uusap buaya,youtube
1578,natatakot sarili nyong multo mandarambong,youtube
1579,panginoon jesus npo bhala bkit gnitong nilalang sobrang mkasarili hnd nmn madadala kyamanan kbilang buhy sobrang daming nghihirap cla magfocus inuuna sarili nilang kapakanan,youtube
1580,hndi alm mmhalin ssaknyan asawa tas ngaun takot bumalik bkit ngssinungalin nttakot hndi alm bkit kasama,youtube
1581,isa brice gddamay,youtube
1582,brice matakot ibulgar sangkot iisa laban bayan gagabay iyo laban pagsasabi katotohanan laban nating ayaw kurakutan bless family,youtube
1583,congress trying twist truth harap mastermind corruption nililihis romualdez blessings bbm real culprits already knew truth matter know congress real culprit abolishing congress solution stop plundering funds,youtube
1584,wow grabeeee jingkot sankot cya anu bayan masasabi fernandez kong totoong nangyayari diba jingkot anu paulit ulit grabeeee jingkot moreee,youtube
1585,contol,youtube
1586,asa angpilipinas mangmang botante kurakot panalo election,youtube
1587,maraming mahirap makain bawat araw matulogan maraming kasakit namatay sla pira pang gastos lumapit hospital governo kang pira mabuti pang umuwe pira bayan binuaya,youtube
1588,precent estrada ganitong anomaly pdaf marami talagang pera able come back politics,youtube
1589,maging matapang matibay bbm harapin kurap gobyierno,youtube
1590,won punished know based history happened corrupt leaders officials philippines get away millions billions corruption philippines deep rooted needs overhaul system laws regulations rich influential benefit corruption allow overhauling corruption forever nothing done clearly care country philippines ordinary individuals philippines,youtube
1591,kurap politiko bala ulo,youtube
1592,tono kanta engr hernandez pwede kumanta iba mawala nakawan bayan lalo kakaawa yun ibang nagtatrabaho matino nadadamay,youtube
1593,jinggoy estrada isa nandyan senado interview corrupt pla bulacan,youtube
1594,engineer even sangkot problema papanobumabawi,youtube
1595,lord jesus christ nawa gabayan tunay nagmamahal aming inang bansa saan kami isinilang protektahan lingkod bayan matatapat,youtube
1596,brice tutal andyan kana sabihin muna sangkot damay damay currupt gobyerno,youtube
1597,kawawa namn tatay digong pinadala icc nilang totoo malasakit mgapili dapt icc halang kaluluwa,youtube
1598,decades ago nung bago nagka internet naalala tuloy mayor bahid korapsyon namatay mahirap mahirap sira sirang kubo politikong katulad yrs old,youtube
1599,hayaan itaas puesto gobyerno sangkot anomaliya maisali imbistigasyon silang paharapin imbistigahin magawa ngpasimuno galing itaas pwesto isali imbistigasyon,youtube
1600,sabihin papatayin kumanta,youtube
1601,government officials sariling bansa sariling gobyerno batas ginagago kasakiman pera bayan dipa nakontento sahod politicians,youtube
1602,estrada deserved pay,youtube
1603,protect,youtube
1604,katapusan kawatan goveirno tadap ituloy bitay kurap,youtube
1605,malkas loob anjan ksabwat,youtube
1607,iboboto susunod tolfu tlga kinikilingan kaikaibigan dating batas,youtube
1608,pilipinong maralita nilang gayahin amg indonesia nepal,youtube
1609,obvious bigla bago isip,youtube
1610,salute engineer cuorage,youtube
1611,peace mind priceless,youtube
1612,buti corrupt,youtube
1613,ayan kala mahuli kasasa kaban bayan takot sabihin totoo malaman bayan nangyari pera winaldas katutsaba senador,youtube
1614,contractor got money,youtube
1615,every politicians got kickbacks finish job,youtube
1616,trust filipino politician cause corrupt life families life always danger,youtube
1617,living pilipino nagtataka government palpak parin understand,youtube
1618,kong anu puno cyang bunga hays strada tlga,youtube
1619,makukulong senador tonggressman merun makakalaya malamig issue sanay kami sarsuela palabas life sentence corrupt naku naku,youtube
1620,asarap pang komain araw araw kain asin akaw kapwa lalo bayan kame inde bigyan pera sen koha pera,youtube
1621,bryce sng pinakaguilty samantalang slcantaraat discays nacocontempt nagsisinungaling unfair,youtube
1622,mgnda sbhin nyu cno huli cla magmamalinis,youtube
1623,dinidiin cia ksi meron palng bigatin senado ksma naglilinis pngalan sendor nabanggit,youtube
1624,magkanoyan tanung pera maka order,youtube
1625,panginoon hinihiling namen iyo pagpalain bayan pinili bansang pilipinas nawa hipoin sakim maawa nagugotom baha kagagawan sakim naisip kapwa nagugotom please lord maawa bansang pilipinas hipoin iyong mapagpalang kamay sakim biyaya pinagkakaloob sambayanan boong mondo panginoon nawa maliwanagan sakim jesus name amen,youtube
1626,imagine sop 600m 355m kapal villanueva estrada,youtube
1627,guilty resign office face justice full extent law fines imprisonment full extent law plunder theft embezzling funds filipino serious crime,youtube
1628,saya crocs,youtube
1629,takot magnanakaw banta takot panginoon malalaki kasalanan nagawa katakutan endless fire hell,youtube
1630,corruptor jinggoy ama lalo naku pinas asenso nakaw tulad jinggoy joseph,youtube
1631,pugad corruption sindikato employees,youtube
1632,bulok coverage pahinto himto,youtube
1633,kayong tanga tanga senado nangyayari nlng punyeta maherap pera spot kulong kawatan tanggalan agad hininga,youtube
1634,umunlad malunod baha,youtube
1635,pág nangyari guilty,youtube
1636,pasuutin bullets proofs witness,youtube
1637,bang involved house representative statement contractor sarah malaking involved takot senado palabas scripted halata tama tanong palagay bayan halata,youtube
1638,andaming pera,youtube
1639,anong ilan ghost brice kita kalalagyan,youtube
1640,kami nagulat videos sakto buaya,youtube
1641,protect lord pbbm pinas magulo mundo,youtube
1642,protect put jail lord guide phillipines corruption,youtube
1643,kkwentuhan crocs,youtube
1644,naniniwala sinasabi una palang sen joel kinalaban zaldy kami mangmang boy,youtube
1645,kaming ofw nagdudusa walng kain sapat walng sapat tulog pagud halos dugo sipon pawis aming naranasn dagdagan luksa mamahal anak naiwan makauwi pinas walng malaki ipon mahal bilihin pinas nagtitiis taon walng uwian kurakot napupunta ambag ofw saklap gayahin nepal president commite gonggong,youtube
1646,punyeta kayong magnanakaw kya pla tirik araw samin bahang baha parin daming napeperwisyo baha habang nauulul pera bayan,youtube
1647,brice nagnakaw napakayaman nagbabayad kami tax magnanakaw,youtube
1648,brice nagnakaw napakayaman nagbabayad kami tax magnanakaw,youtube
1649,pinakaki mayor vico connie takot diyos,youtube
1650,ayan naglabasan baho,youtube
1651,tama makalkal,youtube
1652,reaction beautiful woman back wearing dark coat,youtube
1653,allegedly nakurakot nitong dalawa controlsa bulacan millions ppesos sapat matulungan pilipinong naghihirap sangayon 125million populasyon million higit nakuha nyong dalawa floodcontrol masyado kayong matabil grandstanding tawag preparationof tama juan cruz,youtube
1654,inililihis lalaking usapan totoong corruption tini twist totoong sangkot romulades kya dinadawut senador pra napunta issue hindibkay romualdes zaldy silang totoong corrupt,youtube
1655,sinungaking contractor discaya sangkot senador pro isinasangjot senador pra lihis totoong managot yun buwayang speaker martin romualdes zaldy,youtube
1656,kaawa awa bulakan ttiis baha pinag kaperahan dios gumawa paraan malaman aabuso pera bayan,youtube
1657,natakot magnakaw kapwa pilipino natatakot sari ïng kaligtasan,youtube
1658,problema sabotanting pilipino mahilig saga artista magaling artista turn politiko katulad rogelio dela rosa ronaldreagan usa marami pang iba angmakukuha nating piliplno artistang senador isa masyado tahimik isa masyadong matakaw chairmanand vice chairman members silence,youtube
1659,dios humatol inyong ginawang nnkaw pera bayan talga end,youtube
1660,talagang sobrang kasakiman lason,youtube
1661,corrupt,youtube
1662,getting money opportunity power never think corruption,youtube
1663,nice love attorney straight point,youtube
1664,estrada nakulong plunder sanapoles case nanamam rezedevest sijoel galingmagsalta sara empeachment case agkano tawag honorables nakakahiya,youtube
1665,hahay pinapalaki issue,youtube
1666,basta andyan involved,youtube
1667,nmn kwenta ganito hanggang takutan kayu kinauupuan nyu oras power,youtube
1668,ausna embestaga paletan bake paramatakpan manga korakot,youtube
1669,put jail,youtube
1670,adiong andyan naku daming yon,youtube
1671,naku niloloko buwaya nagimbestiga,youtube
1672,umuusig malinis,youtube
1673,bopols chair malamang kelangan proteksyon muna bgo mgspluk otoko slow,youtube
1675,jinggoy parin nagbabago kawawa pilipino daming nagdusa tuwing bagyo baha goberno along yumaman,youtube
1676,matuto pagboto nagkakaso nakulong iboto kso pinabalik senado ulit dami resources pinas naghihirap,youtube
1677,makonsensya,youtube
1678,sunogin ari arian,youtube
1679,ngiting hayop brice dpt itumba dhl wlng awa pera taumbayan ninakaw,youtube
1680,aray jinggoy sali,youtube
1681,nahalata kayong kurakot bayan kami nagkadarapa kakakoskos inoforo kumita marangal naka upo habang magnakaw kaban bayan,youtube
1682,kapalan,youtube
1683,wew gagaling,youtube
1684,linaw resolution,youtube
1685,scripted,youtube
1686,apakatibay ngdedemand,youtube
1687,iimbistiga magnanakaw lalo manga imbistigahan gayahin manga pinoy indonesia manga nanakaw gobyerno ihulog ilog mashol criminal manga,youtube
1688,imbestiga buwaya pati senado meron makukulong utusan haysssst asa pilipinas tanggapin kapalaran,youtube
1689,wagkang matakot pare,youtube
1690,buwaya buwaya,youtube
1691,laki sahod kontento,youtube
1692,binoboto jinggoy case magnanakaw kaban bayan,youtube
1693,basta pogi vico,youtube
1694,daming boaya,youtube
1695,buwaya,youtube
1696,akala sobrang malilinis hor napakasinungaling nyang brice hernandez naniniwala promotor kasinungalingan karamihan pati amo utak pangungurakot gobyerno sayang oras pinapasweldo,youtube
1697,check kanino naka register sim card nung tumatawag nagtetext resource person kasama brice malaman lung yun,youtube
1698,nkakainis name dropping ulo ahas lumalabas minsan discaya vakit takot,youtube
1699,pasalamat mayor vico sotto bigay daan malaman gawaing mali mangnanakaw sakim gahaman ganid billion ninanakaw,youtube
1700,ksy vico,youtube
1701,yun lumabas imburnal 80k binigay gobyerno yun nasalanta bagyo 10k binigay talagang planong maganda pilipino marcos,youtube
1702,nalulungkot,youtube
1703,ngek ngek,youtube
1704,habang nagpaparty ngsocial gathering misis sincerity kapal,youtube
1705,gardo pumangga nah ruby oñoc duwa lpaq duo,youtube
1706,bbm munang bilogin ulit ulo cebuano,youtube
1707,nalolongkot tutulong taga ibang bansa nalulungkot mabawasan kaso ayaw pagamit 10k ginagawa namang bata taga cebu maraming galit sau taga cebu,youtube
1708,kawawa pagmomokha lalo dizon kala concern bayan masyadong halata dami pang hawak papel maka bahay comedyanti bbm hahahaha,youtube
1709,pabahay dati pabahay aso putragis,youtube
1710,magnanakaw naaawa buwaya nahiya binaha bumalik gawain,youtube
1711,limang libo binigay kulang young ninakaw marcos yon ibibigay taga talisay cebu nakagawa agad bahay,youtube
1712,bugok,youtube
1713,ina,youtube
1714,nalulungkot tingon apoy naninira kabahayan seyempre baha olol,youtube
1715,salute president bless protect always,youtube
1716,nalulungkot nagsisisi pagnanakaw pera bayan pagnanakaw mamamatay kapal,youtube
1717,nagasalita sarili naniniwala iyo mahiya namam,youtube
1718,galing,youtube
1719,mukang lobat kna president follow,youtube
1720,bbm maawa pilipino pilipinas awa anong pinaplano kabutihan kayang solosyonan corruption lalong binabaon pilipinas maliwanagan iisip,youtube
1721,khit mlungkot kyong lhat mrami kyong nkurapp,youtube
1722,nasiraan kana bait patayu bahay tignan kasya kaming ofw laki ambag gobyerno trillion ambag ofw ibigay nasalanta bagyu ibulsa,youtube
1723,hoy bangag tulong ibalik ninakaw pera lutang,youtube
1724,saan makarating sampong libo,youtube
1725,klaro bangag,youtube
1726,lagi mahal namunga marcos dli namu pasagdahan bisan visaya solid nimu,youtube
1727,ibuhus tulong ilabas yng ninakaw nyu drama bkit mindanao baha kong tulong precedente 10k san makakarating yon hahahahaha ilabas 1trillon trillion ninakaw nyu salita maniwala isa tlaga tingin magnanakaw,youtube
1728,puwedeng sorry sorry pinarusahan tyo panginoon buong pilipinas napinsala nakaw bisulsa pera tax bumaha gaanong malala,youtube
1729,loslos,youtube
1730,bulok gobyerno halos kurap,youtube
1731,pagna ngorakot billion tumulong bahay magawa,youtube
1732,tama billions binayad icc tama saying pera plz,youtube
1733,malungkot ninakaw pera nagkaganyan tapes lungkot tama bawasan sakosako pera nonakaw,youtube
1734,useless,youtube
1735,pangasinan bunuan pugaro mawala bahay aesla pugaro bunuan pangasinan tulay daeik himde natlouy projieck ninakaw buaya vontractor poloyico kawawa amg mahirap gawein bukasan store food dilata tulongan edicleack naarami pangaasinan store buksan hinde asahan dsw president wlang bahay anak food reaquqear hinde ponta duty poc yuo president gawein,youtube
1736,prisedent zalut aeyuo imbornal tulad butuan city nuong bata hangang ngayuon mataas matibay daiek presdint makatulo ninakaw budjit allam youn,youtube
1737,magpasalamat concern pangulo kasalanan nangyari baha naku yun tapik lorf ati matuto tayong magmahal makipag isa hnd siraan kapwa lalo ama buong pilipinas hnd irespeto ama buong pilipinas hnd irerespeto ama langit,youtube
1738,stop saying sorry take actions actions means words,youtube
1739,lumayas malacanang kwentang presidente,youtube
1740,malungkot dami nakurakot kulang kukurakuton,youtube
1741,sorry masasabi walay makalabaw kabaga saimong nawong time come face consequences rhe vast corruption arising since became weak president bilib jud kabaga saimong nawong ibitay kawatan kaban bayan,youtube
1742,hinde pwede malulungkot ipakulong bawiin ninakaw,youtube
1743,lagi napaghahandaan lagi ganito lagi napaghahandaan nakakasawa,youtube
1744,sorry lagi gutom bbgyan pagkain sakuna cash assistance nkakasawa normal iiwanan nmn kami habang nagpapakasasa nakaw yaman,youtube
1745,pagiging presidente serbisyo katuparan pangrarap,youtube
1746,palaging iwas ngpapapel naglalansis kapatid sinungaling ayos concern controversy laki butas iyong pamahalaan takpan gimmick sisingaw sisingaw galit masa,youtube
1747,nalulungkot asan tulong dada nakakain dada,youtube
1748,natatawa likod bbm nakaburi,youtube
1749,anung klaseng lungkot marami aksyon,youtube
1750,anung klaseng lungkot marami aksyon,youtube
1751,sapat sorry magresign kuwenta media bayaran,youtube
1752,lobot bodol,youtube
1753,kapalit sorry bangag victims pagawa bahay wow thoughtful kulang kulyngan aso overwhelmed bagyo bumaha kalala baha maayos pagpatupad maayos bangag sinisi mamamayan binoto,youtube
1754,samantalang sara duterte concert habang digits kinikita,youtube
1755,magresign peste bayan,youtube
1756,kulang pera kinukurap pati kabundukan kinalbo gawa politiko,youtube
1757,bahay 10k pera bayan ninakaw asan,youtube
1758,bugok pangulo budol,youtube
1759,kulang,youtube
1760,bbm administration kasaysayan sobra kapa papa,youtube
1761,5000k joke baliw bbm,youtube
1762,muna galing baha palpak administration corrupt tinalaga una gawan paraan tanggalin corrupt bumaba kang nagawa,youtube
1763,gumalaw,youtube
1764,resign kna,youtube
1765,kayong silbeng administrasyon,youtube
1766,simula bata paako naranasan kona matrial law mabuti,youtube
1767,magdecler martial law ralling magaganap bawal,youtube
1768,asan sara piatos pasyal2 tumulong presidente kawawa mamayan president panay trabaho sisi panahon dds binunyag korapsyon isisi bbm umunawa dds,youtube
1769,bahay baboy,youtube
1770,salita hangin,youtube
1771,ambag nsa likod basta camera,youtube
1772,magsalita ranting sinasabi,youtube
1773,sorry palpak nahiya,youtube
1774,corrupt politicians got away criminal stole billions millions laughing filipino contractor crooked corrupt look floods done damage done horrible,youtube
1775,adik,youtube
1776,schooling muna bbm bang dika ata aral inuuna pangungulimbat pondo palpak,youtube
1778,tai,youtube
1779,hay nko bbm pghipos oiiii resign kana bumaba kna nkkaumay,youtube
1780,watching cebu,youtube
1781,kasabay nayan bagyo expected nayan bangag,youtube
1782,wlng mggwa sori qng wla kang ggwin,youtube
1783,likod bbm naka red sabog iba galawa mata pulang2x nakakatakot,youtube
1784,maayos aming kailan damage makabangon kami obob tlga,youtube
1785,utang loob bitiw kna kubg naritira kapang konsensya sarili isa dahilan kng resulta ghost,youtube
1786,10k diyos kulang labor palang tunaw sira ulo tlga,youtube
1787,ramdam sinseridad pres,youtube
1788,naku sampung libo itayo bahay baka kulungan baboy,youtube
1789,mahinang nilalang bbm salita alipores busog busog pera bayan,youtube
1790,nalulungkot matakot kayong,youtube
1791,goberno,youtube
1792,yawa,youtube
1793,need sorry apologize president marcos working hardest modernized philippines islands future sooners,youtube
1794,nalungkut budoll puno nanaman bulsa kawatan release 37t cebu bangag mayron uli manakaw gubierno bangag,youtube
1795,pasalamat mahabagin diyos magdasal huli sainyo godbless philippines,youtube
1796,nakaw ngaun sumasakit ulo kagagawan natuto tatay pinalayas malacanyang ibalik perang ninakaw ninakawan galamay kapwa magnanakaw planuhan patahimikin,youtube
1797,lungkot yon bulsa lider maraming pera corrupt,youtube
1798,sorry bha anong magawa sorry laganap kurakot kremin administration weak lider nasaan kurakot nakulong saan nayung binayad tambaloslos pinsan impeachment sara,youtube
1799,mukhang pagod pagod president nakapagbigay instruction tinuruan,youtube
1800,korakot administration,youtube
1801,yon sorry weak leader mahinang klaseng presedente marunong mamuno tokes,youtube
1802,ewan pinas,youtube
1804,kya party malacanan bumagyo binaha cebu nalulungkot bangag watot,youtube
1805,magsaya kayong demonio magnanakaw kaban bayan gusto ninio marcos bangag presidente,youtube
1806,bless,youtube
1807,ganoon nalulungkot ipakulong magnanakaw magagawa kasya yun pambili pako ibalik 60billion philhealth ilagay cebu,youtube
1808,mamatay bangag,youtube
1809,sapat sorry,youtube
1810,bumaba dmo maawa bansa,youtube
1811,perwisyo mawala narin mundo,youtube
1812,kami malungkot presidente pilipinas,youtube
1813,purge speed arrest corrupt officials unless one helping,youtube
1814,mula pinag yabang nagawa tuloy tuloy malalang bahay palang natapos buking tuloy,youtube
1815,sara pulong asan tulumgan suporter kawawang dds tnx team marcos,youtube
1816,mahirap mayaman tayong magmahalan apo ama nagagalit maraming nagugutom higit pananampalataya laging nauuhaw pang unawa jesus saviour anything else amen kapamilya kapuson kapatid one,youtube
1817,talaganh mapagmhal kabbayn bigyn kanilang paguumpisahan una bahay,youtube
1818,kulang dami ninakaw ayw ibigay tutal pera ngbtaing bayan ibigay maayos,youtube
1819,sinabe bbm bagyo hinde sumusunod schedule humihinge sorry,youtube
1820,makatulong lungkot kailngan action utusan alipores sus sinsabi madaming tubiv bumagsak anong klaseng salita kinaya pinagsasabi bbm astaghfirullah,youtube
1821,kumurakot maawa mamamayan tuloy tuloy kurakot,youtube
1822,palpak,youtube
1823,tulog,youtube
1824,duterte dolomite,youtube
1825,pasig tingin gusto nung mayor masaya kids kase signal naka carless ilang kalye pwedeng paglaruan kids,youtube
1826,halos anomaly instructors school medical center relief hay umay bayan halos nsa mata corrupt parin nkklong,youtube
1827,worst wooorstttt,youtube
1828,pinagkakaabalahan president bat nakakaganito pilipinas,youtube
1829,umalis kna,youtube
1832,buwaya baha,youtube
1833,pakainutil presidente wla kang kwenta hndi sory kelangan kundi action tulong wla kang kwenta gawin,youtube
1834,grabi kakopalan bbm,youtube
1835,awit,youtube
1836,dahilan hoy hwag sisihin iba administrasyon,youtube
1837,kulang,youtube
1838,daming magagaling magsalita akala presidente binabatikos bbm lag ayuds mapapakinabangan nauuna,youtube
1839,stop paying taxes silang manakaw,youtube
1840,sorry epek mananagot hey,youtube
1841,lhat kyo lungkot lungkot pla kyong naramdaman mepuso pla kyo president kawawa,youtube
1843,pay price,youtube
1844,panahon maraming sabay sabay delobyu,youtube
1845,storm surge far happen cebu cebu surrounded island unlikely happen cebu although discount possibility still unlikely,youtube
1846,loslos resign kana mawala delobyo bansang galit lord ginagawa nyong kalukuhan,youtube
1847,need strong leader sentri,youtube
1848,okay respond president kaysa nung yulanda grabee nun angdameng dunasyon mula ibat ibang bansa inipit binigay nabulok pagkain sardines binaon lupa pinamigay,youtube
1849,dizon naging righthand hahaha,youtube
1850,dami nunakaw pinsan cash assistant gawin anong magagawa kulang kabaong namatayan bat bumaba pwesto minalas pilipimas,youtube
1851,magagawa sorry,youtube
1852,mahinang pamumuno kawawang mamamayan,youtube
1853,kapal bumaba pwesto namang kwenta mahina corrupt pati alipores naging dahilan kaliwat kanang pagbaha pinas korap,youtube
1854,lumabas posonegro 80k namatayan nabahaan 10k wat happen government,youtube
1855,noo wagka magsorry umalis kabalang malacanyang duka pwedeng leader verrry weeakkkj leadership pamumulituka sng slam,youtube
1856,pati harap camera scripted isa2x datingan,youtube
1857,magagawa sorry biktima bagyo talagang palpak namumuno aton,youtube
1858,double posas ilagay nka baclid pka gagawin diyos kasalanan damay ordenary person pamilya mapangahas goberno nakaw kpa tawang towa kna,youtube
1859,kya nka lagay lalo tulay isabilla potol tina takpan lalo nakaw cla,youtube
1860,magso sorry pinsan best friend zaldy tas sasabihin akong loyalista gising,youtube
1861,kasakiman nyu resign kna bbm dika pwdng mamuno bansa kawatan,youtube
1863,hinda handaan flush sus bogo handa sisi storm surge yun pinag handaan gagawin storm surge harangin tubig dagat bugok ilang bagyo dumating parati ririnig sinasbi hndi pinag handaan 3yrs kna gnyn parin sinasbi weak super weak leader tlga classroom pina kulelat studynte,youtube
1865,balik pondo,youtube
1866,wla laban magnanakaw,youtube
1867,bumaba kana palasyo wla maniwla sau bayan,youtube
1868,kayong malungkot tutal ginagawa inc pagtulong kapwa matulog,youtube
1869,10k kulang nakulang genawa 20k 30k,youtube
1870,nagpamedia pang magnanakaw,youtube
1871,masaya bbm nangyari cebuano bbm bong bong magnanakaw,youtube
1872,sin president pinahinto mining cebu hugas kamay sorry,youtube
1873,floood paaaa,youtube
1874,lungkot xmas party cla blackpink,youtube
1875,kayong sorry galing ninyong mambudol pilipino,youtube
1876,lord marcos bangag konen mona kwentang president mabuti pay otak marcos bugok otak,youtube
1877,nalulungkot wla remedy0,youtube
1878,loslos,youtube
1879,sorry enough ignorance justified millions pesos lives properties opportunities future okay,youtube
1880,igit monday nagkandamatay kalang lumabas feeling presidente kaparin,youtube
1881,limang libo mkpagppatsyo bahay anong bhay yon,youtube
1882,hayyssss mkakagalaw romualdez zaldy pasimuno mataas knila utosan big fish nyong sisihin wake,youtube
1883,billion napunta bulsa kongresman ilang rescue hellicopter mabibili non rescue bubong bahay,youtube
1884,barya binibigay limang libo magagawa non sisi binuto kita marunong palakad bansa ipamigay kawawang nasalanta tino 100k bayat family samantala billion billion ninanakaw congresman sapat sorry kailangan sapat pera bawat family,youtube
1885,ramdam ramdam kalungkutan habang nagpaparty,youtube
1886,mahiya utos utos president marcos junior,youtube
1887,ibalik martial law,youtube
1888,sad party,youtube
1889,nko poh,youtube
1890,10k pang kain pang gatas anak patayuan bahay sure mapupuntahan pera,youtube
1891,sad pres napakaraming casualties napaghandaan pagnanakaw paglilimas kaban bayan planado nasaan managot corruption bang bagong balita,youtube
1892,hahaha saya mastermind nakawan kaban bayan abroad nambubudol,youtube
1893,panahon du30 bayan,youtube
1894,administration marcos lumayasa kna malakanyang,youtube
1895,bawiin kinurakot bwaya,youtube
1896,paldo buwaya makaka release pondo mula calamity fund,youtube
1897,sapat 10k pareho habitat binigay government,youtube
1898,kawatan,youtube
1899,love nothing without action trust nothing without proof sorry nothing without change words without action means nothing,youtube
1900,partial total makapag bahay iba manalita pbbm,youtube
1901,meron mamg sipsip tagiliran magtatagal senado nadin hahahahha,youtube
1902,10th saan makakarating papagawa bahay,youtube
1903,10t totally partially damaged bahay biggest joke yero kahoy labor kulang kulang tpos kurakot bilyon piso,youtube
1904,bitbit lumayas,youtube
1905,marcos lunorin baha,youtube
1906,bwst,youtube
1907,sixihin puon degong menora pangenoon karamehan innyo tuwang tuwa pumalakpak kya ganting parosa innyo kya isisi pangulo nangyare qng nilait pagenoon nangyayare,youtube
1908,job pbbm bless love,youtube
1909,tanggalin buwis kami gagawa sariling,youtube
1910,pesos kulungan baboy maipatayo,youtube
1911,drama ayaw gumalaw pinapaik ikot filipino issue gagawin matakpan kabulastugan,youtube
1912,kurakot,youtube
1913,explanation better resign pray punish leader hope take drug test please hear outrage nation someday life protected considered leader legacy shameless president history heritage generation family corrupt marcos romualdez remualla brawner torre castro sotto lacson dizon afp general pnp general departments government bir custom almost agency upper house lowers house lgu barangay level help nation,youtube
1914,15k hoy tipirin bka mabawasan bulsa bhala,youtube
1915,tittle kami nangungurakot,youtube
1916,sinungaling macos,youtube
1917,bumaha,youtube
1918,pinaparusahan kalikasan kamo gahaman paggagawa artificial island ibang bansa ilang bahagi west philippine sea ukupado dayuhan pilipinas matulungan biktima kalamidad maraming pangulong pbbm tunay malasakit wps bansang pilipinas,youtube
1919,sorry palpak pinuno bansa mlayo tlaga leadership digong nbudol tlaga weak leader,youtube
1920,kamatayan kasagutan wakasan kurapsyon pilipinas tamaan kidlat,youtube
1921,masama kun pwede tamaan lindol bagyo kayong magnanakaw kaban bayan nakakasuka pinagsasabi anjan mamuno dpt lagi kayong handa sakuna nrin ibenta bigas nasalanta mahiya nmn,youtube
1922,gonggong prisedente excuses nuon ngaun overwhelm nlang nmn silbi bat nlang overdoze sundan ama bwesit marcus,youtube
1923,bangag kinurap niu pera bayan kawawa victima bagyo barya barya binibigay niu samantala trillion pinaghati hatian niu,youtube
1924,step kna,youtube
1925,cla nalulungkot saya party malakanyang,youtube
1926,bumaba kana pwesto weak leaderw,youtube
1927,sorry sorry time gnewe,youtube
1928,unahin ninyong magsory bansang israel administrasyon binabayo sari sari kalamidad tumalikod bayan diyos abstain pumabor palistine nilamatan friendship legacy quezon baka blessing ibinigay abraham diyos sinumang magpala israel pagpapalain sinuman kumalaban susumpain geneses pinakamalaki nyong disisyon pagkakamali kayong palitan kayang humingi tawad bansang israel,youtube
1929,kasing ginawa kungdi magnakaw nakaw,youtube
1930,maniwala bangag iniisip pulbiron masigot plastic nagpakit item budhi,youtube
1931,marcos natangay baha wla kurakot philippines ma2loyan kana bagyo uwan salot mundo,youtube
1932,isisi nanaman duterte,youtube
1933,lungkot lungkot kami namamahala aasahan bayan,youtube
1934,need sorry need put jail top bottom involve scandal 10k budget millions billions nasaan justice,youtube
1935,trillion ibigay hintayin inaayos,youtube
1936,palagi naka ngiwi president kakahiya kumpara babae lumabas imbunal,youtube
1937,nagrereklamo pbbm nasalanta bagyo isipin niyong mabuti matulungan pbbm ibig sabihin mapalad nakaranas sakuna hahanap pondo pondo baka gusto kayong tax babayaran masasalanta bagyo bahay,youtube
1938,resign bbm,youtube
1939,babaeng lumabas imburnal 80k nasalanta bagyo 10k,youtube
1940,resign kana salot bayan sinusumpa taumbayan,youtube
1941,dami trolls bayaran admin hahaha,youtube
1943,naunos budget pagnanakaw,youtube
1944,gagawin samantala trillion trillion nawawala pera bayan naunos kananakaw ibibigay 10k,youtube
1945,kwenta kang namumuno pinas,youtube
1946,kapal subrang kapal,youtube
1947,sobrang lakas dami tubig kya kinaya babaha tlaga kya ayusin pra maulit,youtube
1948,nahiya president subrang curupt pamumuno kapal,youtube
1949,nalolongkot talagang kwentang leader resign kana,youtube
1950,hanggang sorry nala tayoga hahahaha,youtube
1951,wow congrats pbbm bless,youtube
1952,pamahalaan napapalitan nagtrateabaho departamento expect,youtube
1953,less nalungkot galing ibang bansa hanggang salita kunwari lungkot,youtube
1954,kawatan,youtube
1955,mahala sori ginagampanan trabaho gobyerno lalo paulit ulit pumapatay halaga sori patay namatayan kana,youtube
1956,adik2x bbm ayosin pananalita boy halata kana,youtube
1957,wow presidente magsosorry pinaka humble naging president bansa pbbm,youtube
1958,totally damage 10k makapagpatayo bahay saan aabot 10k pati wallet inanod pambili trapal makagawa tent,youtube
1959,dolomite digong tingnan ginawa,youtube
1960,masasabi surry aroy pilipinas luoy kaayo lubog baha lubog pangako nananaman ibang bahay naipatayo nanaman tlga bintahan kapa 20kls bigas,youtube
1961,highest leader country kayong proactive measures pre emptive rescue naiiwasan maraming sakuna napakaraming namatay sadness sorry useless sisi hinde kakampi kulang kulang bilis aksyon matugunan problema solusyon top priority magpakulong hinde alyado nakakagigil galit,youtube
1962,trillion release govt pbbm asan ginto tatay ninakaw,youtube
1963,mabuhay king pbbm,youtube
1964,aksyon namatay 5k10k dyusko,youtube
1965,kind leader pbbm weak kulang isip ahh sorry namatay gyo bah,youtube
1966,hilig ghost daming durusa kawatan pamahalaan rampant corruption president nagkaganon kawawa mamamayan nagdudusa buwaya nagpapakasaya,youtube
1967,cebu saan ksys dinals billion 2o19,youtube
1968,ddlis hnd makaintimdi cla tinutulungan ron parin masasabi,youtube
1969,pinaka kwentang pinuno,youtube
1970,put inamo,youtube
1971,great leader humaharap bayan snow white,youtube
1972,infact salita kwenta,youtube
1974,bwesit bbm saan,youtube
1975,please resign pahamak mahihirap,youtube
1976,kana masalita hinehingal kana,youtube
1977,ipunin tubig baha magamit san galing baha gagawin,youtube
1978,ayosen markoz bwesit anima,youtube
1979,bumaba jkana marcos kang kjwentang pangulo sabihin maniniwala,youtube
1980,buti binigay pbbmm sara binigay ayudang pera deba pasalamat,youtube
1981,bugo,youtube
1982,murag walaman klaro sinasabi marcos lutang,youtube
1983,pra hinde mlungkot resign,youtube
1984,pagalitain weak lider,youtube
1985,baka new normarmal baha,youtube
1986,bangag bumaba kana kang wenta,youtube
1987,bless protect pbbm way times,youtube
1988,nalulungkot sinapit kababayan lupit bagyong nagdaan sumalanta bansa tiwaling opisyal pinagkatiwalaan maprotektahan kapakanan magawang madali pagkakakitaan imbes ilagay proyekto inilagay kanilang bulsa naawa kapwa pilipino payak nagtatrabaho patas samantalang nakuha nilang manloko sweldong sweldo magpasalamat talagang ganid pera bwelta katiwaliang ginawa kapwa pilipino,youtube
1989,build build sumira kalikasan nagpabudol budol jet ski dadalhin bandila pilipinas anong pakay,youtube
1990,bobong bobong magnanakaw,youtube
1991,los los bbm kong ninakwan bugit ktindi baha mgnnkw wla mniwala bugok pangako wla ntutupad,youtube
1992,maraming pres tulong cebu malilimutan habang,youtube
1993,maibalik sorry namatay,youtube
1994,walangya,youtube
1995,anong bahay gawin tama kaba,youtube
1996,nagsorry ninakaw pondo binaha,youtube
1997,malakas hangin,youtube
1998,corruption,youtube
1999,president saan makarating 10k mahal materials baka posti yon,youtube
2000,bbm,youtube
2001,makikita lupit buwaya gobyerno maisip puwede nilang tulungan bulsa inuuna,youtube
2002,ilabas myo ninakaw itulong nawalan kabahayan,youtube
2003,nako,youtube
2004,time move inland world changing,youtube
2005,kailan magsilipatan yun malaking manyari government something safety coruption inuuna,youtube
2006,nakakamatay tangkig akala,youtube
2007,dust pan daapt abablik paki ganon,youtube
2008,basura maitapon maayos,youtube
2009,umalis dyn dapa tyong government bigyan murang bahayan anlng tpos dyn nlng yogn mangisda lalaot nlng pamilya lupat,youtube
2010,ilalim earth tubig part earth already summerged water,youtube
2011,maghanap buhangin sako sakong buhangin ilagay ground loob bahay kalsada,youtube
2012,tubigon matubig nakapagtaka tawagin tubigon tubig,youtube
2013,watching mandaue cebu city,youtube
2014,delikado nagkatsunami,youtube
2015,lumubogbyan dahial lindol,youtube
2016,late prepare die,youtube
2017,possible matulungan gobyerno relocate kawawa,youtube
2018,magtanim mangroves tree paikot isla lumikas,youtube
2019,proseso goberno,youtube
2020,desposisyon government lgu,youtube
2021,last lumipat tulunga government,youtube
2022,gising pbbm,youtube
2023,fpj malakas boses jessica soho gamitan fpj,youtube
2024,corrupt civil servants mayor governor mamayan pilipino sakrepisyo msg giyera nakulong magnanakao bobyerjo,youtube
2025,basura palang galir kalikasan,youtube
2026,abusado nagagalit bantay dagat bantay inutusan diyos,youtube
2027,kong mapagtuunan gobyerno paraan tulad lugar moa tinambakan galing dagat mattaas gusali mapansin gobyerno,youtube
2029,kawawa lugar,youtube
2030,mabuti pumunta jessica bohol taga bohol,youtube
2031,gawin napakalaki multiple cruise ship tong city noh anchor syempre tangayin napakalaking cruise ship ibang lugar wlaa naisip,youtube
2032,lalo bata kawawa matogonan,youtube
2033,magnanakaw gobelno mahiya bata ninanakawan zaldy anong ginawa pera bata,youtube
2035,bravest pilipino journalist know mabuhay jessica,youtube
2036,need tumaas stamina cya,youtube
2037,politiko lagyan sahig tabla kahoy school,youtube
2038,kurakot pulitiko hay naku pilipinas magiging,youtube
2039,kailan buwisit denr pinapayagan hahakot buhangin dagat kalbo kabundukan militant eng group iingay kwenta magaling isa nia subrang tahimik responsible huhukay ilog patubig bumaba subrang patubig ilog makita gobyerno lalo lgu pogi anda trabaho husto impossible nla nakikita ngaun aha saka ngumangawa anong ginagawa governor mayor kapitan tutulong tulong problema isa nakatira tabing dagat halos tubig nabababiy dagat ngaun kinukuha dagat aari rereklamo binabaha kinain dagat bahay tumira dagat,youtube
2040,katatapos bagyo kumusta,youtube
2041,kaw nmn jessica sojo matutunaw tlga yun yelo hanging init araw matutunaw yun,youtube
2042,lalayas,youtube
2043,anu pati basura ibak nyu nandyan,youtube
2044,pwde gawin government lugar wonder president,youtube
2045,province kong miss mapuntahan bohol,youtube
2046,tingnan habang china gumagawa bagong island isla gamit buhangin tubig namang lupa pilipinas lumulubog malabo pagdating araw pilipinas higop tubo ate lipat bansang china philippine island mabura mapa,youtube
2047,totoo earthworms dahilan pagtaas tubig karagatan pinakamatinding dahilan pagtaas tubig karagatan paglagay kabundukan karagatan kagaya diosdado macapagal road dating part karagatan tinambakan lupa galing kabundukan tataas tubig isa anyong tubig tinabunan lupa aralan proyekto bago ilatag,youtube
2048,totoong naka upo gobyerno ganitong problema planohin,youtube
2049,illegal logging,youtube
2050,isa parusa panginoon sumasamba rebolto panginoong dios nilang sambahin,youtube
2051,issues area began earthquake triggered significant land movement disruption,youtube
2052,philippine government take meaningful steps support relocation island residents ensuring opportunities build stable livelihoods safe secure communities,youtube
2053,isa problema bansa kaylangan pagbigyan pansin gobyerno ngunit nasan kadami2 nmn pinaggagawa nakabigay pansin pagtoonan nkaaupo posisyon bulsa bubusigin,youtube
2054,lupa pinas pinantambak made island china edi itinatambak tataka darating panahon palubog palubog lupa nakinabang bentahan lupa pake sayin,youtube
2055,kelan aalagaan kalikasan huli,youtube
2056,kita magkakaroon weird floodings hurricanes florida hinde hurricane season binibisitahan nuts team,youtube
2057,bumisita mieyembro team sourdhoughs cherryio nuts kinuha andito pati amerika sinundan wildfires los angeles wildfire maga gotrestblng los angeles malibu grabeh yun new year new year,youtube
2058,kalokohan gobyerno relocate pili mabibigyan lupa kawawa bata grabeng titiis,youtube
2059,high tide law tide tubeg,youtube
2060,bigyan cla bahay government tapus paalisin cla whether general announcement alis cla tapus bawal tetera multa per day sure wla tetera multa,youtube
2061,lumulubog ilang lugar pilipinas kombinasyon natural gawa dahilan narito ilan pangunahing sanhi pagtaas sea level climate change global warming natutunaw yelo arctic antarctica nagdudulot pagtaas lebel dagat baybaying lungsod tulad manila malabon navotas hagonoy unti unting nalulubog land subsidence paglubog lupa sobrang pagkuha groundwater deep well extraction nagdudulot pagbaba lupa pagmimina quarrying maaari ring magdulot pagguho paglabas lupa nagiging sanhi unti unting paglubog ilang lugar pagtambak reclamation reclamation nagbabago natural daloy tubig nagiging sanhi pagbaha paglubog kalapit lugar pagsira bakawan wetlands bakawan natural depensa laban pagtaas tubig dagat nasira tinayuan imprastraktura bumibilis paglubog lupa matinding pagbaha bagyo climate change nagiging madalas malalakas bagyo nagdudulot pagbaha pagkatunaw lupa likas paggalaw lupa tectonic activity pilipinas pacific ring fire lindol paggalaw fault lines maaaring magdulot pagbaba ilang bahagi lupa apektadong lugar pilipinas metro manila malabon navotas manila pasay bulacan hagonoy calumpit pampanga masantol macabebe zamboanga city iloilo city cebu city pwedeng gawin bawasan paggamit deep wells magpatupad maayos water management palakasin systems tulad pumping stations drainage systems pangalagaan bakawan wetlands natural depensa laban baha limitahan reclamation maaaring magdulot paglubog lupa paglubog ilang lugar pilipinas seryosong problema nangangailangan pangmatagalang solusyon mula gobyerno eksperto mamamayan,youtube
2062,nde lumulubog dahilan ginagawa china,youtube
2063,nakakalungkot,youtube
2064,baliw nagwawalis tambo tubig utos jesica,youtube
2065,informative content specially short form awareness,youtube
2066,mabasa 2peter3 boong chapter mkita mangyari hinaharap,youtube
2067,gawa muna floating school gawa kawayan get idea youtuber asian kawawa nmn teachers bata,youtube
2068,panu bagyo,youtube
2069,dami problema govierno kong anu anu ginagawa harapin,youtube
2070,salute jessica soho dumami katulad,youtube
2072,taga jaan fpj tubigon,youtube
2073,baka nagkaroon subduction noong lumindol jaan,youtube
2074,alis agad,youtube
2075,maganda umalis lugar lalong palala leader probinsya ginawa,youtube
2076,tugon gawan bahay relocation,youtube
2077,pina lilikas ibang location lugar,youtube
2078,dami problema bansa ntin nsa gobyerno ngkakagulo politika makasarili ndi nla naiisip gnitong sitwasyon kababayan ntin nangangailangan tulong,youtube
2079,habang pinanonood mapigilan maluha lungkot kalagayan lalo batang aaral,youtube
2080,tubigon bohol governor congres mayor vice mayor nakikita aawa,youtube
2081,gawa kiboloy,youtube
2082,saan mayor kilala kilala pangakuhan mapapako,youtube
2083,watching saudi arabia riyadh ubay bohol peru davao del norte naka tira magulang ibang kapatid ubay bohol grabi nung bagyo odet since maliit dami dumaan bagyo peru odet grabi,youtube
2084,sulotion tumanim punong manggrob punong kahoy madaling tumubo lumaki buong mamaya filipinas obligado narin mangtanom punong kahoy protiksiyon hangin punong kahoy tumutulong lupa bohangin lulusaw tobig kawawa kapagwala putik kakapitan gamot punong kahoy,youtube
2085,mahilig palitaw pinoy,youtube
2086,kawawa mqa mamayang pilipino tubigon buhol,youtube
2087,paraan maibalik nkaraan payapa,youtube
2088,ganoon surigao ubus lupa visayas mindanao tingnan halos lagay barko china pilipinas bifay dudirty chana,youtube
2089,jessica mamarunong palagay nakakabiti kanilang patibsa titser aaral tubig kasakitvsikang lhat malipatam,youtube
2090,garbage place clean place theylive,youtube
2091,jessica paki remind brgy sunod lindol lulubog ambrella crak ilalim lulobog island palikasin habang lindol pinakamalakas,youtube
2092,ganto pinapalabas halimaw puno chuchu babaduy,youtube
2093,pang isalba isla gugustuhin parte dagat tinatambakan nire reclaim gawing commercial area ibebenta isla private company sure maisasalba gobyerno mamamahala sure lulubog madiskarte iyung iba pagnanakaw pera taxpayers,youtube
2094,actionan gobyerno hanapan relocation,youtube
2095,bansa itigil pagawa artificial island pagtambak shamp area reclaimation area dati nakakapasok tubig dagat sanhi pagtaas tubig dagat mababang area,youtube
2096,basura tapon saan,youtube
2097,ipa balik duterte family pera gobyern ipa relocate ngayun bakante angvpogo bldg bkit ipagamit navyan,youtube
2098,huag ipa byahe lumang barko lalo barko chikwa sinadya leak oil soell,youtube
2099,meron magagawa tigil pagputol kahoy nagtanim kahoy deseplina basura,youtube
2100,andyan kaibigan goring fernandez taga parlor daddy surigao,youtube
2101,minamagic pondo batang aaral kilabutan tau pinaggagawa,youtube
2102,umalis dina babalik dati lumulubog lugar climate change paggalaw mundo tumatagilid balanse mundo pagkuha pagsunog langis gas ilalim mundo naubos langis gas untiunting mawawala balat lupa lulusot bababa lupa iibabaw tubig pagukulan gobyerno ihanap malilipatan,youtube
2103,dpt lisanin lugar delikado sakit aabutin lubog tubig,youtube
2105,tinambakan dagat aseana laking lugar tinambakan,youtube
2106,tambakan tumaas kaso tayong maaasahan pamahalaan nanakaw inuuna kaso pansariling kapakanan inuuna kong billionario tulungan,youtube
2107,lubhang nkakabahala epekto climate change bahala lord susunod henerasyon ksama apo jessica soho npkagandang dokumentaryo,youtube
2108,isa sulosion tambak lupa buong pinas maka iwas lubog tubig agree,youtube
2109,nauuna seftv,youtube
2110,inhuman kakagayan batang aaral teachers imagine nakababad paa bata,youtube
2111,ina anty lumobog muna bago cla aalis,youtube
2112,nagwawalis tubig,youtube
2113,metro manila samasama nagwawalis sagit piktyur ayuda akap agad,youtube
2114,aalis mahirap nayan,youtube
2115,kailangan elevated school floating school,youtube
2116,surveying measuring stick carried one guy standing measuring stick scope measure scale elevation point point stick elevation could change whether point point points could elevate points could sink give reason international standard measurement,youtube
2117,need international standard global elevation surveying problem affects surveying problems elevation land could sink water elevate big question,youtube
2118,need serious engineering calculations seriously measuring technic surveying true elevations use satellites calculating roundness entire planet,youtube
2119,need serious engineering calculations seriously measuring technic surveying true elevations use satellites calculating roundness entire planet,youtube
2120,nililipat muna pwesto kesa alipunga bata,youtube
2121,pwede tambakan napakalaking pera tulad china gumawa isla naparaming lupa tinambak daang daang barko tulad ginawa noong pandemic hanggang tuhod tambak,youtube
2122,totoong climate change dahilan part bohol lumulubog mindanao ibang lugar,youtube
2124,lumipat bagyo lisud,youtube
2125,lord buhol lugar yon medyo makasalanan alamko lord angkounting historya lord patawad lubusan,youtube
2126,tingnan president away kwenta politika,youtube
2127,governo mailipat silang pabayaan ganyang kawawang bohol pres bbmarcos,youtube
2128,pera nasisira kalikasan lupang pahiram dios kapal lumubog buong pilipinas mamatay mapalitan iba dios titira mundo,youtube
2129,lumulubog mababang lugar pagtatabon buhangin dagat kumikitid lawak syempre pupunta mababang lugar lalabas mundo naglulubugan lupang mababang lugar patuloy pagtatabon buhangin nahahawi tubig napapalutan buhangin,youtube
2130,buwaya pwesto bigyan pansin bohol,youtube
2131,mapapakinabangan likha baha matagalang ulan,youtube
2132,ninakaw politiko napunta npapakinabangan daming naghihirap sarap nkaupo office aircon malaki nanakaw kaban bayan ganito tinutokan gobyerno ayuda ayuda lugar wla nmang trahedya,youtube
2133,magpagawa school buildings mataas lugar ibalik perang ninakaw,youtube
2135,dagat gudna ilang gipuy daan,youtube
2136,tubigon pangalan pangalan lugar kasaysayan bka noong panahon lugar tubig matuyo tinirahan,youtube
2137,iblame condi climate change cause global change,youtube
2138,pera muna bago lagat putulin punong kahoy ipagbili banyaga basura ikalat paligid hukayin malalim lupa foundation high rise bldg reap consequence,youtube
2139,jessica wading suit isuot pupunta matubig lugar,youtube
2140,real journalist bless,youtube
2141,binibigyang pansin lalo quad magawan paraan sulusyon batang aaral,youtube
2142,paniniwala tumataas dagat totoo lumulobog lupa bigat dumadagan building dami isla sikskikan bahay dumami,youtube
2143,jessica soho report inspirational testament resourceful resilience filipino,youtube
2144,pagtuunan nkaupo gobyerno,youtube
2145,kawawa pcg sistema ccg backup pla navy pcg klase depensa kami magsuporta marcos administration nakikita ginagawa ccg takutin pbbm samantalang malalakas bansa backup ibibigay nlang china wps sistema boooooo,youtube
2146,umalis umaksyon gobernador mayor gobyerno,youtube
2147,hinde nakikita gobyerno ginawa kundi aksaya pera bayan nanakaw,youtube
2148,hoy sara ibinajagi confidential fund deped hiya makukulong tuloy gaya tatay,youtube
2149,best solution transfer magawa lulubog isla,youtube
2150,papano pangalan palang tubigon saamin catanduanes ibig sabihin matubig,youtube
2151,pide poh paki ayus salita moh kning koryenti nabubuhay kame nabubuhay kaba,youtube
2152,ginagawa anu wagka walng isip kasamaka bute makaloto kahuy baka dika makatulog walng earcon,youtube
2153,hope government take action safety residents rather focusing issues created official voted hope make better living,youtube
2154,kayung maniwala sinasabi gubyerno totoong dahilan pagtabon buhangin dagat gubyerno dati mula tinabunan dagat unti hunting lumulubog mababang lugar pilipinas presidente sisihin batas sunduin mali,youtube
2155,dali nagaganap mula dumami dumami mayayaman kinausap nagiging presidente tatabunan buhangin dagat syempre magawa million nagaganap abutan pera suhol gagawa dahilang presidente uutusan media sabihin magpaikot taung bayan nagaganap madadagdagan paglubog mababang lugar pagtatabon buhangin dagat pilit nilang inililihis tunay nagaganap gumagawa salita naniniwala kitang kita evidensya mula nagtabon buhangin dagat unti unti lumubog mababang lugar patuloy pang lala kailangan magaklas taung bayan nagaganap pagbaha metro manila mababang lugar ngdaan presidente sisihin tayung bumoto tinatarantado ibinoboto nagpapasasa tax taung bayan,youtube
2156,putol puno,youtube
2157,patambakan lupa tingnan china nakakagawa artificial island konti nlang itatambak pagtuunan gobyerno,youtube
2158,politikong kurap tulungan confidensyal fun itulong pakinabang,youtube
2159,sakuna nangyari pinas dala marvos,youtube
2160,sobra naipong basura dagat tumaas dagat,youtube
2161,tuonan pansin govt ilipat,youtube
2162,hinarang diyos bundok napapalibutan tubig katigasan makakaranas,youtube
2163,magdasal tayong tataas tubig tubig nature realidad mabuti lilikas safety family,youtube
2164,isa problema mamamayang filipino habang politiko busy kwentang bagay pamumulsa pera bayan,youtube
2165,halos marcos anong gagawin biktima bagyo biggest mistake made voting gawin president pilipinas,youtube
2166,gumawa bangka loob mabasa,youtube
2167,taga tubigon bohol particularly leaders government call kalampagin gobyerno maging totoo babawal lapastangan kagubatan karagatan tunay papatupad jeepney modernization mumulat tamang pagtatapon basura maging totoo angat education tungo nararapat kamulatan integrated news program,youtube
2168,dilikado bagyo baka bigla laki dagat,youtube
2169,dami namang matataas lugar bat gustong gustong,youtube
2170,kawawa bata naka babad tubig ilang oras baka magkasakit,youtube
2171,philippines housing regulation could avoided one build islands regarding typhoon pepito know philippines prone different calamities due geographical location since aware controlin government housing regulation along coastal roads tiny islands pilipinas majority houses along coast made light materials government wants minimize homelessness yearly expenses death build affordable government organized pabahay away coastal roads filipinos safe able garbage along coast sound environment little little done right corruption filipinos safer environment every typhoon season needs relocated safer place wonder dealing typhoons government allow anyone build tiny islands,youtube
2172,pagusapan senado congress panay ala mang epic,youtube
2173,nanawagan deped sobra nwala pera deped mkita taga deped kalagayan mnga bata aaral bohol hoy tabang tabang,youtube
2174,warning future sea level 900m map,youtube
2175,literal tubigon lugar,youtube
2176,ilikas kanilang gobernador magkakasakit totoo lulubog lugar,youtube
2178,restoration plan program kailangan tabunan lupa taas dependent level dagat,youtube
2179,ngayun quadcom nakakalunod tubig dagat,youtube
2180,fossil fuel kaylangan sumabog bulkan kpag sumasabog bulkan dna makaka singaw init mula lupa sisingaw dagat resulta iinit amg dagat matutunaw yelo antartica north pole dhilan lagtaas water level dagat,youtube
2181,tinatabunan dagat gawing tirahan gaya moa philippines dhubai luwang tinabunan ibat ibang bansa nagtatabun china,youtube
2182,ginagawa gob yer talagang governant,youtube
2183,consequence get greed,youtube
2184,tulungan ibigay compedncial fund kinkurakot naka upo gobyerno hoy sakim pera awa,youtube
2186,ilipat gobyerno buong barangay mataas lugar iconvert lugar malaking palaisdaan,youtube
2187,dilikado baka pumasok paying kailang ilikas mataas lupa,youtube
2188,basura garbe,youtube
2189,sulusyon mundo ipahukay inambakan mahirap magyari yon lintik mayayaman buong mundo kasalanan gusto nlang magtayo nigosyo dpat nlang baguhin mundo ginawa panginoon dpat baguhin dagat ikompara tubig planggana tpos lagyan bato cgurado tataas tubig aapawgantan nangyayari dagat konektado buong mundo iisa dagat mundo,youtube
2190,mali akala totoo pagtatambak lupa bansa kagaya moah midle east ginawa tgarito samin nagtrabaho ginawang city sobrang lawak tinambakan shempre tataas dagat kawawa,youtube
2191,kawawa nmn maga nakatira,youtube
2192,dyn lubog tubig tas naliligo bata,youtube
2193,lalapwason han ginoo tuna tikang han tubig han kahiladman han dagat says lord bayai sala bayai magraot binuhatan mabubuhi kamo panginoong hesus,youtube
2194,think called tubigon ages due earthquake resident climate cycle regularity earth,youtube
2195,manila panay tambak dagat ginawang mall katulad moa dagat dati,youtube
2196,magagawa lgu police army mangangasiwa paalis libong mamatay pagmay sakuna,youtube
2197,stop fossil fuel,youtube
2198,look mayor ilipat malayo dagat,youtube
2199,politiko sabivil corrupt escudero lagman zaldy villafuerte ayan resulta bagsam bicol baha asan pondo dpt imbestigahan kongreso senado,youtube
2200,wlang sidihin tin hit sno sno hil kapal ari dto nalagay bebliya,youtube
2201,mabigyan pansin gobyerno lipat mainland habang huli,youtube
2203,pinapaalis lugar kawawa nmn,youtube
2204,ipanood senado congresso maisip nung kurakot basurang politiko makonsensya bwisit,youtube
2205,lumang balita noong panis,youtube
2206,goodbye temporary magbayad ewan amen moreblesing ayaw nanang great spirit patay sabat bye amen moreblesing loveblessall friend goodluckgoodday everyday happy birthday aken penag sabehan tank sama skin,youtube
2207,madera bahaymonamganda saankalilipat pangalawamobahay nagawa mona kongwalassaankalilipat kongmagpahingaka yesamen,youtube
2208,tsyolahatbuhay kasech araternyaaycharaternatenetolangpatonaketasakanya amen,youtube
2209,kahet anomankataas angatenpenagaralan angbuhaytaesalang mahalen tadahelseyasaatenkitasaeya mahalkitaneya jinfineyakitaeewan kasesabeneya balanceandrevers gustonyawalamaherap walamayaman pantaytayolahat godlovehumanity yesamen,youtube
2210,recognizeyouresselfe hodinyouloveyouresself godinyou enjoyeternal life thankyou friend goodluckgoodday everyday happy birthday aken penag sabehan tank sama skin,youtube
2211,theirjofeistemporsry life nutthislifeiseternal veryberybeutifull lee yesamen,youtube
2212,mylifeidcrydtallclear yes yes server crystalclearyes amenyesamen,youtube
2213,umalis iba ilipat school,youtube
2214,aksyunan goberno pwde relocation,youtube
2215,pnagmamalke prrdd dekada pla bkt hbd tnambakan nuon,youtube
2216,salam ilaha illallaah muhammad rasullullah salalaho alayhi wasalam nauzubillah shukran,youtube
2217,pinag uusapan senado congresso issues politika,youtube
2218,santiagobagtas coastal brgy bulacan sitwasyon,youtube
2219,wla jud day karapatan reklamo dghan lisod atoa huhuhu kawawa bata,youtube
2220,safe tirhan kabayan,youtube
2221,sanitation isla,youtube
2222,kawawa pilipinas nagkataon lulubog tuluyan isla,youtube
2223,asa manila bay natambakan,youtube
2224,dpt pondohan gubyerno floring dming nkukurakot kaban bayan pondo gaya school gubyerno nganga jeseca soho qng gnyn topic sulosyonan maiparating gubyerno,youtube
2225,inaayos government lalo president lagyan tambak lupa,youtube
2226,bigyan mgq ayuda nakakatulog kayu big malakanyang instan tulong,youtube
2227,pwede tirhan barangay need lumikas,youtube
2228,naku sakuna saka nayan sisi,youtube
2229,know tubigon name lugar tubig baryo,youtube
2230,ohh tambaloslos marcos admin bigay bigay ayuda tinutulungan,youtube
2231,nanakawin pondo dep tulong wla konsensyaa,youtube
2232,bohol manalangin humingi sisisi panginoon hilingin dios cristo lumubog,youtube
2233,ccr diba lubog bahay,youtube
2234,story pity living place lord help amen,youtube
2235,ohh onsaon,youtube
2236,silang diciplina basura pakalat kalat,youtube
2237,high tide ata,youtube
2238,tubigon pangalan bayan daming tubig,youtube
2239,ibang bansa batas nun 70s masyado naapektuhan dto pinas bahala damat damay disciplina mahina pilipino magisip nagiisip maypagmamahal pinas nagisip shalom,youtube
2240,hinde lumotin ilalim tubig,youtube
2241,pinakamababa island pilipinas madali talagang bahain tignan government lagyan maayos eregasyons high concrete walls tabi dagat,youtube
2242,philippines heat extremely hot midwest heat unbearable sitcoms round clock blessed enough still higher ground south getting experience louisiana even,youtube
2243,nalakayakot jindi makakatulog lung situation aking tirahan,youtube
2244,correction iconic media journalist,youtube
2245,jessica iisang iconic media broadcaster pilipinas mabuhay,youtube
2246,tinawag barangay tubigon baka dati katubigan lugar bumalik normal matubig,youtube
2247,kaawaan nawa ama langit ywhw panginoon jesu kristo gabi araw palagi kayong manalangin matai juan awit lucas,youtube
2248,earthquake island bohol tilted little places inches inches,youtube
2249,kudos jessica soho luck,youtube
2250,sorry residente tobogan bohol napabayaan gobyerno maganda marelocate ibang lugar,youtube
2251,maganda content nmn mataohan official naka mismu lugar leader lugar,youtube
2252,maiwan lugar,youtube
2253,tama unt unti lumaki dagat bawat taon usok factory isa nayan bansang china india ruussia maraming factory kya nakakasira kalikasan,youtube
2254,school pinataas lulubog tubig dagat solusyonan deped,youtube
2255,lupa lumubog tubig dumami kong mami tobig dagat isla ganya mangyayari umalis kayalang kailangan tulong gubirno,youtube
2256,opisyal gobyerno gising aksyonan agad kwenta kwenta inaaksyunan,youtube
2257,phillipine government opisyal pamahalan map nuod aksyonan agad relocate kababayan nandyan,youtube
2258,relocate buong bayan mailand kong papataasan bahay gagastos maabotan tubig years kwentang luzon billion day pabahay sapat relocate,youtube
2259,excuse madam forgot mention illegal mining,youtube
2261,massive earthquake global warming caused irreversible governor relocate build floating homes similar dutch nation,youtube
2262,gumawa artificial island katulad china wps gianamit galing bundok zambales kasalananan pulitiko makasarili,youtube
2263,nakamais jessica soho sinusubaybayan best,youtube
2264,nkababad bata,youtube
2265,lindol climate change,youtube
2266,paajo kayong mayayaman andski nyong sasskya,youtube
2267,nakapunta amodyan tambakan,youtube
2268,impossible nanaisin pwede tambakan lupa nagawa china gawa isla west philippines sea gitna dagat ganoon simple,youtube
2269,kailangan ilipat gobyerno nakalubog tubig,youtube
2270,mapagtiis dagat iyong mundo,youtube
2271,makakapag aral climate changes ikakamatay tama,youtube
2272,kailangan evacuation,youtube
2273,naningil kinaiyahan tungod rapod natong tawo kada pamilya household aware number proper disposal waste,youtube
2274,maglusong malinis tubig,youtube
2275,halos tabi dagat nakatira minsan mababang lugar high tide aabutin bahay,youtube
2277,nakakapagtaka gumawa artificial island dayuhan malapit pilipinas problemang island pilipinas mismo silang ginagawang aksyon baka pinalalayas lugar tulad,youtube
2278,malolubog ibang isla ginawa dugyot,youtube
2279,gusto kababayan maayos tirahan sarili pong lupa kya nssbi mamamatay hnd sigurado magbbgy bahay lupa isa kabuhayan,youtube
2280,gawan paraan governo,youtube
2281,isa taas tubig binabahayan khit daanan tubig resulta madaanan tubig kalsada natambakan daanan isa climate change anghirap pigilan,youtube
2282,tubigon pangalan bayan syempre tubig,youtube
2283,kalukuhan baklang saan kaba ipinanganak papaniwala katarantaduhan climate change,youtube
2284,naiiyak habang pinanood sakrepisyado ibang lugar mundo lalo bohol keef praying nothing impossible wish malipat asa bless,youtube
2285,relocation dilikado patuloy silang lumulubog,youtube
2286,wondering use restroom,youtube
2287,anyway true face climate change written words abbah yahweh shaddai trough son yahshua messiah amen 2peter peter1,youtube
2288,hwag kna magbroadcast kredebilidad,youtube
2289,nasaan ipinangakong bahay bawat taon mahihirap,youtube
2290,umalis bumalik mainland matakot pwede silang mangisdskung mainland,youtube
2291,alisin maibalik ganda isla,youtube
2292,world wide italy usa china philippines ayaw kasali,youtube
2293,umalis nlng hnde mamiligro,youtube
2294,gysto miss jessica soho journalist nkikigaya lmng balita walng kwenta miss jessica sinusuong panganib kgya afganistan,youtube
2295,pagtuunan pansin gobyerno kaawa awa nmn nkakahagas kyng pangulo puso bibigyan pansin,youtube
2296,kawawa,youtube
2297,nabangit susunog basura plastic madam broadcaster waste management pinas kagaya japan singapore nakaka tulong mabawasan air polution,youtube
2298,maherap pgmasdan kalagayan mmayan gawa climate change gawa jalikasan,youtube
2299,binibigyan pansin government kawawa residente madami,youtube
2300,corruption,youtube
2301,digung administration imbestigasyon sagot ipakita sainyo kong ginawa cebu past administration binibisita digung kong matibay bait pbbm masamang hinusgahan minumutya ginawaan fake news siraan,youtube
2302,asa philippines,youtube
2303,baba governo,youtube
2304,poliko ibang bansa nagbabakasyon gamit pundo bayan samantalang bayan binabagyo binabaha,youtube
2305,discaya nanaman,youtube
2306,hayop governo nakaw awa bayan bayad buwis matutulog governo ubos nanakaw pati ninanakaw nyu hayop bangag bbm resign kana nagawa magnanakaw pinzan martin buwaya zaldy,youtube
2307,duterte cebu know,youtube
2308,governor got paid honest,youtube
2309,japan magalit local industry naten ginagago tanong bayan presidente,youtube
2310,kabig kabig pera wlang ginawa bitay,youtube
2311,corruption panahon duterte duterte nagtanggal ban mining dumami mining activities bansa nagresulta pagbaha panahon duterte nakawala kurakot pinakulong pnoy,youtube
2312,bulsa congresista iba pang sangkot pera bayan maliwanag congresista proponent magkangmatay nangungurakot gobyerno ataul,youtube
2313,floodcontrol wlang mamatay kalala baha pinagnanakaw politiko trillion budget floodcontrol,youtube
2314,ayan governor kinausap sara nung nilindol cebu,youtube
2315,ginagawa governor governor nakaupo nagiikot nasasakupan kang silbeng gvernor,youtube
2316,duterte legacy worst ever corrupted president world,youtube
2317,maghintay iimbistigahan cebu,youtube
2318,wow fantastic cebuano happen billion,youtube
2319,tinatanong pangulo tanungin congresman binuto jaan nasaan pundo tama kinalbo bundok nangyari dadaan lgu aaprove patos sisihin pbbm pumirma budget humawak tumatakbo sistema pundo hawak pangulo congresman lgu,youtube
2320,mahiya magnanakaw nilulunod pilipinas baha kinurakot pera bayan kapakanan nakararami inisip magkaganyan kasumpa nakagagalit sariling bulsa inisip,youtube
2321,bilyun mali caption,youtube
2322,26b kulang yon laki cebu davao city 51b gasino kalakihan,youtube
2323,wow 26b napunta bulsa politiko kontraktor ayan daming namatay,youtube
2324,lage hugas kamay ante kler,youtube
2325,kase corruption jaan senado tanggalin lalo jinggoy ilan ulit nayan naakusaan,youtube
2326,years cebu ingon ana bugo gud hemuon diyos dds kinsa nagka idea anang duterte years jud,youtube
2327,power doesn corrupt corrupt get empowered becomes apparent,youtube
2328,habang government officials makukulong well protected work together highly inner circle family mafia untouchable abusing power money monopolizing brainwashing peoples mind feather flocks,youtube
2329,long government officials running show corruption never end,youtube
2330,problem power doesn corrupt corrupt get empowered becomes apparent,youtube
2331,p26 billion budget cebu sinisisi magnanakaw supporters duterte,youtube
2332,actually silbe kinakalbo pinapatag bundok period,youtube
2333,tulong baha mabilis hupa pilipilit tanggalin baha tubig kahilingan kong baha ulan kong wañang ulan halaman,youtube
2334,pulitiko yerno magnanakaw makaknakaw kontratista protector,youtube
2335,laang kontratista tukuyin pulitiko likod coa nakakalusot,youtube
2336,anu kailangan bang ipaliwanag kailangan,youtube
2337,magalong balimbing natapalan narin ata pera davao iimbistiga cebu binaha tungaw pulitiko,youtube
2338,nako gobernor gwen garcia utang kpa sout korea 400millions ninakaw,youtube
2339,duterte build build build,youtube
2341,imbestigahan inuna davao nakaranas baha bagyo nasira,youtube
2342,gumagana hahahahaha galing speaker lakas amats,youtube
2343,anu loyalista,youtube
2344,maliwanag ninakaw pondo,youtube
2345,local mayor local nakinabang akala mabubulgar,youtube
2346,bobong ddshits sisigaw nanaman bbm resign nde iisip past administration nagsimula build build villar tahimik,youtube
2347,cebu reklamo baka davao investiga lola castro,youtube
2348,former gov garcia managot billion,youtube
2349,abolish mayors office,youtube
2350,bitayin tiwalis tinangal death penalty naaawa bitayin tinangal death penalty ayaw nilang mabitay nabukong aumalyang ginawa kumitil kinurakot pondo bayan,youtube
2351,nako papansinin focus ombudsman villar term du30,youtube
2352,buong lalawigan cebu 26b davao city 51b paldo polong,youtube
2353,mali,youtube
2354,mali billion pnahon pnahon duterte,youtube
2355,bulsa romualdez zaldy bataan pbbm,youtube
2356,nak tutcha kahilig malacanian palasyo gumanap apura tanong baka hanep nayan nannga hawak agency bilisan nlng aksyon,youtube
2357,parating pang bagyo ilocos norte tatamaan,youtube
2358,laki humahawak cebu,youtube
2359,billion wasted corruption corrupt politicians destroyed cebu,youtube
2360,duterte legacy,youtube
2362,nagtuturuan kurakot nangyari mapapa kamot buwaya,youtube
2363,iimbestigahan bangag mula iimbestigahan sarili,youtube
2364,billion panahon marcos isisisi past admin,youtube
2365,tamis kaban bayan,youtube
2366,clear cebu binaha davao imbestiga gaguhan,youtube
2367,hustisya bibitayin kurakot,youtube
2368,dami namatay baha corrupt isa nakukulong bitay sina vilanueva estrada discaya escudero bong etc,youtube
2369,corrupted brain drained,youtube
2370,hahaha tanungin quirante sen raffy magkaunagyan,youtube
2371,ineffective current admin cost 26m happen effective previous admin cebu cover cebu right failed mention huh dds governor cebu,youtube
2372,katong lalay animal jud kaayo sinungaling kler kastto,youtube
2373,holy child sends typhoon hear prayers virtue filipinos silence never protest jose rizal protested wanted equal rights filipinos rizal great spain many monuments memory years since independence spain mathematically speaking short time ago today filipinos would better rights spanish european free healthcare spain philippines die afford doctor jose rizal didn want worst part philippines brothel foreigners always see men young girls would huge scandal spain wonder filipinos pride citizens beloved land submerged destruction corruption without rights services spain best companies world infrastructure construction philippines many catastrophes wouldn happen simple typhoon holy child punished philippines solution problems philippines would exist today,youtube
2374,filipinos suffering poor rather changing present becoming spanish,youtube
2375,gumagana,youtube
2376,makita palang gigil,youtube
2377,lagyan tanong saan dadaan malaking baha tapat aralan,youtube
2378,managot gwen garcia inabswelto,youtube
2379,dpat plitan tlga republic philippines ibenta nlng pilipinas amerika pra maayus sistema pulitika,youtube
2380,bbm salot weak leader,youtube
2381,ask former gov city gwen wak2 garcia,youtube
2382,imbestigahan davao hahahah,youtube
2383,umupa papatay pra sangkot,youtube
2384,bbm loyalista billion budget bka isisi namn dating admin,youtube
2385,ikolong gropong duterte,youtube
2386,pati cebu nakawan,youtube
2387,naunsa atong gobyerno giboto nato bbm dili kabalo mghandle gobyerno budol,youtube
2388,shame kayong magnanakaw magnanakaw mamatay daming namatay pangungurakot,youtube
2389,nah alala bbm pina imbistigahan nah davao baka yun dahilan baha cebu ncr,youtube
2390,magagalit olol previous administration gwen garcia year,youtube
2391,konsenya responsible palpak,youtube
2392,baliwala meron maayos abusiness kagaya real estate kakwarry bundok gawing subdivision,youtube
2393,sayang engineers ngbansa substandard ghost kayang gawin pra kababayan nghirap kayong aral gafawin bansa npaka swerte nkapasok gobyerno pangarap ordinaryong pilipinong manggagawa,youtube
2394,mining kabundukan kumusta denr,youtube
2395,hndi,youtube
2396,hanggang pang napapanagot pinag loloko kami,youtube
2397,dios humatol silbi imbistiga miss claire bangag pangulo silbi lokohan,youtube
2398,pang nakukulong nakaw mangga kulong agad,youtube
2399,bbm kurakot kurakot kurakot,youtube
2400,duterteland cebu diba,youtube
2401,dapay australian engineers pulido kurakot skm,youtube
2402,makulong angnlahat involve,youtube
2403,gana pang ikulong sala katiwalian kulungan pang vip maayos kulungan samantalang masama nakukulong monte,youtube
2404,kanta hanggang tuktok matatapos gulo hanggang marcos martin romualdez nakaupo matatapos korapsyon resign kana marcos romualdez,youtube
2405,masasabi uubusin kaban bayan magluklok angkan magnanakaw panigurado simot gagawa ibat ibang paraan makapagnakaw hanggang nakaupo marcos martin romualdez galamay kapartido angkan mangyayari tuloy tuloy korapsyon itatago bbm romualdez resign kayong patalsikin magresign,youtube
2406,hanggang nakaupo marcos administration galamay puppets mangyayari mastermind lower house makukulong focus contractors employees mastermind kaming lokohin saming nagiimbestiga paikot ikot binobola niloloko filipino porma kaming paikutin tama,youtube
2407,nakakalungkot mataas amg dike ilog water reservoir imbakan tubig ulan lung malalim kanal mangyayari ngunit swapang sakim kongresista nagnakaw pondo gobyerno heto taon taon nilulunod baha literal buwagin matauhan nakaupong kongresista governor panahon bbm sama iboto wake call satin makukulong malabong mabawi ninakaw nakaupo kapangyarihan mastermind kunsintidor bbm tandaan legacy matinding korapsyon bless philippines,youtube
2408,pinakamalaking corruption history pilipinas nabuko taumbayan milyo kundi trilyon nawalang pera kaban problema napakadaminh involved lalo mambabatas,youtube
2409,politicians power help filipino instead choose corrupt steal plunder nation enrich,youtube
2410,papaano pipigilan forces nature kagaya lindol bagyo pagbaha ganti kalikasan madami bundok puno,youtube
2411,saan naba,youtube
2412,isisisi previous administration hahahaha corrupt,youtube
2413,malakas bagyo maubos pinas gahaman pera buang,youtube
2414,moro moro palasyo,youtube
2415,matatapos death penalty period,youtube
2416,death penaty dead corrupt day saves millions filipino,youtube
2417,pera kapangyarihan kapalit kalikasan,youtube
2418,paimbestigahan marcos nangyari grabeng nakawan noong naging presidente dinala pinsan romualdez best friend nyang zaldy,youtube
2419,anteng marites pinas resulta pagnanakaw,youtube
2420,cebu nabahaan davao inbestiga,youtube
2421,ninakaw buwaya politiko discaya,youtube
2422,loslos madam claire pura dada malacañang,youtube
2423,gumising tayu shame politicians,youtube
2424,kaulunan bbshit magresign kana kang silbi embistigasyon,youtube
2425,hanggng imbestiga nlng ahahaha asa,youtube
2426,solution pang long term palalimin ilog magandang drainage system,youtube
2427,sabin malacaniang duterte kasal anan mfa buang kawatan buwaya hudas demomyo,youtube
2428,hanap masisi bkit pinaghandana yun paparating bagyo silbing gobernador,youtube
2429,overwhelmed,youtube
2430,sipain bangag,youtube
2431,poro kyo imbistiga ala nmn kyung nakkulong pati air asset zalde nkita hay naku,youtube
2432,iboto kaalyado digong obos pera pinas,youtube
2433,dds cebu solid satanas digong coruption talamak panahon digong,youtube
2434,ganito panahon satanas digong talamak coruption billion nakaw kaalyado digong bodol digong drug war,youtube
2435,bangag,youtube
2436,inilikas ginawa gobernor cebu,youtube
2437,ask usa support maybe give loan,youtube
2438,piattos,youtube
2439,wla binulsa gwen garcia nadn mahabol tropa bbm gwen garcia maimbistigahan discaya chill chill travel travel,youtube
2440,master plan sisihin haay naku corruption pinas malala ganda infrastructures bansang tulad japan korea european nations iba systema pinas baguhin,youtube
2441,parte probinsya hawak zaldy romualdez nagka problema administrasyon ilihis nakaraang administrasyon ghost panahon duterte madaming bagyo dumaan lala baha bunga curruption administrasyon marcos,youtube
2442,bbm halos mamatay baha nakaw,youtube
2443,matapang mamayan cebu must hunt officials involved floods corruption instead protesting present administration reward corruption catastrophe corrupt official must subject firing squad park,youtube
2444,corrupt max,youtube
2445,natural substandard ghost kinurakot,youtube
2446,nakaw kurap gobyerno pamilya mabaon lupa susunod kalamidad kasama ninakaw nyong pera bayan ganid,youtube
2447,sagot claire castro laging back,youtube
2448,bangag,youtube
2449,duterte build build build corruption,youtube
2450,nmn imbestiga nmn nakukulong,youtube
2451,think discaya guilty sadyang pinoprotektahan admin nangyayari dinig,youtube
2452,imbestiga namang nakukulong kayong bigyan tax exemption kurakot,youtube
2453,hah tatakapa pinas fake system dam irrigation satin magkaka hiwalay rivers walls rip rap andmakikita portion lalabanan baha,youtube
2454,pakibilisan iimbestiga makulong politikong magnanakaw totoo sinasabi atty claire,youtube
2455,maniwala palasyo,youtube
2456,clear sabihin davao imbestiga cebu,youtube
2457,inventisgahan,youtube
2458,bbm legacy,youtube
2459,magalong dizon pagfocusan luzon pinakamaraming ghost davao city kaying mahihita utak talangka magalong kaw nmn dudi isa dizon kayong kwenta bagay anong masabihin amo yun ssundin,youtube
2460,kurakot,youtube
2461,maraming factor bat nangyari heavy rainfall tino brought ineffective unfinished programs subdivisions built reclaimed swamps marshes close rivers,youtube
2462,ring nakukulong hanggang controls tsk,youtube
2463,halos binahang lugar cebu nsa paanan bundok malapit dagat sisihin baha cebu malaking impact ren minahan kya malaking volume tubig galing bundok rumagasa pababa hnd tlaga kakayanin ilog baba,youtube
2464,silabasan trolls pagtanggol bbm romualdez,youtube
2465,bangag bbm kunyaring kickback contractor bngag nakaw,youtube
2466,builder cebu kurakot,youtube
2467,hahahahaha galit,youtube
2468,baka isisi duterte,youtube
2469,asos bangag nagkaka ganito,youtube
2470,climate change kasalanan nangyayaring pagbaha kokonti halaman puno napapatayuan buildings,youtube
2471,panagutin sangkot kasakiman basiin ariarian kayamanan tas firing squad dina pamarisan,youtube
2472,makialam naging norm kultura kurapsyon bang tinanggap hanggang ganito sitwasyon bansa manlang susunod henerasyon magka isa laban ina political family dynasties conglomerates,youtube
2473,buong cebu ehhh davao city distrito 51b binabaha plus bumabaha boooogaw gro paldo congiyot,youtube
2474,tignan 26billion cebu wow wlang baha davao pupuntahan fact,youtube
2475,duterte,youtube
2476,kunwari nagulat gov,youtube
2477,start knocking region door along local contractors local congressmen connivance need deep hoping whistleblower step forward especially many deaths attributed typhoon tino ghost cebu victims deserve justice,youtube
2478,sige gov pam striktoha pagpa implement next funds,youtube
2479,buti naka kulong susunod narin yon iba pang magnanakaw,youtube
2480,data sumbong pangulo website shows worth p26 billion constructed across cebu province figures even incumbent governor pamela baricuatro questioning palasyo sagot binalik duterte hahhaha kandautal utal anti clear kakapaliwanag ibabalik duterte hahaha,youtube
2481,guilty corruption kasuhan murder indirectly kinalaman pagkamatay,youtube
2482,nandoon davao naghahanap baha lalo magalong,youtube
2483,hagupit corruption,youtube
2484,nasimot billion nothing ayan nature nagsasabi pati pagpuputol trees kawayanan nakalbo nahhh geezzzz sad ibinoto kurap,youtube
2485,gullas family dynasty talisay please investigate corrupt family,youtube
2486,contractor,youtube
2487,boto ulet duterte maganda legacy pati marcos,youtube
2488,duterte legacy,youtube
2489,lesson nakita tinatarantado politiko iboto uli binoto nati uli kasalanan,youtube
2490,interview experts masabihan deadly lugar binagsakan buwan ulan araw sagot,youtube
2491,kang sinungaling kler pinansin reklamo bayan bayan simula queen,youtube
2492,malamang bbm bagyo hahaha,youtube
2493,sige pila initan botoohannn payamanin buaayaa,youtube
2494,talisay city one heavily affected areas handled quirante construction group budget,youtube
2495,lukohin pangulo kaniya kaniya silang nakaw badget pakana,youtube
2496,imbestiga pahintulot pangulo pangulo,youtube
2497,nilalaan tila gumagana ngang pagaganahin hahahaha,youtube
2498,panahon bbm,youtube
2499,ayaw itokhang daig pinagsamang adik pusher,youtube
2500,drawing nnmn constructions,youtube
2501,talagng bigyang pansin kong kawawa ordinaryong pinoy,youtube
2502,cebu baha imbestiga davao,youtube
2503,pasok crocs budget nanaman pangkurakot,youtube
2504,gawing schools convertible maging shelters food banks calamity,youtube
2505,kuda demonyo nmn kyo pare pareho,youtube
2506,bbm legacy blood hands marcos araneta romualdez,youtube
2507,billion pesos kaban bayan galing buwis ordinaryo pilipino pinaghatian iialan kawawa ordinaryong pinoy baha nararanasan habang papasarap iialan magagara matataas nilang tahanan galing nakaw,youtube
2508,know clever corrupt idle duterte family,youtube
2509,cebu based contractor got biggest share cebu builders,youtube
2510,banguhin pangalan pamamaraan masmalawak mensaheng totoo,youtube
2511,blogger kler alalahin guen garcia lusot kinaso dikit bangag idagdag tongressman hangga pang nakukulong,youtube
2512,sinong presidente matino sinador contractor nanakaw mangyayari pilipinas,youtube
2513,golden age keep voting trapos,youtube
2514,bitayin nagnakaw pira byan,youtube
2515,bagong pilipinas,youtube
2516,d30 sisihin bbm,youtube
2517,pinoy politician kawatan,youtube
2518,hahaha pupunta d30 sisihin,youtube
2519,barya,youtube
2520,saan davao,youtube
2521,makulong discaya ngaun,youtube
2522,bigyan uli congtractor budget,youtube
2523,mabuti pang maging intsik kaysa magkaroon presidenteng adik korap,youtube
2524,magtae buong taon nakinabang hahaha punyemas,youtube
2525,anyare lgu cebu,youtube
2526,nagsimula panahon salot digong gov baricuatro fake news,youtube
2527,mali report cebu gov baricuatro nagsimula panahon nakaraan administration salot aamang duterte makinig interview baricuatro karen davila,youtube
2528,namatay kurap sure kayong nararamdaamng konsensya pagkamatay certified demonyo congrats,youtube
2529,believe question fault politicians slater young person nature,youtube
2530,saan napunta pera cebu mahiya bongit,youtube
2531,bait pulitikong trapo unti kinuha sure boto ulit tayong kadaladala sambayanan pinoy,youtube
2532,maganda ibigay tagajapan taga holland polido gawa kamahalan exsperto cla madalas bahain lugar technical know cla,youtube
2533,bbm legacy,youtube
2534,sigeg imbetiga pay prison,youtube
2535,hangang mapagsamantala gobyerno illegal nagpuputol puno kabundukan nagnanakaw namumuno gobyerno matitigil kalamidad,youtube
2536,magsalita castro prang nora aunor ponto tono bata kinakausap,youtube
2537,budget kalamidad bahala philippines kailangan nating bumangom nating mahirap,youtube
2538,dds gov pam mismo nagsabi governor dds cebu nagsimula corruption noong sinong presidente dds sasabihin nililihis imbestigasyon inimibestigahan,youtube
2539,kawawang cebu karuon wakwak knila nilipad pati bilyun budget basta alyado ngag magna,youtube
2540,bless gives citizens deserves salot gov damay tlg citizens sufferings apekto end times events happening wars wars ahead everything happen time perfect divine timing synchronize setup lord lord living believe jesus name blessed right place right time,youtube
2541,bulsa honorable,youtube
2542,davao,youtube
2543,maiwasan kalamidad piro bahala philippines,youtube
2544,demonyo corrupt,youtube
2545,ineffectivity wrong word ineffective something must exist first case nothing called ineffective literally,youtube
2546,silbi engineers lagay dike ilog sake meron silang kontrata makurakut silang planning divert water proper water flow ulan ilog nahuhulog tubig buong lugar pinaligiran dike ilog ulan nahulog buong baryo town naging bowl baryo town,youtube
2547,maliban issues baka nalagas puno sobrang nagbaha,youtube
2548,wait nandito samin davao city hahalungkat muna,youtube
2549,putla ulo pisti kayata ana kapoy ana priso2,youtube
2550,taba muna ante clir,youtube
2551,semento daan maka absorb lupa tubig digging deep well water basura etc,youtube
2552,nandoon kaufman airline companies pinas hague back back,youtube
2553,climate change real,youtube
2554,explain 51b,youtube
2555,opisyal nato napakadunong matagal tong piro anu ginawa namang maituro silang npa duon napupunta pira bayan isa klase buwaya gubat batasan,youtube
2556,zaldy insertions allegations anymore pointed many allies still victim,youtube
2557,trillanes,youtube
2558,itinatago bat nagagalit natatakot imbestigahan impeachment,youtube
2559,tama makabayad bloc npa,youtube
2560,mafia current admin isisi du30 well karma real back multiple times,youtube
2561,tinio basura,youtube
2562,binuksan remulla bank account publiko kana talagang itatago tinawanan trillanes sinong tumatawa,youtube
2563,pagtanggap katotohanan dungis ibinibigay iyong reputasyon damay ibang dutarte,youtube
2564,one biggest problems face today isn corruption misinformation information shared interviewed speak issues often give explanations instead showing facts teaching others verify confusion bias begin real understanding doesn come opinions comes access could easily see original documents contracts audit trails numbers wouldn depend anyone explains could decide nation needs isn arguments education truth teach investigate read data check government sources see truth stop following sides start following facts,youtube
2565,kapal muka duterte yabang nakaw pera magalong dds shouldnt moro moro,youtube
2566,hoy trabahuin pauwiin zaldy ipaimbestiga cebu instead davao,youtube
2567,mouths fools ruin proverbs,youtube
2568,wrongs leads disgrace scandslous behavior brings contempt proverbs,youtube
2569,kyo mgalit inbistiga sla davao pra mlaman totoo ehh wla nmn tlgang anumalya,youtube
2570,bugok unahin luzon konting ulan baha agad duterte total kayong nkaupo corrupt unahin lugar tlgang nangangailan,youtube
2571,hoy kanto tino lugar binabaha ayaw imbistigahan davao ayos ayos ngak ngak ngak utak talangka tong kanto tinio umunlad unlad pilipinas politikong,youtube
2572,filipinos pinky yellow loyalista dds etong act teachers hnde loud regards school buildings built represent teachers,youtube
2573,pwede revoke passport kaso naka lagay batas case national security kailangan kriminal case hoy utuin,youtube
2574,anu babato issue duterte kami maloloko kapal,youtube
2575,sister nothing hide,youtube
2576,big crocks bbm romualdes zakdy mastermind bilyon bilyong insertions budget,youtube
2577,tunay magnanakaw ganid bbm romualdes zakdy bilyon trilyon kinuha apondo walangvproyekto bio huagahan davao pagbabaligtad duterte bayan saksi nakakaalam katotohanan,youtube
2578,ayysib obserbahan conttop bilyon bilyon trilyon oinagbubulsa bbm romaukdes biyo valigtatun issue itapon ulit amga duterte,youtube
2579,unahin tinio kasama buwaya house representathieves,youtube
2580,napakabugok attorney zaldy attorney digong prejudgement dizon maraming makukulong secretary husgado huhusga guilty papakasuhan dizon anong iniiyak iyak prejudgement,youtube
2581,nothing hide naitago habang busy kalbo sisilip,youtube
2582,akala pulong ghost issue akala pulong structure safe corruption kindergarten logic duterte,youtube
2583,lokohan paulo,youtube
2584,kelan ipakulong tagal2,youtube
2585,imbesriga2,youtube
2586,tulisan lalo secretary secretary usec common sense langgg taongbayan,youtube
2587,nkka suka monyo,youtube
2588,weeee mkukulong pptawa monyo,youtube
2589,baka imbetigasyon nagtagal mananahimik nlng napaparusahan baka abot years imbetigasyon bilogin ulo publiko,youtube
2590,zaldy made escape goat presidential cousin martin romualdez beyond criminal complicity,youtube
2591,evil free billions lesser evil one persecuted,youtube
2592,bat ist dist bulacan nababanggit,youtube
2593,dissolved party list naitulong kondi nakaw gaya bikol party list marami pang iba pati senado,youtube
2594,hahaha govt thieves marcos morally corrupt,youtube
2595,criminal charges bonoan anyone looking lifestyle cabral government serious,youtube
2596,ombudsman investigate every villar find anomalies support corruption one greatest efforts ombudsman,youtube
2597,yes filipinos hoping every politician involvement corruption held court punished clear anomalies government agency,youtube
2598,probe official contractors sangkot ghost makulong tulong2x silang idiin big fish,youtube
2599,add private contractors,youtube
2600,based testimonies contractors witnesses inquiries reports independent commissions following current former members congress linked house representatives members former members former rep elizaldy zaldy bicol party list former chairman house appropriations implicated mess since resigned former speaker martin romualdez allegedly linked mess former aide zaldy rep eric yap act cis party list allegedly linked former aide zaldy rep danny domingo first district denied involvement scandal rep augustina dominique pancho second district former rep ambrosio cruz fifth district discaya couple controversial contractors reportedly implicated following congressmen set invited rep roman romulo pasig rep jojo uswag ilonggo party list rep patrick michael vargas quezon city rep juan carlos arjo atayde quezon city rep nicanor briones agap party list rep marcy teodoro marikina rep florida robes san jose del monte bulacan rep eleandro jesus madrona romblon rep benjamin agarao rep florencio noel waray party list rep reynante arrogancia quezon rep marvin rillo quezon city rep leody tarriela occidental mindoro rep teodoro haresco aklan rep antonieta eudela zamboanga sibugay rep dean asistio caloocan rep marivic pilar quezon city note allegations made witnesses contractors various investigations including independent commission infrastructure individuals mentioned generally denied accusations investigations ongoing recommendations charges filed ombudsman,youtube
2601,eddie guerrero lie cheat steal politician corrupt need,youtube
2602,sure bulk pera ninakaw tinago casino convert crypto currency trace kunyari nagsusugal casino tignan bumili powerful computer monitor hawak crypto currency paloko bulk pera tignan nagnakaw bangladesh bank pagka withdraw pera banko dinala agad casino convert crypto currency ipasa kasabwat,youtube
2603,rich politicians help,youtube
2604,big fish get away,youtube
2605,problem philippine body jail wrong thats every body corrupt body follow law afraid low afraid crooked shame care oth ers,youtube
2606,makulong romualdez sumaya taumbayan,youtube
2607,maka du30 kayu governor kabanayan cebu,youtube
2608,marcos resign kana kang kwenta presedente pradject nakikita nagawa corapsyon nasaan pera bayan nakikita nagawa kawawa kming mahirap umasa inyong serbisyo kwenta natulong bayan natamaan lindol bagyo ginawa nagbibinta kapa bigas,youtube
2609,delima prison asap du30 administration romualdez scapegoat,youtube
2610,whitewashing works,youtube
2611,long term endeavor sure zoning laws floods always happen needs unoccupied plains least extreme prone regions,youtube
2612,napakamura tingin pulitiko kapwa pilipino nabibili limang daan piso boto hanggang tumatanggap gnyang sistema hndi makaahon pilipino kelanman itaga nnyo bato bakal putik asang umunlad pilipino kailanman awa pakiramdam namumuno pilipino matagal panahon,youtube
2613,sad happening country responsible marcos administration including marcos family didn corrupt money gonna happen deserve jail corrupt money,youtube
2614,believe zaldy afraid safety 0ne wants zaldy dead afraid jail sure many wants suffer jail,youtube
2615,hagupit lakas hangin ulan biglaang pagbaha mababa mahina pagkakagawa kakayanin macontrol tubig baha ibunton sisi pangulo curraption kagagawan politikong currapt senado congreso,youtube
2616,remulla,youtube
2617,believes corrupt beings involved santa claus tooth fairy ain coming takes village say complicit humans involved keep investigating hold ones present around reachable accountable much officials corrupt politicians think masses stupid easily fooled otherwise,youtube
2618,young politicians colleagues politicians demand résignation jail ombudsman trust,youtube
2619,none corrupt sold houses jewelries luxury hand bags help victims corruption pilipinas gutom corrupt politicians demand payment continues action instead misleading mind called investigations game hide cover corrupt politicians entire government back including president,youtube
2620,pera ninakaw pati pangarap kinabukasan mukhang magaling abogado zaldy kailangang galingan ombudsman,youtube
2621,politicians must first ones jail thought engrs officials corrupt asking percentage every given please act fast netizens angry justice delayed system rallies come please act fast,youtube
2622,ombudolsman spent yrs negative accomplishement let give ombudsman remulla months perform,youtube
2623,jail corrupt officials let return money liable dead,youtube
2624,tragic,youtube
2625,karamihan bisaya bumoto tatay digong matuto bumoto tama vote buying lugar ugat problema maging mapanuri matuto boto mali pulitiko,youtube
2626,sariling pork barrel romouldez zaldy remember namimigay pera mall ilang billion ginagastos pagpapirma batas payagan foreigners magbili property pilipinas term limit presidenti remember pork barrel yon insertion lumie digman sarabosing,youtube
2627,epek pesos iboboto uli marami maraming pilipino mahirap,youtube
2628,matuto pumili pilipino eleksyon darating ultimately botante responsable anong elected officials meron ironically bumoboto magnanakaw mismo direktang apektado unawain sitwasyon iboto gaya jinggoy joel paulit ulit nagnakaw kaban bayan,youtube
2629,haggang laya zaldy pati martin romualdez villar escudero laya parin marami ebidensyang magpapatunay sinasampahan kaso salita nakakapagsisi tuloy bumoto kami nakming magbayad tax taon hanggat binabalik pera,youtube
2630,ina ibalik death penalty hanging,youtube
2631,ina korap pulitiko mayaman pilipinas naghihirap ninanakaw pera tax kapakinabangan pilipino ina ninyong pulitiko gobyerno palitan parliament pera provincia mabilis matukoy korap,youtube
2632,jail romualdes,youtube
2633,law tungkol pagkuha paalam pupwede maging ebidencya,youtube
2634,nararamdam ganid kurap politiko pangyayaring gaya dedma sure importante magpa yaman politika tuloy dating gawin hanggang mabubuking katwiran mapatunayang guilty makulong isip makakalaya iba administration ikang taon amg ibubuno laya ulit tatakbo ulit mananalo lagi sistema mawala corruption,youtube
2635,tiring repeating news magnanakaw jailed,youtube
2636,hopefully scammers got washed away,youtube
2637,guy vince dizon hire foreign contractors well educated well equipped modern materials strategy building bridges wall riverbanks protection subways trains major philippines local contractors close leaders know governing city towns always effective put waste proper education build quality,youtube
2638,fame temporary yeshua isa jesucristo eternal,youtube
2639,wow damakmak meron cebu asaan binaha makululong nakinabang gobyerno hiya budget kailangan bigyan ibigay diretso kailangan pang gawa bahay ibigay basta maayos bigayan,youtube
2640,nyu asan,youtube
2641,tigilan pagtutruso,youtube
2642,kabundokan punong kahoy kalbo mining palagi lilingdol papotok samining,youtube
2643,ganito mangyayari hnd ipatupad zoning ipag bawal bahay area maaring pwding bumaha malakas ulan,youtube
2644,bat akong balita masyado leyte anong nangyari,youtube
2645,mananagut inililihis imbistigasyon cge kinukunsinti marcos pinsan buwayang romualdes grrrr,youtube
2646,sad nkkaiyak habang pinapanood balita pinas grabee nkka iyak protect tumulong gobyerno ntin pra matulungan kababayan ntin cebu,youtube
2647,corruption sucks kwenta gobyerno,youtube
2649,storm passes recovery begins nepo babies corrupt gov officials scam thievery money needed recovery corrupt gonna want none left mark words,youtube
2650,pangyayari nakakaiyak sakit puso panoorin kya pusong tumulong knila,youtube
2651,watched returning manila mainstream media visayas cebu step open letter fttm papansin pagdurusa negros,youtube
2652,duterte sisisihin napa bias tlaga tong abs cbn instead pointing fingers bkit magdassal wla maggawa paninisisi,youtube
2653,nagkatsunami ngyari cebu mangyari luzon area super typhoon uwan,youtube
2654,san mahal nampangulo matayuan bahay kesa kinurakot,youtube
2655,someone visayas ramdam pagkawala regional networks dating coverage far flung areas aware ready need informed first local effective way,youtube
2656,hanggat masawata matinding nakawan corruption bansa paulit ulit maranasan ganitong pangyayari corrupt opisyal naging legal bawal kalbuhin nyu bundok magpagawa maraming imaginary,youtube
2657,iyong palpak putol puno gawing subdivision nakakaiyak,youtube
2658,nkakaiyak panoorin could prevented substandard ghost inayos mabuti,youtube
2659,sakit panoodin teary eye tlaga prayer pamilyang nawalan mahal,youtube
2660,tayong magalit maayos,youtube
2661,pam baricuatro proud ddshit nagdala dimalas cebu yawaa,youtube
2662,yet naka focus dolomite beach ayaw focus scam,youtube
2663,matatapang magsalita plenaryo magpakita magbigay komento,youtube
2664,insert gyud panahon duterte una gyud leaders system gyud nato mao dako kaayo problema unsaon ayo systema nay effect blaming pointing fingers,youtube
2665,nanagot scandal kada bagyo ganito,youtube
2666,managot namang nakukulong,youtube
2667,nanaman sobrang corrupt gobyerno,youtube
2668,iyak iyak tong kuya tinanggap pera nung eleksyon karma anga,youtube
2669,pinaka maraming bobotante visayas nanalo jinggoy cebu probinsya mang mang katulong,youtube
2670,lan kong ginawa maayos dkaba nahihiya bbm dmu kayang pasunorin admin dmu kayang maging pangulo maangmangaan,youtube
2671,sisihin contructor nbaha corruption,youtube
2672,sad find mercy help almighty,youtube
2673,makukuhang pera ipa house bilyong bilyong kinuha,youtube
2674,cebuanos make pay resilient anymore make corrupt officials pay,youtube
2675,tlga praying strength hope apektado,youtube
2676,international aid,youtube
2677,following government agencies must totally revamped denr bir bureau customs,youtube
2678,evil prospers stand nothing evil win needs silence neutrality helps oppressor never victim,youtube
2679,dios kaluoy pud nahitabo ilaha unta dghn mutabang,youtube
2680,sorry ask gilid manaha river area ilog tinitirahan example reclaimed area,youtube
2681,everything happening cebu parts visayas region huge earthquakes worst typhoons history yolanda odette tino acts letting things happened many visayans much touted devotion niño jesus voted president blasphemer duterte corrupt adulterer murderer many filipinos religious spiritual would idolized anti christ time reckoning come,youtube
2682,unithieves,youtube
2683,ndadamay kasalanan pulitiko pansin wla tulong galing international community wla tiwala hnd mkarating mamayan ibulsa kawatan,youtube
2684,hinde pinuputol puno baylis tanim puno yun miners help,youtube
2685,bless philippines,youtube
2686,magkaroon consideration gobyerno magbigay lifevest bawat bahay paunti unti per years,youtube
2687,paulit ulit problema bayan corrupt government kaylan gigising kabayan ipapasa death penalty gumagawa batas hndi election batas death penalty corrupt official retired active,youtube
2688,nandyan joke,youtube
2689,iyong billion binulsa binigay ayuda,youtube
2690,bangag hobyerno,youtube
2691,ginoo,youtube
2692,bumaba kana bbm pwesto dimo nagagawang panagutin corrupt gobyerno imposobleng hndi kabalbalan nsa baba pinaka makapangyarihan pilipinas kang mapanagot madalian ebidensya testigo napangalanan narin sangkot kulong duwag takot malayong malayo duterte,youtube
2693,lindol pagmimina tino uwan,youtube
2694,cebu fanish,youtube
2695,kaka duterte proud proud dolomite beach turning blind eye destroyed mountain cebu dolomite rocks extracted corruption denr proliferated duterte reign resulting ghost substandard infra lot mining companies allowed operate stripped obliterated forests mountains duterte dds isa binaha deserve,youtube
2696,nakakaiyak,youtube
2697,dswd food packs kasamang damit tubig pera magagamit pagbili kanilang pangangailangan,youtube
2698,bangon ulit kabayan kasalukuyang gobyerno kayong silbi impotent cebu badly needed help davao nagpi2lit imbestiga common utak talangka malaking issues bigyan pansin yun mabigyan agarang tulong cebu iba pang probinsya sinalanta typhoon tino parating bagyong uwan pre planning kay9 posibleng mangyari,youtube
2699,naku nasisisi nmn duterte,youtube
2700,nakakaiyak magising politicians maging greedy tulungan nangangailangan,youtube
2701,worst part everyone prepared panic buying weekend prepared learned odette happened resident cebu,youtube
2702,duterte nagsimula nagpalake scam dds mahihina utak pilit sinisisi bbm kaso gusto makinig dds tab0g0 hahaha,youtube
2704,mukhang chinese pilipinas,youtube
2705,sakit panuorin daming namatay,youtube
2706,buti pangulo umaaksyon tumutulong humingi pasensya samantala pangalawang pangulo bansa nasaan dds supporter sabihin swak maging presidente bansang pilipinas sara duterte ipagmalaki sara duterte dds supporter gumising katotohanan magandang naitutulong sara duterte oras delubyo missing action although pangulo tungkulin pangalawang pangulo,youtube
2708,jesus lord extened holy hand upon land look upon iniquities forgive help,youtube
2709,kalbo bundok halos puno kalikasan qng kalaban,youtube
2710,panong nakakatulog binoto taongbayan nakahiga malalambot kama naka aircon masasarap pagkain malalaking bahay kababayans suffering time floods everywhere lugar binabaha lubog baha elders kids hearts breaking filipinos nakikinabang bilyong pesos kinurakot gahamang pulitiko tpos relieve goods ibibigay noodles sardinas natuto typhoon yolanda hope agony kababayans keep haunting corrupt politicians gang pagtulog,youtube
2711,pilipinas angry umaksyon kumilos kayong makinig kumilos mamatay kaung mgapolitiko bahay ibang bansa,youtube
2712,kwenta balita nanguha nong dumating bagyo masaksihan kalagayan taga cebu,youtube
2713,unti unting kinakalbo bundok cebu,youtube
2714,mother earth work pamati andam magtigrabe ning bagyo,youtube
2715,way satan system zombies,youtube
2716,way satan system zombies,youtube
2717,way satan system zombies,youtube
2718,kailangan tayong magalit pwede peaceful peaceful rally kalokohan dami napurwisyo nakitil korapsyon gising,youtube
2719,kalbohin kagubatan gagantihan kalikasan,youtube
2720,dizcaya mallubog baha tyak isa kawawa inosente plipino kasakiman pera,youtube
2721,binalita patrol akala detailed documentary,youtube
2722,dios lord tubig pagkain pansamantalang bahay kailangan tulong nasalanta bagyo galit kalikasan sobrang pagmimina bundok birhen pati ghost dahilan sakuna nangyayari pilipinas nakakalungkot bawal magcorrupt pondo pra bayan pilipinas malalo ibigay tulong nararapat lalo nat darating pang super typhoon central luzon hmmm,youtube
2723,ibasul parehas ilokano meaning,youtube
2724,digong marami corruption,youtube
2725,saba gud diha dizon sige presscon,youtube
2726,klase nan gobyerno meron marcos globalwarming nagtatapon nan basura pilipino ginawa nan gobyerno pilipino naghugas lan nan kamay iiwanan pilipino nan gobyerno makaranas kilabot nan nan pinoy huli kayong kaluluwa lan cebu buong bansa huli nan manisi pumalit pangulo binoto nan pilipinas huli kana mauulit sayang boto,youtube
2727,ayan kasamaan lumalabas bibig marunong magpasalamat tulong dumarating ayan hagupit diyos mapanirang,youtube
2728,glad pbbm tumalikod visayas area great leader blame anybody natural calamity preparation key antay prepare maaga water worse enemy compared wind filipinos resilient strong,youtube
2729,trash government,youtube
2730,nakakagalit nakakainis managot makulong tama,youtube
2731,sad dumating agad tulong komunidad sobrang naapektuhan magtulungan tayong makabangon ulit,youtube
2733,tama maghanda,youtube
2736,imposibleng amo paiimbestigahan tuta romualdez,youtube
2737,rumualdes,youtube
2738,demand death penalty corrupt,youtube
2739,kawatan,youtube
2740,nagsasayang budget andami namatay nalunod baha maibabalik nawala,youtube
2741,pinapaikot imbestigasyon matagal issue hanggang ring kinahinatnan,youtube
2742,isama asawang gold digger chez kasuhan,youtube
2743,praise praying philippines masyado behind development long time coming fix system,youtube
2744,ngaun nagkaroon ombudolman tuta aso magpinsan magnanakaw pinas,youtube
2745,conspiracy happened former speaker martin romualdez former fugitive zaldy doj ombudsman remulla look conspiracy martin romualdez advices buddy zaldy leave country reasoned medical reason purposes heat anomalies discovered nationwide,youtube
2746,bawiin sing2x hart 58million ibinta ibigay nasalanta bagyo cibu,youtube
2747,zaldy tambaloslos appoint wow galing,youtube
2748,makukulong chiz ginawa mabigay heart naisip pagmakulong heart magpapakasasa gwapaks,youtube
2749,ewn pilipino dpt magwala,youtube
2750,paikot ikot ehh halatado kna,youtube
2751,mgakakaswabwat,youtube
2752,matanggal bongbong marcos susme abot langit kahihiyan pilipinas buong mundo news narin buong europe gumagamit pbbm pamilya cocaine pinaaresto fprrd surrender icc protector mastemind trillion scandal sina martin romualdez zaldy,youtube
2753,long arm law far reaching,youtube
2754,community committing shirk shirk means associating rivals allah power severe sin eyes allah allah forgive sin shirk forgiven jesus human yet elevated shirk grave destructive act harming community urge repent return worship one true allah ultimate oneness typhoons cease stop treating jesus seek forgiveness allah still time community turn back longer suffer please listen repent allah mercy great,youtube
2755,ombudsman laging naka presscon cover things first history bbm admin legacy would bending law naging ombudsman natanggal shortlist something napabalik,youtube
2756,ayusin nanood kami hawak hawak pamalo kamay,youtube
2757,ikulong buhayang happened country directly jail,youtube
2758,chiz escudero families bong revilla families investigated receiving govt funds bogus construction companies years govt funds thieves used influence insert approve govt contracts benefit family companies feasted blood sweat taxes trying survive floods hard labor decades shame,youtube
2759,basura batas pilipinas kawawa kababayan,youtube
2760,nakow ayan mind conditioning gross negligence foreseen charge romualdass niloko ombudohh tsk tsk,youtube
2761,circus titigil corruption hanggat nabibitay corrupt itigil kwentang daldalan,youtube
2762,propaganda nakukulong corrupt,youtube
2763,patyon diritso dili agi agi ing ana gihapon tinuod atik atik raman hangtud die issue,youtube
2764,nataranta chiz dineclare tingin kotse kala dds pinoy kala maniniwala,youtube
2765,presscon,youtube
2766,marcos nilaglag ibang kaso tagal matapos nakulong gaya imelda,youtube
2767,kagaguhan forthwith pang nalalaman kadedepensa inday lustay tuloy iniimbestigahan pagnanakaw,youtube
2768,rally iba bangagbangag sadya magnanakaw senador,youtube
2769,pinapagawa inc simbahan galing malalaking pulitico madali silang makakuha pundo magnanakaw senador solid vote inc kataastaasan menistro nan uutos,youtube
2770,remulla talagang katulad naging ombudsman,youtube
2771,tutuong ombudsman pwede imbestigahan dating ombudsman,youtube
2772,ganon narration anu script,youtube
2773,coa commissioner guilty culprits,youtube
2774,sige bitayin basta kasama tambaloslos,youtube
2775,kng ebidensya kasuhan mabaon limot,youtube
2776,sbi chiz escudeto zaldy tlaga,youtube
2777,power omb boying remulla,youtube
2778,chiz escudero abswelto ewan,youtube
2779,bending law,youtube
2780,fake finding wasting money benefit philippines,youtube
2781,law bend,youtube
2782,ombudsman faker failed file case masterminds got little fishes big fish goes free,youtube
2783,pdaf insertion itigil mambatas gumawa batas,youtube
2784,patient trust anything express frustration etc believe umaasa maresolba problema open minded err human ought give benefit doubt appointed individuals,youtube
2785,kasalanan romualdez appoint zaldy,youtube
2786,kurakot kulong,youtube
2787,pogo cavite mastermind naagnas,youtube
2788,tama law bender ipakulong ipakulong,youtube
2789,gud luck bend law,youtube
2790,gusto matakot gungong opisyal kontractors ibalik death penalty,youtube
2791,totoo hahabulin isosoli kamo nadambong nagastos bumili 58m singsing hay nako moro moro,youtube
2792,panahon ibalik death penalty,youtube
2793,kailan corrupt pilipno anong probinsiya dugo pilipino corruption gobyerno kailan aasenso pilipinas masmaraming mahihrap familya natural ugaling dishonesty corruption every govt officials pilipinas religious praying statues made marble crucific wood pagan worshipping cursed alway get away false religions churches full saints read thetrue holy bible listen church priests nuns change ways pray spirit truth,youtube
2794,ghost ghost focus davao,youtube
2795,comes blame game,youtube
2796,p33 ibinigay digongnyo michael dino opav anyare cebuano dedees kabila nawala kurapsyon ilalim,youtube
2797,results stolen ghost,youtube
2798,rectify first wrong prosecute later whould criminals ngita dayon pasanginlan lagi naa jud,youtube
2799,magkakaibigan kawawa ordinaryong vote magnanakaw election ulit mananalo kunwari,youtube
2800,ikulong clang kurakot,youtube
2801,assuming flooding happening since hope gathers data casualties first gives proper statement remember prrd never mentioned huge budgets sonas unlike bbm made promises let give benefit doubt unless solid evidence,youtube
2802,look environmental scientists assessments,youtube
2803,sisi duterte dami bagyo tumama cebu panahon malalakas binaha marcos panahon trillions isisi past admin woow naniniwala dilawan bangag admin,youtube
2804,prep super typhoon bumili maraming bangka kayak gumawa hagdan akyat bubong maglagay food water jacket charger gamot bag maghanda mahaba makapal lubid ready mahabang tubo lubid zipline kahoy magagamit papunta ibang bubong govt ahould buy new technology china pray rosary maghanda plastic drum pwede sakyan bata pets pagtawid,youtube
2805,bbm banggang 3yrs kan,youtube
2806,profitab miva,youtube
2807,stolen ghost,youtube
2808,panahon dutae,youtube
2809,ikulong bitayin,youtube
2810,dds,youtube
2811,bbawi dim marami dds kumontra kgya oilkba,youtube
2813,totoo allegation anjo kuya two,youtube
2814,dds pasok hehehe,youtube
2815,threat life already dying anomalous one die many already dead due floods,youtube
2816,blame subdivision developers pretended know environmental impact claiming environmental assessors without scientific course background,youtube
2817,panagutin muna ikulong,youtube
2818,many linked responsible heinous crime,youtube
2819,kinonsinti digonyo nung admin pretense build build build pinag takpan nsman dating ombudsman martires tuta digonyo recall martires makasuhan mspanagot animal martires,youtube
2820,taontaon especially last dozen years kawawang masang filipino lalo farmers students many lost homes jobs even lives ganung kalaki negative impact nagdaang bagyo kungdi ninakaw ganid sad kasama duon better terms senatong representathieves,youtube
2821,excuse remulla inexcusable negligence hatol romualdez obvious magkumpadre kayong dalawa,youtube
2822,queso kolong forthwith forthwith queso forthwith,youtube
2823,ipatawag manager engineer contractors get details anomalies district eng,youtube
2824,bonoan first pretend innocent rat face jomar sison never innocent,youtube
2825,villar corrupt politicians,youtube
2826,ikulong confiscate properties,youtube
2827,chismosa palengke estorya tinder ingay palengke,youtube
2828,zaldy spain,youtube
2829,building bonoan owns bernardo billion pesos wyndham,youtube
2830,roy rondain presented client zaldy clean innocent red gagawin nyang dilaw ganyang lawyers luck tax payers,youtube
2831,normally namang magsasabing gumanda nanagkaron asenso pinagkakaitaan discaya nagba bandera pagunlad,youtube
2832,kumpare,youtube
2833,unahin ikulong senatongs congtractors bonoan,youtube
2834,bonoan busy counting hiding share corruption owning part big hotel clark obvious kasama kurakot,youtube
2835,bonoan turned blind eye nakinabang kapal bonoan,youtube
2836,martin romualdez responsible corruption part corruption allowed kasama explain wealth many forbes park residences helicopters private jets ginagago pilipino,youtube
2837,bakitb hanggang pinauuwi zaldy,youtube
2838,tama investigate kickbacks sure criminally liable,youtube
2839,power must directed sandiganbayan supreme court unbearable delay deciding corruption cases becomes martires secret decision,youtube
2840,much talk already ombs legally hard justice dept issue arrest warrant bring home,youtube
2841,escudero finally,youtube
2842,kong imbistigahan sen chiz insertion gaya sen risa honteviros tonying mayron,youtube
2843,respondeat superior,youtube
2844,establishment ombudsman years ago since top level philippine politician cabinet secretary president ever served full lifetime jail sentence corruption plunder kakalungkot kababayan umasa,youtube
2845,men balls face accusations scaaaaared sad sad women stand behind,youtube
2846,sige tingnan makasuhan romualdez baka moro moro mahiya ayaw maging mahiya leader owning mistake imbis magturo leading example ombudsman,youtube
2847,aah speaker victim,youtube
2848,result decades dynasties nepotism elitism across levels government,youtube
2849,negligence,youtube
2850,ayaw impeachment magnanakaw halos andyan,youtube
2851,tama nangyayari basbad senador congressmen,youtube
2852,speaker influence appointments diminish law give appointing authority collective body elected chair therefore appoint consequently command responsibility delegation apply second even aware insertions fact member signatory bicam report,youtube
2853,talks,youtube
2854,justice dept ombudsman must indict zaldy associates pursue even gate hells,youtube
2855,chiz escudero must sent jail pay crimes crimes could several deaths victims,youtube
2856,martin appoint zaldy voted house congress,youtube
2857,maawa kababayan nalulunod bahay ibalik ninakaw simula silang mamuhay muli,youtube
2858,ombudsman ask ring gifted heart,youtube
2859,tuna salarin jakasuhan malapit presidente kkasuhan wow minadali ombudsman pinaupo libre kaso malapit nakakaghiya pilipinas corrupt ibang bansa magtiwala,youtube
2860,problema bansa kurakot politiko maparusahan sakali susunod nauupo presidente palalayain makakatakbo pauli posisyon gobiyerno,youtube
2861,buti bumalik sen lacson baka maging sarswela tuluyan imbestigasyon,youtube
2862,makulong,youtube
2863,pinsan presidente managot,youtube
2864,patawa tong zaldy martin malaki kaugnayan ginagawa hahaha,youtube
2865,remulla gods given managot sangkot corruption government kawatan makulong salahat tumutulong pbbm,youtube
2866,kawatan halos opisyal gobyerno nakakahiya maging pilipino,youtube
2867,escodero congress kilan selective kanputang ina bonjing,youtube
2868,kakasohan martine romualdez kasohan bonoan sabihin paniwalaan ibig bang sabihin ginawa trabaho katangahan,youtube
2869,panu magkaka kickback escudero ata pinaka mahirap senador 8million saln,youtube
2870,umpisa namang results drama,youtube
2871,pareho magkakutsaba tambaloslos zaldy parehas pukpukin itlog mandarambong nayan,youtube
2872,kasuhan agad mapa uwi,youtube
2873,reason pbbm resigned romaldez charged gross inexcusation economic plunder life inprisonment pbbm resigns anyone follow suit,youtube
2874,kakistocracy dusaster truthmustprevail,youtube
2875,drama remulla anak abswelto,youtube
2876,itanong orly guteza hanapin muna marcoleta,youtube
2877,magsilbing aral gusto pumuwesto nakalimutan kalakip nitong responsibilidad,youtube
2878,sandiganbayan accept acquittal congressmen,youtube
2879,gross negligence part crime receiving kickbacks bernardo mentioned delivers malacañang delivers,youtube
2880,hinihintay impyerno upang kaluluwa sunugin pahirapan bwah,youtube
2881,hope media around world cover corruptions philippines philippine government trust worthy country lend money philippines enrich pockets crocodiles government even countries send relief aid calamity end hidden somewhere politicians give away election campaigns rather see foreign relief rot hand disaster victims without personal benefits look happened cebu recently countries helping anymore rightly shame plunderers murderers philippine government appear decent outside smell rotten souls goes beyond philippines laugh full belly sleep comfortably mansions surrounded death misery fellow filipinos hands full blood promise serve protect,youtube
2882,diyos lord kala paninidigan manlang isa ngaun pucha sama sama kayong titirip,youtube
2883,crimes violation sec,youtube
2884,pucha natatawa tinangap bobo,youtube
2885,kala dati jingoy ngaun nakita papakabulag kapwa senador diyos tumangap bilyon hangang ngaun ralph rekto padin tangina kayong clown uusap,youtube
2886,nalula amount nakupo galingan halata,youtube
2887,hhhhahahahahhahahaha,youtube
2888,bastos pingpingpingpingping pikon,youtube
2889,hanapan katotohan nangyayari inuubos oras kasalanan nagsasabi totoo bless philippines,youtube
2890,hope corrupt jail long time government corruption years still remember marcos president,youtube
2891,ibnigay pera inaanounce media government station nation wide,youtube
2892,translation,youtube
2893,kase boto discaya,youtube
2894,sabihin bangag nyon palaging hugas kamay kmjs,youtube
2895,jesica soho tigilan pagbubunyag tagal gusto mabura isip law maker law breaker0,youtube
2896,mahiya kunyari,youtube
2897,pilipino kayong gagawin ayaw power patalsiking magnanakaw kriminal gobyerno malakanyang bahala mauulit ginawa hinayupak gobyerno,youtube
2898,keta panaleta palang anti govt,youtube
2899,never never trust magalong basta aso do30 kong betoka,youtube
2900,contactor kalimotan sangkot politicians dihamak malaki kesa contactor,youtube
2902,crying watching ohh emmm grabi kaayo,youtube
2903,contractor coa corrupt,youtube
2904,kasabwat municipal coa maayos accountability kakapal taga coa,youtube
2905,corrupt must behead,youtube
2906,indeed living hero mayor magalong jessica soho interview mayor naiyak labis realizing one tax payers peru nilulustay kawatan pera kinakaltas sahud mapakinabangan bayan,youtube
2907,talga lumaban tama yon mawawala,youtube
2908,cebu kawawa iilan,youtube
2909,kagandahan bawat bisitahin nkakataas takot cla mangurakot,youtube
2910,sarap murahin araw araw bbm,youtube
2913,shut markus,youtube
2914,looy pilipino kami ghapon sacrifice tungod kawatan,youtube
2915,let justice served philippines,youtube
2916,naranasan nating pagod perwisyo narinig nating kwento tungkol katakot takot pangungurakot nitong nagdaang araw mahirap isipin baha magpapalubog bayan kundi kasakiman,youtube
2917,busy kase bbm pangugurakot philheatlh ghost,youtube
2918,sangkot magalong kurapsyon,youtube
2919,mabuhay magalong ayaw sumama mayors gobernance balak mangorakot support magalong ping lacson jessica soho titigilang korakot opisyal gobyerno mapa empleyado mayor senador ingat,youtube
2920,mabuhay magalong ayaw sumama mayors gobernance balak mangorakot support magalong ping lacson jessica soho titigilang korakot opisyal gobyerno mapa empleyado mayor senador ingat,youtube
2921,kimpy deleo sin gin utasan ico kabli allan rojo uwag acko utosan kimpy xeleon gropo otosan ook,youtube
2922,mean pangolo inis magawa puppet voice major problema lul,youtube
2923,hanggat baha buhaya,youtube
2925,loyalista bangag bangag,youtube
2926,president bumaba kana kang silbi pina hudas hudas,youtube
2927,magkasakit malubha maghirap muna bago mamatay hayup magnanakaw pera naghihirap pilipinong nalulunod baha namamatay baha pati pamilya anak magulang apo magkasakit malubha maghirap muna bago mamatay,youtube
2928,made way unveil lies bbm representathieves simple rain want take dutertes imagine 6years silang namulubi nanakaw todo bawi pangongorakot,youtube
2929,anti kler sira news accomplishments govt bbm captain ship direction hanggang malunod buong pinas,youtube
2930,liza marcos culprit,youtube
2931,naku balikan contractor sinungaling nagsasalita,youtube
2932,pare pareho silang mukang pera tuturuan saka mabait pang malapiy botohan naka upo currupt pare pareho andaming mamalinis sari sarili silang baho,youtube
2933,dobleng pangungurakot hiya,youtube
2934,managot kurakot,youtube
2935,nabaha sto tomas,youtube
2936,forbid political dynasty bring back death penalty heinous crimes corruption,youtube
2937,kulong jessica soho,youtube
2938,guilty mayor local procurememts,youtube
2939,bangag marcos pinaka magnanakaw abno talagang hayup playing safe ngaang magnanakaw,youtube
2940,matino pumasok politika sariling hangarin,youtube
2941,gawin buaya firing squad tularan iba,youtube
2942,resign president kon delicadisa kaw kapoy ton mahilig magturuan tutunguhan simple solusyon nilang senador congressmen oara bloody revolusyin kon kayong delikadesa buaya govierno administration marcos,youtube
2943,makulong silang moment nakasuhan kitang kita corruption,youtube
2944,marcos duterte aquino cla nanakaw gobyerno sinusunog,youtube
2945,bunsod sunod sunod bagyo kumakailan nagdulot pagbaha tumaas nagkaleptospirosis pampublikong ospital overcapacity nagdeklara leptospirosis surge humantong ganito bilyones nakalaan masolusyunan taon taon nating problema baha nakurakot ilang linggo nakaraan mula nong humagupit sunod sunod bagyo,youtube
2946,hala,youtube
2947,katakot takot part,youtube
2948,bida dto today vudeo infainess tpos ngyn sagot aqng weh,youtube
2950,imagine hndi napansin failed wlaang makakaaalam kundi halos sariling kita nakaka iyak hiya nakakagalit ganito kapwa filipino,youtube
2951,nice one philippines,youtube
2952,galit galit,youtube
2953,government laborers,youtube
2954,sadami hihirap bansa naten eba ginawa kong nakaw kaban bayan maawa manga hihirap,youtube
2955,pinsa marcos marcolita widi dow silang,youtube
2956,kurakot admin,youtube
2957,pare parehas nakaupo congress senado turuan palusot,youtube
2958,revelation next magresign government sangkot ikulong kasama narin contractor,youtube
2959,want tax holiday refuse pay tax ninanakaw ikulong magnanakaw,youtube
2960,yuung nakolekta miss soho iforward kumpleto rekado yaan sayang yuung pinaghirapang expose complete evidence makulong kurakot ifile charges tiyak matutumbok politiko emlpoyees pakiusap miss soho iforward yaang nakalap substandar overpriced semi ghost,youtube
2961,jessica pwede pong feature congress runs point view lawyer renowned politically neutral roles responsibilties functions etc congressmen palaging bida invetigations representatives party lists magkano sasahurin budget allocation confidential funds yumayaman husto politika,youtube
2962,save beloved country thieves,youtube
2963,panagutin nagnakaw kumurakot pera math bay tinipid kinupit buwayaaa,youtube
2964,philippines rich natural resources best manpower world yet one poorest countries asia shame waste used envy world makabangon maibalik kinang pearl orient pilipinas kong mahal,youtube
2965,sama ugali kurakot mahiya,youtube
2966,napanood ibang vlog hahahahaha,youtube
2967,dina naawa madisgrasya dyn daan,youtube
2968,kurakot leader goberyerno,youtube
2969,kawawa taga bulacan pinakamalaki pondo pinakamadaming pinakabinabahang lugar,youtube
2971,tanunginnyo villar magnanakaw kasama binay,youtube
2972,hope kmjs english subtitles worldwide spreading knowledge awareness esp happening philippines relevant countries know kmjs unique storytelling reports,youtube
2973,ikulong ikulong patawan reward bounty patong ulo makapag tuturo nasaan,youtube
2974,sobrang nakakagalit imagine mahirap pilopinas kinukurakot napakalai tax vat pinapataw pla kurakot lumobo utang nung panahon digong infact nabwasan dpat ksi malaki iniwan pnoy san napunta inutang ninanakaw matupad wish kara david mamatay kurakot,youtube
2975,watching kmjs,youtube
2976,mabait talga dyos,youtube
2977,grbe nakaiyak nangyyri satin pinas hayss sobra ginagawa hhirap pinas hayss,youtube
2978,less minutes napapahimas noo sumasakit ulo inis laki pera nawala bayan awa,youtube
2979,support jessica please keep exposing ghost calling corrupt officials involved episodes even beyond episode,youtube
2980,tanong functions trabaho mostly employee engineer gumawa sinasahuran gobyerno tulad ahensya gobyerno afp pnp pwedeng ipa kontrata ipa subcontract ganoon sweldo gobyerno porsyento contractor engineering office gumawa turuan,youtube
2981,jessica long ride fight corruption long,youtube
2982,actually rock netting labor done via manual labor proper tools machines manpower assigned uniform support team safety gadgets proper protection workers hope get best guidance international countries groups modern engineering architecture high tech durable robust dated long term secured safe lasting decades employ applicable skilled manpower jobs right facility structure welfare filipino citizens families communities compare reach highest standards since philippines typhoons months year,youtube
2983,gobyerno maayos bansa ganito death penalty matakot,youtube
2984,never wanted anyone dead life want corrupt lawmakers dead please lord something,youtube
2985,vote mayors join mayors governance,youtube
2986,tuloy tuloy episode jesica makita buong bansa ngyyring totoo,youtube
2987,maging avail toh netflix ought never forget,youtube
2988,basta nakw pera korapsyon imagine kada peso binubulsa pwesto estudyante libro pasyente gamot kalsada natatapos masakit normal iba direct apektado lalo simpleng mamamayan korapsyon chain reaction sumisira buong sistema nawawala tiwala gobyerno bumabagal progreso lalo lumalala kahirapan simpleng issue whole system unti unting kumakain kinabukasan,youtube
2989,makakaiwas pagbabayad tax ayaw magbayad,youtube
2990,bitay kurakot opisyal,youtube
2991,targetin china kurakot gobyernong polpol,youtube
2992,baka mayaman tau japan korea kurakot namumuno satin,youtube
2993,zaldi buwaya kurap cion pisti,youtube
2994,punta region phils jesica nagkalat natapos diversion pinagkakitaan isama ring bilangin cat eyes abraham isaac jacob visit crocs,youtube
2995,nakakalungkot napapanagot meron cguru maliit pinaka ulo pagnanakaw protektado mahirap papalamig nanaman balik dati,youtube
2996,nakakaiyak pangyayari ikulong dugo pawis pinanggalingan tax,youtube
2997,mayaman nmn tlga pilipinas dpat alisin corruption bansa ntin tma mahiya nmn kawatan dpt tlga makulong mnagot batas,youtube
2998,buong pamilya habulin zaldy mismo mapauwi zaldy habulin buong pamilya tutal kumpanya kapatid contractor,youtube
2999,nakakaiyak,youtube
3000,solid green screen,youtube
3001,naibulsa cats eyes let sink,youtube
3002,atakehon high blood ani maminaw grabeha kakurakot mau jud tingong dili nata magpakahilom,youtube
3003,nawong jinggoy,youtube
3004,kasabwat kasama pinsan peoples power malulunod buwaya,youtube
3005,overhaul buwagin nawala tiwala bumuo bagong grupo parusahan parusahan una,youtube
3006,dabestt,youtube
3007,bridges school bldg roads etc award japanese singaporean contractors filipino owned contractors sure matatapos quality result,youtube
3008,kunwari ngayun kaso cordillera,youtube
3009,nakakaiyak,youtube
3010,cats eyes alibaba pesos pieces order magkatotoo wish kara cake araw araw matupad,youtube
3011,baha akala leptospirosis intindihin pati kleptomania,youtube
3012,takot silang mawalan tubig gripo magawang ipaglaban mamamayang pilipino,youtube
3013,baha papalubog bayan kundi kasakiman,youtube
3014,usok korapsyon itago takpan aalingasaw parin katotohanan,youtube
3015,bakal napaka laki agwat titibay tinipid guguho semento mabilis magigiba ilaw sahig kalsada napakalaki agwat sobrang kurap,youtube
3016,investigate pati opisyal proyekto kasama trabahor kwenta pagkakagawa proyekto makasuhan maibalik pera bayan ginawa nilang paraan pagnanakaw,youtube
3017,hiyang kurakot mamatay kaung,youtube
3018,guyz tau private company hndi optional bonus depende company magbigay bonus government employee automatic meron christmas bonus marami peta gobyerno nanggagagaling tax barya government hndi gaya pawis puhunam pakiramdam humina kumpamyan pnagtatrabahuhan stress agad satin,youtube
3019,nakakatakot kesa episode gabi lagim,youtube
3020,ibalik pera ninakaw,youtube
3021,weal leader takot mangurakot harap harapang pangungurakot kasing kamay bakal,youtube
3022,holdup ginawa nla tax mammayan,youtube
3023,nagpapatunay takot posisyon pangulo tulad tatay digs takot maganda takbo bansa pangulo serve mangulo kundi duterte kita namn davao pamamahala diba,youtube
3024,maibalik narin chanel kakalampag magnanakaw bayan,youtube
3025,halos corrupt navotas kailangan imbestigahan malakas loob magsalita,youtube
3026,kasabwat bonoan siyang action,youtube
3027,makulong kurakot,youtube
3028,mayor guy ininterview jessica soho protectionan pamilya deserves protection,youtube
3029,jessica soho isa akong masugid tangahannga pwede tulongngan maiparating kinauukulan bago umpisahan manghearing programs gaganapin patugtugin pambansang panatang makabayan papaano makalimutan tuparin tama kanilang sinumpaan tungkulin bayan bless always,youtube
3030,maging contractor government official,youtube
3031,grabi tamad2 laborer nagmamadali bangag2,youtube
3033,ikulong ibalik pera bayan nakakaiyak nakakagalit,youtube
3035,teacher pilipinas naisip ibang bansa liit kita pilipinas nananaig mamahal bansa minabuti dumito makatulong unlad bansa pinapakinabangan buwaya gobyerno pera,youtube
3036,bayas senado kondi bayas ipinatawag ibang sabit congresmant sabit plad,youtube
3037,mahiya bbm 3yrs tambaloslos nakaw nakaw caban bayan,youtube
3038,miss jessica please featuring graft corruption upang nabulag iidolo kawatan pokitko open kanilang mata isipan iboto politiko namimili boto sigurado magnanakaw pera bayan,youtube
3039,pilit nilang pinagtutulongang siraan bbm lacson sotto trillanes hinde maimbestigahan malaya silang makapangurakot,youtube
3040,kmjs crew staff producer etc etc power bless informative perfect hahahahahaha governance kababain mayors dagita hayyyyyy mahirap magsalita salute mayor magalong mayor vico sotto yorme isko mayors want governance bless protect,youtube
3041,isa dahilan bat lagay pwesto kawatan bumabayad endorso pangalan ipalabas telebisyon iboto anong numero balota hypocritong media,youtube
3042,nsa gobyerno dpat kyo mngulikta tax mula bayan lhat mpgsamantala sakim mhiya nmn kyo,youtube
3043,magsipagbaba pwesto kwenta pagnnakaw,youtube
3044,katotohanan isyu magsasalita katotohanan tatahimik pera mula kurapsyon kurakot husto nilukluk pwesto upang pagsilbihan bansa bansa magsisilbi matakot diyos,youtube
3045,gobyerno tumitingin inspect naayon standards hbang itoy binubuo upang mabantayan wasto,youtube
3046,try visit lawig lamut ifugao meron,youtube
3047,nakakakilabot kasakiman bahala lord,youtube
3048,qusgdgg ususue usyrudufudy75966 kgjgjhiu,youtube
3049,government absolute menace society,youtube
3050,permission use clips advocacy scandal much,youtube
3051,marcos president graft corruption happening within government,youtube
3052,lord ilihis poh bagyo dto catanduanes,youtube
3053,jessica problema cguro kong isa isahin department makikita kayong maganda,youtube
3054,words word could think,youtube
3055,imbestigahan,youtube
3056,nagiging trabaho dagdag sahud gumagawa nagiging pataba bulsa,youtube
3057,kapal toga kawatan,youtube
3058,mayor mulat samin kaisa tayong filipino senado hanggang barangay,youtube
3059,jessica bubungkal kalsada ibestigahan taon taon samin bungkal kalsada,youtube
3060,pinapaniwala pinoy salitang 3rd world country realidad mayaman pilipinas talagang sinsamantala binubulsa iba tibay sikmura buwaya maka kaen ipakaen pamilya pera galing nakaw tahanan kongreto magara standard kaka gawa samantala gawain iniatas sinubstandard buo salitang bahala inisip kadalasan minsan kapalit palpak gawa mabuhay marangya mahal pilipinas lord bahala,youtube
3061,nakakaiyak gigil,youtube
3062,mali prcing magalong rock netting 25k tax city tax vat minus would leave labor cost warranty profit meaning profit contingency warranty labor bolt rock netting plus market plus netting cost think much overprice naniniwala papayag left profit contractor kailangan laan contingecy warranty papatol magtanong muna magalong totoong cocosting,youtube
3063,billion cats eyes kinurakot ina,youtube
3064,sss íbig phlhealth óras,youtube
3065,nako presidente pilipinas ganon parin corrupt manga mananakaw hahit gagawin pilipinas poor,youtube
3066,magbibintang contractors maabswelto kinalaman sina estrada revilla villanueva meron silang susunod idadawit kayong maniwala pilipino kawawa bandang huli,youtube
3067,come wlang magawa nakaupo kasama nilang tiwali,youtube
3069,weak nngyayari,youtube
3070,wow 1month plang 11m congratulations,youtube
3071,basta pinoy mukhang pera sarili iniisip silang paki kapwa,youtube
3072,jessica soho ingst poh kyo buti natitira png gaya mayor magalong matino ingat poh kyo nkakaiyak million million nininakaw dami dami nghirap million dhil kasakiman sna matuldukan poh corrup hnd huli gya mayor magalong isiwalat anolmya ngyayari pinas jessica,youtube
3073,job bbm gaining respect please follow clean act end corruption departments,youtube
3074,iloilo city meron ghost worth million maski kabelya plus billionaires ungka fly sobra sobrng gastos contraversial jessica maka punta kyo prq malaman buong bayan nangyayari iloilo gity,youtube
3075,tlgang sala dpt mhigpit cila mgkruon pgbbicita pra maiwsan sub standard knila ngumpisa kurakutan,youtube
3076,nka upo senado congress magnanakaw kaban bayan pinalitan abogado ayaw ituloy imbestigasyon dhil takot cla maraming madadawit malalaking isda,youtube
3077,bonoan kavibes atong,youtube
3078,every week palabas ganito makalimutan mamamayan kakapal magnanakaw naawa nakakagalit,youtube
3079,pabahay health center malala nagnakaw ibalik pera makulong bitay maganda,youtube
3080,bullshit rason fictitious incompetent trabaho binisita site make sure ongoing construction natapos tulad nakasulat reports sinasubmit nakakagigil,youtube
3081,nakakagalit sobra biruin laki laki utang pilipinas ibubulsa ganyang kalaking pera isipin libo libong nawalan pagbaha nangyari kinurakot nakakagalit tungkol kundi maayos kalsada ilang dekada pangako ipapasemento nangyayari completed cemented road asan,youtube
3082,mins commercial lumabas,youtube
3083,hello,youtube
3084,yes news,youtube
3085,sad,youtube
3086,mayor inyong katapatan inyong panungkulan,youtube
3087,ganda pinas corruptions awa mamamayan mahirap mayaman cla nagagawa pang magnakaw sarap2 sakim kumilos habang maaga,youtube
3089,nmang nkokolong satsat,youtube
3090,head isama bitay,youtube
3091,ipabitay contructor korakot isama senador,youtube
3092,investigasyon category typhoon mabilis mawala nakakalimutan kila mayor magalong meron resign senador member congress involved,youtube
3093,sick joke gen,youtube
3094,wow 11m pinkamaraming topic kmjs nkakaiyak ngyayari pinas korapsyon,youtube
3095,karma kurakot,youtube
3096,matamaan curakot ginawa politiko ngayun sobra palitan palitan nanyan resigh kana bbm wla kang kwenta,youtube
3097,nating hayaang mamatay issue nangyayari skip muna netflix chill ganitong issue subaybayan,youtube
3098,strong episode nakakiyak nakakagigil mamatay balita issue,youtube
3099,aga kmjs gabi lagim minulto kurapsyon,youtube
3101,bbm president nung pandemic baka halos madami mamatay palakasin uli president duterte,youtube
3102,sakit datu kuhaon samot dato katunga ray kuhaon katunga budget kurakot tour2 dyun post naa abroad,youtube
3103,mayor magalong one best tularan ngunitmas msrami garapalat halang kaluluwa shameful disgraceful conducts leaders bring punishment ruining earth real facts,youtube
3104,ilang beses mahuli parin kulong salita mahirap kulong agad mayayamang kurakot nagpapahirap mahihirap parusahan,youtube
3105,government scared educated filipinos,youtube
3106,panoorin nandidilik paningin,youtube
3107,btayin magnanakaw bka hihirap pilipinas,youtube
3108,marcos toh matagal baka simula dati,youtube
3109,kesa ipanakaw buwaya bilyones ibigay seniour patuloy naghihirap matatanda makikita patuloy lumalaban makain nakakaawa talagang sobra paghihirap nakararaming pilipino buwayang gobyerno,youtube
3110,taga,youtube
3111,kayaman pla pilipinas,youtube
3112,hugas kamay presidenting bangag,youtube
3113,impressive jessica,youtube
3114,sibuyan romblon paki bisita,youtube
3115,grabi lala tong,youtube
3116,managut sala,youtube
3117,akusahan kamatayan habang pagkakakulong years,youtube
3118,need umiyak need kumilos,youtube
3119,pwede magamit bad jet pam patayu gusali paaralan medical kabataan,youtube
3120,ibig salapi ugat uri kasamaan 1timothy,youtube
3121,panagotim mangakuralkoy,youtube
3122,napakayaman corrupt,youtube
3123,panagutin laht nalaman ghost prej contol proj,youtube
3124,kurakot pagbbibitayin,youtube
3125,pinangalanan prospective corrupt pina freeze agad assetss proven guilty antimano kompiskahn tuluyan maibalik pondong ninakaw proven guilty saka ibalik,youtube
3126,nakakaiyak,youtube
3127,kinawawa mahirap anianal,youtube
3128,pumiperma budget,youtube
3129,nganon garabe ginorakot nganon,youtube
3130,update,youtube
3131,meron samin ibibigay gobyerno makkarating,youtube
3132,bilis makuha pera ayuda dami pang hinihinging requirments,youtube
3134,kurakot makulong mabitay,youtube
3135,kunin ari arian congrisista envolve corruption kunin ibigay mahihirap laki corakot,youtube
3137,kdslaman coa,youtube
3138,madaraya goberno cya master yon kontraktor,youtube
3139,ikolong sangkot,youtube
3140,nakakagalit nakakaiyal potanginang kurakot mamatai kayong,youtube
3141,bigyan pulitzer prize report,youtube
3142,sangkot magnanakaw nayan plsssss ibalik death penalty cla senador payan pinapahirapan bansang pilipinas halimaw gahaman kyo buwaya animal pinagaarala namamanipulate kahayupan,youtube
3143,grbeh daming pera pinas tpos ninakaw yayaman nla laki ninakaw,youtube
3144,yng kurap,youtube
3145,klept klept klept hands galing jessica sojo,youtube
3146,hinde naka kulong batikos hahahaha philippines,youtube
3147,happens let businessmen lead architects trained urban planning design engineers,youtube
3148,looking full story found right one,youtube
3149,crying poor filipinos tax everymonth kotse abroad,youtube
3150,tlga mahirap pinas buwayang ganid pera sobra,youtube
3151,dpat tlga maipakulong,youtube
3152,dpat tlga maipakulong,youtube
3153,tanggalin gahaman,youtube
3154,ganid pera mapapamura tlga,youtube
3155,patas wagkalimotan online sabong,youtube
3156,forman tapat contructor nanakawin simento ipapabili pati laborer syimpre namn mapalugi contructor korakot taas pababa paunti pundo,youtube
3157,nakaka laborer mason skills tipid materialis kayat naguho saputi sala ula trabaho laborer tas komita cobtratista titipidin,youtube
3158,ilaw gitna daan bulsa kurakot umiilaw hahahaha,youtube
3159,sinongaling kang bangag,youtube
3160,sobrang nakakagalit,youtube
3161,los los marcos magnanakaw,youtube
3162,naghihirap abnsa dami kurakot managot kayong kurakot bansa,youtube
3163,mabalik pera bili sasakyan pagawa isali engerner bigla mayaman geberno pera saya bilis peta,youtube
3164,media shouldve brought long time ago,youtube
3165,tama narinig bbm ibig sabihin matagal dudrugs,youtube
3166,patunay lihim bubunyag,youtube
3167,naging dasma pumili nmn normal,youtube
3168,pinatagal,youtube
3169,decade yolanda still learning tragic lesson saw lack infrastructure preparation turned storm catastrophe billions funds ghost rain wasn thing flooding communities corruption leaves defenseless filipinos resilient doesn mean government take granted today marks 53rd anniversary martial law declaration time philippine national protest day protests end long long decades corruption taking away future filipinos makibaka mabuhay pilipinas,youtube
3170,nakakahiya taga,youtube
3171,grabeeee hihirap babayad tamang buwis ginaganyan pera sobrang saya,youtube
3172,mayaman bansang pilipinas magnanakaw nja upon cla managot cla lalo panginoon managot cla,youtube
3173,nkakahiya gobyerno pwee,youtube
3174,protektahan tunay nakikipaglaban kurapsyon aming bansa,youtube
3175,gumawa batas bail habang pagkakakulong kurap politiko susunod maupong presidente kaalyansa nakulong mapapalabas kulungan,youtube
3176,haaaa mananagot ihe daga simplle gawan contractor daga,youtube
3177,naniniwala bbm presi dente,youtube
3178,hahaha hinde sagot plastic basura kundi hinde ginagawa conteol yakang yakang gawin,youtube
3180,pambihira kayong contractor gagawin tama iyong proyekto ninyong gawing mali inyong proyekto maawa nadapat tulungan baha,youtube
3181,ibalik death penalty corrupt officials,youtube
3182,anung kinurakot jesica,youtube
3183,pwede vico president mayor magalong kaysa sara,youtube
3184,jessica soho real journalist fearless mayor magalong support pray safety always tama tlaga mahiya marami namamatay pilipino ilagay pundo education health mapapakinabangan karamihan,youtube
3185,gawin nepal,youtube
3186,grabi magnanakaw halos kawawa pilipinas,youtube
3187,pinagyayabang bbm marami sona nagtatrabaho bbm umaasa corrupt tauhan inspection sumasama magresign pamamagitan nakawan goberno,youtube
3188,sin bamit ipagi taki sanv tubig nimin di2 bhay nmin miranda zainyu vic soto,youtube
3189,busuga buwaya gaba saba,youtube
3190,kayong bobotante tigilan kakaboto paulit ulit gaya sotto tuta administration open secret sistemang bulok ewan tinatanong jessicca idiots,youtube
3191,tlga kayang panoorin kurakot samantalang kami pinaghihirapan pra bansa binubulsa,youtube
3192,lord please parurusahan magnanakaw kaban bayan kasama buong pamilya,youtube
3193,acknowledge miss jessica soho greatly diligent reporting important issues although widely discussed politics subject remains equally relevant today kagaya miss jessica dumami bumoses pareho tayong apektado nakakatakot kurakot day ago experiencing supertyphoon effects lucky enough risk illnesses leptospirosis displacement even premises home looking back posts luzon mountains specifically sierra madre realized critical natural structures leaves questions even structures help reduce impact structures weren would protect filipinos disasters kalikasan nanaman patuloy kinukuhanan hanggang mabigay anyone held responsible accountable ghost long philippines remain stained unfulfilled promises andami nating kinakaharap societal consequences poverty survivability least government give safety although seen many local governments taking action need action transparency leaders government answer question country move toward progress charge selfish please philippines rise ensure disasters take necessary change starts seated power journalists journalism jessica soho remind stake accountability matters huli,youtube
3195,kurakot masaya silang nakikita naghihirap kurakot nilang gawa darating araw hihinhi drop tubig daan pupunta inyong kinalalagyan impietno perang kinurakot bili pagsunog katawan kurakot buong mondo makaranas kinakailangan magising magigising,youtube
3196,real journalism keep kmjs,youtube
3197,samar imbistigahan farme market rood,youtube
3198,bbm gobyerno pulos magnanakaw,youtube
3199,sona sinabe bbm contro susunod mali sinabe tanong nanangyare trillioon ginastos binangga barko imbestigahan hanggang pang napaparosahan,youtube
3200,palpak korte mabagal kumilos,youtube
3201,foreign nlng kumontrata pinas matibay gawa ibang bansa,youtube
3202,departamento pagnannakaw wallang hiya ilan nawala matamaan konsensya,youtube
3203,mayor vico brgy sigurado kurakot,youtube
3204,budget paid alleged officials budget paid alleged officials district engineering office another failure mabuhay underpass,youtube
3205,forbid political dynasty bring back death penalty heinous crimes corruption,youtube
3206,outstanding jessica soho congratulations blogger vener matamis,youtube
3207,panahon gloria dike lagi gumuguho,youtube
3208,way end corruption country death,youtube
3209,resign trust contedted sahud 279k awa bayan tax save phil,youtube
3210,jessica next iinvestigate cam sur sobra political dynasty,youtube
3212,cant finish one year countries shi months,youtube
3213,pilipinas nkaw kaw ngmangga kulngka piru kng billion imbistiga,youtube
3214,fpred created pacc presidential anti organized crime task force created investigate prosecute criminal syndicates protectors philippines won take years less year bong bong marcos first thing demolished pacc ghost start term year,youtube
3215,way ulaw ning taohana kwartahan tungod kurakot maayo ganahan pud mog pakaon inyong pamilya kwarta dili inyoha abot rang karma,youtube
3216,nice one ganito lagi tantanan hanggang maubos hiya,youtube
3217,magkaisa tayong pilipino kailgan maipasa batas death penalty kurap magnanakaw polpolitiko mauulit mauulit pagnanakaw pumayag maisulong batas death penalty susi matigil nakawan kailagan bawat pilipino maging matigas kamay bakal gawin kikilos habang tayong mahirap anong sikap magnanakaw kaban bayan wlang mangyayari bansang pilipinas wla silang balak ipasa batas death penalty kurap politiko mauubos tau gumawa paraan matigil pagpapakasasa pera taongbayan,youtube
3218,dpat bayan direct reklamo gngwang dike sumbungan tlga pra dike gngwa maayos hnd pulido gwa,youtube
3219,want tax holiday refuse pay tax ninanakaw ikulong magnanakaw,youtube
3220,salot bayan makulong,youtube
3221,halos hndi mabilang bawat elicsyon kumandidato isip yomaman kakurapan bayan,youtube
3222,nanakaw naka upo gobyerno isa koprakot buti nabuko pbbm,youtube
3223,magandang suggestions maging transparent government,youtube
3224,galing magsama sama kayong matatalino pusong maawain kawawa sng ksbataan nagsisipag aral ngayun nalalaman matututuhsn sng ganyang gawain,youtube
3225,naiisip kurakot madadamay cla panganib magagawa ginagawa halaga pera kinurakot cla mabubuhay habang totoo impierno magnanakaw nangurakot nanlokoko baka namagkasya impierno,youtube
3226,kawawa pangulo niloloko pinagkatiwalaan,youtube
3227,buti dine lipa mataas lugar mataas lugar possibility magkaroon baha magiting anak batangas ipinagmamalaking anak lipa bago dumating problema napaghandaan ralph,youtube
3228,papayagan matataas opisyal departamento pumasok pamumulitika anong ranggo papayagang tumakbo anong pwesto gobyerno iwas kurakot papayagan magkaroon kooperasyon kumunikasyon sabihin strikto opisyal gobyerno mawala kurakot,youtube
3229,isisi duterte,youtube
3231,grabi,youtube
3232,tuloy laban makitang resulta maawa pilipino maraming naghihirap,youtube
3233,long breathing hope let hope next years corruption solved let hope next years,youtube
3234,bumoto madam heidi mendoza sama sama tayong manghinayang,youtube
3235,matatalino cla makurakot pera bayan pinapagawa kunwari critical lugar,youtube
3236,matatalino cla makurakot pera bayan pinapagawa kunwari critical lugar,youtube
3237,totoo kapated tumira dilikado lupa malambot disaster tlaga madami place silid pwd tirhan kht anung repair bibigay tlga maiwasan gumastos gobyerno halip ibgay bayan nppinta pagawa kkasala lalo namumuno nkkapag isip nakawin pera bayan isipin nyon aalis mabawasan gumastos gobyerno ibbgay bayan mapunta pagawa instructora ntin dilikado tumira tama isip tau papaanu maiwasan gumastos gobyerno ganyankc ginawa diyos kailangan baguhin,youtube
3238,tama pate aungun wasak kalsada,youtube
3240,philgeps,youtube
3241,support jessica please keep exposing ghost calling corrupt officials involved episodes even beyond episode,youtube
3242,law law law wroted,youtube
3243,tinatanin ilalim ground,youtube
3244,titigilan diumano talagang kinurakot,youtube
3245,mom pira idaan sindikato kasabwat kontraktor prohikto rikta mayor gobinador makita bayan kong gomagawa kontraktor bantay barangay midia losot,youtube
3246,makolong anim sinador kontraktor kasabwat makolong sigon presidinti makolong kasalanan okmom mawala rikta mayor gobirnor makita bayan mawalana kasabwat kontraktor sindikato kasabwat kontraktor,youtube
3247,long jessica mabuhay,youtube
3248,jessicca maimbestegahan palawan,youtube
3249,tlga tumatanggap kickback ganitong,youtube
3250,sapat makulong ibalik pera bayan,youtube
3251,ads nkabwisit manhood,youtube
3252,kalsada taas taas doat kanal khit kda taon,youtube
3253,okey llag6an dike hukayin maghightide agad ppsok tabi nmin best solution,youtube
3254,katiwalian nagdulot malawakang galit protesta publiko saan hinihiling mamamayan pananagutan pagwawakas abuso pondong kaligtasan publiko scandal damages trust government institutions citizens betrayed officials prioritize personal gain well constituents,youtube
3255,miss jasicca pamapanga river paki silip matapos katagala napong panahon,youtube
3256,cover involve courupt kakasohan makolong,youtube
3257,nakakahiya pilipino mukhang salapi percentage bamga pilipino mgamukhang,youtube
3258,jessica soho plz hwg hhinto hanggat ndi ssolve problema corruption bnsa kasakiman ganid asa pgbbago bnsa,youtube
3259,mvamulhanv salapi eorker gobyierno mukhang salpi,youtube
3260,buto nxa ginugulay kuya bong ginagataan pwde laga taz dikdikin pwde stew paste afrikan style partner fufo okro okra soup paste,youtube
3261,nakakaawa itinawid ilog,youtube
3262,walanghiya bat malunod baha,youtube
3263,reminder aspalto pampakapal kalsada nyong house representathieves,youtube
3264,mula kai cory aquino fidel ramos joseph estrada gloria macapaggal aroyo nonoy aquino rodrigo duterte pina bayaan tiyak kasabwat cla corruption kya kinokonsinte corruption tuloy cla dpt mapanagot nsa poliko mula senador mark villar henry alcantara bonoan bernardo atbp construction company kakapal ninyong,youtube
3265,nagigising nakikita lumalakas kabila,youtube
3266,camsur ssna ospital anex bicol medical center lanipga bula camsur panahon tas dinagdagan panahon pinoy gang duterte gang dipa kamag anak dynastiya nakaupo ari kontraksyon company,youtube
3267,pina pakilo yun steel bayan pinuputol,youtube
3268,negros miron,youtube
3269,please hide identity tayasan padin himamala river silip dike,youtube
3270,pangungurakot kadenang bakal pumipigil unlad bansa hangga napuputol bihag taumbayan,youtube
3271,laging anino pandaraya bawat proyekto pamahalaan kurakot,youtube
3272,ilog korapsyon tuloy tuloy agos pera papunta bulsa iilan habang mamamayan nauuhaw serbisyo,youtube
3273,kurakot sugat bayan gagaling hangga patuloy dinudumihan tiwali,youtube
3274,korapsyon apoy sindi mabilis lumamon kaban bayan nakakatakot pilipinas,youtube
3275,korapsyon tulad damo paulit ulit bunutin muling sumusulpot masugpo ugat,youtube
3276,kurakot lason humahalo dugo lipunan nahihirapan tayong umasenso,youtube
3277,ilog korapsyon tuloy tuloy agos pera papunta bulsa iilan habang mamamayan nauuhaw serbisyo,youtube
3278,contractor bakal nilagay bakal naka kapit cemento bohosado bakal cemento kalawangin bakal tatagal,youtube
3279,umusbong napakalaking anomalya noong nakaraang administration nangyari bahala diskarte basta kalimutan,youtube
3280,gastos kkhering kwenta lalaki sweldo msisiba matayakaw,youtube
3281,jesica isali imbistigahan probinsya samar tulad farm market road nakatingga pabahay maliit probinsya western samar nakatingga ninanakaw atip nakakabit patubig papunta bayan hanggang naibaon lupa tubo natingga saan napunta budget,youtube
3282,cielo magno heidi mendoza ininterview ungab ngawngaw ngawngaw dati steal spotlight nina cielo magno heidi mendoza,youtube
3283,naku balwarte congresswoman nakipagtalo pbbm sinasabi maayos kaysa sinasavi pbbm,youtube
3284,ikulong,youtube
3285,magalit,youtube
3286,kitang kita kya ghosts kasabwat presidente kasabwat dyn bkit ibig sabihin trabaho,youtube
3287,bantog rang nagbungkag naa diay standard ayos,youtube
3288,ibalik bitay pamarisan kong kulong makakalaya yaan,youtube
3289,bbm ekulong nakaw gatas kulong piro malaking pera hinde nyu ekulong agad,youtube
3290,ibagsak,youtube
3291,hayyyyyyyyyysssssst best thing munang allot budget tutal repair binabaha anywhere,youtube
3292,kawawa mahirap magtinda bananaque tax bawat bili tax pera binayad kinurakot boaya mahiya nmn matakot dios,youtube
3293,nako dilikadong welding tibay mahinang welder nagwelding papasa wqt test,youtube
3294,punyemas kayong zaldy romualdez pbbm naging pupet pinsan,youtube
3295,concrete post malalim pagka baon,youtube
3296,daming mya kasalanan 31m,youtube
3297,maraming baha kurakot,youtube
3298,kayong matatakasan kabus naka tulad maka pangyarihan dios enyo,youtube
3299,sira bayan kasing sira ugali natamaan magalit,youtube
3300,ilabas tapang kurakot,youtube
3301,segi magdahilan,youtube
3302,anu realize kamalian,youtube
3303,bayan muna bago kurakot,youtube
3304,tama kurakot magalit itatag matauhan kong takbohan pananagutan mahihirap,youtube
3305,maliban gumawa tama takot magka sala,youtube
3306,pinagkatiwalan governo meron kurakot ginhawa tulad fload mainit kwarta poide manupula pati perma prov tabi nuong isinagaws gaya perma,youtube
3307,mamatay kayong kurakot awa awa,youtube
3308,kht marinduque binabaha,youtube
3309,high school year teacher adviser ask right secretly part one whole paper future wants becoming mine engineer financially unable akong engineers maaapakan itoy sarili pong kurokuro iisip itoy kong tama maraming residente maapektuhan kanilang tahanan nakatirik malapit bungad ilog sapa paggawa panangga baha limampong metro galing pampang ilog kayat kailangang lisanin ilipat maayos tirahan residenting matatamaan proyekto upang bumaha mero pang lugar tubig baha dadaluyan itaas hukayan limampong talampakan lalim dalawampong talampakan lapad buhusan malalaking bato pundasyon bago ilapat malalaking bakal mating buhusan class mixing cement bago pinakaharang bakat sampong metro lapad tapalan gilid pinaling buhusan sigurado akong mamamatay apo tuhod talampakan kuko meron matitibag,youtube
3310,yon mayan nakakaalam mahirap kawawa,youtube
3311,dto ngrarally,youtube
3312,boong mundo,youtube
3313,mapatinayan mayor mangurakot ipakita boong mungo bitaying nangugurakot palasa bayan,youtube
3314,dahilan pagiging sub standard proyekto kundi pier kalsada cover court buildings etcetera,youtube
3315,bubulsa kase nla,youtube
3316,asking highlight abulug river abulug cagayan likewise bridges,youtube
3317,tanggalin party list,youtube
3318,bigat dibdib habang nanonood,youtube
3319,document agad boong pilipinas kinorakot pundo mapagtakpan kunwari repair maka lusot,youtube
3320,panuorin sna gumawa japan,youtube
3321,maybe philippines poor full shitty government officials,youtube
3322,umpisa palang proyekto laging nakaabang coa yun audit proyekto damn,youtube
3323,tanong proponents pwdeng iwanan kasuhan contractor mismong,youtube
3324,allowed wlang bakal stupidy mura pinag uusapan kaligtasan tamang budget gustong makamura wlang matinong iisip gagawa wlang bakal kundi magnanakaw,youtube
3325,una sss issue sumunod philhealth issue dep issue issue government issue nakakahiya,youtube
3326,gising pinoy sadyang amaw iisip,youtube
3327,hongkong nagnakaw 102milyon ninakaw pinoy bitay abot,youtube
3328,yon silway bridge petron tapat honda chonwking jollibee yun,youtube
3329,makaya panuodin dire diretso episode bigat nakakagalit nakakaiyak,youtube
3330,naku,youtube
3331,maparusahan corruption gobyerno,youtube
3332,payagan ulit batas lethal injection karumadumal krimen lalong lalo nagnanakaw kaban bayan,youtube
3333,ikolong tolaran,youtube
3335,top bottom corruption nakakalungkot,youtube
3337,pangasinan dagupan pakitignan,youtube
3338,tutuusin kurakot nako ganda philippinas mawawala kurakot laging naririport maiwasan clips,youtube
3339,panginoon protektahan gustong mapabuti pilipinas sukuan issues hanga pong napaparusahan maparusahan batas maparusahan batas panginoon grbi nakakagigil nakakadurog puso habang pinapanood akong pinapatay kapwa pilipino buwaya habang nagpapakasarap nagpapakamatay buhayin silang buwaya grbi tama gising pilipinas,youtube
3340,palusot ggwin flooring pader bakal,youtube
3341,nagsimula maliliit forms katiwalian pinapansin hayyys,youtube
3342,pagdating corruption failure justice system naten invite icc international anti corruption court investigate crime,youtube
3343,nyong tantanan tantanan,youtube
3344,jessica soho mabantayan hanggang managot susuportahan ikakalat pagtalakay effort sincere love oridinary show instrument justice suffers many ways lack funds food healthcare education jobs ultimately basic services human could mabuhay,youtube
3345,sinasabi inday sara du30 pinaniwalaan nagkos dios nagsabi baha pinatunayan totoo inday sarah corruption ipinaimpeach inday sarah bueaya nagbaha nabuko ayaw nto maniwala du30 dios bahain malaman pilipino totoo,youtube
3347,dios hinde naawa bayang tama gusto nakikita sacpersyo,youtube
3348,choice kurakot justiz bayang,youtube
3349,kong kong anong contracta hinde pepermahan kong hinde gagawin projekt kasalanan hinde natapos kasalanan nimyo mananagot korrekt palpak sagot congratulations kulong ans,youtube
3350,tumutok kakamali bayang nating karapatang malaman bayang,youtube
3351,ipatawag zaldy,youtube
3352,proyekto gobyerno meron corruption,youtube
3353,makita mindanao,youtube
3354,nakulong kurakot special treatment loob kulungan kompletong gamit,youtube
3355,unahin bbm sarilinya kasama buong pwnilyanya,youtube
3356,tangalin congreso magnanakaw,youtube
3357,hndi subrang kapal subrang garapal sarap modmod kumokolong ispalto,youtube
3358,yawa nilustay pera bayan yawa tlga tatamaan kidlat dating panahon mamatay,youtube
3359,grade klasi ganyang hndi kalam sikmura mahirap salat asal patay gutom hampas lupa ugali sama nilang masahol drug adik mamatay tamaan kidlat karma mamatay pamilya,youtube
3360,see duterte family sarah duterte nakikita siwalat bbm kurakot talamak buong pilipinas kurakot rally pababain bbm tumulong,youtube
3361,mismo presidente actual,youtube
3362,bakal ililibing pundasyon depinde lalim tubig ganon kaso nakahanger cemento mali,youtube
3363,ilaban ilaban ilaban,youtube
3364,yumuyukod luhod hari bansa prayers tanging magagawa ganitong klaseng mailigtas bansa please pray matapos baka namamalayan kumikilos lord,youtube
3365,galing jessica best kmjs,youtube
3366,death penalty habang pagkakakulong kurakot,youtube
3367,awa dios dto davao baha pro saglit hhupa agad normal blessings come davao bls duterte fam,youtube
3368,quezon city madami baha tyaka marumi,youtube
3369,jessica hinde kasama luzon inyong imbistigahan visayas mindanao,youtube
3370,jessica mabuhay,youtube
3371,makokolong senador makokolong ikokolong mangyayari moro moro kuwenta pagiimbistiga basta tungkulin kurakot isip,youtube
3372,moro moro unclear unture npakatuso pamahalaan bistado prove congress imbestigathieves sabwatan kawatan politiko,youtube
3373,kano bayad panpilo lacson nung marcoleta iimbisdiga tahimik interview fee ahhh yungtotoo miss jessica naiinis nako panay marcos todo papaganda pangalan marcos ayan ibedensya dimointerviehin totoong kasalanan hayyyysss paka totoo,youtube
3374,law makers law breakers justice delayed justice denied magnanakaw congress kolong pinapalayas absent without official leave investiga investiga drama kabolohan,youtube
3375,jessica soho special coverage corrupt government,youtube
3377,isipin influential female personalities chosen fields frame soho journalism mendoza coa magno finance sulit tax binabayaran integrity capabilities transparency,youtube
3378,totoo simply solution ikulong nangurakot sangkot bawasan dami kalahati mawala silbi magnakaw higit bawasan laki badget governo masama mangutang pra idagdag pondo kinita kaban yon badget nakakasama madyadong nilakihan badget ntin magutang,youtube
3379,lacson report publiko chairman simulan pinagmulan pera pababa anong magagawa pictures lalo mabilang pera nakakangitngit saan pinaka ugat pinagmulan nagrelease pera papunta baba mahirap kase pinagtatakpan pinoprotektahan anong imbestigasyon gawin ayaw simulan ugat kase ugat nagsisimula bago mabuo lumaki lumawak corruption magpakatotoo gawing drama imbestigasyon concentrate muna malalang corruption simulan imbestigasyon kasalukuyang gobyerno alalahanin naging simula corruption marami simula umupo gobyernong kasalukuyan pinaka malala garapalan harapharapan pangungurakot kasaysayan bansa sakana nakaraang administrasyon ipatupad isabatas bitay magnanakaw gobyerno,youtube
3380,misamis accidental embestigahan aron magka adaman,youtube
3381,salita hanapin pinaka ugat saan nanggaling pera itanong susugin gawan flowchart,youtube
3382,dpat audit nkikita nla mali dpat ini report hndi price dba dpat tnignan tinatnong kong totoong amount price materyales pati ata auditor bngyan pera magsalita anumalya nla,youtube
3383,kunti kinurakot tinipid bakal kya bumigay,youtube
3384,palusot nakakahiya,youtube
3385,siraulo ata dalawa nagsalita dati mahiya nmn,youtube
3386,nakakapikon,youtube
3387,normalize pagtawa tawa meme ganito nawawalang bisa mabigat criminal please filipino know ugali masayahin becomes powerless appeal trato worst criminal,youtube
3388,supporting civil society organizations monitor government activities advocate transparency accountability help hold politicians accountable,youtube
3389,hoy kaluluwa karakot sarap lulamon kurakot matakot nmn panginoon gahaman pera akla mamatay,youtube
3390,nakakagalit philippines deserves better,youtube
3391,japanese group goverment taken contract,youtube
3392,jika made agreement make,youtube
3393,pangit kawawa malapit nka tera bagsak tignan davao sobrang tagal nasira bagsak kinder plan,youtube
3394,ginawa bulok planu kinder,youtube
3395,nakakagalit nakakapanglumo nakakalungot magkaisa let stop letting tell think start learning think,youtube
3396,kawawang bansa,youtube
3397,tatanan,youtube
3398,ayaw magsalita bayarin sinasabi kurakot ayaw salita bayad gaguooo,youtube
3399,mabuti namay pangulo matapang magaling higit takot kurap bless pbbm,youtube
3400,respito nonongkolan gubyerno mamamayan tanggalan karapatan gubyerno upang pamarisan iba,youtube
3401,nangorakot deef ead kaukolan parusa maraming gumagaya mangorakot,youtube
3402,sagum nakaupo kasalanan botante patuloy nyong binoboto,youtube
3403,nakakahiya bbm admin,youtube
3404,hanapin kong hawak nuyan kang nanakaw matagal kana bayas balita bistado kanq maivalita,youtube
3405,coa culangot,youtube
3406,mayg,youtube
3407,nabang kataposan paghihirap bansa tulad baha mabuti pang magbuhis patutungohan buhis ikurakot konsensya kurakot pera bayan,youtube
3408,madaling siraen lahar bakal tlga tatagal bakal,youtube
3409,want certainly make dikes strong effective ask experts japan netherlands would specifically say japan best choice ask one lend philippines billions dollars without interest hoping problems resolved,youtube
3410,entire philippine government criminal syndicate,youtube
3411,kurakot panahon duterte maganda gawa kurakot,youtube
3412,job poso nakita clear evidence ghost area administration,youtube
3413,mahirap bantayan magnanakawnasaloobnang presohan,youtube
3414,makisawsaw pagkondena korapsyon mapanagot tiwali unahin pulitiko ugat karumal dumal paglustay pera bayan nagbabayad buwis tuwing tumataas bilihin tumataas buwis takas sumpa obligasyon nauwi pagnanakaw politiko katulad jinggoy estrada joel villanueva,youtube
3415,jinggoy joel villanueva parte circulatory system korapsyon life blood kanilang karera pareho kahihiyan minemenos accountability bahagi malaking sindikato,youtube
3416,dpat ayosin trbaho pra hndi msigawan hndi mkatikim anghang slita bayan,youtube
3417,kadala dala jinggoy estrada joel villanueva nahuli umuulit ulit natututo kanilang leksyon sobrang kapal kanilang silang kahihiyan bobotante fanatiko pakialam,youtube
3418,hope pray magagawa magalong pagpiga sangkot corrupt nagbulsa pera bless magalong,youtube
3419,kawawa buti 4th district occidental matitibay pinagawa ferrer dike magaganda kapaki pakinabang ganitong need matinong leaders gaya jeffrey ferrer masasabi mabuhay 4th district occidental swerte nagkaroon kami leaders talagang malasakit aming lugar,youtube
3420,natawa heidi yrs old anak ribg pagbabago dagdag nasubaybayan coa magandang maganda nun,youtube
3421,kawawa tatay umutang puhunan palay 60k tas natabunan,youtube
3422,jessica lara district cagayan cintractor,youtube
3423,gising pilipinas labanan kurakot,youtube
3424,gising pilipinas,youtube
3425,nasaan zaldy jess,youtube
3426,madam indi binayaya dbla,youtube
3427,apay,youtube
3428,sitio dungan boundary mabalacat bamban tarlac dike wasak kapos trabaho kwari likod lalong nawasak dike,youtube
3429,pang nakulong impakto padin loob yun iisipin bayan,youtube
3430,bayan humusga diba tama nmn bayan ninakaw tama bayan hum7sga,youtube
3431,bakal malaki pagnanakaw ideretso napo ser yun diba,youtube
3432,puwede bang inspectionin ilocos region one,youtube
3433,rally,youtube
3434,buo baon dugtong dugtong dinugtungan madali kainin kalawang masira agad,youtube
3435,tamad engr pilipinas permanent planning pra gnyan ninanakaw pera kumuha effective contractor,youtube
3436,death penalty kurakot,youtube
3437,sanay magkaisa buong sambayanan pglaban korapsyon panahon,youtube
3438,mtaming jessica sawa pagod pagsisiwalat anomalyang nagahanap boung pilipinas totoo nakakagalit puso makita ganitong kalagayan mahal bansa tau mahirap matali tlgang buwaya sakim pera kpangyarihan asa tau bago kami mawala mundo makamit pilipinas hustisya makulong managot tiwali gobyerno bangon pilipinas bangon mahal kong kapwa mahihirap,youtube
3439,kayat halosbibili buto manalo nanalo cla babawi mangurakot,youtube
3440,imbistigahan panagutin sangkot,youtube
3441,asa pinas grave lulubog tau utang,youtube
3442,grave kurakot hnd duterte kurakot kudi dedein duterte ahahaha,youtube
3443,kailangan talagang pagbabatuhin hor,youtube
3444,bulok bulok hnd pwding ibalik,youtube
3445,kailan rebolusyon oras magkaisa laban korapsyon streets make noise,youtube
3446,hihihi pede wlang bakal buhos bayan ninakaw pmbili bakal,youtube
3447,magandang gawin kalye serye,youtube
3448,agoyyy achicheee,youtube
3449,malulungkot nlng tlga msabe tinalo nung corrupt satanas,youtube
3450,samin madam pinag tatatlo payan gabi pinuputol makita,youtube
3451,kontractor chinese apilido,youtube
3452,mulat muling pipikit,youtube
3453,grabee palitan pati prrsidente,youtube
3454,lumabas katiwalian buong sambayanan maq wiwelga talaqa hiya nilang ginawa,youtube
3455,anong magagawa bayan batas pilipinas makagagawa,youtube
3456,jessica sozo hong duterte kyo gusto pbbm mali boy baboy,youtube
3457,hahah nagulat isiningit umano,youtube
3458,istudyante nagrally paramdam ingat record kurapyon tagilid baka sunugin plaza ipakita bayan hahaha,youtube
3459,please maniwala nagsabi confused,youtube
3460,powers poro naka boyest goberno,youtube
3461,foreigner gumawa kurakot masyado pinoy,youtube
3462,bless philippines,youtube
3463,vote hiede mendoza peru cya nanalo,youtube
3464,kayong konsensya,youtube
3465,hangganan ban politika gahaman position,youtube
3466,buti korea mismong presedente first lady nakulong,youtube
3467,marcos kwenta,youtube
3468,marcos legacy,youtube
3469,kawawang pilipinas,youtube
3470,stimated million populasyon pilipinas ilan ulit badyet billion magkanu kinurakot billion trillion binigyan bawat pilipino tag million bahala maggastos saan gastusin pang negosyo ipagawa bahay iba siguradong kungbigyan bawat pilipino matitira milyon nalaman dami palang pera pilipinas totoong mahirap pilipinas gobyerno nagpapahirap pilipinas,youtube
3471,nakaka taing,youtube
3472,tga bulacan pampanga saan2 ganitong problema bat ayaw nyong protesta puntahan bahay rally,youtube
3473,pinagmalaki walis tingting nakulong inaudit daapt malinis ebidensya,youtube
3474,namimiss tuloy hoy gisng ted korina dati sumikat kaka exposed palpak gobyerno araw araw yun tigil kaso mukhang nagkakabayaran yalaga maganda internet pwede magexpose,youtube
3475,commenting let issue stay relative,youtube
3476,gising inbestiga,youtube
3477,palitada gagawin sayang pera mamamayan,youtube
3478,lllll,youtube
3479,nakakaiyak nangyayari bansa asa,youtube
3480,kasakiman corrupt opisyal gobyerno nagdudusa kaming simpleng,youtube
3481,nakakaiyak,youtube
3482,magising masyado tayong pinagloloko gobyernong bangag,youtube
3483,umuulan umuulan samin,youtube
3484,naiinis akong manood kasamaan magnanakaw ayaw kasuhan ipakulong magnanakaw billion million ninakaw nilang,youtube
3485,ibig sabihin nsa kongreso mismo sindikato buwaya tyo babangon,youtube
3486,bakal bulsa nilagay makita hahaha,youtube
3487,30k year taxko npponta luho anak kurakot huh,youtube
3489,kuwintang manga opisyal gensan binge2han,youtube
3490,expose reason lets covered prayer involve evil involved anomalya gagawin paikutin mamamayang pilipino nawa magkaroon strong wise discernment nandyan senado iba clothing sheep wolf nakakaawa tayong tax payer dios makatarungan involve kurapsyon sisirain sakit curses kaguluhan pamilya ninakaw bayan last sumpa hahabulin hanggang ika apat nilang salinlahi let pray expose evil justice prevail let pray lumalakad tama protektahan dios,youtube
3491,nakakagalit kababayan mananahimik,youtube
3492,bunganga nmang nagagawa napakaliwanag gawa nakaw bunganga mahirap nakaw kulong agad,youtube
3493,grabih korapyon kayong takot diyos,youtube
3495,sobrang mighty sword strike,youtube
3496,daang daan libong trabaho makakatulong milyong pilipino papaangat magpapataas gross domestic product gdp maghihikayat foreign investors namamuhunan pilipinas subalit nawala opurtunidad ibulsa pondo nahalal political opisyal,youtube
3497,fakenews munang paniniwala hanggat hinde maimbestigahan zaldy,youtube
3498,mamatay dati naka upo mumura naka upo minumura,youtube
3499,unta kami tax payers freeze pud among bayad bisag mabayad namu lain bayronon pwde kaha nimas ning pulitiko kawatan ngets lami lugakon mata kulera,youtube
3500,pauwiin du30 masalang imbestigasyon segurado kasal anan bataan gongdi,youtube
3501,sunod2 sakuna malantad grabi talagang sekretong nabubunyag,youtube
3502,bitayin nangu2rakot opisyal goberno resolve problima masampulan mabitay,youtube
3503,patutunguhan amg imbistigasyon hanggang zaldy nlng tkot pinsan presedente,youtube
3504,dizon katiwalaan,youtube
3505,asan makabayan asan npa bkit gumalaw bicol andun bwaya bicol,youtube
3506,infuriating,youtube
3507,magnanakaw guberno patayin bawiin kanilang naipondar kunin pera mamayan,youtube
3508,salita gawa napakulong nba,youtube
3509,digong netherlands dinala basilan,youtube
3510,tumaas diyos,youtube
3511,grabb eeeeeeeeee,youtube
3512,taga patay corrupt govt officials,youtube
3513,marami pakpak trabaho irosin sorsogon gawa hamor chiz kasama ganib buwaya,youtube
3514,death penalty,youtube
3515,matigil korapsyon gumawa batas bitay kurakot,youtube
3516,mabitay,youtube
3517,matapos hatulan kamatayan senadong naka emvolve constructor nanakaw wlng hiya hatol kamatayan,youtube
3518,binaboy pro china digong duterte gang,youtube
3519,back death penalty corruption around philippines,youtube
3520,ring imbestigahan corrupt chinese politiko korup,youtube
3521,chinese koruption ibang asila govt panagutin ibalik pera binaboy,youtube
3522,hinde nakukulong,youtube
3523,umepal nanaman gusto maibalita kayong tumaas rating totoo ayaw corruption ipagsigawan station abolish senado kongreso nagmimistulan pahirap bansa hayup,youtube
3524,baboy bitay kayong bitay,youtube
3525,bitay hatol kawatan,youtube
3526,bawasan buwis bayan napupunta buwaya,youtube
3527,kaluluwang pilipino involved sindikato halang,youtube
3528,anong apilido insik aplayan laging ginawang maganda aasa china apilido era pilipino mahilig constructor china insik kawatan lalo governo tumitingin ginawa tamad mang yari problema ngaun,youtube
3529,sobra ginagawa sambayanan dami naghhihirap pera trabho maliit sweldo mabawi yun,youtube
3530,zalde kasama romualdez basta,youtube
3531,romualdez zalde silang nanskaw,youtube
3532,tandaan taga bicol baka eboto uli,youtube
3533,basta larangan corruption mawawala estrada estrada grade plng tunog estrada korupt hnggang ngayung 35yrs nku estrada parin nadadala bumubuto,youtube
3534,puntahan bayan buguey cagayan bargy san lorezo kalsada mahaba parin simentado sobrang tagal lubak lubak brgy villa ciello tulay kuno dati gagawin natuloy ginawa daananan baba sinimento ilog patawid ginawa nagbutas langg iniwan,youtube
3535,kalokohan tlga pinaglalaruan nlng gobyerno maigi gerahin paalisin nlng malacanang patalsikin pulitiko batas militar kesa laki laki tax tas nanakawin tas kaso pauliy ulit isa kulong tas nakulong ikukulong mansyon letche,youtube
3536,dami evidence hinihintay hintayin paba dadami buaya kawawa kabataan sansunod panahon maghihirap,youtube
3537,naa bulsa budgt nyn paldo,youtube
3538,dpat bitay hatul tindi nilang magnakaw harap harapan silang takot,youtube
3539,pinagpapatay imbestigasyon klarong klaro corruption ginawa patayin,youtube
3540,basta president bangag magtaka,youtube
3541,phase pinatag lupa phas haligi muna total ginastos mahigit milyong wow w0w,youtube
3542,lumayas pinas manirahan china,youtube
3543,kasabwat presidente tatlo saldy romuadez bbm utak,youtube
3544,kapatid zaldy mkkulong,youtube
3545,basapat importation managot managot bbm,youtube
3546,palabasin digong makulong,youtube
3547,roven korupt government philippines nuon konti 100s billions tate ganoon trillion usd utang increaasing trillion usd every months anak tipaklong freedom democracy nakawan change system die freedom democracy look china billion mahirap,youtube
3548,pabagsakin gobyerno,youtube
3549,ikulong romualdez gaguhin pilipino,youtube
3550,wla tau magagawa kundi ipagdasal mamatay zaldy,youtube
3551,region kulong saldy bitay romualdez kawatan kulo habang napunduhan matapos maayos governo igmnorante pinuponduhan ulit ulit tayong mahirap huhusga magka isa,youtube
3552,sadly ipakulong saka romaldes magnanakaw silang ikolong,youtube
3553,congrats bless safe,youtube
3554,manga sunogen dagat dagatang apoy,youtube
3555,ipapakain family galing nakaw trabaho nakaw makarma coraption magnanakaw bilog mundo hnd habang taas,youtube
3556,haba imbistiga coraption magnanakaw hangang nakukulong coraption magnanakaw bitayin hnd maulit lugmok pilipinas coraption magnanakaw,youtube
3557,magka isa bulok nakaupong president bbm,youtube
3558,kapal pagmumukha,youtube
3559,corrupt government,youtube
3560,mountain kumakain lupa,youtube
3561,mayor ninja cops tira nilallagay bote alak,youtube
3562,alamat mansnalong tinali charlie atong,youtube
3563,lapad,youtube
3564,ganon den ilagay dhwd pinipile den bigyan ayoda,youtube
3565,mapapa tlga pera masaya,youtube
3566,true,youtube
3567,ikukulong maganda kulongan sariling water station,youtube
3568,dami pang nilalagay ahensiya govyerno partylist ahahahah phillippined,youtube
3569,dada nakita nalaman pagnanakaw parin nakukulong,youtube
3570,bigyan cover classroom construction nagawa,youtube
3571,gung gong kang engr,youtube
3572,maylag madakpan nanang buaya,youtube
3573,patayin kulang ginawa,youtube
3574,ding mangyayari pagkain jess busog hayaan niu,youtube
3575,boring tumira pinas papangit ugali,youtube
3576,mamatay nalahat,youtube
3577,maraming kmjs laying titigil makulong manga buwaya nayan,youtube
3578,napahayup,youtube
3579,aray,youtube
3580,bakal ginamit bubong stage made china low quality metal sobrang puti personal pinitik pitik nung tinatanbak palang materyales masasabi talagang pangit kalansing,youtube
3581,kawawa tlg nayang baket benoto nela hende ensek basta ensek genawa mabote kapwa,youtube
3582,hangang ngayun nakulong,youtube
3583,wla kaginhawaan mahihirap pilipinas,youtube
3584,hayup alcantara bitayin bagay sau,youtube
3585,mahirap pilipinas ehh,youtube
3587,death penalty kulang naghihirap pilipinas kurap,youtube
3588,dpat malaking isda ibalita kmjs tamban binabanggit,youtube
3589,sapat parusang kamatayan maga saldico ginawa,youtube
3590,pamilya nanakaw sos dios kakapal muha,youtube
3591,dyosko kunsensya jessica tigilan kawawa filipino mahihirap ibigay tama kinurakot kinukurakot ding nanagot,youtube
3592,engr fernandez accept state wettness program karapat,youtube
3593,nilalangaw nilalamot sistema bulok,youtube
3594,pumunta occidental mindoro sec gusto makakita totoong gost tsaka jessica pumunta talamak gost mawiwindan saan dinala aming pundo million billion budget,youtube
3595,imbistigahan engineer bonoan,youtube
3596,bicolano walng hiyang bicol partylist nayn buwagin ginawa par amagnakaw,youtube
3597,kayung bumuto,youtube
3598,kapal pinagbintangan sara cya magnanakaw hiya zaldy,youtube
3599,yawa grabi kawat bitay makukulong lalabas lalabas maraming pira bitay matakut kawatan governo sugpo kurapsyon,youtube
3600,saamin beses inayos kalsada sira kahat kuraplkot bayan sisiper ninikaw,youtube
3601,large pera2 nlang kakahiya kya wlang progress pilipinas sakim tulod,youtube
3602,ilagay subrang kurap payan,youtube
3603,namang nananagot hanggang,youtube
3604,mahirap ebidensya parin nakukulong samantalang gawa fake news kulong agad,youtube
3605,bbm takot buwagin malasakit matagal nayan bonyag,youtube
3606,crocodile farm philippines,youtube
3607,lord napo bahala kanilng lhat,youtube
3608,kulong kurakot,youtube
3609,sarah magtulungan tyo help,youtube
3610,daming pera dami manguntrata dibali tawaging buwaya basta maraming pera,youtube
3611,apaka hiya hahahahhha,youtube
3612,kagigil ehh,youtube
3613,karma darating pamilya hnd mababayaran pera siguradong mangyayari,youtube
3614,paro paro,youtube
3615,matalino zaldy huli mangyayari krime napinangggawa sarili libingan cementeryo,youtube
3616,gravi goberno mudo nanakaw salot,youtube
3617,ikulong kurakot moral,youtube
3618,gobyerno kurakot kulang kaluluwa kabayaran ninananakw konsensya,youtube
3619,tama tlga desisyon bumubuto years kurakot tama best decision,youtube
3620,ala mangryayari kaso,youtube
3621,dipa mmtay ganid nayan nhiya bayan,youtube
3622,taga bicol mura utak pwede pumatay andami napatay mura,youtube
3623,mahirap pamumuhay nagaaral kaming mabuti kuya kulang kita magulang maisali kami 4ps makinabang kami kinurakot bwaya pulitiko mapansin kaming mahihirap,youtube
3624,sariling independent group kurap patayin balatan,youtube
3625,buong mundo ingat kayong marami mamatay,youtube
3626,fireng squad candidatong sangkot inspructraction sapat isuli pera bayan,youtube
3627,dukha nagbabayad tax gobiyerno narin pilipinas sayang pera kababayan naging kayamanan sakim manlolokong kontratista gahamang politiko mawala nagagalit ganyang klase,youtube
3628,sapat ikulong nakakagalit nangyayare,youtube
3629,substandard pakagawa tenopid husto,youtube
3630,kawawa sec vince dizon kase gusto nyang ilabas katiwalian pweding magawa kontrolado bangag marcos,youtube
3631,billion worth helicopters planes 125million ginagalugad put,youtube
3632,tatakbo muna bago magnakaw,youtube
3633,alisin partylist bicol alusin comelec partylist,youtube
3634,samsamin assets galing kaban bayan ginastos,youtube
3635,tongresman pla naalala alice gou,youtube
3636,makulong lifetime iyak,youtube
3637,hinto muna tax balik mabalik kinurap politiko kawawa kami maliit mamamayan tulad ofw malaki binabawas mabayaran tax buaya nakikinabang,youtube
3638,digging previous files accidentally found ghost episode investigative diaries downloaded ipilan high school shocking years philippines blinded officials giving way back malou mangahas journalist time speechless,youtube
3639,paki himalay mindanao malaking ambag mindanao zero bigay mindanao time cguro humiwalay mindanao buaya,youtube
3640,sinisira duterte makapag nakaw,youtube
3641,bahay palang nakaelevator,youtube
3642,kulang kulong pagbbalik pera hatol magnanakaw bitay ibitin liig lubid harap bulkang mayon,youtube
3643,takot tatlo kinakandong tatlong hari magnanakaw,youtube
3644,philippines maaayos napatunayan dala patayin ikulong naka kulong bahay pwude pati pamilya idamay pati apo tuhod damay,youtube
3645,please stop documentaries kelangan managot,youtube
3646,gagawin pagbabarilin gagawa goyerno resulosyon pinagbibigyan wang mangyayari pilipinas kong hinahayaang poro inbistiga kamatayan parusa tularan,youtube
3647,magnanakaw,youtube
3648,grabeng pangungurakot grabeng pagbaha nangyayari sabulakan,youtube
3649,sad philippines,youtube
3650,pinapatay nakaw kulong agad billion billion trillion trillion nakukulong pinapatay,youtube
3651,isabatas kaso politiko cya pwede tomakbo makahawak posisyon goberno,youtube
3652,imbestigasyon namang nakukulong patuloy pagnanakaw ganid pera taxpayers,youtube
3653,gusto mura,youtube
3654,compensation bagsakan bubong,youtube
3655,lalaki kailan umaamin kasalanan hahaha jusko kilos pinas lindol kasamaan iba humahawak pera pinupuntahan,youtube
3656,iba generation kagaya dati site bawat media iwas corrupt,youtube
3657,maibalik death penalty kurap pulitiko,youtube
3658,huminto baha binaha kawatan gobyerno,youtube
3659,kalang balita lintiii ikulong sala nakulong deputa kayong nanakaw pera bayan,youtube
3660,got cno gin pakulong open malaman bayan,youtube
3661,balita deputaaa kayong politico nanakaw,youtube
3662,ikulong ginawa deputa kayong bwesitttt,youtube
3663,nangyare kagaya saakin geseca barangay risolba barangay reklamo kabahen sorvey overluping karsada hende lupa privet mana namo ploreda castro clean christopher castro celeste pilipino calube prok karomatan,youtube
3664,khit katotohanan balitang sorry poh agd sting lhat hanggat wla mapapatunayan nagkasala sna makulong kya katotohanan ngaun pra poh taung nanonood circus kaliwat kanan ibat ibang palabaz tau mizmo pumapalakpaz palabaz nla purong buwaya bayan tanong nlang cno kya magiging tunay bayani bansang pilipinas,youtube
3665,rrupt,youtube
3666,masimulan,youtube
3667,ibuto ulit,youtube
3668,abolish bank note pera bitcoin gamiting medium,youtube
3669,bagsak katalinoan,youtube
3670,kya sunugin gungong intsik ibalik china abo cla nagmula nakakagigil,youtube
3671,bagay zaldy bulagin tadtarin pino pakain buaya kasama pamilya accomplices pagnanakaw kaban bayan bago ibalik muna ninakaw mula kaban bayan kinakailangan pati magic sarap asin ajinomoto ginagamit ibalik kaban bayan,youtube
3672,jessica ayaw paniwalaan dati sara hayan nadiscover totoo mali,youtube
3673,bawiin pera ninakaw pagka bitay ihahatol firing squad sapolan involve makita tamang hustsya pakinggan simbahan human rights iba pangmag hatol mangyayari bukingan imbestigasyon pagkulong sapat tingin kababayan sang uyon,youtube
3674,binulgar kunwari hamon ibalik pera kundi sangkot presidente pakulong agad basta ibalik pera lilipat kamayng iba martin marcos zaldy hontivirus contructor nagkasala parusahan agad ibinuking marcos hinayaang makatakas,youtube
3675,tatapang mganasa kongreso tinitirang pilit sarah gustong pagtakpan kanilang anumalya administration nakakalungkot kundi maparusahan cila,youtube
3676,ipakulong ibalik pera nanakawin agad iba gaya gaya nakukulong kaming bayan nagbayad buwis lubog baha halos mamatay gutom,youtube
3677,nako ibibigay nanaman dswd ayuda hahaha isa lumulusot anak kagawad listahan nung pandemic government officials parents etc isali ayuda iba iisang bahay tatay anak teenager nililista commission naglilista jusko pilipinas ipaglaban,youtube
3678,maimbistigahan ghost bicol talamak pangungurakot politiko bikol,youtube
3679,kumilos prc tanggalan lisensya connected lalo nagapprove nakapirma malamang malamang natanggap qaqc mapasa turn docs rason bat madaming nagcicivil engineer malaki sahod basta illegal,youtube
3680,umaasa bayan maparusahan kurap nayan,youtube
3681,bitayin,youtube
3682,bulacan region provinve dami makulong,youtube
3683,agency corupt,youtube
3684,duterte tayu tayu,youtube
3685,daoat duterte tayu,youtube
3686,pera basura kinorakot,youtube
3687,poh polillo island kalsada lusak putik,youtube
3688,grabeng kawatan pilipinas gusgusin lansangan kundi iyong naka tuxedo nakabarong govt offices naging kawatan kaban bayan firing squad maging sample silay tularan iba pang pinoy mataas position gobyerno,youtube
3689,saan kmjs khit anung issue ihayag reaction halos karamihan dawit senado,youtube
3690,walana naibili etplano,youtube
3691,ikolong napo magnanakaw makaranas,youtube
3692,masbate masilip gosh,youtube
3693,pamilyang magnanakaw awit hahaha,youtube
3694,bitay ndi bsta kulong dpat hatol gnang kurap iblik nakaw bilyong bilyon piso,youtube
3695,makulong walanghiya nayan subrang dimonyo ipakulong pangulong bbm ipakulong isama pigsa pangulong bong bong marcos hiling bayan dadami tiwala mahal namang pangulo,youtube
3696,panahong pinaka kurakot buong pilipinas zaldy romualdez pumirma bbm,youtube
3697,saan complete,youtube
3698,hiya tlaga tong magkapatid tong rrupt tiba tiba kinita bang legacy nyong ipapamana constituents kapal peslak daming naghihirap,youtube
3699,jessica soho part history kawawa pilipinas,youtube
3700,hustisya,youtube
3701,aics ilalagay hayop,youtube
3702,isiniwalat marcos sanang magandang episode jessica suho samantala pinapahiya palagi winawalang hiya buti mabait marcos ginalaw,youtube
3703,nsan zaldy unahin,youtube
3704,sumpain zaldy,youtube
3705,potang inang pamilya mura potang ina pamilyang nanakaw potang ina puking ina pamilyang,youtube
3706,lumalabas katutuhanan khit anung tagu aamoy,youtube
3707,reklamo reklamo tanong sinu binoto kayong pina upo pwesto,youtube
3708,tugun shot kill,youtube
3709,hang drawn quartered parusa,youtube
3710,lugar pilipinas imbestigahen maraming ghosh lalawigan tibay gawa panangdalian contraction,youtube
3711,pundo sss philhealth kinuhang pundo makatulong papa ospital nagbabayad sss retired makukoha retired balik ayuda benibigay lalong maraming tamad aantay ayuda,youtube
3712,death penalty,youtube
3713,buhaya nabaon tuwa sambayanan,youtube
3714,shot kill bagay,youtube
3715,kmjs linggo linggo matuliq mabungi ingat korapsyon,youtube
3716,pamilyang magnanakaw,youtube
3717,kya pla halos mabora bulacan kawawa manga naka tira logar bulacan,youtube
3718,hayop saan kumukuha tigas naaatim magpakasasa pera bayan,youtube
3719,matuklasan kmjs kurakot mka lusot mukhang pera,youtube
3720,nakapag atome gumawa account enjoy pesos,youtube
3721,magandang gabi jessika hinge tulog sainyo,youtube
3722,hatolan bitay mang opisyal governo private basta sangkot pangongurakot kauban bayan basta mapatunatan nmn tumino,youtube
3723,mahiya ganid kayong tongresman contractors,youtube
3724,death penalty key,youtube
3725,magkaroon batas nakaupo gobyerno specialized govt officials pinakamabigat pataw pagkakasala death penalty kinukuha piipino dhil pahirap gngwa kabayaran,youtube
3726,sapat kulong ibalik death penalty,youtube
3727,ipadal cla gira imperno,youtube
3728,panay ganonon nasohan,youtube
3729,caldero operator,youtube
3730,nakakahiya,youtube
3731,itinalaga bbm bagong ombusdman crony salut asa taung bayan power,youtube
3733,goodluck nlng makulong kakapal,youtube
3734,pati coa nakalusot hahaha,youtube
3735,nppaligiran buwaya bayan kwawang,youtube
3736,laang ipinapakita ebidensya kailangan maaksiyunan hay pulitiko,youtube
3737,managot bill naaksidente duon,youtube
3738,kurap pagbintangan pas sara,youtube
3739,ipatupad bitay gumagawa ganto matakot umunlad pilipinas useless gobyerno karamihan naka upo buwaya tama,youtube
3740,spell rruption without,youtube
3741,mamatay magnanakaw pera gobyerno,youtube
3742,daming samin declared concrete 1st meters concrete,youtube
3743,madami ibang bansa dami corrupt laging maliit sweldo pinas kinurap pera bayan buwaya,youtube
3744,kagigil kawatan ikulong bagal,youtube
3745,million bakal nagagawa,youtube
3746,chiz kaldero senado hnd ikulong inamin tumanggap kickback milyon,youtube
3747,matatapos investigations,youtube
3748,sarap magnanakaw karmahin pagnanakaw nyonng pera pinaghirapan,youtube
3749,graveh,youtube
3750,hiblood bigla khit kaka,youtube
3751,mapapamura habang pinapanuod tow,youtube
3752,tanggalin involve kurakot ban gobyerno lyf knila hndi mgkalapit gobyerno nkakatakot mkahawak pondo sure ubos pondo humawak tatakaw,youtube
3753,death penalty corrupt,youtube
3754,gawing panggatong zaldy cremate kanilang bangkay imperno,youtube
3755,nakakalungkot sobra,youtube
3756,managot sala,youtube
3757,cowatan kaban bayan zaldy saan kana pakita kana habulin muna budget ovp,youtube
3758,hsy0p zaldy,youtube
3759,hayop kurakot makulong mabawi kinurakot,youtube
3760,nakka kilalabot kurakot pera galing nakaw matalot dios dios kopo kawawa binabaha tratrabaho nalubog sarap kawawa kming mahihirap,youtube
3761,almost 100m tapalodo canopy engineer eme eme,youtube
3762,corrupt zaldy christoper lupet nakakagalit,youtube
3763,96million katibay tibay asan inspector safety design baket nakapasa maaari magkolaps pinasa safe,youtube
3764,garapalan tlg pgmumukha san puso,youtube
3765,kurakot makakapal muka galing nakaw pinapakain pamilya galing nakaw pagpapasarap mapanood makunsensya kakapal muka salute jessica boses nahihirapang filipino,youtube
3766,sugapa pamilyang,youtube
3767,punta dto jessica soho davao city lalo dto coastal road nmin makita gaano tibay fload dto coastal road nmin proud show everyone,youtube
3768,kanino ahensya mapagkakatiwalaan,youtube
3769,napanuod ganito sistima mapapa iyak kana mahirap maging mahirap tinatanggalan karapatan kurakot makonsya gang ikalawang,youtube
3770,maski piso kami pagkatapos sahod maliit madami daming gawain iba limpak limpak pera nakaka bwe,youtube
3772,makulong magtanda kurakot whats point ding makukulong mananagot need learn lesson otherwise corrupt politicians keep kurakot,youtube
3773,tinigil muna pandagdag gigil,youtube
3774,rally bhay judas kurakot,youtube
3775,personal use road ganda ilaw totoo pinapatapon wps tong buong angkan zaldy christopher sama pati anak tanginang,youtube
3776,inis nasstress lalo,youtube
3777,mamatay kana zaldy,youtube
3778,pamilya zaldy sinusunog kasama pamilya niang nakinabang ninakaw kaluluwa sorry lord kapatawaran tong ginawa pamilyang,youtube
3779,jess kayong tumigil gantong docu hanggang managot makulong,youtube
3780,tanggalin partylist isa nagpapahirap bansa imbis pundo bansa pinapasahod baguhin sistema pinas parliamentary government federal government ndi politiko nagbobotohan gusto,youtube
3781,land evil politicians,youtube
3782,punta lingayen gulf area pangasinan andaming nasirang dikes pati seawall nkatengga ngyon pinagkakitaan nilang ndi aaprobahan residente,youtube
3783,samantalang duterte davao antatagal pulitika masabing pagmamay ari nkpagpayaman knila til smple pamumuhay prrd house magnda bahay kapitbahay,youtube
3784,bulsa ragyud pulido aning geatay,youtube
3785,pkingina,youtube
3786,three decades akong cam sur napakabagal asenso many decades political power villafuerte,youtube
3787,gawa gawa sara kami tiwala du30 sara du30 muna pilit mananalu kapa totoo kami tiwala sayu sara ahas,youtube
3788,kawawang kawawa magsasaka deserve kalampagin senado kamara parusahan korap,youtube
3789,super kurap,youtube
3790,japan kumuha contractor gov,youtube
3791,hanggat anjan parin bangag bonjing goberno pati pamilyang mangyayari lugar kurakot angkan kukulong grabeng goberno,youtube
3792,abolish party list nagre represent totong pianglalaban kanilang organisasyon,youtube
3793,know builders states website hold aaaa license quadruple philippine contractors accreditation board pcab government document department works highways lists builders aaa classification yet aaaa certain contracts department works highways news reports builders achieved aaa status later aaaa pcab license class maximum contract amount allowed example aaa unlimited major infrastructure dams expressways,youtube
3794,contractor talisay cebu,youtube
3795,weakness pres loob dalawnd gawin ibubulsa muna pera sunod budget,youtube
3796,kong ninio ayosin proble pilipinas magbiroy nakayo enitine maiiba uli,youtube
3797,tagalog konggerman pwedi,youtube
3798,agree bato tlga bisaya explain tagalog tagalog pure nauunawaan salita,youtube
3799,daghan kaayo nadatu,youtube
3800,nmang mangyayari kaka bungangah,youtube
3801,naku panibagong humarap binayaran kaka utal utal,youtube
3802,silent investigator double check legit contractor government agency approve bidding,youtube
3803,words mouth lies lies lies,youtube
3804,trabaho builders ginatilan cebu binaha kami wasak agad kabilya check south cebu kakaawa cemento rocks,youtube
3805,masarap tumaw kisa makinig marcoleta,youtube
3806,anglakingperayan,youtube
3807,kungtumataelwa gagongtaoyan,youtube
3808,ikulong tanggalan lisensya mabawasan buwayang kati pilipinas,youtube
3809,inuurungan gigibain galing,youtube
3810,pinaiikot iikot marcoleta bat tanungin kapwa senador mark villar dating secretary nagtatanga tangahan panahon nung yumaman discaya,youtube
3811,pate mindanao masure regions,youtube
3812,sumsli one owner wirh different name corrupt contractor,youtube
3813,one contracone owner pwede maraming different name one owner abolish thier business permit,youtube
3814,sinungaling kautal utal talga sagot layo sagot tanong dira ulo,youtube
3815,sen leila delima nkulong namang kasalanan nakulong involved sen ghost malinaw patas batas,youtube
3816,alice guo atong takpan bago hayan nku imbistiga mang yayari,youtube
3817,nitong tulfo tanong tanong making sagot maayos bulay oga,youtube
3818,rattle,youtube
3819,bato hinde kasama dyaan tiwala,youtube
3820,wow treaten someone might impeach told truth already know,youtube
3821,bigay bigay bagets piro manlang tiningnan nagawa naba,youtube
3822,laging supalpal minority marcolita guato impressed kaso supalpal lagi,youtube
3823,dinipinsaan bam nandyan rorok tanong biglang mawala tanong floodcontrol natapos nasaan billion maraming palusot,youtube
3824,guisahin rodante marculita,youtube
3825,lamia martilyohon,youtube
3826,marcolita makakauwi,youtube
3827,focus contractors busisiin mula presidente congressmen,youtube
3828,payakap,youtube
3829,nakakaloka nah,youtube
3830,sarap paragon slot,youtube
3831,sinungaling lhat iba iba statement nla palusutan ikulong,youtube
3832,manga mayayabang senador,youtube
3834,martine romualdez hahanapin otoridad bakanagtago longa nsa longa,youtube
3835,dami nyong itaas sahod nmin manggagawa,youtube
3836,ibang senador sangkot tatakpan ililihis imbistigasyon baka bandang huli,youtube
3837,mukhang sinungaling,youtube
3838,animal bago parating jesus,youtube
3839,guy totally scumbag,youtube
3840,pwedeng kulong,youtube
3841,ipabalik nyu bilyong bilyong nakuha,youtube
3842,kme nagkamli pili sai sen rudy marculitta,youtube
3843,muntinlipa ciity isol,youtube
3844,nkkatawa nagesing enaantok,youtube
3845,contractor habulin buntot yun ulo sawa habulin invite magalong exposed congressmen ulo sawa,youtube
3846,martilyo,youtube
3847,sinungaling,youtube
3848,kami nagkkamali pagboto sen marcolita,youtube
3849,marc0leta id0l gawin ny0 ab0ut eeictric billl panay bayad anmin tax araw2 boooy seet vat vat lebaat bitiwan f00d ctrl unless madala kay00 p0litik0 env0lved n0nsence,youtube
3850,b0yset kay0 3yrs ag0 pinagusapan matagal ky0 senad0 batas nagawa batas sin0ng sala ipitin tea tea ibi pun0 itaili ginta il0g baha unang malun0d paepal hearting2 pang garand standingb000yyy seeeet ky0,youtube
3851,lord isa kaming matinong senador attorney marcoleta corrupt bad karma corrupt politiko,youtube
3852,marami dinartilyu hardware,youtube
3853,nasayang boto sen marcoleta,youtube
3854,billion financial capacity sole proprietor,youtube
3856,cannot express,youtube
3857,ipakulong buwaya bansa,youtube
3858,maraming buwaya gobyerno iba trato nakulong bahay naka aircon subukan normal kulungan talagang yun rehas bakal sinasabi special treatment,youtube
3859,talsik cila,youtube
3860,bwi pera knila,youtube
3861,huli balbon sariling bibing magnanakaw,youtube
3862,sen marcoleta pra mawala buwaya pilipinas,youtube
3863,dati power senador yari magaya tulfo nasusuhulan dati tinitirada yun corrupt naging tuta,youtube
3864,big salute marcoleta,youtube
3865,ancalerts,youtube
3866,kinabahan contractor ngaun,youtube
3867,kayong losot sen marcolita,youtube
3868,magaling sen marcoleta magaling nabubuhay sen miriam sigurado checkmate,youtube
3869,kana gyod ser tagai nirvis pangotana haron omangkon sailang gikohang badjit bansa sayang walay inprobmint nasod poros boaya inyong nasaligan ogfour ryikto sos moka palang korapna,youtube
3870,credit capacity gusto niyang sabihin,youtube
3871,marami talagang mamantala gobirnong otal otal pinag aralan isa kabilang boaya bansang pilipinas,youtube
3872,waste money elementary tinuturo school dahilan pagabaha dahilan tagtuyo patuloy putol puno bundok samahan minings panahon tag ulan mabilis baha flash flooding meron kasama pang landslide puno hold lupa ulan plants trees stop minings,youtube
3873,makalusot sen marcoleta akala sisinungaling,youtube
3874,mahirap magsinungaling hahaha sinungaling hay nakow,youtube
3875,gulo kausap kurap,youtube
3876,totoo yon kailangan matalinong abogado pagmamahal bayan uupo senado congreso palitan marcoleta hanggang retirement period,youtube
3877,dna kailangan imbestigahan contractor magnanakaw dba kya dmi nla sasakyan kagalanggalang soot nla cla koratong,youtube
3878,marcotraicionero one percent akong tiwala naturingan servant traidor west phil sea nyong kalilimutan servant bumaboy karagatan,youtube
3879,dami issue nabaon limot hays philhealth budget pirma nangyari ewan mapapala,youtube
3880,hahaha billion grabi dako sole proprietorship billionaryo diay hahaha sikat,youtube
3881,hahaha bunga bunga tubag,youtube
3883,sinungaling hndi pauwein,youtube
3884,wla gid kamali pprd marcoleta,youtube
3885,robn pdlya mahina iyo png bayan cya umarte,youtube
3886,masaya kme napapanood name galing boong senado,youtube
3887,bos makolet cya gawin precdent magaling,youtube
3888,bos kong tumengen tegre tenngin palang kena kabahan agad acosado,youtube
3889,cbos bato magaling tanong,youtube
3890,tama naiboto bos makoleta dka tetegelan manongkolan,youtube
3891,makoleta tapatan tanong walaligoy ligoy,youtube
3892,naintindihan kasama hang senador markuryente tamang isip,youtube
3893,makaintindi markuryente,youtube
3894,marami pang malasakit bansa knowing daming magnanakaw kawawa filipino ginagawang kalabaw,youtube
3895,bawe nakurakot ipa backjob sinsabing floodcontrol nayan contractor,youtube
3896,tagalog pagpapaliwanag pra naiintindihan mamayan nakakaintindi english pra nlalaman totoong nangyayari bansa tungkol katiwalian tutal lhat nmn tyo pilipino pra nlalaman gobyerno bayan,youtube
3897,naku ginagawa kayong,youtube
3898,ginagawa kayong,youtube
3899,tama pigain tanong mlmn punot dulo problema managot,youtube
3900,ala hanggang nakukulong ordenaryong mamayan bong ala,youtube
3901,lolokuhan nyunang purus palpak maraming hiring nyuna kng managot actionan kaagad mahihira nakaw bilis action agad agad kulongan,youtube
3902,putangene usapqn imbestigasyon balit napunta planning separate usapqn pweeee,youtube
3903,masugpo katiwalian gobyerno,youtube
3904,tumakbo marcoleta pagka presidente susuportahan nmin nakikita akong asa pinas,youtube
3905,empleyado pulitiko audit tignan assets bahay lupa kotse bakasyon aral anak alahas kagamitan ikwenta kinita bawat magtumbas siguradong ninakaw unexplained wealth corruption,youtube
3906,tama computation nagawa hahaha,youtube
3907,isa isa muna ibibigay saga contractor natatapos agad saka lamsng bibigyan uli,youtube
3908,dummy,youtube
3909,binoto galing,youtube
3910,laging sinasabi nagkalesensya gumawa nagkaron nandadamay pakana niyang damuho,youtube
3911,jaycee seems one even way aired piece far cry bullying mode siga,youtube
3912,nangyare baka matulad indonesia,youtube
3913,corrupt politician contractors magpapalubog pinas baha,youtube
3914,ipagawa japanese korean companies pinoy nmn handle nanakawin nmn budget pakialam millions pilipinos,youtube
3915,susunod presidente marcoleta,youtube
3916,lier contractor diri cebu province palpak laging baha,youtube
3917,kurakot nakikinabang pera bayan dri cebu province sigi baha palpak builders,youtube
3918,pakulong ntn corrupt,youtube
3919,budol kami napahalagahan iba tay digong sen marcoleta ndnka bibitawan naniniwala,youtube
3920,stock corporation,youtube
3921,government sole proprietorship could avail government except stock corporation far sec concerned,youtube
3922,sinungaling,youtube
3923,magaling sen marcoleta magtatanong maliwanag salita malinaw,youtube
3924,gevie iresito baka maisama blodcontrol analya nsa,youtube
3925,contractor cgi gisahin lhat lalo discaya ibang politics sangkot,youtube
3926,basta pera madaling makakuha lisensya imbestigahan,youtube
3927,kawawa pinas sainyo nakawan tingnan brother sister indonesian nagiingay sarili issue duon kailngan narin matulad pinas ingay bayan makulong korap,youtube
3928,pinapatagal usapan ninyoikulong kaagad malinaw kasalanan pilipinas pinapahaba mayamankasi akusado mahirap usapan,youtube
3929,ikulong kaagad kailangan maraming usap,youtube
3930,kainis manood halatng halata sinungaling,youtube
3931,bote visaya anis,youtube
3932,imagine ngpartner marcoleta late meriam defensor cguro umabot gnito kalaki nakurakot buyawa,youtube
3933,nakakalungkot isipin kurakot halip itulong kapwa nakikinanang mabuti content craetor konting kinikita naibabahagi kapwa merong mataas likod tong tigilan hanggat nababawi nakurakot bansa,youtube
3934,sen marcoleta question iba tinatawanan lalo sen etrada maganda magtanong,youtube
3936,galing galing marcoleta,youtube
3937,nice one marcoleta,youtube
3938,ikanta muna damay damay,youtube
3939,pampagulo kase nakaupo talagang batas,youtube
3940,daghan kwarta pilipinas,youtube
3941,ikulong,youtube
3942,maganda ganyang gawin lugar san baha parin hanggang bagyo gaya masantol macabebe pampanga reflection,youtube
3943,sayang boto tlga marcoleta,youtube
3945,ibenta nlng luxury cars house land properties owned dizcaya simula umupo receipts nabili nuong nkaupo including companies gamitin resolve baha,youtube
3946,corrupt nilunog sasakyan panghanapbuhay hanggang diko mapakinabangan laki gagastusin magawa,youtube
3947,napaka sinungaling utal utal sasabihin,youtube
3948,tang nina usapan bilyon pilipinas lumubog baha utang asan puso,youtube
3949,panalo tlg ads dpt isa tanggalin pwede nmn ads maya maya pasok ads hayz,youtube
3950,juiceco bato manahimik,youtube
3951,hanggang dada media next month iba panigurado iba,youtube
3952,kain kain white shirt lady,youtube
3953,contractor daming kurakot gusto govmt,youtube
3954,fall guy,youtube
3955,sen marcoleta kaysa ayuda pera libreng kuryente pera ninanakaw halos atty marcoleta isa tingin malasakit,youtube
3956,magdaleno urbos napanood pinikula bumabalik patay bida,youtube
3957,imbestigahan funder ipatawag gumawa systemic institutional solutions eliminate corruption,youtube
3958,hahahaha,youtube
3960,big salute lolo marcoleta solid magtrabho malasakit bansa,youtube
3961,heriinh least nakaka panuod tayoo pampalipas oras wula mananagot,youtube
3962,ipabalik nacorrupt ipakulong bka maawa lord ginawa,youtube
3963,tlga bumaha dmi nagsulputang subdivision kubaga daluyan tubig barado bukod way malalaki binabagsakan sangdamukan tubig naipon bukod kalidad cemento tinipid tulay dagat gumuguho matibay buhos cemento pinapatibay sulidong bakal kya matibay,youtube
3964,gagaling sen marcoleta,youtube
3965,gagaling sen,youtube
3966,huli naging quadrofulohok,youtube
3967,natawa martilyo,youtube
3968,tried best coverup corruption send rain reveal,youtube
3969,magkamaling sumagot matalinong senador kami ngkamaling bumoto senador marculita,youtube
3970,death penalty plsss,youtube
3971,martilyuhin nagppalusot,youtube
3972,ikulong cinogaling,youtube
3973,epakolonh sin marcolita pera bayan maraming nagheherap bayan,youtube
3974,ambot nakukulong,youtube
3975,ikolong,youtube
3976,alisin,youtube
3977,please mention coming need know budget billions misguide listeners let find rotten jail,youtube
3978,sagut pandesal katapat,youtube
3979,yes agree ibigay japanese contractors,youtube
3980,kailangan independent,youtube
3981,sen marcoleta sakalam,youtube
3982,naol billion,youtube
3983,nasayang boto sen marcoleta matalino,youtube
3984,every monitored government kurakot,youtube
3985,ibalik perang ninakaw dimonyo kayooo,youtube
3986,job ejercito,youtube
3987,contractors gained much onwards saying chairman marcoleta disrupting dat,youtube
3988,nagkabulol bulol hahaha,youtube
3989,paka ulaw paka ulaw among apilyedo,youtube
3990,grabeh corruption philippines maawa pilipino,youtube
3991,isunod cebu marcoleta baha rito ulan mlkas baha agad city cebu maaasahan nmn mlman san nppnta budget rito mllman responsible makulong ksma knlang pamilya kplit kasalan pgkawat pera pastilan peste,youtube
3992,sobrang yaman pilipinas kaso napupunta iilang mapagsamantala gahaman majority pilipino tax payers maggaggawa professionals sinusweldo kulang pang araw araw gastusin humihingi umento sahod ayaw aprubahan hiyang congresista budget malalaman bilyon bilyon trilyon kinukurakot taon taon galing lulubog pilipinas kasakiman,youtube
3993,hahahahha,youtube
3994,bulsa,youtube
3995,halatang sinungaling hahahaha utal utal sumagot nakakakita,youtube
3996,four zero billion times,youtube
3997,hwag pong martilyuhin hinay hinay tdlagang magets,youtube
3998,heheh kakalito sagot kpag inulit ulit tanong,youtube
3999,ingat sen marcoleta praying job,youtube
4000,marcolits gisahin cla,youtube
4001,paulit ulit pinapaanod galing marcoleta natawa martilyo nasayang boto sau marcoleta,youtube
4002,san mauuwi tong question answer makuha pabalit pera makululong bigyan bid anymore,youtube
4003,sinugaling takot nakaw,youtube
4004,anak sarap kinain nla masarap kahir cguro kamonggay,youtube
4005,iyak grabibg dto bayan halos makakain nilustay pera bayan wlang hiya,youtube
4006,ghost laki kinita hlata kinurakot tlga nagbbyad binulsa,youtube
4007,ghost laki kinita hlata kinurakot tlga nagbbyad binulsa,youtube
4008,gagaling actors actres,youtube
4009,tatanga tangahan knya knyang sisinungaling ayayayyyyyyyyyyy,youtube
4010,pinono,youtube
4011,government laws accounting kagaya sen marcoleta cpa,youtube
4012,please make death penalty passed hang publicly behead conteactor please pamaresan undergo lie detector ipaturo kasabwat pera bayan daming gutom,youtube
4013,sapul naka meeeeeeeen,youtube
4014,sayang pera naging f16 apache helicopters hahaha,youtube
4015,napakasakit damdamin kababayan nating ultimo pinapatay kababayan paunti unti ganang luxury wish hope makatao please kawawa bagong henerasyon napaka selfish,youtube
4016,gulong kausap,youtube
4017,kayaman bansa corruption tungnan pasig magkano pondo naupo vico,youtube
4018,best thing thieves drown flooding giving ran around answer,youtube
4019,hahahahahha ubos budget pinaplano pinoy style,youtube
4020,martilyohon marcolita prang wla mood yaan sinongaling,youtube
4021,gulong kausap,youtube
4022,hanggang bistiga pakita mamayang pilipino sabihin ginagawa inyong trabaho piro nakukulong,youtube
4023,sinasagot,youtube
4024,bwaaaahhh patay tau dyn gipit gipit tanong buwaya kakapal,youtube
4026,aksaya pera gastos nagsisinungalin kulong,youtube
4027,isa buwaya tatanong,youtube
4028,mabuhay senador ngayun matatalino,youtube
4029,lupit 40billion halata bilyonaryo lupit,youtube
4030,ayusin trabho kikita nakuntento nandaya,youtube
4031,pangit boses ginigisa marcoleta,youtube
4032,galing senador marcoleta magmamartilyo char,youtube
4033,kasabihan aanhin damo patay kabayo mganda solousyon gobyerno,youtube
4034,pinag pyestahan pera lung sayang oras araw naka aircon,youtube
4035,patinuan pagboto susunod artista sikat iba attorney,youtube
4036,kapit bahay cebu bukid malaki farm,youtube
4037,mayaman pilipinas maraming pera pilipinas maunlad pilipinas tamang pamamahala sugapa salapi nanunungkulan,youtube
4038,wisik wisik pera naiimbestigahan utak pagnanakaw baka bakasyon,youtube
4039,jail imbeciles sample,youtube
4040,totoong sincere ipatawag erizaldy romualdez buying totoo makakapasok contractor silang koneksyon loob loob kongreso problema interviewhin kontraktor totoong sala mananagot batas protektahan romualdez ilabas maawa pilipinong salat,youtube
4041,managot ikulong ikulong,youtube
4042,nmn person bagay snatcher handang manaksak ilang libo billiones,youtube
4043,hayysss mangyqyari,youtube
4044,death penalty mahuhuling corrupt gumawa kayu batas mabawasan corrupt,youtube
4045,sen marcoleta mgbayad ibalik pera bayan,youtube
4046,kasama former sec,youtube
4047,totoo meser sher,youtube
4048,niyang kausap tawang tawa bigyan jacket laughtrip sagotan mekus mekus hahaha mamartilyohin marcoleta paktay hahaha,youtube
4049,bumubuto maging matalino mapgmatyag,youtube
4050,calling marcolita balls summon escudero imvestigation alleged involvement anomalous fcps million pesos exposed contractor test accomplishment duty chairman brc,youtube
4051,tgnan nyu galing tlgng bbawi,youtube
4052,ikulong babae maraming luxury car pera bayan saludo sen jinggoy lalo akong saludo meron maiwan hehehe,youtube
4053,sampulan masayang imbistigation salute sen marcoleta sinungaling sobrang halata,youtube
4054,ikulong quadruple,youtube
4055,marteyoha ulo motug nana tinuod,youtube
4056,makulong kurakot makita buong pilipinas makulong nakaw bayan bayad buwis job marcoleta nasayang aming vote iyo,youtube
4057,kunin ninakaw bayab kumuha contractor japan singapore mahal sigurado nmn resulta maayos,youtube
4058,marcoleta asa bayan mapapanagot ksi biro perang ninanakaw kaban bayan laki halaga marcoleta mappanagot billion billion nayan ninanakaw wlang hiyang nayan makukulong habang kulungan mabubulok patagalin nasasayang boto boto syo sen mabuhay asa taga tanggol bayan bayan naaapi salute mabuhay bless marcoleta,youtube
4059,miser sher hahahaha,youtube
4060,bllion,youtube
4061,malau pinag uusapan,youtube
4062,lau usapan,youtube
4063,bigla natawa martilyo sen marcoleta,youtube
4064,kami utang bayad utang kaltasan benefits malinis 15days kinikita,youtube
4065,isabja hatchalua bday chicks mslacsnang hibawa nyong llaza malacsnang bahay taongbayan,youtube
4066,marco certification hawak,youtube
4067,buking engr bisaya trade contractor dishonest engineer badaf,youtube
4068,politics nililinlang daming nyong palusot kayung sulosyon sasakupin ibang bansa utang,youtube
4069,basic tatapos hahahaha,youtube
4070,duterte saludo duterte isa laban kurap hahahah,youtube
4071,waste matagal ganito senado markoleta salute kalaban filipino filipino circle unlad pilipinas madaming presidente duma nandyan kurakot kasama pulitiko,youtube
4072,naawa naasar contractor kaso kailangan humarap galingan sinungaling kapa lulusot,youtube
4073,napatunayan nagnakaw money next get money back construction businesses usap usap usap usap nanyayari,youtube
4074,gaano kasikat kayaman katalino mali kang nagawa nanlamang kapwa pananalita palang malalaman malalaman tunay baho,youtube
4075,pahabain usapin bistado cla nlng usisa marcoleta deretsuhan tanong bless,youtube
4076,marcoleta serious questioning,youtube
4077,nagsisunungaling ikulong nyona nak nakan sinungaling,youtube
4078,wow 40billl,youtube
4079,panagutin contrctor engrr nagsasabuwatan pera bayan ninanakaw ipakulong pangulong marcos makabawi bayan magnanakaw hiya taga kapal,youtube
4080,sulungem ata lakayen,youtube
4081,san libre koryente tanung tanung san nba koryente tarantadu,youtube
4082,dada dada umapal data,youtube
4083,baka kasabwat yancissya dba,youtube
4084,dpat imbestigan dto year2022 panahon marcos administrasyon past administrasyon dhil nasaan pera bayan napunta trilyon2 nawawala dpat tuonan kaso pra mabitay mamatay buhayin pra mapamarisan ibang pulitiko kontractor,youtube
4085,marcoleta marcole thor,youtube
4086,bam komportable imbestiga dhil sarili nyong pamilya dpat kyo imbestegahan tungkol kapatid noynoy tulinada gold bar nasaan kapal umalis dyn,youtube
4087,maging proactive gobyerno isama list immigration involved even relevant personnel otherwise baka makatakas palabas bansa since naghihearing palang,youtube
4088,ngcc binoto marcoleta salute,youtube
4089,kausap bisaya manang mana ka6 duterte,youtube
4090,tuos bsgo pagawa bahay dyn finish contrada bago makuha commetion dyn,youtube
4091,dyn date line contrata dyn,youtube
4092,nakakayamot ewan,youtube
4093,bat tagal hatulan ebedinsya,youtube
4094,pictures bulsanueva jengoy estrada,youtube
4095,dpt mtpng kyo mali sinuong baka kasinungalingan takot brize,youtube
4096,maron kayon makapag aretes loob husgado aakssys oras panahon gujlo pinatay palabas ililibing kakapal mumukha nahihiya tdlaga bayan kayong hiya kailan maramdaman hiya bayan kaming pira ninakaw bayan,youtube
4097,bitsy kurap politiko,youtube
4098,aywan gusto congress comfort senado wakang comfort ganon zonrox malinis dkaya rust remover,youtube
4099,gusto taumbayan uulan kidlat tamaan magnanakaw corrupt mamatay agad maloloko taumbayan kunwari inosente mamatay magnanakaw thru kidlat lord,youtube
4100,alcantara used brice command choice brice sumunod amo nakakatangap brice kya involved brice,youtube
4101,think brice ginamit cya alcantara brice alcantara didstribute pera sss,youtube
4102,involved corruption biggest biggest corruption,youtube
4103,talagaa mahirap nyong nakataya family affected kci big mahuli kya tell truth cmpre give protection life made corrruption bansa sacrifices admit sins,youtube
4104,kailangang ibalik senado,youtube
4105,tono ger patuloy pagkanta,youtube
4106,kyu jinggoy villanueva gen kapulisan pnp drug investigations kyung gestapo magimbestiga iyun kyung mangurakot kyu ibinoto makulong kyu tulad napoles guo,youtube
4107,jinggoy estrada iboto,youtube
4108,corruption philippines nothing new happening eversince root cause law rich powerful many corrupt officials able unnoticed convicted able pardoned run evil citizens indefferent hopeless different coz diminishing demand main dollar earner ofw government budget loaned interests corrupt officials brazen coz know get away attorneys connection death penalty unpardonable prison sentence total forfeit assets corruption happen secret least corrupt countries world coz functioning law equal rich poor payout loans could assets richest untouchable corrupt officials combined assets trillion dollars money laundered assets rooted generations corruption become worst venezuela new generation wake let corrupt officials thought get away modus always single tweet vico sotto made difference single soul refused scared shows blind coward gullible,youtube
4109,binangit name nayan kasali bayan corruption,youtube
4110,hello tanging jesus makapag liligtas seryosohin ayaw pagsisihan desisyon namatay jesus saiyo maniwala mabuhay sakaniya malapit pagdating dumating sumampalataya naniwala sakaniya katapusan kang masasaktan iiyak madami pang ibang masamang bagay impyerno mahal jesus,youtube
4111,sikat brice,youtube
4112,kase hinde dena daan politiko maewasan corrupt department work highway yun mismo homawak pwede nmn deba,youtube
4113,kawawang bulacan pinagkakitaan husto,youtube
4114,bless country,youtube
4115,tama brice humingi protection bago magsalita naging sunod sunuran utos mahindian bumawi mendoza labasan baraha exciting tanggi ron tanggi hen alcantara ilabas baraha balatan king pupwede kumanta bless,youtube
4116,corruption cancer philippine society consuming draining blood filipinos eversince wonder politicians government officials cohorts strickened succumed big kind disease passed children children much wealth stolen kaban bayan goes around comes around,youtube
4117,puru kuda ala mangyare hanga alang kikilos lusubin meron hayz nalusub kuna san,youtube
4118,ipakulong senador sangkot curaption binoto bayan ganitong gagawin pilipino tlga tlga kayong senador mahiya kunukulang sunasahod gusto sideline kailan matatapos iton mahiya kulong hndi,youtube
4119,nku nku nku witness ngyari knya ibig sabhin wlang kwenta protection cnasabi cno gawa gigil much tlga corrupt kakapal dpt tlga datihan senador iboto bago nmn matitinong iwan dpt ndawit isyung corrupt hnd iboto corrupt always corrupt,youtube
4120,course bryce price head bcz corruot,youtube
4121,pray pray hard studying hard work turned around change virtues pathetic integrity negative,youtube
4122,ppl tht building need handcuffed sent guantanamo,youtube
4123,bastos kayong official govt workers private sector corrupt ppl look luxury life worst cockroach spit wish putin take send siberia putin release alllll innocent ppl incarcerated deep russia filipinos loving signature everything eating food looking reels media excellent stench worse rotting cadaver mention hypocrites return goods monies opportunities stole regular hard working filipinosegat disgusting govt foreibgner ever atep country bcz propped falsehood life,youtube
4124,corrupt system alllll way near top tht everyone got away,youtube
4125,jenggoy joel villanueva evidence insertion millions millions pesos responsibility discovered funds went ghost involvement denied investigations truth done corrupt actions including involved corruption operation budgets government,youtube
4126,ikulong jinggoy estrada joel villanueva,youtube
4127,magnanakaw iyi,youtube
4128,kya lalong naghihirap pilipinas nanjan kawatan senado,youtube
4129,currupt opisyal mamatay sobra pahirap bayan,youtube
4130,isama nyu boong nigros oreintal potahan nyu,youtube
4131,itoro mona sinador sangkot nan harapan nainbold plood,youtube
4132,pati abogado imbistigahin nagtuturo kasinungalingan mamihasa,youtube
4133,wagkayo maniwala sinongaling injinir nayan lalong maniwala denawit nia jowil mabait,youtube
4134,batman milyon milyon pinatalo casino maniwala naging batman kapal mokha,youtube
4136,involved wow kakahiya corruption philippines tama miriam defensor,youtube
4137,yari kana jingoy kasabwat imbistiga kapa imbistagahan sarili jingoy,youtube
4138,natakot mangurakot kaban bayan tapus ngayun takot kana magsalita kaloko,youtube
4139,matagot mang salita yun pang nakaw matakot lokohan kurakot ren kang tako dio pinaksin pamilya nakaw kapal,youtube
4140,magiging reason spark another power magiging katulad days protest nepal overthrow government replaced within week corruption ask curious know enough enough,youtube
4141,hndi mawawla matatakaw bayan naghihirap maniwla hndi mawawalan korap gobyerno hndi aasenso pilipinas palubog habang papahirap bayan nanag papakahirap magtrabaho magbayad buwis kayong nsa pwesto isip isip matakot dios,youtube
4142,saang daan hndi sira ispalto sisirain hahaha,youtube
4143,saka ginagawang daan quezon spalto kalsada wlang sira sisirain hahaha,youtube
4144,hahaha investigate district engineers kayong one sided,youtube
4145,hahaha investigate district engineers kayong one sided,youtube
4146,hahaha investigate district engineers kayong one sided,youtube
4147,hahaha,youtube
4148,damayan kayong engineer amo,youtube
4149,daoat kse isulong death penalty kurakkt gobyerno drug lord killer rapist kidnapper dskat death penalty,youtube
4150,hay naku pagsamasamahin kulungan iwahig malawak kasya lagyan aircon anu pangkaraniwang naka kulong,youtube
4151,dpat gagawin sama sama lumabas kalsada upang isigaw masang mamayanan pilipino power tanggaling sindikato kasabwat opisyal pang gov bbm kuenta talagang galit kami tiwali,youtube
4153,dati diba hanggang kasalanan bayan binoto bobon kita corrupt payagan tumakbo nanakaw magnakaw parin ulit ulitin parin yng bumoto utak,youtube
4154,dati diba hanggang kasalanan bayan binoto bobon kita corrupt payagan tumakbo nanakaw magnakaw parin ulit ulitin parin yng bumoto utak,youtube
4155,toto sisisabi hernandez matibay ebidensya bahala mayor magalong ping lacson secretary vince lusot shoot kulungan,youtube
4156,sinungaling brice hernandez magsabi totoo bka mapatawad kpa diyos,youtube
4157,isa toh brice kurakot,youtube
4158,bayan naghihirap magbayad tax tad makikinabang onlybin philippines maraming umaalis pinaggagagawa ibabtumitira savibang bansa ataw bumalik makakapal muka dami naghihirap nagpapasasa pera bayan kayong kunsinsya,youtube
4159,kailan matatapos iimbistiga ngga aabutin election ilang gastos bawat congress bitayin involve,youtube
4160,matanggal position yun taga hagonoy malolos hwag ulet iboboto,youtube
4161,laglagan matira matibay mfa corrupt,youtube
4162,ibalik bitay bansa unang bitayin magnanakaw kaban bayan,youtube
4163,nakaw noong nakaraan nakulong mangawat uli,youtube
4164,pbbm malinaw sikat araw pagnanakaw pang dadaputin 70k nilang sahod saan kumukha pbili luxury cars imbistiga napakahaba sayamg oras hanggang matambakan makakalimutam nanakaw asan hustisya,youtube
4165,buwaya iimbistiga,youtube
4166,protecting culprit amassed billions pesos anomalous kind justice,youtube
4167,hahaha nagturuan halos namang malinis senador pinas marami tiwali subukan kumuha building permit dpw malakihang pera hati hati,youtube
4168,sindikato namamahala gobyerno pilipinas kayong asenso,youtube
4169,dami pera gobyerno nolulustay pareparehas kai,youtube
4170,isipin jinggoy iba uulam asin tubig toyo mahihirap kababayan waldas waldas pera taxpayers years akong binawasan withholding tax kakainin ibinawas sahod p500 natira,youtube
4171,mahuli even highest position gov involved multi millionaire gambler came corruption gov money taxes paid,youtube
4172,daming pera nalustay,youtube
4173,kababayan sinasabi ginawa robinhood padilla sinadya mapansin gusto siyang sabihin hintuturo ibig sabihin hintuturo robinhood padilla isama pilipinas one china policy tutuo bayan ipinaglalaban ilukluk upoin malakanyang pro communist china sara duterte gawin tayong probinsiya communist china bilis bilisan icc interpol pagkuha bato dela rosa bong iba malinisan senado mabuhay pilipinas godbles america ironclad,youtube
4174,mapapamura ganid masisiba naawa,youtube
4175,job sumbong bryce totoo patunayan magnanakaw senador,youtube
4176,bkit kpa kumuha abogado kna kyang ipagtangol positive kna dhil umamin kna makikinig abugado magiging marites conggres hall,youtube
4177,dpat isip muna bago ginawa kinatatakutan tanggapin parusa syo dhil ginawa tanggapin buong tapang huag kang matakot,youtube
4178,natakot ginawa pagnanakaw pera bayan takot kang ikulong senado bkit natatakot dba matapang magnakaw tops isinugal bayan latakutan,youtube
4179,cge gawa paraan ipangtangol kawatan,youtube
4180,magbitiw pwesto,youtube
4181,magnanakaw dimonyo ikulong bitayin kana silya elektrika,youtube
4182,magturuan nagnanakaw,youtube
4183,salita lagot,youtube
4184,bless pilipinas,youtube
4185,hanggang bulacan matapos pagbaha pumping station floof pinangbili magagarang sasakyan luho higit pinangtatalo pinagsusugal casino kayong kumain lamesa kaban bayan maling paraan inyong death penalty maglakas loob magnakaw ulopong pamarisan maawa,youtube
4186,kapal engineer enjoy demanding kapa balik parin senadp tanggalan lisensya kumain lamesa kaban bayan maling paraan,youtube
4187,rumualdez presidente marcos,youtube
4188,lumitaw buwaya ilog,youtube
4189,todo pilit marcoleta senado ikulong bryce aircon bang vip room kulungan libre kape wifi teka senado kulungan syempre tunay kulungan pasay city jail gustong gusto senado simple makapasok naka barong naka kurbata kurap pwede nilang lapitan bryce sabay bulong style pananakot pssst bryce sumunod lechon lounge ayaw bryce niyang bra brainwash naalala noong panahon duterte bureau customs ganoon style tama tito sotto pasay city jail tamang destinasyon naka kurbata maglalakas loob pumasok madumi mainit kamera imagine jinggoy papasok pasay jail naka barong aba baka interbyuhin preso libreng load fair pasay city jail best vip treatment brainwashing makikita tunay matapang juan dela cruz,youtube
4190,vico nagkalat kalang kongreso siraan dizcaya kang respeto sabihin ama umiinom pepsi,youtube
4191,natakot talo casino milliones come saan galing pera bansa lubog baha nasisikmura tolarete gosh kailangan managot ituro mastermind,youtube
4192,pinapaamin maligtas,youtube
4193,poro tanong,youtube
4194,binoto bayan paunlarin pilipinas kala pangarap kayong tumulong bayan pangarap sarili timakbo manalo naka upo pwesto nanakawan kaming bayan,youtube
4195,kawawa tayong mmmayan politikong kukurap kurap natatawa imbis magalit namayagpag katakawan pwra pinag babanggit congressmen asawa maine mendoza pamilya shock background makapaniwala,youtube
4196,hay dami makakain tama lalo bundok laman lupa kinakain naglalakad ilang kilometro makapasok eskol laman tyan malalaking ibinoto bayan nasisikmura kinakain masasarap iba nagtitiis kamuti nasaan puso,youtube
4197,hay dami makakain tama lalo bundok laman lupa kinakain naglalakad ilang kilometro makapasok eskol laman tyan malalaking ibinoto bayan nasisikmura kinakain masasarap iba nagtitiis kamuti nasaan puso,youtube
4198,dinggoy binigyan 2nd chance bayan matapos masangkot anomalya napoles ulit kapal talagah,youtube
4199,bulakenyos sama power,youtube
4200,maykasalanan batas problema,youtube
4201,sinangayonan masamang spiritu,youtube
4202,kunin satanas,youtube
4203,lack assurance brice protect full protection witness especially high ranking govt officials,youtube
4204,naniniwala engr brice,youtube
4205,marunong makonsensya katotohanan mananaig,youtube
4206,umayaw nagkamal bahag buntot nakakulong,youtube
4207,sobrang sarap tungo sobrang takot lungkot haaay,youtube
4208,protect engr bryce madami sasabihin,youtube
4209,think nagsasabi totoo brice hernandez halatang pinaglakaisahan nina alcantara estrada villanueva,youtube
4210,salute engr brice gabayan sna lord,youtube
4211,naniniwala sarswela nyong palabas,youtube
4212,galing nimal buaya magkano bayad tambaloslos lagot brice kaharapin jinggoy kawatan nagtumpok,youtube
4213,bang involve,youtube
4214,pinapakaen pamilya nakaw kyo mgnanakaw,youtube
4215,sangkot basta mey ibidensya ikulong husgahan bail higit due process ikulong kurakot magnanakaw hayop panahon magbayad ibalik bawiin perang ninakaw panahon,youtube
4216,pagmahirap kulong agad pagmay katungkulan dami pang kuwento palipas ilang buwan tabla nayan,youtube
4217,bkit bulacan,youtube
4218,mayor vico sotto raffy tulfo erwin ben mayor isko moreno totoong gumagawa kanilang sinumpaang trabaho,youtube
4219,magbago vico sotto masa magpapabago mundo mamayang pilipino isa akong tagahanga conni reyes mumar godbless,youtube
4220,19m chair,youtube
4221,lumabas nanay taya kapatid hayop sunugin,youtube
4222,kami kaisa sonogin bahay mananakaw,youtube
4223,isasali kasali,youtube
4224,course need ade hernandez safety pra pamilia sarili nia confess malaking isda involved,youtube
4225,wagnang iboto senador involve,youtube
4226,mananaig katotohanan lord gabayan cla kunsenya diyos lalabas bibig takot cla diyos,youtube
4227,dawit explain,youtube
4228,botata prised samot publima bitay kalabasan,youtube
4229,ginagawa taga pasig,youtube
4230,panakot contempt,youtube
4231,nxt election iboto ulit,youtube
4232,nmn jinggoy pdaf ibinoto hays ksalan bumoto dyn,youtube
4233,mabuti magnanakaw bibigyan proteksyon lagyan proteksyon lugar biglang pagbaha naiisip senador matagal nagtitiis iba nagbuwis kalamidad sumalanta kanilang lugar magnanakaw mva bibigyan proteksyon mamatay mapatay taumbayan kulang ginawa nilang kasaliman perwisyo kalbaryo dinulot simpleng pinaglaanan gobyerno lugar pondo matitira mabuhay malalaking sinasabi kawala dios nakakaalam matindi magparusa dios katapusan dagat dagatang apoy,youtube
4234,kadaladala ginggoy basta pera pati boy dila akalamo napakalinis nanakaw amg walanghiya mamga magnanakaw sabayan napakalinis isa timawa salapi mamga walanghiyang amg mamga pusakal magnanakaw amg mamga animal,youtube
4235,maghusga alin matimbang papaniwalaan sinalita nakitang ginawa,youtube
4236,gusto mangmang pilipino napapaikot,youtube
4237,madami glit bilyon pera ninakaw buaya gov tpos elections kyo,youtube
4238,parepareho nandiyan,youtube
4239,naturuan magkano,youtube
4240,halata kayong masyado aso hayok buto,youtube
4241,congress sucks igalang ibang congress tamba,youtube
4242,gina mit maimpluwencia anak brice awa amg dios hanga,youtube
4243,kaming tiwala congresista panay kawatan kayang paglaruan pilipino,youtube
4244,wagnalang tayong magbayad tax kurap umuunlad pilipinas natututu pang magnakaw kapwa pilipino kaban bayan tax binabayaran buwaya nakikinabang,youtube
4245,hahaha protektado congress pasay tuloy kinulong marami akong kakosa sputnik,youtube
4246,sad poor starving,youtube
4247,kurapsyon abay president abay gumawa paraan maparusahan involve kongresista maraming pilipino naghihirap ganito bumaha malalaman katotohanan maryosep daming pera nasasayang,youtube
4248,maraming magbigay supporta iyo mayor vico bayan matinong godblessing iyo,youtube
4249,pinag hatihatian pera taon bayan galing tax hihirap trabaho,youtube
4250,kakapal muka awa bayan pati badget ikaliligtas marami nating kababayan dating baha ninakaw parin manlang naitulong kababayan subrang kakapal muka awa politiko sna tatay digong forever presidente iba bansa panahon best prsident philippine history rodrigo roa duterte parin kami,youtube
4251,makulong mambabatas,youtube
4252,nataranta silang,youtube
4253,brice hernandez nakulong asaw nakulong nagkamal limpak limpak salapi discaya,youtube
4254,naniniwala kami brys hernandez panahon tatay digong duterte sigurafo snang papatungohan tong imbestigasyon nato,youtube
4255,kama doyan corart,youtube
4256,hirnandes imbistigahan makulong milyon pina talo casino,youtube
4257,thieves criminals investigating fellow thieves nasaan nbi partisipasyon ganitong dinig ever present session imbestigasyong nilalagay kaagad custody mang govt official implicate,youtube
4258,sunod eleksyon magbutuhan gamitin mamayang pilipino nagsisilbi iba kapwa pulitiko indi sambayanang pilipino,youtube
4259,mahirap suspect kulong samantala senador ibang opisyal gobyerno kailangan patuyan asaan hustisya batas nakapuwesto govyerno mayaman,youtube
4260,nanjan biko kalaban pulitika,youtube
4261,ibalik pera bayan nagbabayad buwis dugo pawis mahirap nagbabayad patas nagnanakaw gaya gahaman kayong magnakaw kaban bayan walanghiya,youtube
4262,kwenta vic sotto pinagtakpan kurakot tambaloslos,youtube
4263,nabubuhay percy lapid sasabihin jinggoy kakupas kupas sawa pagsandok kaban bayan,youtube
4264,agaw pasin vicco sotto pogi,youtube
4265,tulpo presinte,youtube
4266,demoyong pulitiko,youtube
4267,tatapng mgnakaw kaban bayan tpos ngyn takot takot kasabwat,youtube
4268,hanggan kaylan matatapos imbestigation sinado nakakapagtrabayo senador matatapos termino poro kaso nalulutas gaya sabongiro pinatay nalulutas poro tanong medya,youtube
4269,uusap buaya,youtube
4270,natatakot sarili nyong multo mandarambong,youtube
4271,panginoon jesus npo bhala bkit gnitong nilalang sobrang mkasarili hnd nmn madadala kyamanan kbilang buhy sobrang daming nghihirap cla magfocus inuuna sarili nilang kapakanan,youtube
4272,hndi alm mmhalin ssaknyan asawa tas ngaun takot bumalik bkit ngssinungalin nttakot hndi alm bkit kasama,youtube
4273,isa brice gddamay,youtube
4274,brice matakot ibulgar sangkot iisa laban bayan gagabay iyo laban pagsasabi katotohanan laban nating ayaw kurakutan bless family,youtube
4275,congress trying twist truth harap mastermind corruption nililihis romualdez blessings bbm real culprits already knew truth matter know congress real culprit abolishing congress solution stop plundering funds,youtube
4276,wow grabeeee jingkot sankot cya anu bayan masasabi fernandez kong totoong nangyayari diba jingkot anu paulit ulit grabeeee jingkot moreee,youtube
4277,contol,youtube
4278,asa angpilipinas mangmang botante kurakot panalo election,youtube
4279,maraming mahirap makain bawat araw matulogan maraming kasakit namatay sla pira pang gastos lumapit hospital governo kang pira mabuti pang umuwe pira bayan binuaya,youtube
4280,precent estrada ganitong anomaly pdaf marami talagang pera able come back politics,youtube
4281,maging matapang matibay bbm harapin kurap gobyierno,youtube
4282,won punished know based history happened corrupt leaders officials philippines get away millions billions corruption philippines deep rooted needs overhaul system laws regulations rich influential benefit corruption allow overhauling corruption forever nothing done clearly care country philippines ordinary individuals philippines,youtube
4283,kurap politiko bala ulo,youtube
4284,tono kanta engr hernandez pwede kumanta iba mawala nakawan bayan lalo kakaawa yun ibang nagtatrabaho matino nadadamay,youtube
4285,jinggoy estrada isa nandyan senado interview corrupt pla bulacan,youtube
4286,engineer even sangkot problema papanobumabawi,youtube
4287,lord jesus christ nawa gabayan tunay nagmamahal aming inang bansa saan kami isinilang protektahan lingkod bayan matatapat,youtube
4288,brice tutal andyan kana sabihin muna sangkot damay damay currupt gobyerno,youtube
4289,kawawa namn tatay digong pinadala icc nilang totoo malasakit mgapili dapt icc halang kaluluwa,youtube
4290,decades ago nung bago nagka internet naalala tuloy mayor bahid korapsyon namatay mahirap mahirap sira sirang kubo politikong katulad yrs old,youtube
4291,hayaan itaas puesto gobyerno sangkot anomaliya maisali imbistigasyon silang paharapin imbistigahin magawa ngpasimuno galing itaas pwesto isali imbistigasyon,youtube
4292,sabihin papatayin kumanta,youtube
4293,government officials sariling bansa sariling gobyerno batas ginagago kasakiman pera bayan dipa nakontento sahod politicians,youtube
4294,estrada deserved pay,youtube
4295,protect,youtube
4296,katapusan kawatan goveirno tadap ituloy bitay kurap,youtube
4297,malkas loob anjan ksabwat,youtube
4299,iboboto susunod tolfu tlga kinikilingan kaikaibigan dating batas,youtube
4300,pilipinong maralita nilang gayahin amg indonesia nepal,youtube
4301,obvious bigla bago isip,youtube
4302,salute engineer cuorage,youtube
4303,peace mind priceless,youtube
4304,buti corrupt,youtube
4305,ayan kala mahuli kasasa kaban bayan takot sabihin totoo malaman bayan nangyari pera winaldas katutsaba senador,youtube
4306,contractor got money,youtube
4307,every politicians got kickbacks finish job,youtube
4308,trust filipino politician cause corrupt life families life always danger,youtube
4309,living pilipino nagtataka government palpak parin understand,youtube
4310,kong anu puno cyang bunga hays strada tlga,youtube
4311,makukulong senador tonggressman merun makakalaya malamig issue sanay kami sarsuela palabas life sentence corrupt naku naku,youtube
4312,asarap pang komain araw araw kain asin akaw kapwa lalo bayan kame inde bigyan pera sen koha pera,youtube
4313,bryce sng pinakaguilty samantalang slcantaraat discays nacocontempt nagsisinungaling unfair,youtube
4314,mgnda sbhin nyu cno huli cla magmamalinis,youtube
4315,dinidiin cia ksi meron palng bigatin senado ksma naglilinis pngalan sendor nabanggit,youtube
4316,magkanoyan tanung pera maka order,youtube
4317,panginoon hinihiling namen iyo pagpalain bayan pinili bansang pilipinas nawa hipoin sakim maawa nagugotom baha kagagawan sakim naisip kapwa nagugotom please lord maawa bansang pilipinas hipoin iyong mapagpalang kamay sakim biyaya pinagkakaloob sambayanan boong mondo panginoon nawa maliwanagan sakim jesus name amen,youtube
4318,imagine sop 600m 355m kapal villanueva estrada,youtube
4319,guilty resign office face justice full extent law fines imprisonment full extent law plunder theft embezzling funds filipino serious crime,youtube
4320,saya crocs,youtube
4321,takot magnanakaw banta takot panginoon malalaki kasalanan nagawa katakutan endless fire hell,youtube
4322,corruptor jinggoy ama lalo naku pinas asenso nakaw tulad jinggoy joseph,youtube
4323,pugad corruption sindikato employees,youtube
4324,bulok coverage pahinto himto,youtube
4325,kayong tanga tanga senado nangyayari nlng punyeta maherap pera spot kulong kawatan tanggalan agad hininga,youtube
4326,umunlad malunod baha,youtube
4327,pág nangyari guilty,youtube
4328,pasuutin bullets proofs witness,youtube
4329,bang involved house representative statement contractor sarah malaking involved takot senado palabas scripted halata tama tanong palagay bayan halata,youtube
4330,andaming pera,youtube
4331,anong ilan ghost brice kita kalalagyan,youtube
4332,kami nagulat videos sakto buaya,youtube
4333,protect lord pbbm pinas magulo mundo,youtube
4334,protect put jail lord guide phillipines corruption,youtube
4335,kkwentuhan crocs,youtube
4336,naniniwala sinasabi una palang sen joel kinalaban zaldy kami mangmang boy,youtube
4337,kaming ofw nagdudusa walng kain sapat walng sapat tulog pagud halos dugo sipon pawis aming naranasn dagdagan luksa mamahal anak naiwan makauwi pinas walng malaki ipon mahal bilihin pinas nagtitiis taon walng uwian kurakot napupunta ambag ofw saklap gayahin nepal president commite gonggong,youtube
4338,punyeta kayong magnanakaw kya pla tirik araw samin bahang baha parin daming napeperwisyo baha habang nauulul pera bayan,youtube
4339,brice nagnakaw napakayaman nagbabayad kami tax magnanakaw,youtube
4340,brice nagnakaw napakayaman nagbabayad kami tax magnanakaw,youtube
4341,pinakaki mayor vico connie takot diyos,youtube
4342,ayan naglabasan baho,youtube
4343,tama makalkal,youtube
4344,reaction beautiful woman back wearing dark coat,youtube
4345,allegedly nakurakot nitong dalawa controlsa bulacan millions ppesos sapat matulungan pilipinong naghihirap sangayon 125million populasyon million higit nakuha nyong dalawa floodcontrol masyado kayong matabil grandstanding tawag preparationof tama juan cruz,youtube
4346,inililihis lalaking usapan totoong corruption tini twist totoong sangkot romulades kya dinadawut senador pra napunta issue hindibkay romualdes zaldy silang totoong corrupt,youtube
4347,sinungaking contractor discaya sangkot senador pro isinasangjot senador pra lihis totoong managot yun buwayang speaker martin romualdes zaldy,youtube
4348,kaawa awa bulakan ttiis baha pinag kaperahan dios gumawa paraan malaman aabuso pera bayan,youtube
4349,natakot magnakaw kapwa pilipino natatakot sari ïng kaligtasan,youtube
4350,problema sabotanting pilipino mahilig saga artista magaling artista turn politiko katulad rogelio dela rosa ronaldreagan usa marami pang iba angmakukuha nating piliplno artistang senador isa masyado tahimik isa masyadong matakaw chairmanand vice chairman members silence,youtube
4351,dios humatol inyong ginawang nnkaw pera bayan talga end,youtube
4352,talagang sobrang kasakiman lason,youtube
4353,corrupt,youtube
4354,getting money opportunity power never think corruption,youtube
4355,nice love attorney straight point,youtube
4356,estrada nakulong plunder sanapoles case nanamam rezedevest sijoel galingmagsalta sara empeachment case agkano tawag honorables nakakahiya,youtube
4357,hahay pinapalaki issue,youtube
4358,basta andyan involved,youtube
4359,nmn kwenta ganito hanggang takutan kayu kinauupuan nyu oras power,youtube
4360,ausna embestaga paletan bake paramatakpan manga korakot,youtube
4361,put jail,youtube
4362,adiong andyan naku daming yon,youtube
4363,naku niloloko buwaya nagimbestiga,youtube
4364,umuusig malinis,youtube
4365,bopols chair malamang kelangan proteksyon muna bgo mgspluk otoko slow,youtube
4367,jinggoy parin nagbabago kawawa pilipino daming nagdusa tuwing bagyo baha goberno along yumaman,youtube
4368,matuto pagboto nagkakaso nakulong iboto kso pinabalik senado ulit dami resources pinas naghihirap,youtube
4369,makonsensya,youtube
4370,sunogin ari arian,youtube
4371,ngiting hayop brice dpt itumba dhl wlng awa pera taumbayan ninakaw,youtube
4372,aray jinggoy sali,youtube
4373,nahalata kayong kurakot bayan kami nagkadarapa kakakoskos inoforo kumita marangal naka upo habang magnakaw kaban bayan,youtube
4374,kapalan,youtube
4375,wew gagaling,youtube
4376,linaw resolution,youtube
4377,scripted,youtube
4378,apakatibay ngdedemand,youtube
4379,iimbistiga magnanakaw lalo manga imbistigahan gayahin manga pinoy indonesia manga nanakaw gobyerno ihulog ilog mashol criminal manga,youtube
4380,imbestiga buwaya pati senado meron makukulong utusan haysssst asa pilipinas tanggapin kapalaran,youtube
4381,wagkang matakot pare,youtube
4382,buwaya buwaya,youtube
4383,laki sahod kontento,youtube
4384,binoboto jinggoy case magnanakaw kaban bayan,youtube
4385,basta pogi vico,youtube
4386,daming boaya,youtube
4387,buwaya,youtube
4388,akala sobrang malilinis hor napakasinungaling nyang brice hernandez naniniwala promotor kasinungalingan karamihan pati amo utak pangungurakot gobyerno sayang oras pinapasweldo,youtube
4389,check kanino naka register sim card nung tumatawag nagtetext resource person kasama brice malaman lung yun,youtube
4390,nkakainis name dropping ulo ahas lumalabas minsan discaya vakit takot,youtube
4391,pasalamat mayor vico sotto bigay daan malaman gawaing mali mangnanakaw sakim gahaman ganid billion ninanakaw,youtube
4392,ksy vico,youtube
4393,magkanu bayad lacson sau pinababango maigi nagtatkip kila romualdaz,youtube
4394,lacson sen marcoleta bunyag pambihira kmjs ayusi nmn,youtube
4395,jessica mka rakrsting kyo cadiz city maraming kurap tungkol markit hanggang hinde,youtube
4396,kwenta talga,youtube
4397,trillion funds brgy santa lucia tarlac 24m worth gumuho tinuloy kurakot stealing per year per day,youtube
4398,jesica interview president bbm sandro marcos mapakinggan slamat,youtube
4400,nasaan sng accountability big speaker romualdez takot nakatanggap milyons speaker,youtube
4401,jessica pwede pong feature congress runs point view lawyer renowned politically neutral roles responsibilties functions etc congressmen palaging bida invetigations representatives party lists magkano sasahurin budget allocation confidential funds yumayaman husto politika,youtube
4402,ikulong kurakot,youtube
4403,kala matagal silang ndi ddrugs pangulo,youtube
4404,mayor magalang real president philippines,youtube
4405,marcos kunyari wla nkakabuwisit,youtube
4406,miss jessica panahon bihira tulad mayor magalong tunay malasakit bayan makumbinsi mayor magalong tumakbo senador upang mabago masugpo talamak korapsyon kongreso maisipan maituloy hanggang vise presidente presidente kailangan bayan puso malasakit mamamayan pansariling interest,youtube
4407,bridges school bldg roads etc award japanese singaporean contractors filipino owned contractors sure matatapos quality result,youtube
4408,asa pilipinas sori say,youtube
4409,sinakop nilang daan widening babayaran govyerno binayaran ibang marunong ayus nakakakuha nakuhanan aila nakukuha yun,youtube
4410,dswd icheck maglaan verify kinapupuntahan pera pondo munisipyo barangay talagang tama gamit pondo dswd bawat lalawigan record nakakatanggap benepisyo malaman paulit ulit recipient,youtube
4411,pangungurakot funds malinaw sistemikong katiwalian nakaugat pulitika ipinapakita inuuna kapangyarihan pansariling interes kaysa kapakanan mamamayan,youtube
4412,kakapal magnanakaw feeling mayayaman magnanakaw,youtube
4413,makapangyarihan salita agad agad maniniwala bumoto maayos,youtube
4414,whos meriam college nuvali homework,youtube
4415,nakukulong sakali makulong nakakalaya hndi natatakot gumawa kasalanan,youtube
4416,news report opens avenues group filipinos tell realities corruptions exist,youtube
4417,mangyare usaping managot buwaya nanatili parin posisyon isa solusyon maging matalino isip cno nararapat iboto masilaw pera binibigay kandidato ihalal cla eleksyon pera binibigay galing pondo bayan ninanakaw pumayag muli malinlang kinabukasan nating araw araw pamumuhay nakataya,youtube
4418,tindig balahibo grabeh,youtube
4419,normalize pagtawa tawa meme ganito nawawalang bisa mabigat criminal please filipino know ugali masayahin becomes powerless appeal trato worst criminal,youtube
4420,baliwag mentioned galing pusong baliwag,youtube
4421,student watching sad country knowing sakim ibinubulsa pera,youtube
4422,bato bato langitt masyadong halata,youtube
4423,imagine ibang pera pondohan inutang haaay,youtube
4424,tomato pilipino magkaisa tanggalin tanggalin puwesto magbayad cla ibang bansa makapagpadala pinas mangyari,youtube
4425,permission use audio,youtube
4426,hustisya,youtube
4427,baha namatay matanda rito saammin,youtube
4428,pati marilao bulacan northbill binabaha,youtube
4429,ibalik pera bayan ipakulong ipakulong ksi useless wlang managot,youtube
4430,mayaman pilipinas ninanakaw pera bayan libre education health care pati,youtube
4431,mismong laban pinagdadaanan pbbm,youtube
4432,xoyrce kurakot current curroption niw rekindle drive physically unable mind mind heart job hzd sucessfukyy causes susoenxion withot pat eventual demotion rank provincial auditor maximo ablanida lady auditor personzlly accused coa hairman celso gangan efore could sign order dismissal coa insubordinztion cgarged ablanida mere auditir could inside chairmans office odr coa policy able abort order fir dismussal coa right hus table fot sigbzture shows mzda jess webare truth side everything universe help,youtube
4433,madam jess yesrs stint wit coa joys mostly hhesrtaches lord hzd guided along way always uphill journey ombudsman sandigan bzyan esp immediate silent enemy protecting various accountable ofgicer,youtube
4434,election binoboto politiko speak filipino pabalik balik politicians nasadlak natuto kahirapan ayudahan,youtube
4435,staff palaging update bawat tulog ginampanan trabaho,youtube
4436,let issue die,youtube
4437,bless pray,youtube
4438,protect mayor magalong,youtube
4439,bangag pangulon,youtube
4440,miss jessica mabigyan pansin problems cordillera masyado problem flooding since highlands notice problems regarding landslides due rock netting poor roadways,youtube
4442,feeling makakahelp mawala kurapsyon digital pera cash simpleng presyo turnilyo bibilhin contractor madadaya mahihirapan manghingi buwaya cash digital cheque meron record possible nlex slex rfid pwede gcash code credit card grocery pwede cash maiiwan 20pesos coin nlng piso simpleng bibilhin jeep kukurap buwaya 100million tag 20pesos barya malalaking bilihin need digital record tindahan peede gcash,youtube
4443,ungkatin tinaguriang boys nationwide normally pamaskong handog empleados kayang mainvestigate sabihan bibigyan kita tip,youtube
4444,magnanakaw asin words changed kasulatan nakaraan nangyayari nangyayari gobyerno ugaling magnanakaw mula unang panahon hanggang kasalukuyan totoo nangyayari nangyayari nangyayari kanilang kakapalan tapat gawain iba nakikinabang tingnan iyong sarili suriin iyong ginagawa magnanakaw mapagsamantala nagpapapawis lumuluha ginagamit galing tamang gawa magnanakaw mapagsamantala magaling magkunwari madaling makilala balat kayong ginagamit pirata magnanakaw nakikita nagnanakaw oras talino pawis pati galing minsa ninanakaw gawin ngayong katamaran hahayaan tingnan iyong sarili suriin ginagawa magnanakaw mapagsamantala nagpapapawis lumuluha magnanakaw oras galing pawis iba,youtube
4445,lumalaban patas cla hayst,youtube
4446,pababain bbm sara duterte tumapos korap,youtube
4447,palang inoopen sen joel villanueva nakikinig bumagyo bumaha papansinin,youtube
4448,president gusto matapos corruption bansa build anonymous group investigate barangays top,youtube
4449,llsh namn ksi congressmen senador trabaho gumawa batas papagawa kalsada tulay gumawa batas pera fund hawak hayop pera ninanakaw,youtube
4450,makukulong always,youtube
4451,tanginang magkano sinasahod month private sobra sobra pagod nakaupo 75m day shuta,youtube
4452,kawawa pilipino pera pilipino kinurakot,youtube
4453,maraming problema pilipinas deped denr lalo napupunta buwis isipin ginawa indonesia panay imbestigation rants sax social media imbes magprotesta gumawa paraan maalis mangyayare real case pilipinas action,youtube
4454,nakakainit ulo matagal nilang inaksyonan pinoy naghihirap mundo kawatan nakaupo government posts kawatan including families bitayin,youtube
4455,hahahahaha kawawa tayong mahirap filipino anak politiko bunga paldo bawat proyekto hahaha kawawa tayong mahirap lalong maghirap,youtube
4456,mayor magalong mayor vico sotto mabuhay lord gabayan kami pagpili susunod government opisyal,youtube
4457,pilipino sala nanatili tayong tikom nanahimik mahirap pilipinas talamak pla kurakot bansang pilipinas magpapalubog satin,youtube
4458,ilang senador sakim kurakot delicadeza diyos pera posisyon gobyerno binigyan bigas tshirt lata konting pera nung eleksyon binoto nararamdam bumoto susunod eleksyon,youtube
4459,malinaw malinaw conflict interest kaso kalimot maliliit kulong agad pang kaso,youtube
4460,mainam mahirap forman gagawin kesa pinag aralan babawe ginastos narating,youtube
4461,ibalik death penalty korakot,youtube
4462,nangyayari itongmga anomalia parusa panginoon busy anglahat yumaman atang pinakamabilis pumasok pulitika madali kurakot mango rakot bubulahin langtayong mgaibinoto kailangan tayong magbenta voto,youtube
4463,boto tangang nagpapayaman,youtube
4464,binubully pilipinas china sarili nating lider gumagawa katarantaduhan uunlad pilipinas,youtube
4465,gawin ginawa ibang bansa parusahan magnanakaw kunin gamit bitayin,youtube
4466,nakakakilabot matakot kayong kurakot gobierno nakakaawa sambayanang pilipino ninakaw,youtube
4467,kurakot pati road,youtube
4468,umaasenso pilipinas corakot,youtube
4469,tinggin mababalik tiwala goberno kong papaimbistigahan isama build build build tinggin contractor dahon sangga totoong talamak nakatago likod yun tukuyin panagutin ibulok kulungan malaki porsentong malalaking politiko likod proyekto tunay salarin totoong managot,youtube
4470,grabeng nakawan hayup tas pang nakukulong tas ending namann mababalik ninakaw tas lilipas panahom malaya ulit manngurakot hayup,youtube
4471,konyari kpa kasabwat kadin nmn,youtube
4472,heartbreaking stop crying watching,youtube
4473,best sulution nakikita world war maging back zero mabawasan corrupt,youtube
4474,let let issue die,youtube
4475,mali nmn gobyerno ntin dpt gayahin china mapatunayan kurakot babrilin ulo,youtube
4476,kakapal kontractor pati pulitiko mahiya taumbayan lalu pinapahirapan nakakaawa samabayanan pilipino ipagkatiwala proyekto matatakaw mamatay kayu,youtube
4477,puru pangungutang ginagawa gubyerno makabayad magamit gawa jusko daming kurakot lord bahala bansang pilipinas napo gumawa hatol tiwali bayad buwis mamayan abay bulsa laang tiwali napupunta patuluy padin pangungutang gubyerno hay end namang makukulong iimbistiga tatakipan,youtube
4478,sobrang tapang mayor might take life family sobrang protektahan panginoon bless family mayor,youtube
4479,mali sagot asa tingin hopeless case pilipinas,youtube
4480,kahirapan tunay nating kalaban kundi corruption bansa,youtube
4481,nalulunok nla kinakain kasabwat habang bayan nagdurusa baha bigyan karapatang parusa pera bayan naghirap maghanap buwis bayan kinukurakot mahiya nmn,youtube
4482,kaila titigil kurakot maawa bansa,youtube
4483,hard see korakot madali filipino kawawa pilipinas,youtube
4484,kawawa nababaha porket napalaki bahay kayong pake kapwa pilipino corruption,youtube
4485,abolish direct nlng mula ibang bansa gagawa,youtube
4486,nakakapagod maging pilipino sad truth,youtube
4487,ayaw gastos gusto,youtube
4488,baha badja propesiya ending den lunop,youtube
4489,papa alala dyos,youtube
4490,nangyayari bible mamen korap sapag tatapos,youtube
4491,ordirnaryong pilipino nagspeak ordirnaryong pilipino kinabukasan nared tag,youtube
4492,part sistema expose corruption tpos new episode nnmn senateflix tpos makukulong tpos lalaya naka ilang cycle gnyang scenario bka next month iba nnmn episode meron senateflix,youtube
4493,malala tubig baha sumisira pilipinas kurapyon matingding bumabaha pilipinas,youtube
4494,iiyak magagalet,youtube
4495,floods pati ghost employee ganon kalala corruption nakakaawa pinas,youtube
4496,nskakagigil corrupt,youtube
4497,tayong pilipino kase tahimik curious way makakapag salita kikilos mabawasan corruption pilipinas,youtube
4498,getting,youtube
4499,tiger doesn change stripes corruption systemic problem philippines president marcos needs hire independent foreign audit investigative firms high trust countries japan germany programs audited outsource reputable foreign firms define president marcos legacy,youtube
4500,asa pilipinas kong pagbabago nagbago palabas ibang bersyon pambansang tele serye novela,youtube
4501,bweset bunuan reason pakialam,youtube
4502,end day tatahimik tong balitang mananagot makukulong hanggang makalimutan kailangang masampolan batas corruption politiko penalty execution firing squad matakot buwayang politiko,youtube
4503,death penalty corrupt,youtube
4504,nahiya pamilya gahaman kumain galing nakaw laguna dami overpass ginagamit maayos daan sinisira pati high rank staff angaganda sasakyan naka red plate pati govt vehicles sobrang gagara pangasinan celeste nakaupo kaliwat kanan resorts gasoline station bus company,youtube
4505,kawawa tayong pilipino,youtube
4506,pagkolong payagang magpyansa ksi pera cela kinorakot nela,youtube
4507,getae magnate makkorakot,youtube
4508,inexposed maharlika fefeature basura mainstream media pinakanakinabang tambaloslos zaldy francis chua discaya kapirangot smoke screen kumabaga,youtube
4509,nanahimik pinoy nakikinig nakokonsensya marami namamatay leptospirosis baha pkialam,youtube
4510,kaming manggagawa mason carpenter day sahod pambihira,youtube
4511,mayor magalong mayor takbo prisedent,youtube
4512,salute talino,youtube
4513,nakakahiya maging pinoy,youtube
4515,katulad ser umupo senado pra gumawa batas pabor mamamayan,youtube
4516,grabeng kurakot politiko gabaan kyong masasama,youtube
4517,laki nababanggit pera ganon kayaman bansa pinupush inuuna edukasyon natatakot matuto pilipino namang talagang mananakawan masakit harap harapan,youtube
4518,asa pilipinas hahahahahaha corrupt mawala,youtube
4519,remember killed many manila especially marikina typhoon ondoy hit,youtube
4520,pilipino gising aksyonan naten mawala pesteng korap gobyerno,youtube
4521,pla yayaman haahha kawawang pilipinas mahal,youtube
4522,sip sip,youtube
4523,nakakaiyak nandito ibang bansa nangangarap maging ganito pilipinas maginhawang mamatay corrupt,youtube
4524,lord always protect mayor magalong,youtube
4525,hahahahhaa basta tangalog number corrupt,youtube
4526,nakaka high blood corrupt official,youtube
4527,kurapsyon pilipinas isa pinakamalakas pinaka mayaman bansa,youtube
4528,kya pla yayaman smantlang ibng pilipino hihirp,youtube
4529,naka kasuka naka kadiri kurap kawatan bayan,youtube
4530,gumising magalit nakakasawa panloloko politiko,youtube
4531,dead penanty,youtube
4532,lala nangkokorakot,youtube
4533,please tumakbo presidente,youtube
4534,mayor jessica integrity fight filipino day come corruption abhorred country take pride side anti corruption enjoying luxury corrupt unpatriotic disloyal traitor country godbless philippines harvey sagario put name one day break system traitors though chat gpt research fight law mandating full digital disclosure government spending centralized real time database stronger penalties non compliance citizen engagement media pressure,youtube
4535,11k syempre pghahatian yun,youtube
4536,makagago kmjs jessica soho sikat pinas lakas loob kwestyunin billion billion kinukurakot kawawa nagbabayad buwis tsk tsk aray kasuhan corrupt mahirap nagnakaw makain pamilya kulong agad bigatin balewala haist pilipinas gising,youtube
4537,pumirma buget yun imposibleng basta xia pipirma rereview hin nia sure yun isama dpt pumirma kaso,youtube
4538,malinaw tlga asa pinas,youtube
4539,giving fitting society alone,youtube
4540,bitay sapat kawatan,youtube
4541,much jessica informative bold special coverage hope could feature successful serve examples governance must multiplied copied others salute whole production team power program lord keep bless,youtube
4542,nakakagalit nakakalungkot nakakadismaya tayong pilipino winalanghiya corrupt kapwa pilipino let let issue die condemn corrupting nations future tama sobra manindigan,youtube
4543,maku long pustahan,youtube
4544,publico,youtube
4545,super crocs martin romualdez zaldy chua abante sakim kaluluwa,youtube
4546,mapapaniwala kasangkot politiko mababalewala long run nbt zne deal pharmally alice guo pogo case binay parking makati lot name paulit ulit corruption years nabago politiko napaparusahan patuloy waldas kaban bayan marami umasa pagbabago namatay next generation nararanasan gagawa legislation andami ring butas maparusahan,youtube
4547,soooo sad gantung klaseng bang natitirang konsensya puso gantung puru pera pera pera,youtube
4548,soooo sad gantung klaseng bang natitirang konsensya puso gantung puru pera pera pera,youtube
4549,soooo sad gantung klaseng bang natitirang konsensya puso gantung puru pera pera pera,youtube
4552,summarize journalism,youtube
4553,better protect cost best journalist ever world exposing monsters country,youtube
4554,ahah labasan billionaire ngayun kampon satanas kunsensya daig sakop ibang bansa nanakaw sasakop bansa pinas tutulong,youtube
4555,nakakaiyak naghihirap bansang pinas napanood napakadaming pera involved pwede ilagay ibang proyekto nabubuhay kapayapaan kya madami gusto mangibang bansa magtrabaho,youtube
4556,hanggang pangulo mismo nainis baka mismo nagpasimuno kurakot,youtube
4557,makulong sangkot corruption governo,youtube
4558,resulta weak leader buwag pacc,youtube
4559,matay daming trabahador namamatay naghihirap ikakasaya death penalty ipataw makaharap mismo papatay eih,youtube
4560,sinong kongresista tarlac sakop nyang capas nanalo ngayong taon tumakbo ulit,youtube
4561,goosebumps mayor magalong,youtube
4562,grabee kimikbak korupt job magalong dumami katulad protector bagkus sinisiwalat katiwalian nitong pati naging kasabwat,youtube
4563,mayor magalong team jumpstart motivate honest citizens philippines start alliances groups combat graft corruption plaguing country long commend kind actions small big cheers nationbuilding,youtube
4564,infuriating time nakakaiyak,youtube
4565,tindi corruption pinas pla khit anong gawin wlang aasenso mismong buwaya nsa gobyerno boc mismong politiko tinding ksakiman,youtube
4566,gain already vote ever run surely list,youtube
4567,tayong pilipino tumigil makulong makulong pera bayan ninakaw mabawi contractors managot kundi nangbulsa budget bayan senador mayor palusot citizens aggressive demanding accountability nasaan iingay budget ovp tinitingnan nangyayari budget saan billions naibulsa saan biglang tahimik,youtube
4568,gagawin daapt maglagay gubyerno mapara imonitor naiiwasan kaagad kubg substandard angbillaagay cuntractor,youtube
4569,maliliit 10k ohh hnd umabot milyon nakukulong nahuhusgahan itobg makakaligtas,youtube
4570,tanginang gano katino umopo gubyerno sisirain hinayopak contractor kailangan bitayin,youtube
4571,funds education health agriculture,youtube
4572,pbbm pina iimbistigahan budget mayor magalong jesica soho pagbunyag ghost prodject,youtube
4573,solar street light hakbang meron ulet pang taon gumagana streetlight pinag iisipan dati bumabaha laguna streetlight nakatayo gitna daan tubig nakaharang kanal malamang mapupuno lalabas tubig kanal highway,youtube
4574,laguna ayos kalsada sinisira paltan ayos gawang kalsada dati kalsada bakal bakal dumaan trak highway umaangat kalsada akala lindol pang taon sira agad kalsada bakal kalsada kungdi cemento tsk tsk,youtube
4576,tanggalin employees kurakot,youtube
4577,kasalanan bayan ayusin boto galit dating eleksyon bati ulit mangungurakot pinapanagot salarin tumatahimik bayan,youtube
4578,mayor magalong bless family,youtube
4579,think even role playing let vigilant leaders,youtube
4580,wlanh pulitiko nangurakot pare pareho exeption tlagang ngttrabho maayos kila2 nmn sarli,youtube
4581,magkaroon papatay lahi korakot,youtube
4582,thankyou mayor magalong jessica internet era masabilis bibisto,youtube
4583,bless mayors honest proud,youtube
4584,cats eye,youtube
4585,grabeh kawawa,youtube
4586,ganito agad sisihin contractors percent napupunta tongressman another percent mapunta mayor another percent middleman percent percent naiwan expect unahin involved,youtube
4587,napapanagot nakukulong madami ebidensya dipa maipakulong buwisit inuubos pera pilipinas,youtube
4588,legal pagnanakaw diba keso binaliwala ninakaw,youtube
4589,galing atong divert krimeng kinahaharap iba koneksyon matataas opisyales kalimutan missing sabungeros issue,youtube
4590,pangalanan mayor magalong mambabatas iboto,youtube
4591,totoong kasakiman gobyerno problema pilipinas dumating araw mawala pilipinas,youtube
4592,makita shot kill,youtube
4593,maisaayos bansa manalig gawang mali katapusan pasalamat masipag mabait president bbbm,youtube
4594,managot sangkot kawawa kababayan,youtube
4595,tindi kurakot tagos hangang kaluluwa kawalanghiyaan,youtube
4596,pwedeng makulong years nakulong harap harapan kurapsion nadedemanda magkakasakit magiging house arrest ilang taon tumatakbo politika nakalaya pinagtatanggol matatalinong botante iboboto kanta natoto,youtube
4597,wow warranty,youtube
4598,ana gyud ning demokrasya daghang kawatan nasod way asenso lahi hari hari usa ray gamhanan,youtube
4599,involved mayor liquidation harap pamilya,youtube
4600,wake filipino,youtube
4601,manuel bonoan etchusera sabihin magkano kickback,youtube
4602,kontraktor sikilin kkwento chat detalye kaso gagawa iimbistiga nakinabang,youtube
4603,namihasa humahakot pera bansa,youtube
4604,update till end makasuhan makulong sayang report,youtube
4605,mateo jesus alagad katotohanang sinasabi mahirap makapasok mayaman kaharian langit muling sinasabi magaan kamelyo dumaan butas karayom mayaman pumasok kaharian dios,youtube
4606,nainis pangulo weeh ngaun ggawin kaksuhan bawiin nakaw talga manyayari panay publicitylang,youtube
4607,maganda isa isahin magnanakaw nayan bwesit pagpapatayin kurakot bwesit,youtube
4608,bayan tsk gnyn juskoooo,youtube
4609,palitan servant iboto kamag anak system gusto pagbabago bagong politiko naitutulong dynasty empire pilipino,youtube
4610,mayor please hire bodyguards safe family big chance maraming galit bless masolusyonan,youtube
4611,ipakulong hahat kunin ari arian tanggalan pension madadala silang,youtube
4612,corrupt paghuhukom pagbabayaran kawawang pilipino,youtube
4613,nakakahiya maging pinoy,youtube
4614,kawawa talga taya pati sariling bayan,youtube
4615,sunugin sasakyan corrupt politicians firing squad,youtube
4616,basta wla pakialam nakaupo gobyerno palitan marcos,youtube
4617,jews,youtube
4618,nakakalungkot puso,youtube
4619,imbestigahan kalsada kkayos sira agad ilang taon inaayos haaayyy,youtube
4620,bbm bunganga gabinete administration lumustay pera bayan nia papanagutin zaldy romualdez pinuno buwaya,youtube
4621,thankyou mayor magalong dumami katulad,youtube
4622,kinena ngaming matay kamu ngana jablu kamu karma nikamu pesti jablu,youtube
4623,anong mangyayari aming baba mamamatay kami gutom habang lumalangoy pera gobyerno bless know,youtube
4624,gen magalong help handle government,youtube
4625,naiyak watching corruption,youtube
4626,iligan city mayor mismo supplier gov,youtube
4627,magaling media,youtube
4628,mark villar pukin amo,youtube
4629,corrupt country,youtube
4630,staff mahiya,youtube
4631,makulong,youtube
4632,info must transparent cost location contractor duration lawmakers must confined lawmaking infrastructure,youtube
4633,nkulong buti tym pres noynoy bcos napoles kulong,youtube
4634,nakakagalit malaman corruption politikong bumoto diba ibig sabihin nagbigay kapangyarihan gawin every year sinasabing vote wisely every year elect parin maling nakakatawang pilipino,youtube
4635,bwisit duterte gumagawa kaso titirahin toaga mahina nakaupo salita gawa,youtube
4636,mabuhay mayor magalong miss jesica soho,youtube
4637,please let issue die hangat makukulong managot,youtube
4638,please let issue die hangat makukulong managot,youtube
4639,please let issue die hangat makukulong managot,youtube
4640,please let issue die hangat makukulong managot,youtube
4641,bigat last jessica hndi baha magpapa lubog kundi kasakiman,youtube
4642,presidente ipon tubig saka magiging habitat buaya maynila,youtube
4643,jessica sojo run,youtube
4644,mayor magalong,youtube
4645,hndi curopt leni robredo lacson trillanes magalong vico sotto bam aquino iboto,youtube
4646,saludo mayor magalong,youtube
4647,malapit election laglagan yungga buwaya,youtube
4648,buti resign kana bonoan napaka incompetent secretary kang silbi submit complaints mayor magalong kang agarang aksyon,youtube
4649,bigla gyera mindanao ilihis issue dilima bigla gyera mindanao,youtube
4650,binibitay corrupt,youtube
4651,ala bakal pati kalsada humirit pondo gibain kita nanam anal,youtube
4652,pinsan pamukhain,youtube
4653,salute mayor magalo mabuhay,youtube
4654,neo bigay gumawa ala pakinabang,youtube
4655,dami labir kunin nro cla mayamanin opisyal magnanakaw,youtube
4656,dpat recta ikalat fondo bakal dami magnanakaw,youtube
4657,protect mayor magalong cost jessica nakakaiyak tinagal tagal naghihirap pilipino parin palang naiisip kalagayan nsa laylayan nawa ingatan pagpalain diyos,youtube
4658,protect mayor magalong cost jessica nakakaiyak tinagal tagal naghihirap pilipino parin palang naiisip kalagayan nsa laylayan nawa ingatan pagpalain diyos,youtube
4659,tuwang tuwa buwaya nakita luzon lubog baha,youtube
4660,heartbreaking nakakagigil gusto kong magsalita masasamang words cuz crocs deserved slmt nakaupo nais governance keep,youtube
4661,mahal kong pilipinas,youtube
4662,nakaka galit sobra corruption gobyerno pilipinas,youtube
4663,need mayors mayor magalong magagaling pera nabibigyan chances makaupo mataas position pinipigilan local government palang,youtube
4664,talagang kurap,youtube
4665,pangit sira sira kalsada bulacan pampanga garapalan kurakot paldo oapfo naka upo,youtube
4666,nakakasama loob tax napupunta korap naniniwala sabwatan coa kontraktor,youtube
4667,nakakagalit,youtube
4668,anong nakukulong malakas loob nakaw sarap,youtube
4669,pare pareho sagot akong narinig makukulong bigyan proyecto,youtube
4670,basta marcos magnanakaw pilit sinisiraan sara ttuo tunay magnanakaw,youtube
4671,agree anymore biding madaming companies govt third party contractors anymore,youtube
4672,job jessica conquer called corruption government learn stand community regardless run president bbm exposed became transparent agencies government corruptions immigration customs wish future clean whoever much involved government corruptions assets freeze,youtube
4673,aalis nako pilipinas australia,youtube
4674,sad sad corruption max,youtube
4675,huli corrupt balik balik problema governo pilipinas iabalik ilaga ingat,youtube
4676,zaldy magnanakaw,youtube
4677,saan pagce celebrate independence day ganito poor corrupt pilipino nakakahiya nagpasakop hapin amerikano español nakakahiya pilipinas,youtube
4678,cant straight ombudsman file cases,youtube
4679,hay nakakainis nmn dming corrupt,youtube
4680,slamt pre bbm binisita slamt jessica,youtube
4681,death penalty maebalik corruption,youtube
4682,kawawa kaming mahihirap mamamayan bansa tatrabaho kami maayos binabawasan kami buwis binubulsa buwaya gobyerno maawa sambayanang pilipino maawa bansa,youtube
4683,sobrang lala korapsyon pilipinas,youtube
4684,please let issue die masyado kawawa bansa,youtube
4685,mpapatangna nlng,youtube
4686,mayor magalong vico sotto lazatin philippines come save please,youtube
4687,tumakbo sara pagpapatayin kurakot,youtube
4688,pricing galeng galeng,youtube
4689,mamatay naa buaaya,youtube
4690,palpak travaho managot kawawa kababayan,youtube
4691,substandard materiales bakal malaki pelote gawing tukod dagat nasosolusyunan yon,youtube
4692,dead penalty kurap,youtube
4694,president days hanggang ngayong mananagot,youtube
4695,documentary abs cbn,youtube
4696,three years saka nakita pagnanakaw bumaha magisising nakapagtataka nung panahon digong aay laganap corruption paglobo utang annual budget nakakapaghinala palibhasa naranadan maghirap ugali easy lucky unang napansin iyo kita ibinoto kaso dinaya isip natuwa nung pindala digong hague nung nakulong quiboloy teves pumatay percy suntok buwan hay naku,youtube
4697,sora tama kasing iboto corrupt political dynasty gumising kabayan,youtube
4698,proud living city love iloilo city,youtube
4699,nadocumentary iloilo role model province city diretso dagat,youtube
4700,napanood statement witnesses totoong nangyayari bidding process nakapagtrabaho dati private company sumasali government bidding naranasan paspas team maghanap murang suppliers meeting planning pati documenting mabuo proposal ipapasa biddings awards pinaghirapan trabaho naka plano palang award company kapit loob city hall nakakapanglumo,youtube
4701,naitiro nakukulong,youtube
4702,dame galingan galingan engineer bugok,youtube
4703,pangulo approved kanilang ninanakaw sasabihin mahiya kang ginagawa kalyado lalong nakakadiri pangulo kang anong silbi pangulo hinahayaan nakawing pera bayan kundi mismo nagaaprove kanilang pagnanakaw pinsan anak contractor ginigipit nakikisama nakawan,youtube
4704,prison time firing squad korap government opisyals,youtube
4705,maniwala kan makoy baliktad sinasabi bal8ktad ginagawa,youtube
4706,daldal vince ibeninta nep contractors,youtube
4707,magawa bongit kong aligid buaya,youtube
4708,let congressmen tumira baha bara magka bun,youtube
4709,matthew jesus looked impossible things possible matthew profit gains whole world forfeits soul shall give return soul,youtube
4710,die sins righteousness 24b jesus took cross died order give life taking cross consists dying old selfish sinful way life following jesus wherever leads peter words might die sins righteousness jesus walk,youtube
4711,jesus way salvation jesus died remember despite unworthiness remember healed wounds forgiven holy blood saved dying cross copy share,youtube
4712,jesus way salvation jesus died remember despite unworthiness remember healed wounds forgiven holy blood saved dying cross copy share jesus died remember despite unworthiness remember jesus way salvation nothing else one else share truth john states jesus answered truly truly say unless one born cannot see kingdom fact born new creation christ ephesians states salvation grace faith result works one boast jesus willing forgive accept come accept,youtube
4713,random bible verse copy spread gospel late hebrews confidently say lord helper fear john let hearts troubled believe believe proverbs whoever trusts mind fool walks wisdom delivered psalm put trust princes son salvation proverbs whoever trusts riches fall righteous flourish green leaf psalm better take refuge lord trust psalm blessed lord trust turn proud astray lie psalm trust chariots horses trust name lord proverbs trust lord heart lean understanding ways acknowledge make straight paths gusto ishare,youtube
4714,iam years old saved jesus christ grace dying cross accepted saviour life changed heart became repentant old iam perfect still fall short many times sins made burdened always finds rescues amen,youtube
4715,iam years old saved jesus christ grace dying cross accepted saviour life changed heart became repentant old iam perfect still fall short many times sins made burdened always finds rescues amen,youtube
4716,iam years old saved jesus christ grace dying cross accepted saviour life changed heart became repentant old iam perfect still fall short many times sins made burdened always finds rescues amen,youtube
4717,pray prayer understand sinner need savior want turn sin make jesus lord life resident heart pray prayer lord jesus know sinner died cross shed blood every sin ever committed sorry sin turn ask come life savior lord friend choose follow moment forward calling accepting forgiving jesus name pray amen,youtube
4718,nauna pang nakulong rally kesa magnanakaw,youtube
4719,banggitin bangag marcos sona mahiya biglang nagtayuan buwaya harap akala maniniwala aang bayan buwaya,youtube
4720,today nakukulong,youtube
4722,pilipinas hangga nagkakaroon batas putulin kamay putulin leeg andiyan magnanakaw padami padami,youtube
4723,pamilyang kriminal rodrigo duterte ugat pagnanakaw ugat pagtutulak shabu ugat patayan trabahong impacto gawa pamilyang duterte,youtube
4724,magkaroon putol kamay putul leeg mawala magnanakaw gobyerno magkaroon parusa putulin kamay putulin leeg magnanakaw taxes,youtube
4725,mahiya hoy sabihin mahiya taunng magnanakaw,youtube
4726,nako,youtube
4727,pumunta malakanyang duon tumira pera ginagastos duon,youtube
4728,kurapt gobyerno nakakatulog habang bayan lubog baha kunin lord,youtube
4729,tanggalin tax puhonan boses,youtube
4730,discaya hambog,youtube
4731,santo dios santo fuerte maldicion condinar todos ladrones dinero governo arcabala filipina por favor ora mismo mucho gracias aleloea,youtube
4732,gustooo koo araal kaatiiwaaliiian saan pwedeng enroll,youtube
4733,pumalakpak buwaya bale pagnamatay magbabayad diyos hustisya malungkot hanggang parusa isoli ninakaw magsisi,youtube
4734,talk action one goes jail repeat,youtube
4735,politiko nagsisimula pandaraya kontraktor malaking mafia top bottom,youtube
4736,sinasadya motivo nakaw nakakatulog samantala maraming pilipino nahihirapan saan konsensya,youtube
4737,kailan mttapos kalbaryo kailangan gawin pagnanakaw matataas katungkulan pinagkatiwalaan gobyerno cover others crime twister greed mapanlamang kapwa ikulong hanggang mamatay cla bawiin properties,youtube
4738,totoong nagmamahal nagmamalasakit pilipino masasandalan magtutuloy sinira nilang daan tulay magpapagawa daan mahihirap magsasaka tayong mapagkakatiwalaan umasa dasal panginoong diyos magsugo busilak puso masisilaw pera karangyaan nakakaiyak nating mahihirap biktima gahaman magnanakaw buwaya mababait election minsan kasalanan tinotolerate magbigay pera upang maiboto matuto maghangan panandaliang lagay habangbuhay tayong pahihirapan,youtube
4739,marcos legacy,youtube
4740,akala nitong gobyernong naniniwala knila tawo nahihiya nagsasabing mahiya baman,youtube
4741,pbbm simula resign approved,youtube
4742,salita action balik magawa,youtube
4743,bbm mahiya,youtube
4744,duterte maitilong,youtube
4745,weee,youtube
4746,galit tax payers anomalous scandals billiones inanod papunta bulsa constructors iba pang kawatan gobierno organized billion gov mafia ibigay japan korea holland pilipino contractors ban alisan lisensiya,youtube
4747,delete corrupt politicians,youtube
4748,panainin sin farmers business lisa marcos rice importation bagsak presyo palay magsasaka pilipinas hige importation focus katiwalian bbm dhil totoo niluluto gagawin pra monopoly presyo palay nmin iboboto,youtube
4749,show must see govt officials think singapore model building,youtube
4750,gongratulations peesident bbm pagka appoint boying remula ombudsman,youtube
4751,bbm mahiya,youtube
4752,umutang proyekto,youtube
4753,bansa katiwalian pagnanakaw kurakot mismong mambabatas bumabali batas makarma sangkot kurakot natutulog lord paparusahan,youtube
4754,2ndary malang yun physical whatever ghost low quality yun kalakaran widespread imagine even early bidding process nangyayari abutan bulto bultong salapi priority involved clang pakialam mangyayari mamayan mamatay wipeout baha bahay nla halaga buwaya bansa importante yun makuha sop nla,youtube
4755,itutulong dizon ilagay assistant dizon responsible building constructions kaka lusot itatama maling proseso today,youtube
4756,design architect based engineering design flow water towards sea engineers fllow architect exterior design,youtube
4757,ipagawa pakontrata pinoy japan kukuha mangagawang pinoy,youtube
4758,filipinos survived years spanish colonisation facing existential threat corruption,youtube
4759,salita,youtube
4760,ipasa batas latigo bawat piso parusa magnanakaw,youtube
4761,pangunguna bbm kudos pra transparency digitalization pra malaman monitored,youtube
4762,see done congressmen filipinos deserve,youtube
4763,punishing sinful country typhoons earthquakes say catholics many men mistresses children politicians corrupt post riches social media mean much money need rich philippines poor mostly affected keep supporting following social media accounts rich aspire want change protesting follow nepal raid homes rich politicians know afraid police security forces tell join find country riches politicians homes stop empowering idolizing policians superstars care,youtube
4764,tama ginagawa,youtube
4765,korrekt tama tulugang problema bayang nating,youtube
4766,true naganip ginagawa binigay sakit pagulo tama ginagawaa,youtube
4767,dios nakikita sumubok kanilang kalagayang madanasan kalagayang maganda bahay hihirap daan nie hinde mapagawa nagsasahod pera bayang,youtube
4768,true sinasabi mahiya bayang government pagulo bong bong marcos kabiniti bayang,youtube
4769,ibalik death penalty plunder graft corruption,youtube
4770,senado politika batas atty iba pang gulo nasan aid legislation contra pagmamagaling kuno kaalaman batas butas nmn resulta kming nakikita batas butas senado,youtube
4771,topographical bago itayo proyekto itatayo mali location controll pati spillway nalalagyan proyekto wow mali itatayo basta collections minamadali kukunin kalagayan barangay municipyo,youtube
4772,hinayupakz sala lustay perang proyekto bansa gobyerno awa awang pilipino,youtube
4773,company politicians individual involve makatao pad trato filipino suffer ever since reparations fanilies rebuilding must regular check trustworthy staff government punishment life imprisonment pinaka mababa,youtube
4774,budol talk bangag sampong salita labing isa mali weak prisedent bangag,youtube
4776,segig utang segig kawat marcos bangag resign kawatan weak leader,youtube
4777,sindikato nakaupo gobyerno,youtube
4778,maging matapang pangulo ngawa kamay bakal kailangan revolutionary government matigil script tinuturo bobong dds damputin isa isa ebidensya maganda firing squad tulad ginawa tatay sampolan corrupt pati pinsan totoo likod militar babagal bagal mapapalitan sara lalung malaking gulo,youtube
4779,kunwari malasakit buwaya politiko mamamayan totoo tlga pera habol puere los buenos percent katotohanan paghihirap bansang pilipinas,youtube
4780,mula pinakamataas hanggang pinakamababa korapsyon mismo poorman hanggang labor nangungurakot pinakamababa korapsyon parin lakas loob magsabi kanipis semento nilalagay ganyang itatalaga mismong gobyerno magbantay mismong site nangyayari pakialam gobyerno kontraktor pagkatapos makuha profit maayos sistema bulok tlga,youtube
4781,corrupt greedy government officials contractors etc caused loss lives destruction property sheer misery comfortably sprawling mansions spend millions material possessions hold accountable,youtube
4782,naten iboto muli corrupt politiko senador etc iunfollow unlike social media corrupt politiko nepo babies,youtube
4783,kayong puso konsenya,youtube
4784,great job abs cbn news,youtube
4786,bang batas kumpanya hahawak gobyerno kamag anak nagtratrabaho gobyerno upto certain degree family tree merong ganong batas iwas corruption,youtube
4787,grabeh kagahaman tong magasawang discaya,youtube
4788,filipino revolt unacceptable,youtube
4789,panahon lola lolo baha tulad maynila bahain mababang lugar iilan binabaha saan lugur baha katulad kalookan palaisdaan umuulan catch basin metro manila napalawak sakop bayan malabon navotas agad limalaki baha tinambakan binabaha binabaha tulad obando bulakan2x binabaha isa bulakan talagang binabaha katulad hagonoy calumpit binabaha isa nadagdagan binabaha kagaya pampanga oumutok pinatubo lalo nadagdagan madaming tinatambakan dagat unlad makakatulong iilan pakinabang gumagawa kakaperahan ala babago lalo pang lala baha antayin maging water world kagagawan kasakiman bagay sobra masama talagang makakapal masiyahan kasiyahan commissioner por diyes poraiyento party happy together,youtube
4790,pera kunsyensya cguro naiisip karma impiyerno parusa dios nalulunod cla karangyaan,youtube
4791,isa naniniwala halaga alagaan kalikasan pinabayaan niyong makalbo bundok kinahinatnan baha pilipinas naalala nuong valle verde pasig binabaha nagsimulang gawan subdivision gilid bundok antipolo duon nagsimula baha valle verde pinakamataas kong nakita anim talampakan,youtube
4792,death firing squad parusa kawatan,youtube
4793,ikulong,youtube
4794,kailan sona marcos junior bago tag ulan pinsan,youtube
4795,salita marcos junior mahiya kase kilala ksama pinsan nagnanakaw ksama pinsan pwede,youtube
4796,correct,youtube
4797,isa patunay pagukulan pansin relocation gawin taon taon paulit ulit sitwasyon humanap lugar saan dalhin residente tulad suggestion gobyerno,youtube
4798,naiiyak sitwasyon pilipino,youtube
4799,tayon pilipino sufferdahil swapang pilitician nasaan kunsensya,youtube
4800,mahirap ikontrol kalikasan magalit igalang lugar ilog kagubatan lawa dagat tamang distansya pamahayan space kalikasan makahinda,youtube
4801,talagang pakapalan ninakaw yon pera banyan watching los angeles,youtube
4802,complaining even paid taxes asking,youtube
4803,tong bbm tumatawa inspect kalerki,youtube
4804,nakaka manuud balit tumataas pati buhok usaping bilyon binubulsa samantalang daming nghhirap,youtube
4805,tell martin,youtube
4806,kurapsyon pinas barangay level ordinaryong kababayan mahilig lagay short majority pinoy kurap solusyon anyone age years old ilipat mars let someone else take care children left behind basta spaniard,youtube
4807,sad reality victims corruption philippines,youtube
4808,nakakainis,youtube
4810,mangroves applied pasig river one hope bago matapos vico sotto maisulong,youtube
4811,alalahanin patuloy climate change totoo patuloy baha patuloy pagtaaas tubig development malaki talagang maayos siyang susuporta lugar pinas lalo mababang lugar lalo manila,youtube
4812,bbm new normal naisip solution,youtube
4813,lili gaw,youtube
4814,dios nakikita nimyo ginawa nimyo bayang pera bayang,youtube
4815,true true municipal company sinkado ginawa true true tangaling offical,youtube
4816,true true sinasabi sotto toto mananalaw company municipal sindikado laga municipal makikita bayang kong contactrata imposible listahan pera kuha pera bayang,youtube
4817,government sample hinde nakikita ibang bansa hinukuha pera government bayang tax binabayad bayang gumanda bayang totoo,youtube
4818,kickout government tangling offical municipal offical government batas pagulo muni hinde matotoo silang patakaran batas nating,youtube
4819,never permit keep sarado municipal,youtube
4820,hinde kong hikuting bayang municipal company nakikibang bayang municipal government hinde privat komf company bayang government ginagamit municipal problema bayang nating,youtube
4821,pera bayang sahod bayang bayad bayang,youtube
4822,hinde mahirap kong lumitaw kurakot totoo totoo pagulo mahiya bayang,youtube
4823,dpat araw2 gwa trntrabaho kinikunan ivideo nililitratuhan pti materiales gngamit nkkabit araw2 pinapasa cityhalll,youtube
4824,dpat drainage plitn tiyan iisang lugar bbgsak ddaloy tubig hnd saan2 kya nbha kalsada dhil mli ring instraktura,youtube
4825,philippines hopeless tag years wrong,youtube
4826,bunch corrupt millionaires clapping wild,youtube
4827,mahiya nepo baby president,youtube
4828,imbistigahan politiko nabigyan contractor sabagay binoto,youtube
4829,salsal lumang politiko palaging nyong binoboto baguhin pagboboto paulit ulit pangalan kurakot pati government departments baguhin batas budget naka declare saan napunta pera freeze assets ibalik kinurakot pera pnb ibang banko batas accountable kanilang actions pangit pamamaraan pinas maging global leader kurakot isip daga binoboto proud pinoy catholico konsensya hiya kapal corruption death penalty nakakahiya,youtube
4830,congressmen pati contractors nakakasuka galit,youtube
4831,payback abs cbn investigate dutertes,youtube
4832,marcoleters let true misis konektado discaya,youtube
4833,filipino pagbabago corruption kasama tumatanggap lagay tuwing eleksyon sainyo yun makikitang pagbabago pilipinas magiging 3rd world country forever sisikat japan singapore vietnam korea pilipinas maiiwan pinoy gahaman pera ayaw banat buto gusto easy money iniisip perang pinanglalagay palad masasabi billion perang ninakaw sainyo ilan nakinabang hihinto kaka tanggap corruption mangyayari sainyo pinoy,youtube
4834,freeze assets kasangkot kurakot mahiya,youtube
4835,maraming mahihirap pilipino nalulubog namamatay baha tong congresmann contractor puso nilastay tax pinagkatiwala,youtube
4836,dina aasa alice guo kibuloy dipa nakukulong namang agbabago,youtube
4837,korupt kita papatay imbestiga nakakagalit,youtube
4838,pangulo bangag bayag,youtube
4839,bulok gobyerno pilipinas tang inang gobyerno,youtube
4840,every time see hurting stings suffering isn fate fixable deserve better,youtube
4841,bawat million halaga diba maghkano camera pwede timelapse naka viewing online makikita mamamayan taon gagawin time lapse fast forward saan technology gagamitin naka upo halos gusto yumaman maling paraan paman,youtube
4842,iloilo mayor mabangis nagawa solusyon baha kurakot pera,youtube
4843,punyemas utak tignan zaldy makalusot sara unang nagbunyag naniwala tignan hatol karma,youtube
4844,nakakaawa residente nalubog baha kinurap samga buaya malacanyang silangnagpahirap residente maynilapbbm admenistration team poro kurakot buwaya,youtube
4845,mahirap palaging baha pakiramdam dagat katapusang baha ranas kuyan mula nung elementary haighschool papasok school lulusong aalisin medyas sapatos magawan paraan karsada dina maranasan kabataan lugmok baha kalalakihan studyanteng nagsisikap aral sananaman maayos karsada naren silang malalakararan baha goodluck government,youtube
4846,duterte mahiya lalo dds,youtube
4847,wow salita number hiyang presidente,youtube
4848,araw tong korapsyon gobyerno hinde halos sanga marami masamang prediksyon nuong araw bayan sinilangan isa talamak pagnanakaw madalas pinapanalangin matuklasan buong sambayanan pilipino bulok systema gobyerno merun trahedya dumating pondo madudukot kaban kawawa bulok systema gobyerno,youtube
4849,million year roughly year affording million house 120million php possible estrada father joseph estrada plunder sentenced loss billions worth 350million php 6million assets today gave son much money right early inheritance million 2million coming bank would loan someone 2million php year much million php 2million likely father gave inheritance never less asking discaya wealth kind weird knowing named allegedly implicated corruption hopefully clean sad true,youtube
4850,hoy mahiya nakaw pilipino laanan budget tapusin kayong ginawa kondi nakaw tas bayan nalulunod baha maayos paaralan hospital daan,youtube
4851,natuutulog kurakot tumatanggi silang kinalaman silang kasalanan,youtube
4852,mali bigay agad bigay tagal panahon nagkkaidad kmi plang pinagaaralan,youtube
4853,makkita kinurakot mabuting lalagyan bangko massilip lalo bangko secrete bag kwarto hayyyyys nakkaiyak,youtube
4854,22o mahiya kkahiya kbilang korakot kailangan kalusin maraming nakkaawang mmamayan halis nmmatay gutom kayong kurakot sarap naguulam baboy manok hayyys malapit magunaw mundo kasama jayi kkainin lupa ganid antayin panahon,youtube
4855,maganda iloilo city koruption naganap kudos panahon sen franklin drillon nagpasasa nung panahon digongniyo naalala pinakamalaking budget panahon mark villar halos utang loob digongniyo nagpapasasa pera magtaka protektahan sara lustay,youtube
4856,hanggat nakukulong nanankaw magnanakaw hiyang gahaman,youtube
4857,nakaw tatay bbm,youtube
4858,grabiiiih xlang away bsta lalo xlang yumaman play gustong mtalo gusto mnalo politika serbisyo gnwang gatasan negosyo hnggng ngyon walng ngyari lalong nghirap,youtube
4859,nakkaawa mahhirap tulad diyos maggawa gobyerno nauubos oras kaka debate senado wla nahhatulan corruption madami nagu2tom maawa matakot diyos,youtube
4860,maawa corruption sagana wla problema lupa langit hahatulan,youtube
4861,audacity politician clapping nothing happened living lavish life filipino tax money mind boggling smh,youtube
4862,mahirap resibo kulong korup,youtube
4863,president thieves alligators,youtube
4864,government misery,youtube
4865,pres actually know billion pesos personally physically check make sure implemented prob late cuz billions spent lux cars etc gov let fall line fences along lines flooded areas let drown one one bitaying patiwarik kahoy matataas,youtube
4866,style bulok abscbn,youtube
4867,makakarma kna marcos vangag,youtube
4868,wlang lugar pagmamahal sakim ugaling buaya,youtube
4869,buang buaya araw araw jackpot lotto draw yawa kamo garapal pahmumukha,youtube
4870,wlang hiya buaya president hndi kami naniniwala sayu,youtube
4872,salot government hinahayaan tumakbo election,youtube
4873,history repeats nung 70s marcos come old corrupt regime bbm,youtube
4874,hope manila learn success iloilo city,youtube
4875,mapanuod zaldy tambaloslos vedio,youtube
4876,yta ihulog ilog kasangkot anumalya,youtube
4877,knew mangyayari makukulong corrupt though makukulong onti pwedeng bayad makalaya meron ding makakalusot ganda bansa demonyong sumisira daming namamatay daming naghihirap masasama,youtube
4878,ikulong sala hwg daming tanong,youtube
4879,sangkot pagnanakaw mula officials contractors engineers limasin livelihood kailangan maibalik pera ikulong sangkot kailangan death punishment hayaan cla malunod baha tubig mabaho dpat ipalasap kurakot nararanasan sambayanan filipino matatapos paghihirap hanggat ganid makasarili cno kapa,youtube
4880,saludo dokyumentaryong,youtube
4881,maiawasang asawang discaya dinaig artista arte napakasinungaling paawa effect nakakagigil,youtube
4882,get dictator government,youtube
4883,binaboy pilipinas marcos walasyang pakialam,youtube
4884,mahiya bbm,youtube
4885,pathetic please help philippines drowning major corruptions let pray nation,youtube
4886,pinapatay bansa kamatayan ipataw traydor atng sariling bansa,youtube
4887,whole world experiencing drought philippines run around circles scream burn country hope time different history problem suddenly away,youtube
4888,yari,youtube
4889,way solve problem give foreign engineers condition pilipino employed filipinos trusted employed learn foreign engineers,youtube
4890,government investigating billion pesos budget years district davao city start believe government heard ghost found,youtube
4891,release money proportion finished portion finished conform agree specified blueprint materials quality checked,youtube
4892,titigil hangang magbabago apektado mski partido religion stadi bubay ipaglaban pilipinas future generations,youtube
4893,bless president marcos philippines,youtube
4894,pakialam magnanakaw bulsa salapi katuwiran kangkongresman bahala basta kami paldo2x,youtube
4895,pleaase maawa sarili pumayag makawala sobrang kapahamakan nakaw ikulong isoli pati bahay ibenta kulong mabubulok kailangan isole full price please maawa every year nayan baha since bata pulubi gobyerno dahilan pagpupulibi nakakakiyak,youtube
4896,pass responsibility living day day pontious pilate,youtube
4897,nakakaiyak mismong pilipino safe sarili nating bansa,youtube
4898,nkakalungkot nkakapanglumo,youtube
4899,jica ipagawa govt nakawan masakit dadil banyaga involve masakit kapwa pilipino magnanakaw kaban bayan,youtube
4900,isispisip kayong bobotante susunod election,youtube
4901,abscbn uncovering issue pbbm unthinkable partnership,youtube
4902,angry cousin martin romualdez president,youtube
4903,watching hail saudi arabia maid nakakaiyak pilipinas,youtube
4904,documentary shown congress house hanggang nangyayari,youtube
4905,marcos lamlam,youtube
4906,separate episode iloilo city think see successful looks know looking give hope knowing done philippines successfully,youtube
4907,basura baha meron bbm,youtube
4908,weah utang pilipinas tumas panahon bistado,youtube
4909,babago puntahan nandyan parin corrupt,youtube
4910,job president hope matuloy tuloy,youtube
4911,see contractor mali gagawen mamamayan nakataya,youtube
4912,imagine bat umiiyak dami nakikita pilipino nghihirap diyos maawa taga gob mamayan pilipino nakakaiyak ninakawan pilipino,youtube
4913,imagine billions money come dami nagugutom pilipinas dami nghihirap tama mahirap kaban pilipinas tama hahawak kaban bayan,youtube
4914,hinugay kmo magnanakaw,youtube
4915,problema bansa magnanakaw offecial nkakahiya,youtube
4916,mali gobyerno bumabaha nlalagyan maintenance power ilog tagalinis bantay akala yun katulad highway linisin palagi,youtube
4917,coa isa corrupt audit kaso nababayaran,youtube
4918,maiwasan katiwalian gobyerno simply sulotion gawin mataas parusa government officials kumpara ordinaryong mamamayan dalawang isip muna pulitiko gusto maging officials gobyerno magsisilbi bayan magnanakaw kaban bayan hanggat batas pabor nanunongkulan paulit ulit magnanakaw gagawa katiwalian halal officials pamahalaan panahon kababayan bayan masusunod uusig tiwaling officials 110m kababayan tag palo bawat tiwaling officials sapat maubos silang panahon,youtube
4919,bantayan bayan responsibilidad isat isa tungo progress ikauunlad bayan,youtube
4920,makuntento buwanang sahud nagnanakaw buwaya nayan pera bayan website gobiyerno nagpapakita proyekto binigyan pondo magkano pondo ibinibigay bawat proyekto dapa parating updated lubog katiwalian bansa nagpatuloy magnanakaw nahuli makulong tanggalan lisensya naway muling makapanloko taung bayan,youtube
4921,tanggalan license engineering sayang profession doctor naka salalay proyekto malinaw umuunlad kabuhayan kasabwat pulitko tumatanngap sop iboto lalo nalilink ganitong proyekto,youtube
4922,1st burn nepo kids get sinses,youtube
4923,culprit thieves intentionally making places could,youtube
4924,hangal bituka konsensiya nakikita philippines enjoying lives luxury items buy demonyo,youtube
4925,magnanakaw sobra marcos magnanakaw niluluko pilipino maparusahan marcos president kang niluluko pilipino sobra magbitiw marcos,youtube
4926,lived los banos yrs ago flooding always problem,youtube
4927,mahirap umaamin malamang saysay imbestigasyong,youtube
4928,pinabayaan maraming taon taga pirma,youtube
4929,stop muna pagbibigay budget corrupt politicians hanggang binabalik nagastos natatapos contractors bayad yun klangan tapusin yun,youtube
4930,eye opener every filipino held accountable made country miserable tama sobra nakakasuka itigil mamamayan karapatan mabuti ligtas pamumuhay ipaglaban ikulong panagutin kurakot pamahalaan kudos documentary abs cbn,youtube
4931,happy palpak tawa,youtube
4932,31b discaya luxury cars meron pagpalagay binili 10m isa 280m yun palagay totoo sinasabi niyang kulembat would much much bigger 280m imagine tongressmen kulembat,youtube
4933,laki nareceive isabela fact bumabaha cagayan mataas isabela tubig cagayan bagsak naku speaker galing isa corrupt,youtube
4934,naging tama trabaho discaya prevented flooding kaso give corruption bilyong nilang nanakaw kaban bayan binigyan problema duterte discaya supporters dds gusto gawing state witness iwas pusoy ginawa nilang kalokohan bayan managot discaya,youtube
4935,foreigner kuning contractors,youtube
4936,sad truth pare pareho kayong shameful country greedy leaders rootedly corrupt fathers sons disgusting guess get voted brainless voters main reason professionals left country find better life families,youtube
4937,curious dalhin korte asan philippines accused tanong explain senado bat dalhin korte nka coverage makita ebidensya nangyari pondo docs proposal completion,youtube
4938,sobra tama kahirapan pinoys sanhi korapsyon buwaya gobyerno,youtube
4939,ibig sabihin pagiging kristiyano bayang definitely see leaders genuinely understanding embodying called faith longstanding faith crisis church leaders happening,youtube
4940,must every politician family ehem freakin nepo babies,youtube
4941,must every filipino,youtube
4942,baka pati pagbaha lugar dati bahain sinasadya pabahain maka kurakot pondo,youtube
4943,umasenso pilipinas patayin corrupt bwaya papayaman habang pilipino nagdudusa ibalik death penalty kandidato bitay,youtube
4944,ibalik death p3nalty mgakurakot,youtube
4945,bbm utang utang ibang bansa nagawa,youtube
4946,bbm namang nagawa bansa baket daming utang bansa,youtube
4947,congratulations bless structure canda ilaya lopez quezon maungkat reminder halos linggo stranded biyahero north south malalaking poste noong bumisita kami aming farm ginagawa biglang natigil taga lopez kinapos budget hanggang nakatingga bigyan pansin abs cbn quezon province dept works highway maaasahan,youtube
4948,patunay sinungaling asawa mgnanakaw thives,youtube
4949,tax bulsa adminstration palpak,youtube
4950,buti puno tinanim maganda,youtube
4951,happy sunday,youtube
4952,tila lalong bumaha bulacan,youtube
4953,filipino versus legislative aristocracy,youtube
4954,marcos era includes final years third republic philippines martial law majority fourth republic end marcos dictatorial era country experiencing debt crisis extreme poverty severe underemployment would vote descendant expect,youtube
4955,isaisahin pangalan kongresmen descaya nagdrama marcos malihis usapin una nyong tanungin marcos romuakldez zaldy habang nagawa nagsasayang laway,youtube
4956,mahiya kyo binaha nkikipaglaban corruption lalo mahal pbbm trillanes vico sotto iba pagpalain kyo panginoong diyos kasama boong family,youtube
4957,politiko sala pababa ikulong,youtube
4958,kawaqa pinas nalusong baha ikulong kahet mayayaman,youtube
4959,panong imbes 20mil presyo dumoble presyo triple kurapt multuhin namatay pinaggagawa hayuf,youtube
4960,talagang konsenya magnanakaw,youtube
4961,solution alisin bahay tabi ilog ibalik ilog kanilang sapa swamp marsh pond iba,youtube
4962,maganda iloilo japanese contractor gumawa nung,youtube
4963,ganang panuorim silbing governo,youtube
4964,nakakagalit kurakot maagap presidente maiwasanga kurakot gahaman animalistic,youtube
4965,bago dukotan natutulog pansitan,youtube
4966,halatang scripted kinikilingan kwento iniiwas maraming nakawan metro manila,youtube
4967,mapanagot sangkot,youtube
4968,president bbm kailan nagpasimuno nitong unprogrammed funds nagsimula,youtube
4969,day abs cbn news would ask permission use documentary advocacy campaign make sure give full credit owner much,youtube
4970,hangga uunahin pansariling interes asenso pilipinas,youtube
4971,ganda explanation abs cbn linaw anotomy corruption,youtube
4972,kudos abs,youtube
4973,bbm mastermind iba magising tayong deserve government deserve better,youtube
4974,dds malaking kasalanan pinaglalaban amo kurap,youtube
4975,lawyers required take mandatory continuing legal education every years wish require lawmakers least month blighted areas within jurisdiction every year take pick country long blighted area ensure compliance streaming shall done filipinos netizens tune wish lawmakers shall eat residents area eat drink constituents drink sleep voters sleep maybe lawmakers actually plight truly marginalized lawmakers vowed represent maybe lawmakers mindfully spend every centavo betterment filipino maybe,youtube
4976,criminal mandarambong,youtube
4977,unang tanng ibinoto mula dinadanas,youtube
4978,isa sisihin bayan bobong botante basta nabigyan boboto agad ipatupad death penalty corrupt magnanakaw gobyerno pamarisan,youtube
4979,pba likod unang ingay laglagan hugas kamay bangag pangulo kasama malaking buwaya siyang hawak pundo plus gaway buwaya members,youtube
4980,binoto diba angkatiwalian kalagayan,youtube
4981,maging matalino tanungin sarili iboboto politiko pagbabago lalong lugmok komunidad ibig sabihin ganid kurakot politiko madaling salita pong iboto,youtube
4982,baha mangyayari palagi magpalit president nakita tunay maylasakit bansa pagasa ntin kumuha pilipino contractor japan pra wla mlunod mmatay,youtube
4983,inosente effect presidente uwata billion halaga kang inuutusan audit pabaya kang presidente natutulog pansitan,youtube
4984,tutoo sinasabi presidknte kawawa bata lalona bata magsasaka,youtube
4985,tanggalin bong bong budget p10 billion confidential intel funds office president sincere stopping corruption saan gagastusin p10 billion habang maraming pilipino nagugutom sobrang mahal bilihin,youtube
4986,talagang dyos hndi mananaig kasamaan kabutihan hndi laging pasko,youtube
4987,kailangan managot deserve corruption deserve better save philippines save future,youtube
4988,discaya netting means stolen net p51 75billion government funds equivalent approx 04billion forbes list richest persons world state shock scale corruption scandal much taxpayers money stolen much bigger government pure evil imagine improvements could done country much money stolen monsters,youtube
4989,ganyandin siquijor seawall sira gaagad sub standard saglit kailangan ilang hampas alon walana tas madaanan bay bay tipak cemento bisitahin ibang government buong bansa sama aming probinsya subject seawall wave protection,youtube
4990,boang marcoz,youtube
4991,nawalan asa sarili bayan magnanakaw pamahalaan namamayani nakawan padrino palakasan sistem,youtube
4992,mabawi pera marcobeta left group,youtube
4993,magnanakaw nagtatanong magnanakaw,youtube
4994,bitay perehas pulitiko niloloko pilipino sunugin malacanang peoples power ulit,youtube
4995,kalatoy latoy tong brc nato buti nalanag pinalitan,youtube
4996,sinungaling totoo sarili makasagot kagigil maparusahan kyo corruption pinas lord kyo bahala ska parusa dami hihirap bansa dami bata wla makain dami family hihirap kyo sasarap nakakagalit,youtube
4997,kumakalat,youtube
4998,marcoleta advice magnanakaw pang hopia nakakabobo kang lawyer,youtube
4999,ayawsagutin kataungan masagot issue ibig sabihin guilty kulong agad magnanakaw,youtube
5000,real businessman maybe dummy corrupt crocs,youtube
5001,tmakbo duterte sutukill,youtube
5002,sarap awa naghihirap dimo isip dami naghihirap mundo,youtube
5003,kinakabahan,youtube
5004,strikto jinggoy kasali kalokohan malinis,youtube
5005,bitayin magnanakaw kaban byan cla papahirap pilipino wla snang aabraod pondo nagamit tamang paraan,youtube
5006,bitayin cla,youtube
5007,senador jinggoy engineer brice hernandez bulaan,youtube
5008,ikulong kurakot,youtube
5009,kabahan agad,youtube
5010,dios arebalo atakihon gyud ana kakuyaw ngano gyud mangurakot paita,youtube
5011,pati sahod volunteer bhw sahod kinurakot,youtube
5012,panginoon bhala gumawa corrup makonsensya sakripisyo,youtube
5013,waowao iba coo company bka discaya coo ghost tlga ghost company nung lalaking information abt company nia coo coo prng confidence humarap pra takot nia tumingin mata low self esteem hnd attitude ceo coo construction company,youtube
5014,magpa luoy2x nawong buaya,youtube
5015,pagdumating panahon ilalahad dios iyong kasinungalingan buti nakakatulog dami mahihirap napinahihirapan naghahanap patas magnanakaw,youtube
5016,corrupt nagtatanong stupid system,youtube
5017,true liar detector,youtube
5018,lubog pinas kaliwat kanan corruption,youtube
5020,makatingin baka natakot kasangkot buaya mamangmaangan kapa,youtube
5021,tlga pilipinas kayang bumangon corruption,youtube
5022,kmo pangawat tpos momoy questionon mongoloy,youtube
5023,invoke right self incrimination idiot,youtube
5024,nakakainis,youtube
5025,kawawa taongbyan pera ibinili agad luxury cars,youtube
5026,takot cila,youtube
5027,gagonh abugago,youtube
5028,kulong magnanakaw,youtube
5029,akala nmn nkinabang jinggoy estrada nagmamalinis mkpgtanong akala malinis,youtube
5030,kumpiskahin yaman,youtube
5031,hrap saatin ngiimbztga ending imvolb,youtube
5032,balik sag grade,youtube
5033,ipabalik pera bayan ikulong maranasan namn kurakot,youtube
5034,kunin,youtube
5035,meron bulacan huli agad self incriminating yun evidence yun hahahah,youtube
5036,wow wow padreno bat takot takot harap,youtube
5037,ikulong ibalik pera bayan,youtube
5038,tawa kala safe,youtube
5039,dokdoka ulo ana arevalo,youtube
5040,wow kurakot wow cnongalin,youtube
5041,hinde makatingin naduling pera kinorakot,youtube
5042,tang inang tinatanong kwenta sumagot bulol kumag,youtube
5043,pareho nepal gahaman sinusunog,youtube
5044,yun masarap making speech,youtube
5045,matalino yun namatay agad,youtube
5046,forrien kinuha gumawa mabuti,youtube
5047,saka tama diseyon ibalik ninakaw,youtube
5048,ron quality,youtube
5049,tama higit tinan muna kwaleti matibay tos saka division bayaan kasuhan,youtube
5050,tungo,youtube
5051,kumukuha sagut,youtube
5052,tinuroan kausap,youtube
5053,hahahaha,youtube
5054,baboy tatawid kalsada hihiya sayang panty,youtube
5055,makatingin kausap sen jengoy,youtube
5056,nood sobra nko asar,youtube
5057,ikulong,youtube
5058,magturo persecute,youtube
5059,totoo tlga tiba tiba milyon milyon halaga,youtube
5060,iyang corrupt balik balik olo pugita patalino kaysa galamay nakapenitrate,youtube
5061,gigil nakakatawa kang nanonood show,youtube
5063,mahihiya sariling kalokuhan makatingin kaharap punong puno kasinungalingan ayan hinihingal takot ambot,youtube
5064,tawa tawa jinggoy,youtube
5065,buti tanggal marcoleta,youtube
5066,gusto mismoang papatay sanagassasinate charlie kirk,youtube
5067,baka collapse arevalo,youtube
5068,salot bayan ipatupad agad death penalty bansa,youtube
5069,galit galit bato akala,youtube
5070,ahahahaha natatwa bugok akala kong magnanakaw bumawe discaya discaya turo ibang magnanakaw kuralot kurapbabawasan galit ngga job,youtube
5071,person jingoy interrogation credible,youtube
5072,dami sasakyan samanta kame kareton,youtube
5073,nalokona dna makasagot sigurado dummy,youtube
5074,anong linis jinggoy pangalan next election sure talo kaso abswelto kaso kwawa,youtube
5075,nahahayblad owner ewan palagi envok imvok karun kaulumol simo,youtube
5076,kong ireport completed icheck gobyerno kong,youtube
5077,buwaya,youtube
5078,nakakagigil noh tayrabaho maranhal magkanda kuba kuba magtrabaho nkikknabang tax binabayad,youtube
5079,salamatsainniyo senador tunaykayonglingkudban maramingsaoanay gabayankayolagi puongkaykapal,youtube
5080,godblesse senador magalingskayo salamatsainniyo pangiibbistiga panginuonkasamaniyo ditolangako kasamaninniyo,youtube
5081,nabubulunanyangkausapmp jinggoy senador,youtube
5082,sengoy langya kya pla sangkot,youtube
5083,kawawa pilipinas nakakalungkot,youtube
5084,marcoleta estrada maginhebit investigation,youtube
5085,ituro guilty abswelto,youtube
5086,sabihin buong katotohanan sabihin pangalan malaking isda,youtube
5087,baka banta nagsabi totoo,youtube
5088,nagsisinungaling,youtube
5089,mahirap pinas nagiinvestigate ksama kasalanan ikaso agad proper trial doj,youtube
5090,handle truth,youtube
5091,manang mana tatay pareho,youtube
5092,jinggoy kana muna ulitin plunder case napaka sinungaling,youtube
5093,usap dalawang bwakaw,youtube
5094,pinagbobola,youtube
5095,tingnan aribalo mongoloids kong tingnan magaling mangnakaw pera bayan isip bata marunong sumagot galing mangurakot sarap patayin,youtube
5096,buwaya buwaya,youtube
5097,xintenp,youtube
5098,kasali jinggoy,youtube
5099,cashless society zero corruption,youtube
5100,nadamay apilyido,youtube
5101,jinggoy magsabi tinatanong malaman isa nakatanggap nakuha,youtube
5102,soft,youtube
5103,fvergood ensoroimhod,youtube
5104,ngttanong patawa tawa akala wlang kinalaman kng pwd hamunin suntukan sna makarma pamilya tubuan lhat kyo sakit cancer,youtube
5105,consultant,youtube
5106,nepal kumilos harap harapan silang tinatarantado,youtube
5107,daming sasakyan barya,youtube
5108,sanay kurapsyun arevalo kamukha ibang senador sanay kurapsyun sansy magsinungaling sia sanay preach,youtube
5109,iimbestigstion kinasangkutan kurapsyun pdap kaso nia nia bribrery sandigan dpa tpos,youtube
5110,bitay silya elektrika ibalik,youtube
5111,nakipagdeal 50m arjo cutie atayde,youtube
5112,napatonayan ngalin vetayen plaza manila,youtube
5113,pariparihas bigyan,youtube
5114,kawawa tiga bulacan lalo hagonoy laging baha maayus,youtube
5115,correct atty marcoleta magsabi mukahang takot magpangalan atty marcoleta,youtube
5116,imbestigahan iba pang contructors contructors kasali zaldy sunwest imbestigahan concentrate discaya,youtube
5117,panloloko kapwa panloloko diyos handa resulta imperno bagsa sure pagsisisihan ituloy ginagawa kawawa kaluluwa,youtube
5118,direction,youtube
5119,tanong ginogoodtime,youtube
5120,nagtatanong akala malinis galing umakting sanay sanay,youtube
5121,gulpe gulat jinggoy huli nagulat paka pinaguusapan corruption,youtube
5122,mung takutin,youtube
5123,ghost ciguro bulacan makasagot,youtube
5124,okay mura tatay digong kase totoo sarili never naging corrupt senador buwaya buking nagpapalusot,youtube
5125,body language sends clear message guilt hope tell cooperate investigation discayas name everyone involved coach abogadp body language,youtube
5126,sasagot qlng simpleng tanong litong lito kana naeengot nung time tinanggap anumalya bilis gumana utak,youtube
5127,ayaw mamamayans bangag sabwats kilos pagusto manipulators president blueribbon president diktar diktar impostor sinusuka taungbayan klarong tyrranical magnanakaw pwesto sunod sunoran uto utong nawog kwarta bayaran naku malaking panagutan bitay neighboring nations kasong ganito,youtube
5128,una impeachment taal bang katapusang namang naparusahan,youtube
5129,hay naku ikulong duuhh,youtube
5130,kapal sentor iss kelan kurap erap estrada,youtube
5131,naku jinggey sinisindak kasama,youtube
5132,nakakagigil jinggoy mamatay mabawasan mandarambong pilipinas manang mana ama,youtube
5133,ewan sayu jinggoy,youtube
5134,nakatungo senado mastermind naiwas tinakot senador buwaya kawawa nadidiin pweeeee,youtube
5135,character dating duon arevalo bro josel,youtube
5136,tawa tawag korakot karin,youtube
5137,halatang gost dinala maiharap grabi tsk tsk,youtube
5138,paikot ikot madami kapang pasikot sikot munang itanong sagot makapal magtanong niloloko sarili kaming pilipino pinanganak kahapon maniwala buwaya halang kaluluwa magnanakaw deput,youtube
5139,hay naku maniwala tinatago illegal yaman lalo senador tska even mayors umasa maso solve problema toh hangang drama dahel end ayaw madamay magtatakipan masarap maging mayaman,youtube
5140,yabang magsalita sangkot jengoy tuloy,youtube
5141,introvert contractor,youtube
5142,buwaya tinatanong kapwa buwaya,youtube
5143,nagiging kautuwaan,youtube
5144,aminin engineer pagkakaisahan nmn tlga aminin pangalanan tulad ginawa discaya kht papano makabawi kasalanan tuluyang maging tulad sobrang sakim,youtube
5145,nakakautal nagsisinungaling,youtube
5146,lolokohan ehh nohh,youtube
5147,senetor honteveros sumasagot maayos estrada smell something bacon,youtube
5148,estrada kala hind kasama damay kdin,youtube
5149,nakakahiya pilipinas,youtube
5150,sumagot admiral fujitora,youtube
5151,kinginang jinggoy hahaha kunwari npaka banal senador hahaha,youtube
5152,guilty hatulan bitay,youtube
5153,jinggoy galing,youtube
5154,kawawa low standard makakausap senador,youtube
5155,kabahan,youtube
5156,galing mang gisa napaka linis,youtube
5157,senador,youtube
5158,guilty,youtube
5159,tanggapin guilty baka maawa kailangan nagbibigay proproject kakumsaba ipit,youtube
5160,become owner construction company cant even talk directly cant talk face face stupid,youtube
5161,napakaguilty ghost dong masasabi tanggapin guilty nagturo congressmen sangkot,youtube
5162,halatang kinakabahan arevalo,youtube
5163,makatingin lalaki guilty,youtube
5164,kaawaawa,youtube
5165,yon mahirap korakot parin,youtube
5166,korakot contrak tor hiya,youtube
5167,kaawa,youtube
5168,kosakot cotraktor managot,youtube
5169,bato jinggoy dpat anjan nsa sapa dpat,youtube
5170,mahirap sumagot sinungaling,youtube
5171,iblik bitayparawalamag nakaw kaban bayan,youtube
5172,kanalng eat bulagang,youtube
5173,hayst bkt pera inyong sina samba guy wake dala yaman kabilang dumating mundo dala aalis dala lilitisin langit subrang maka salanan mundong dating inyong kataposan habang yon dudusahan kabilang guy gumising tulog pera,youtube
5174,dami ayw sabhin,youtube
5175,natatakot kurap masaya hatihati kayu,youtube
5176,aral isip bata makapag salita maayos makatingin kausap,youtube
5177,nagpalit tauhan litis mpag usapan money money money ambunan kase matic case close,youtube
5178,magtatanong pla nmn sangkot,youtube
5179,tanong wla nmn nangyayari,youtube
5180,mabuti iyo arevalo masasagot tama mabuti magbigti galit galit bayan iyo,youtube
5181,ehh maliliit kya agad kulong agad patunayan kayong kinilingan tulad samin kulong agad kulong million billion nanakaw daming pang tanong kungay katibayan kulong agad sibak agad pwesto,youtube
5182,nakakagigil,youtube
5183,lagi derby milyon milyong taya bitayin,youtube
5184,guy wasting time,youtube
5185,sangkot kolong life sentence,youtube
5186,maeestroke arevalo,youtube
5187,patayin,youtube
5194,hope contractors nagamit madiin investigations believed innocent holds power say well higher ups noticed contractors used ghost called big time contractors proves chosen knowing cannot anything say yes higher ups,youtube
5195,turuan tawanan nmn,youtube
5196,bulacan identical million million etc,youtube
5197,nabwibwisit estrada yabang magtanong nagisa dati,youtube
5198,pangalan palang wawao builders scam,youtube
5199,kana bonjing kang kumag,youtube
5200,take jail already,youtube
5201,lovely mother country cheated many pray change hearts turn away corruption,youtube
5202,yes power makulong,youtube
5203,meron tayong bataa death penalty pra nangungurakot nkkbwesut itsura dating buwya pro nung hinrp senado naging tuta,youtube
5204,tinatago turo,youtube
5205,tahimik sala tanong palang kong san proyecto gawa gawa kalokohan kayang harapin bata namn kagad kwnta,youtube
5206,willing answer look eyes hontiveros calm jinggoy marcoleta,youtube
5207,sure tinakot toh halatadong kabado,youtube
5208,hnggng invitigation ever since wla prin nkukulong sindikato coa bumalik sparrow unit totoong new peoples army corrupt,youtube
5209,woow nbuhasan malamig tubig naootat otat lakas loob magnakaw sumagot maibuka bibig,youtube
5210,totoong malalaking corrupt magbayad makulong contractors nasilaw pera inaawa lalaking nagsisisi pagkakamali,youtube
5211,sumawsaw nanaman ibalik philhealth,youtube
5212,baka palagi gamit chatgpt makabuo sagot hahaha nahihirapan arevalo,youtube
5213,graduate quezon province grade anong taon yun kalsada putol putol sementado part cement graduate katapusan putol putol lugar semento susme years nababago,youtube
5214,hiya contempt,youtube
5215,ala masagot jinggoy estrada,youtube
5216,pot calling kettle black jinggoy hamming pissed get contract,youtube
5217,front arevalo,youtube
5218,mukhang kengkoy dati cguro bago nagkabukingan yabang cguro umasta,youtube
5219,power nangyare pakawala hahahah,youtube
5220,ttanong nanakaw hahaha ambot,youtube
5221,naku galing kulimbat sagot kinakausap mesa,youtube
5222,tunganga mao,youtube
5223,kausap halatang guilty,youtube
5224,yabang bato isa,youtube
5225,kwenta imbistigasyon senador nagtatawanan magsipagalis inyong pwesto independent body anng magimbistiga kakahiya sayang pinapadahod taumbayan,youtube
5226,kulong ghost kwenta imbistigasyon makulong,youtube
5227,original meme,youtube
5228,hangal maparusahan resign sayang pera oras panahon pinasahod bayan kailangan managot,youtube
5229,sen jinggoy mapaamin sen marcoleta wow wow didcaya dummy navlang astig mangipin sen jinggoy,youtube
5230,duwag tong wawao napoles akuin nlng cguro lht kasalanan basta ibubulgar buti discaya nagbuwis bawiin binunyag,youtube
5231,nabulonan arevalo,youtube
5232,maka itlog arevalo,youtube
5233,nakaw galing tinanong jinggoy makasagot,youtube
5234,payagan panukalang batas sen lacson firing squad government officials proven guilty corruption,youtube
5235,gisang gisa ohh dpt dyn kulong hanep palambutin tutal ayaw salita,youtube
5236,mangiyak ngiyak animal baboy,youtube
5237,yona tanungin bitayin ägad demonyo,youtube
5238,huhulaan ungmga sangkot bigtime dyn aalis pinas gmit pera nilang nakulimbat,youtube
5239,robin sumagot ahh move move hehehe liaison officer nagkaroon umpisa pagtayo sariling company,youtube
5240,nakaso habang makukulong,youtube
5241,banantayan field engr pagkatapos buhusan semento hinuhugot uli bakal kita engr pibabayaan lgay,youtube
5242,descaya asawa makulong dami luxury car,youtube
5243,pinahiram lesencya mgkapera cya tanggap cya tanggap wow makukulong kyong cla gawa loob kulungan,youtube
5244,wow super yaman cla kulong babawiin pera kaban bayan kmi ofw mgtrabaho milyon kmi 30yrs samantala cla ngpapayaman kaban bayan,youtube
5245,tanging solution tuluyang matigil pagnanakaw pera kaban bayan ibalik death penalty kasong plunder either firing squad lethal injection,youtube
5246,kaso magpakamatay buesit,youtube
5247,ginawa ata,youtube
5248,teradurin par makatingin,youtube
5249,basta sangkot sumasagot,youtube
5250,budget congress senador solid work batas,youtube
5251,circus mangyayari imbestigasyon nakakasuhan namumuno diba villar nuon madame nakurakot bilyon,youtube
5252,nakaw tuloy makatingin dretso,youtube
5253,partnership yannn,youtube
5254,isa kapang sinun galing scammer,youtube
5255,pasasa kayaman nakaklimutan totoong hustisya namatay,youtube
5256,advise honorable contractor must protected cost wowow builders must winning bid dummy,youtube
5257,maybe nagamit name umatake anxiety nabubulol maka sagot,youtube
5258,hahaha please person know answer questions tagalog questions extreme anxiety,youtube
5259,nagiimbistiga kpg kakampi malumanay salita pasigaw magtanong,youtube
5260,lalaki kinuhang pera gobiernotama pangulo utang utang pinas kinukurakot masibang contractor,youtube
5261,sige kunin perang kinuha gobierno,youtube
5262,circus,youtube
5263,sala mka tingin mata,youtube
5264,manyayari juskooo tayu kawawa,youtube
5265,arayyy koooooook,youtube
5266,katawatawa lalake nakakakilala akala maamong tupa sure naghappy happy gamit pera bayan,youtube
5267,ilang beses nangyari kaso nangyari,youtube
5268,buwaya ulo pagong katawan bago pagnanakaw kalugod2 harap dios,youtube
5269,ayaw kasuhan kitang kita ebidensya ghost hays pilipinas aaksaya oras panahon kasuhan agad ikulong,youtube
5270,wlang kaso naka yuko patawa tawa naka yuko kaso,youtube
5271,hay hay nagtatanong kapareha,youtube
5272,usapan gumawa batas sunugin harap publiko mapapatunayan nagnakaw pondo bayan isa ghosts,youtube
5273,baka nmn ssbhin nyu kasalanan nmmn bbm bbm hnahanap netizen dat,youtube
5274,halatang halata namn nawalang sasabe totoo samanga kawatan ini imbestigahan bkt hndi kasohan ikulong mabawasan mgnanakaw pera bayan bka sosunod walng mkasohan walng makulong poro daldal kng duterte pangulo kulong pbbm kimilos kana ipakulong munayan mgnanakw,youtube
5275,kaming magsasabi incremenation,youtube
5276,ipaglaban karapatan pilipino kelangan magka gera sige ilaban basta kelangan ilaban pera pera malambit silang kama banig padin ilang taon,youtube
5277,kurapt bawiin pera bitayin silang sabay sabay,youtube
5278,makatingin laging nakayuko magñanakaw,youtube
5279,nahihiya humarap senador nahiyang magnakaw,youtube
5280,sarap nmn batukan,youtube
5281,ikolong ayaw sagotin akala tatanong kapit bahay,youtube
5282,makasagot sure takot kamali masabi pangalan sure advance bantaan bago gumawa masama iisip muna sarili banggit pangalan,youtube
5283,japan bilis pagkakagawa 2days aagd pinas aabutin buwan taon maliit malaki problema,youtube
5284,umulan mabibisto pinag gagawa,youtube
5285,ikulong buksan bank account bawihin perang nakulimbat gobierno,youtube
5286,start build build build nung demonyo,youtube
5287,halata nagsisinungaling guilty agad mkasagot maayos senador pinapaikot sinungaling patawa tawa ending wla mapapanagot,youtube
5288,monthly kolekta bayad depende natrabaho kaming manggawa kontrata kailangan matapos muna trabaho bago maka kolekta bayad gobyerno contractor ibig sabihin pondo puhunan kompanya katulad nakolekta naibigay pondo naumpisahan nakakagalit,youtube
5289,manyari makulong dating panahon makalaya makalimutan bayan kasalanan kagaya ibang naka kulong goberno ulit batas nanakaw bitay cguro malayo marating unlad pilipinas,youtube
5290,inbestigar envistigar yun sayang laway mapatutungohan inbestegasyon kikilos pera tudas baon limot tingnan atong nasapawan,youtube
5291,kolong,youtube
5292,niloloko,youtube
5293,daming paligoy2x sagot discaya,youtube
5294,makalusot matalino experto atty gerville jinky bitrics luistro,youtube
5295,punong puno talagang kasinungalingan curlee,youtube
5296,curlee anong magnanakaw,youtube
5297,discaya basta tell truth wrong attorney babae ayaw munang patapusin kaloka,youtube
5298,grand civet lawmakers,youtube
5299,guilty anong pagbigyan face charges,youtube
5300,anong tawag,youtube
5301,job 2028godbless clear explenation wuestion,youtube
5302,bkit paramg tinatakot ginigisa discaya bkit ayaw gisahin imbestigahan binanggit dawit ghost,youtube
5303,malapit lumabas kakatotohanan,youtube
5304,totoo makasalan magtapat kayong magpanggap pwe,youtube
5305,karantahan marcoleta lawyering accused firstly discayas nagkulang oras rehearse sasagutin tanong house sensya luistro chair justice house mahirap makalusot tanong chair nahuli luistro sariling nilang bibig digong aminin isasagawa ejk umiwas nanahimik sara cross examination questionable budget expenditures quadcom nangumpisal umamin empleyado sara humahawsk deped ovp expenses contempt naka iwas sara cross examination malusutan tanong isinalaysay umpisa awarded dokumento pwedeng ipabura marcoleta saan uumpisa imbestigasyon koruption nangangahulugan balak nilang bbm maipit digong pinagmulan mababawe marcoleta pinag umpisahan korupsyon bbm masisi masama digong palpak plano alalay panginoon unti unti lumalabas katotohanan sumiti dokumento magpapakita panahon digong onwards simula panahon bbm pwedeng burahin bawiin dokumento lagot marcoleta,youtube
5306,spanish wait,youtube
5308,niloloko niyang discaya,youtube
5309,bulaaan kausap atty tunay filipino problema ugaling intsik bulaaan,youtube
5310,tunay filipino discaya kausap mistizong intsik filipino mahirap kausap,youtube
5311,bless madam job elition,youtube
5312,attys discayas couples state witnesses protections rules law saying cannot say scam politicians started years,youtube
5313,yes yeeesss yes scam fake ghosts companies started dutertes years scam mafia administration find honorable pbbm,youtube
5314,discayas tryingbto say killed discayas tell truth scam politicians dealt,youtube
5315,evidences verified bring justices right away coz always answer lies skip crimes committed plunder accirdingbto law philippines constitution,youtube
5316,power luistro send life imprisonment firing squads duterte scam mafia families,youtube
5317,discayas still using round round style fake statesments cover scam politicians victimized poor hardworking tax payers money shame right robin marcoleta,youtube
5318,first place nun pinatayo tong kompanya nakisali bidding gobyerno sure maling kalakaran pinili mapagtuloy pare parehas toh gusto gatasan kaban bayan,youtube
5319,itinutulak luistro sabihin totoong nalalaman discaya,youtube
5320,maging state witness discaya halatang nagsisinungaling,youtube
5321,hoy discaya kurap natatakot dyaryo natatakot kaso dyaryo,youtube
5322,basag discaya atty luistro,youtube
5323,kawawa nsmn asawang discaya pina kawawa bata,youtube
5324,sinungaling bitayin nayan,youtube
5325,marami pang che che buretche ikulong nayan isama asawa nyang magnanakaw mabulok kulungan hayop,youtube
5326,buwakanang magdusa kulongan hayop kumanta kana,youtube
5327,hoy luistro tumigil kalla taga supreme court feeling galing galing pinagtatangol tropa napuro mnga buwaya hay naku kainis panoorin makalipat ibang news baka makatanggsl stress,youtube
5328,anak walanghiya pilitmong ipinagtatañgol mnga buwang pinangalanan discaya kala kang pilato luistro mabantot pwe,youtube
5329,napaka curlee hustler lan,youtube
5330,makalusot madulas buwaya caught dekalibri mabu kurapsion goberno,youtube
5331,basta idinawut koraption dambuhalang buwaya tambaloslos pilit pinagtatakpan kasamahan tongreso pamamagitan pagsisira kredibility witnes tulad discaya,youtube
5332,napaka clear tanong clear masagot sara sayad sumagot,youtube
5333,makukulong discaya,youtube
5334,bright tlaga congo luistro tlaga ibig sabihin discaya pinapaikot hanapbuhay construction contract time magagawa maayos trabho kya kamalasan opisyal pulitiko kasama sugapang pera posisyon natural makikisama buwaya kaysa wla kang makuha contrata governo ganito nkisama pamilya discaya cla masasangkot iba ring haharap abogadong matalino matalino pra corrupt,youtube
5335,juskopo naalala nananman napoles nabalangkas miriam requirement maging state witness halah sinungaling sanay magsinungaling naghalo balat tinalupan sinungaling sinasabi geh sinungaling either sinungaling curlee jusko,youtube
5336,discaya obviously trying free questionable billions got contractor state witness,youtube
5337,kawatan luistro,youtube
5338,hoy clear dmo toto langtakot magnanakaw takot namomo noot pagnalaman teemanate pababalikbalik tanong takot presidenti bangag daming kawatan yon toto,youtube
5339,katanungan papunta katotohanan gustong patunguhan,youtube
5340,ilito ngayung pinag uusapan,youtube
5341,speak tagslog atty luistro pks,youtube
5342,english english kala luistro magtagalog bwisit,youtube
5343,yng beeding sinasabi talagang nakalaan nayn style percent,youtube
5344,napakabait boses magsalita madam kagalanggalang boses,youtube
5345,galing magtanong madam blessed,youtube
5346,kurakot jinky luistro,youtube
5347,ikolong yon,youtube
5348,liar crime time throw jail,youtube
5349,english tagalog guy could understand please repeat guilty,youtube
5350,ugag luistro klaro inapaikot withdraw gusto corrupt,youtube
5351,ilabas dyarto mlaman qng totoo cnasabi cnungaling,youtube
5352,tingnan dyarto cnasabi nuon cnsbi tingnan qng ngssabi totoo,youtube
5353,duterte natutu kayong nakaw magsabe kana katotohanan pinag nakawan bayan,youtube
5354,tuldokan madam isalang bitayan magnanakaw bitay kasagutan kong hnde tigilan dakdakan makukulong taon kalukuhan,youtube
5355,disycsya didnt understand question english talk tagalog magkaintindihan,youtube
5356,obviously lying still making excuses usa habang nililitis nakakulong lalabas trial handcuff pinas palibhasa bulok system nakawala nakakatakas,youtube
5357,pinangalanan patay nauna involved,youtube
5358,masyadong mainit ulo luistro nagagalit,youtube
5359,pilit sinsali dating pres masyadong nanghinge takot mangotong kaydigong,youtube
5360,serious gravity offense warrant death sentence countries lucky life imprisonment,youtube
5361,miss luistro pagwalang akap rumualdez aic rumualdez dpat imbistigahan watching save philippines towards corrupt government officials jesus name amen,youtube
5362,ninyong takutin nagsasabi tutoo,youtube
5363,ikulong habang,youtube
5364,tinakot discaya deny affidavit,youtube
5365,tama salute,youtube
5366,ilan namang pilipino naggutom tanong bayan,youtube
5367,bang politico nagnakaw pera bayan bang kulong,youtube
5368,tagalogin muna madam pahirapan english discaya pareho kayong pilipino makasagot tama tinatanong,youtube
5369,wouldn rather accept accountability luisito line questioning seems discourage witnesses coming forward encourage witnesses philippine politician part corrupt system system elements linked together discaya favor perverse let sound important note describe system parts system exposed well putting witness defensive sounds prosecuting lawyer women named list discaya point questioning way someone please explain,youtube
5370,ikot ikot kasawa ilang buwan,youtube
5371,proud clear precise questions,youtube
5372,repent repent repent sins jesus coming soon recieve jesus life lord saviour saved,youtube
5373,galing liwaliwag questions congresswoman atty jinky luistro paltos gulat gulat discaya cia maka losot tanong luistro,youtube
5374,salute madam let pay wroing doings filipino,youtube
5375,bkit english english pilipino pilipinas tyo tagalog maintindihan akusado,youtube
5376,sunog atty luistro kana magsisi tamang,youtube
5377,laban descaya kang patitinag luistro,youtube
5378,yabang nmn nitongs ilistro dpat makulong kyo lht lalo palibhasa mayayaman kyo mkulong kyo lht,youtube
5379,unahin president luistro bangag kyong lha cuadro kyo kawatan,youtube
5380,luistro bias,youtube
5381,mean nagmalinis,youtube
5382,shut magnanakaw mali,youtube
5383,yumaman build2,youtube
5384,mananakoy kana magsasalita papagalitan,youtube
5385,maparushan,youtube
5386,pinili ginto kase singbigat bulak,youtube
5387,binigyan katwiran ginawa,youtube
5388,shoulders madam pumantay ulo oodt finest nuh,youtube
5389,officials yun kasama akusasyon,youtube
5390,discaya naging honest cnabi katotohanan ipinaglaban tama,youtube
5391,kanang ipal luestro ene iba tanong layo tanong,youtube
5392,sus nia npod speaker gyod bayad utang nimo sara,youtube
5393,panahon tuwad investigation hndi naamoy nangyayari nakawan loob bakuran hinayupak,youtube
5394,luistro pinakpan buwaya,youtube
5395,ikulong discaya kasangkot ghost,youtube
5396,laban discaya,youtube
5397,galing2 congress woman luistro,youtube
5398,imbestigahan kitang kita filipino papaano winaldas pera bayan noong election speaker galing nakaw kang karapatan imbestiga kasama speaker,youtube
5399,connected den alice goo taga pogo,youtube
5400,kasama congresswoman kuyugin napaka bias,youtube
5401,hwag kang matakot discaya galing nyang manakot currupt,youtube
5402,bitay sangkot,youtube
5403,galing rep luistro lusot dizcaya kinaya matalinong paguusig,youtube
5404,discaya gustong palusutan nauna nilang proyekto nagumpisa nuong halatang pinapanigan,youtube
5405,hoy kakapal pagmumukha buwaya tlga gobyerno luistro magaling magbunganga syapa nagsabing kong romualdez aics kong romualdez topad kong romualdez akap luistro isading buwaya,youtube
5406,salute luistro,youtube
5407,luistro yuo much important every steps investigation smart genius job bless,youtube
5408,luistro anti flunder law,youtube
5409,ganito katapang magtattanong romualdez,youtube
5410,mahusay abogada rep luistro taga batangas masuwerte dhl hnd korap congresswoman luistro,youtube
5411,tinatakot luistre telling discaya repeatedly makukulong life,youtube
5412,ibang senador magnanakaw indiekona iboboto animals ninakaw indie madala sainpyerno dds,youtube
5413,kapal,youtube
5415,sabihin katotohanan ignore think discaya kong kang masamang ginawa,youtube
5416,proved kang kasalanan afraid tell truth,youtube
5417,tell truth,youtube
5418,pinilit diskaya old enough wrong right simpleng tanong atty refer lawyer obvious lying,youtube
5419,answer question yes,youtube
5420,ulo nakaw mamatay,youtube
5421,ikulong,youtube
5422,yon bir terminology konting tagumpay,youtube
5423,jaunting tagumpay bir magdabi,youtube
5424,let court decide truth tell truth pera hinahanap bahala kong makulong basta magsabi totoo,youtube
5425,let court decide tell truth,youtube
5426,question kong nagnakaw tama,youtube
5427,totoo isabi matakit psywarbmskulong madami makulong sabihin totoo,youtube
5428,tell truth matatakotwhat question,youtube
5429,sasabihin totoo huwagmatakot kong plunder plunder basta kong saan pera nagpunta isabi,youtube
5430,nagsadabi totoo kong saan pera,youtube
5431,tell whole truth choice lies lalong bibigat case,youtube
5432,kulit discaya name,youtube
5433,galing talagang magtanong,youtube
5434,gulo discaya napilitan ginawa nakakapagod pakinggan sagot,youtube
5435,yes lot listening educated,youtube
5436,correct billion big money discaya kaunting tagumpay hmm,youtube
5437,rep luistro would say question hard nobody asked kind question great question,youtube
5438,mali sagot,youtube
5439,mahusay magtanong luistro maliwanag,youtube
5440,luistro bana nimo asa nimo gipatago,youtube
5441,galing luistro way talk ask question,youtube
5442,ina luistro naniniwala congress umubos trillion pera bayan pilipino saan pupunta,youtube
5443,romualdez lqng asking,youtube
5444,hoy luistro dami satsat paligoy ligoy tanong tumigil,youtube
5445,paulit ulit,youtube
5446,sabihin totoo,youtube
5447,luisito sinungaling sinungaling galing imbistiga imbistigahan sarili judge sabihin akusado rubbish,youtube
5448,telling complied legally ning bidding notice proceed issued woudnt start without giving percentage brivery asking otherwise would cancelled,youtube
5449,bidding attended bribery corruption illigality,youtube
5450,halatang halata kaayo ridon hahaha,youtube
5451,balik2 luhestro,youtube
5452,kuyugin talga sirain bahay niyotakot nakaw yon,youtube
5453,abogado nlng tinatanong total abugado gagaling sagot nia,youtube
5454,bobita putcha naiintindhan nkakaintinde,youtube
5455,bwaya gigisa discaya puno bwaya kamara,youtube
5456,kinukurakot pira bayan tinoloy paren edahilan napilitan ginosto linabag pwd mangyari ginagawa,youtube
5457,ganito interrogate mapaamin nanakaw bebe marcolita takpan nakaraan administration duterte,youtube
5458,ayaw sistima nayan drugs ayaw ayaw gozto mangyari makukulong ekaw adik eligal pira hayop gagawa kang mamalilis,youtube
5459,bwisit nangurakot dizcaya nagbunyag kurakot tanong iditalye kurakot,youtube
5460,discaya babaeng pinipilit ilihis topic napipilitan kase magbigay discaya politiko humihingi porsyento syempre gusto manatili business magbigay filipino habit pakikisama know,youtube
5461,tanong considered manipulative question consist given answers formulated,youtube
5462,matter questioning fair answer,youtube
5463,tong babaeng obviously rude sinusupalpal keep threatening,youtube
5464,mapupura couple nagsisinungaling contractor napuno linta,youtube
5465,love luistro become,youtube
5466,enjoy enjoy ganoong kalakaran laki kinikita isipin kong ayaw sistema hinde itinuloy hanapbuhay maraming filipino hinde gumagawa ganid sabihin mapilitan ginusto limpak limpak salapi nakabi konsabo nagpagamit ginusto,youtube
5467,enjoy enjoy ganoong kalakaran laki kinikita isipin kong ayaw sistema hinde itinuloy hanapbuhay maraming filipino hinde gumagawa ganid sabihin mapilitan ginusto limpak limpak salapi nakabi konsabo nagpagamit ginusto,youtube
5468,set wife free tell know corrupt officials truth set free point involved tell know guide free truoble,youtube
5469,ibalik pera bayan natutuwa galit filipino,youtube
5470,anak discaya sabihin ligtas makukulong asawa,youtube
5471,takot duterte luistro attorney kaba,youtube
5472,hala kongresman komampi daldy baka madamay,youtube
5473,questioning discaya watching rebroadcast discaya joke rather hilarious,youtube
5474,everybody enjoyed money isa talagang naiipit marami ngtamasa isa napapaunta kulongan,youtube
5475,marunong magtagalog madam english english lhat pilipino nakakaintindi english magtagalog,youtube
5476,diskaya baliktad masado kana halata ikulong,youtube
5477,halatang halata conggresswoman nananakot lumabas katotohonan,youtube
5478,malaking prublima kon saan napota pera bayan nayan,youtube
5479,saan nagpunta perra,youtube
5480,nararapat ginawa ituro patayin natira kayong dangal konti naghihikahos kyo pasada pera,youtube
5481,masasabe kolng balek loob pahinoon palataya lingkod pahinood kong sabeehin monalang,youtube
5482,ipilit past adm,youtube
5483,discaya guilty,youtube
5484,proof transfer,youtube
5485,accessories crime,youtube
5486,playing dumb miss luistro,youtube
5487,gusto mahirap maging mahirap mayaman maging mayaman,youtube
5488,affidavit full inconsistencies lies want come,youtube
5489,bat dinidiin nitong rep luistro previous admin anong baliktad2 pagtanong,youtube
5490,hard understand data pcig won bidding record bidding,youtube
5491,mabuti nahiya kang magnanakaw discaya nagpa enterview kapa,youtube
5492,obviously lying discaya answer unstable,youtube
5493,hate evil psalm peace wicked saith isaiah isaiah angry wicked everyday eyes run fro throughout whole earth zecharia chronicle sympathy evildoers psalm,youtube
5494,sobra nakakapanggaiti kaung government nakakahiya,youtube
5495,perte gyud nimong datu apan naa mali buhat labag batas ginawa ninyong panlilinlang maraning taon nkalipas saya saya nnyo samantala nmatay dulot baha kulong parusa utos patayin mgnanakaw justice judgement acceptable lord sacrifice proverbs name rather chosen great riches loving favor rather silver gold proverbs,youtube
5496,obviously curlee discaya lying,youtube
5497,brilliant jinky luistro use,youtube
5498,lies father liars lucifer jinky luistro keeping work well pleasing decent honest bless work perpetually give wisdom use esposes evilworks liars,youtube
5499,obliged answer question unless advised lawyer,youtube
5500,inquiries nowhere guilty parties looking hide millions stolen let nbi professional investigators job hope none involved intentionally delaying investigation,youtube
5501,samok nmo,youtube
5502,wahahaha discaya monang utoin kaming pilipino talagang nanakaw kayong asawa,youtube
5503,prinoprotektahan marcolang,youtube
5504,itigil ayan poros kasinungalingan kami sisinongaling,youtube
5505,kakatakot kaysa patay,youtube
5506,mabibigyan wpp,youtube
5507,mean kailangan talagang magbigay makisama sasabihin kasalukuyan nanghihingi scripted tumaas kita tinutumbok pataas sinungaling discaya selective,youtube
5508,mdam tagalugin maintindihan english usa pinas,youtube
5509,afraid philippines want know truth persons behind since,youtube
5510,wow conting tagumpay conting grabbing reson dignidad mahalaga dinyo tiningnan kinamkam madaling kano pinohonan negosyo descaya kano puhonan income ilang taaon subrang subrang pera dinaig mopa,youtube
5511,siraulo karin diacaya pilit silng proprotwktahan paman mangyari aabutin anong angulo ilaag gagaan kaso silang isalba pwesto maglalbs ggawa dismissed makadahilanang siwasyon ligtas,youtube
5512,louis tree stifling truth place witnesses attorneys place give legal recommendations created fear instead open account happened create domino effect future witnesses,youtube
5513,agree louie stress lionel questioning instead trying get truth trying scare truth,youtube
5514,wawakasan mawala salot gobyerno matigil ganyng kalakaran pamahalaan umayos lipunan,youtube
5515,kulang mawalay panghabang kanilang pamilya,youtube
5516,basta muna bigyan witness proteksyon marami siyang aminin sabihin natatakot sabehin politiks involved nabigyan kickback,youtube
5517,gusto nyang idawit previous boring panootin sayang oda,youtube
5518,yes isasagot ibang tanong masagot daming tinatago discaya,youtube
5519,gusto pilipino ibalik konting tagumpay,youtube
5520,magnanakaw napaka sinungaling barado palagi sagot,youtube
5521,lakas loob sabihin magnanakaw,youtube
5522,sinungaling discaya nayan talagang curap nayan madami kayong ninakaw,youtube
5523,ikolong nayan magnanakaw napakasinungaling discaya,youtube
5524,marlenebrillserna iyak discaya lubid lubid kasinungaling isigaw master curupt pasok rehas bakal lisincia payaman ingnr mata sign board rent licine gost diba nice,youtube
5525,klaro tota bbm present administration etong flores ulit2 iginigiit past administration,youtube
5526,gusto talagang isali pabagsakin kasalukuyang admistrasyon talagang gustong pagtakpan,youtube
5528,ipakolong pobre mosamot kapobre dato mosamot kadato,youtube
5529,makasagot deretsahan paligoyligoy,youtube
5530,deserve nagpasarap naging mloho ngpskasasa husto,youtube
5531,grabi tanong aiming disqualify affidavit sangkot nilang tamba,youtube
5532,twisting yado questions,youtube
5533,yes,youtube
5534,pinahirapan discaya halata namaraming binibigyan labas,youtube
5535,pinahirapan discaya halata,youtube
5536,dahilan,youtube
5537,guilty pasimono,youtube
5538,tama discaya mahiya,youtube
5539,tama discaya,youtube
5540,kawawa discaya totoong nagpasimono makulong,youtube
5541,kong totoo sigoro discaya deny,youtube
5542,tinatakot discaya,youtube
5543,cover dwh kong totoo,youtube
5544,isa,youtube
5545,madam simple regardless napilit kulong ginamit pera masabi pinilit akala makakalusot,youtube
5546,luistro point save system working push agenda contractor hint putting bad blood previous administration pointing completed timeframe graph current administration shown graph politicians politics help filipinos hope kind politicians change centric rather saving positions serving politicians politicians wanting serve reap confirm hahaha,youtube
5547,buhayin patay,youtube
5548,baka kamag anak discaya alice amnesia,youtube
5549,suicide,youtube
5550,natanga discaya,youtube
5551,gilingin bayan,youtube
5552,inisip idinawit galit pinadami gustong pumatay,youtube
5553,gawin discaya iba pang sangkot ngyn ulan bagyong baha tumulong ngyn baha bigyan pera binaha maka bawi bawi manlng,youtube
5554,nitong discaya sempling tanong masagot,youtube
5555,magnanakaw kayung magasawa,youtube
5556,cpc mjm jmjk8 4mn mmm mmm mmm touch hold clip pin unpinned clips deleted hour touch hold clip pin unpinned clips deleted hour pp0p help mmm mmm mmm mmm yep mmmjn mmm lo0 mill jml,youtube
5557,mayaman pilipinas maraming nakokorap ibalik salapi kuwarta datung dinero soldi mamamayan,youtube
5558,ayaw laging works ginagawa nagsalita nung yumaman,youtube
5559,natatawa kilo bulak kilong ginto,youtube
5560,hnd kana bigay ganitong isyo panindigan trabaho natakot mawalan hnap,youtube
5561,honorable luistro masydong ginagalingan tanong papatayin nerbiyos curlee,youtube
5562,curlee aayusin pagsagot totoo nagagalit ridon see upset,youtube
5563,lumabas buking sablay baha tama drama sinungaling marami boy dila lusot inamin muna atrasan buking kayabangan,youtube
5564,otro sad imo lawyer kawatan sad,youtube
5565,atty palitan constitution gaya singapore singapore corrupt systema nakinabangan matinong bayan makinabang masamang tawo political power initiate bagong systema gvt unlad bansa maka move forward intended progress matulungan pres pagbabago bagong pilipinas ibig sabihin baguhin constitution ika unlad bansa pinas,youtube
5566,gusto palabasin luestro bayaan nalng nakawan nangyayari,youtube
5567,bistro tried scare resource accused person parted siblings ask questions let court explain consequences otherwise investigation stop without involving higher ups politicians involved corruptions,youtube
5568,woman hear charging bringing cases government officials involved corruption case charged asking wrong questions sick,youtube
5569,nagsisinungaling descaya tinuruan marcobeta madamay pinagtatakpan hihinge sure yun nanghihinge ayaw madamay dating administrasyon posible duterte maraming kurakot syiempre kasama kayang usisahin ibuking,youtube
5570,million filipino million filipino hahaha feeling nakaw,youtube
5571,galing luistro malumanay maliwanag kong magsalita,youtube
5572,daldal terry aunor,youtube
5573,time tamba,youtube
5574,burn agad,youtube
5575,kumpis ari arian,youtube
5576,kulong agadd,youtube
5577,damay anak,youtube
5578,pnhon prd myron pacc nun umupo bangag tinanggl agd pacc ngkron cla lkas loob mangurap npaka basic intndhn,youtube
5579,patay dinamay bubu hayop,youtube
5580,impesa palang binago contra nagbago tuloy tuloy parin,youtube
5581,discaya putting self hot water affidavit wrong,youtube
5582,tama discaya mabuti mapatay ipinahayag kasalanan inamin kesa mapatay humikayat nagkumbinse pinush gawin magnakaw yun contractors matatakot magsalita hidden crimes exposed,youtube
5583,nakumbinse mandurugas senado congress lakas maka demonyo bihasa mandurugas gobyerno senado congress,youtube
5584,ibalik ninakaw,youtube
5585,grave jinky luistro gusto idawit prrd hayop babaeng,youtube
5586,kang matakot matakot paghusga panginoon diyos,youtube
5587,congresswoman always targeting pass administration power triping pressuring discaya pinag tatakpan,youtube
5588,congresswoman mukhang bias,youtube
5589,contractors engineers lagi tinitira kinukwestyon privilege speech sen lacson malinaw malalaki kinasasangkutan ilang politiko involved iniimbestigahan highlight media naka focus palagi contractors engineers panginoon bahala pilipinas kong mahal noong eleksyon speaker aics akap pang funds tamad kakilala taga lista benifeciary nanay senior citizen wowork kobrador kasama binibigay government anak ofw ngayob billions ever trillion kurakot,youtube
5590,sinungaling discaya super sinungaling halata kinakabahanmay tinatakpan scripted apedabét,youtube
5591,ginisa sariling mantika,youtube
5592,sinungaling liar great,youtube
5593,mamaya mawala agad hayz,youtube
5594,tigil ksi imbestigasyon paubaya duplication function hangang recommend,youtube
5595,nawalana ibang behind dds quo,youtube
5596,nailed every aspect,youtube
5597,useless paikot2x put bigger fish well zaldy question martin romualdez zaldy,youtube
5598,viewers reward transparency creators discuss challenges openly,youtube
5599,viewers value creators interact directly,youtube
5600,hahaha big budget parehong kurakot,youtube
5602,beware countrymen last presided previous marcolekta niluto sagutan discaya dutards bloc allies obvious behind scenes buti napalitan,youtube
5603,pakita slides,youtube
5604,bato bibigay ganyang bata galing mangurakot sayang oras magsalita,youtube
5605,madaling sabihin raffy tulfo kalakaran pinas mataas madaling magdesisyon kumilos lalo pera sangkot,youtube
5606,pasmado kamay camera,youtube
5607,tulfo galit tanong namang kwenta tanungan,youtube
5608,hay naku sen bato tanong pabalik balik,youtube
5609,dios ngttanong aamin mgnnakaw staka comonsense syempre driver tauhan pakukuhanin cla mismo kukuha pingloloko mgnnakaw,youtube
5610,nagreact kaagad halatado bossing,youtube
5611,madam cabral botox hnd wla bwiset,youtube
5612,nakakadiri kayong kumubra pera bayan,youtube
5613,bato naitulong dian kana attend sayang oras,youtube
5614,first gusto mapanood sunod sunod hnd umpisahan,youtube
5615,bitay,youtube
5616,kinikita baka nagpapahiram lisensya,youtube
5617,ginagamit alcantara bata hulihan pera nakapangalan alcantara,youtube
5618,sec villar sinasama hearings,youtube
5619,ipagkukulong corrupt gobyerno lumalaki bahay nagkakaroon maraming sasakyan gobyerno simula iaudit hinahawakan lugar siguradong ninakaw pera kaban bayan suppose meron magagandang daan infrastructure pilipinas ipaglalagay vanishing island magnanakaw kasama iba pang criminal pilipinas servants serving community self interest,youtube
5620,wish consider fact indigenous dispute worse usa atop nuclear arms indigenous dispute,youtube
5621,aliko statements arrogantly ignoring fact indigenous yoruba ancestral sovereign land longer part brainwashing arrangement called nigeria individual collective rights indigenous peoples non negotiable united nations secretary general,youtube
5622,galing risa hontivirus nung pwede excuse babalik muna sandali opisina pagpupulong kinabahan gagawing mabuti grupo demonyo habang ibang senador busy investigation grupo risa hontivirus nagpaplano kudeta laban chiz imposible kasing excuse risa ganito time umalis iyong purpose alis,youtube
5623,nakakaiyak,youtube
5625,malabo magpaliwanag toby tiangco suspecha papogi tatakbo senador,youtube
5626,instead tax empleyado gawin binigay parusa payamanin contractor senador congresista kawawa kami kakayod nagpapakapagod break samantalang uupo magtatanong resource person sarili isa magnanakaw,youtube
5627,mendoza guy anywhere yaya dub happens wife arjo somewhat connected discaya actually bulacan well asking connections bizarre,youtube
5628,bring back firing squad politician corrupt contractor proven guilty stealing eliminated hope marcos balls,youtube
5629,lacson strategy sure paliwanag diversionary investigation smokescreen imbestigasyon ginagamit makahanap katotohanan kundi ililihis atensyon publiko media tunay sala napapagtakpan habang iba karaniwan kalaban politika napapadidiin scapegoating sinasakripisyong grupo upang maipasa sisi mailigtas mataas posisyon weaponized investigation ginagamit imbestigasyon sandata laban kalaban habang kaalyado pinoprotektahan,youtube
5630,aren cameras every location pressing without proof show cctv casinos streets buildings money hand offs done show,youtube
5631,basic internal controls lacking nasaan accountants auditors pera release inspection depende percentage completion negligent mula commissioner hanggang accounting binabayaran cash lose money trails everyone paid cash government banks investigate movement money pinayagan withdraw ganoon laki sums money obvious nagduda laki cash winiwithdraw central bank oversight everyone looking way basta napupuno balsa designer bags nakakahiya pilipinas poster country fraud corruption,youtube
5632,framed alcantara used name win money,youtube
5633,jingoy part convicted bribery,youtube
5634,way thousand pesos afford lamborghini worth house,youtube
5635,craulung congressm nto dinadawit pti mka dyos pki bistigahan ngato makulong tunay nanakaw kaban bayan,youtube
5636,jingoy contractor tinitira hulihin mastermind puppets contractors,youtube
5637,usec cathy cya mastermind imbis paconstruct maayos kinurakot pinaconstruck pagmumukha halata namn response,youtube
5638,kailangan palitan buong gobyerno talamak amg kurapsyon lasi nabibitay,youtube
5639,tinulungan marcoleta maliwanagan way magtanong marcoleta professional,youtube
5640,matandang tulfo asking explain muna making explanation nagpapaliwanag discaya sabat sabat tulfo radio,youtube
5641,sabihin natitira kontrata binibigay kick back meron natitira budget bloated say example would cost million approved deliberation problema insertion dinadagdag mabawas whole amount malakinpa matitira magawa tama another problema maynakaugaliaan marami magnakaw whatsoever,youtube
5642,bayan yon matimatija bansa ubos palagi kaban bayan,youtube
5643,tanong mangyayari neto mgbabayad ginawa mawawla baha nalaman corupt aayusin ulit tanong anu mangyayari,youtube
5644,kaban bayan casino,youtube
5645,nice medyo gulo camera hahaha,youtube
5646,tas barya ayuda naayudahan binoto buwaya,youtube
5647,nakakagalit nagpapayaman yumayaman nasasakupan nagkakanda kuba kuba trabaho umulan umaraw talagang papasok araw araw pangangailangan samantalang buwaya nayan iba pang ahensya hayahay sarap makarma nawa kaban bayan maibalik magamit totoong pangangailangan sambayanan pilipinas,youtube
5648,pang retoke cabral,youtube
5649,katungkulan batas pakealam nasasakupan nawa maalis buwaya gobyerno mema laman sinasabi salute sen marcoleta toby gov dolor,youtube
5650,umiral pagka doble kara bbm bangag mahiya kurap noong napunta imbestigasyon marcoleta senado zaldy romualdez pinatanggal escudero president dalawa target bangag maalis marcoleta mapagtakpan tambaloslos zaldy mabubulgar kasangkot corruption dalawa ikalawa maituloy impeachment sarah kawawa bansang pilipinas nagtagumpay kanilang plano hinayupak buwayang,youtube
5651,iyang insertion budget trabaho tamba zaldy sarah gustong dagdagan limang bilyon pondo deped kukunin tamba zaldy gumastos pera pumayag sarah mapuputukan bandang huli nautakan confidential fund ibigay malapit matapos taon meaning gastusin mababalik pondo bayan mapipintasan marunong gastusin pera gastusin sasabihin ginastos milyon pesos loob days ngayong ginagawang basehan paninira buwayang politiko either way masama magaling taktika gobierno bangag commission audit namang corruption gastos pera ayaw nilang tigilan paninira talagang target impeach makatakbo eleksiyon kayang talunin ganito ginawa tanungin sec bonoan saan nanggaling insertion nagpalaki pondo maipaliwanag either takot sabihin totoo kaparte masagot,youtube
5652,daming camera makuha angle intawon sab,youtube
5653,tahimik bat pinapatawag pinaskil kampanya,youtube
5654,napakalake expose toby door tas turn table senado waah kawawang pilipinas rally edsa naunahan indonesia nepal,youtube
5655,matindi politikong untouchable nasan hustisya,youtube
5656,gulo raffy pinag uusapan tumaliwas nagsasayang oras mema peg,youtube
5657,usec cathy pangandaman,youtube
5658,nakakapanglumo,youtube
5659,napapamura taga gaganda sasakyan 70k monthly sahod tayong tratrabaho patas makabili lamborgihni,youtube
5660,death penalty involved tanggalin pwesto freeze account payagan makaalis bansa litisin bawiin pera,youtube
5661,napakalayo talino gov mindoro talino gov bulacan pulos alang nasasakupan nyang lalawigan porma bulacan gov yun proof bulakenyo isa binabaha malolos city,youtube
5662,nkuha pondo icacasino muna ibitay,youtube
5663,nadamay driver baka bantaan,youtube
5664,laki pinapatalo casino binibitay,youtube
5665,pet peeve eexplain pinuputol kana papaano idedepensa sarili diba jinggoy deretso kulong kesa explain papakinggan,youtube
5666,kahapon kinawawa brice prang naawa kanina kumanta dinawit senador,youtube
5667,papirma pirma alcantara sayang pasahod sau capable trabaho nagchecheck palusot yern,youtube
5668,naku naku bikol party list family always tour around world hayss,youtube
5669,puna kalmado tanggap tanggap kaagad pahayag pacifico obviously shows nagduda sworn statement descaya kailan bigayan naa lately nuon,youtube
5670,yes strict adhering budgets pera bayan mapunta buwaya magnanakaw gobyerno shame makatakas batas never escape wrath,youtube
5671,snatchers nakakulong samantala magnanakaw billions millions gaganda suut barong coat tie,youtube
5672,congratulations graduates huy jingoy pahalata takot sali lista,youtube
5673,deserved paawa effect tik,youtube
5674,mukhang gustong idiin jinggoy bryce alcantara contempt agad alcantara umayon jinggoy tama alcantara papasugal pera,youtube
5675,makulong buaya kulongan ordinaryo hinde aircon,youtube
5676,ayup harap harapang pang gagago titindi kakapal nyu,youtube
5677,power,youtube
5678,andiyan pangalan ipatawag ayaw death penalty mismo mauuna batas know,youtube
5679,nakakatindig balahibo dami naghihirap kayong pwesto hayop mabangongot dawit,youtube
5680,pakat letter pakat letter toby usec cathy jusko pet peeve,youtube
5681,safe kana,youtube
5682,talagang pet peeve pagsasalita letter navotasss malabon ughhhh,youtube
5683,talagang magagawa mambabatas halos aminin nilang nakakalulang amount pera bayan guilty silang yet still free outside nakakapamura,youtube
5684,hearings tas parusa buwaya lagyan ngipen batas pilipinas uulit kawawang kawawa bayan pasarap corrupt,youtube
5685,lakas loob jinggoy icontempt bryce ayan nilaglag tuloy kanina,youtube
5686,nakakapang lumo nakakagigil million million winawaldas nitong hayup natu casino pera bayan hayup kayu,youtube
5687,humabol lack compreshension bato inaawas license owner cost mapupunta bryce pinipilit total,youtube
5688,obvious kagaguhan anong plano ngaun mgnda mrinig malinaw laht kagaguhan juskoo paikot ikot lngg,youtube
5689,245m,youtube
5690,tulfo mema,youtube
5691,grabeng milliones pinapatalo sugal,youtube
5692,grabi kahon kahon pera hahahaha sunog lupa,youtube
5693,billion pesos nilulustay bibigyan mamayang filipino mahihirap bahay halagang million eskuwater total population philippines million,youtube
5694,yaman pla pilipinas,youtube
5695,zaldy romualdez nyong bibigyan protekxon haup hayaan nyong karma tumodas mabuti haup itaas msmo magliligtas couple cnu buwaya,youtube
5696,comedy banayad whisky nakaka tanggal problema highly recomemded,youtube
5697,vietnam commit fraud corruption government executed,youtube
5698,funny sen rodante saying safe sen jinggoy,youtube
5699,imee marcos retokada,youtube
5700,ialam jinggoy kasya maliit box pera hahaha halatang gawain,youtube
5701,king ina natapus nlng oras wla kyong napala maligoy nlng sagot,youtube
5702,masolusyunan hnd mtabunan hind prang circus senado,youtube
5703,tang inang ads bang idadami,youtube
5704,biktuma silang asawa,youtube
5705,ifreeze assets ibang contractors ewan magsipag,youtube
5706,marunong sec diman split screen projector mayyos kulng gamit daiig nyopa stremers,youtube
5707,banat buto kurakot lumaban patas,youtube
5708,huli kulong dami dami nagnananakaw gubyerno pro pang nakulong philippines kya mayaman tpos connected gubyerno well tunay yaman kya nkilala big time tapis tatanubgin san nagtatrabaho pati pamilya sagot aaah,youtube
5709,happen naa pud house representatives naa pud,youtube
5710,tulog lagi wawao,youtube
5711,bayan pasabogan nalng senado matapos giatay bayaran nanaman taxes kawatan nakaupo gobyerno presidente pati empleyado mangamatay unta tanan,youtube
5712,clean reputation statement comes proverbs bible reads name rather chosen great riches loving favour rather silver gold verse wisdom literature teaches person honorable reputation character goodwill receive others valuable enduring material wealth temporary ultimately less significant living life integrity godliness,youtube
5713,alcantara laging nakakalusot,youtube
5714,bato mukhang chismoso makipag usap,youtube
5715,hoping focus imbistigasyon kundi,youtube
5716,timoteo bagong tipan filipino standard version subalit naghahangad yumaman nahuhulog tukso bitag kahangalan nakapipinsalang pagnanasa magtutulak kapahamakan sapagkat ibig salapi ugat uri kasamaan paghahangad yumaman nalayo pananampalataya nasadlak maraming kapighatian doktrinahan contractor govt officials tungkol issue ghost naghihirap kalooban napaka halaga pagpapalaganap salita diyos paraan upang malabanan pandaraya diablo,youtube
5717,napaka klaro speaker zaldy baka maiba,youtube
5718,millions billions pinaguusapan dto samantalang reality 30k salary kitain kaltas gov benefits tax,youtube
5719,saan nagssbing baliw sarah duterte nun cnbeng corrupt romualdez,youtube
5720,pakidagdag investigation casino management minsan tapunan dirty money sadya nilang pinapatalo kuno casino nakaw pra malinis makalabas bansa perang ninakaw kumbaga magpatalo milyon babayaran management milyon kya lagi casino pra maitago ibang bansa nakaw raket alice pogo,youtube
5721,hahaysss 30million mapa wow talaaga ibalik pera,youtube
5722,totoong bahain navotas used walk hours school house vehicles could pass lagpas baywang baha,youtube
5723,hon marcoleta bihasang bihasa galing,youtube
5724,kalampagin buong pilipinas isulong itigil muna pagbabayad buwis panawagan nationwide huag magbayad buwis tagal panahon buwaya pagnanakaw gobyerno napupunta buwis binabayad bayan boykot pagbabayad buwis,youtube
5725,kulang kwento start discaya yatang nabanggit politician nagkaroon connection nung panahon yun klangan managot bayaran namatayan nawalan bahay magsasakang nalugi controls palpak iba talagang guni guni,youtube
5726,bagag nawng ninyu kakapal,youtube
5727,worries kaysa kyu ilalim deep deep deep,youtube
5728,grave billion wow,youtube
5729,bat camera kayong extra cameras galaw galaw trillions billions pinag uusapan makainvest extra cameras chaka,youtube
5730,saludo swn marcoleta lord protected,youtube
5731,easy add someone active directory teams around world every day,youtube
5732,sabwat casino,youtube
5733,cnu magsasabi contractor nanalo biding nung mismong cnu mgdedecide nagprocure ask,youtube
5734,masyado angas tung jinggoy kala nakulong pork barrel,youtube
5735,tama sen estrada ayan alcantara iniubos oras sally santos bryce pasimuno cite contempt ngyayare,youtube
5736,galing pamahala sen marcoleta tulad nagdaan pinipigilan resource person tulad ginawa hontivirus biglang insert,youtube
5737,damay damay hahaha,youtube
5738,isa masasabi lumaban patas potah sahod bayan ina hahaha pahingi akong 1mil potah dinako galit hahaha,youtube
5739,mastermind alcantara,youtube
5740,kuya alex waiting isasagot goodluck,youtube
5741,hatol kamatayan milyon bilyon nanakaw kaban bayan tularan iba,youtube
5742,kinakabahan senador estrada ayaw pabasa baka andon pangalan,youtube
5743,hatol kamatayan milyon bilyon nanakaw kaban bayan,youtube
5744,totoo,youtube
5745,cute nung eksena sen marcoleta sen jinggoy joke safe,youtube
5746,inang tong brice alcantara sinungaling magkano muka kaung pera matuluyan munti masampolan isama corrupt kawawa mamamayan tas pasarap pwede yun,youtube
5747,galing navotas mayor house rep toby proud navoteno excellence beyond ingat rep toby,youtube
5748,nalihis descaya nanakaw corrupt pinas escape goat descaya corrupt government hay,youtube
5749,sunog nanaman sen marcoleta tas samahan sen jinggoy,youtube
5750,usually write truly admire well spoken governor mindoro knowledgeable nagprovide recommendation talagang makakatulong mababatas maiwasan anumalya katiwalian gobyerno iacknowledge suggestions regarding local government unit kase ganda nun ganan nauupo smart,youtube
5751,based experience city tlaga manghingi boys sasabihin,youtube
5753,lasing lagi wawao matapos managot managot mabawi mabawi mahal pilipinas,youtube
5754,gabayan palagi toby malamang madami iinit kaniya ingat palagi,youtube
5755,martinromualdez zaldyco hayup godfather mafia gobyerno,youtube
5756,fair discaya couples already risk lives entire family disclosing big names congressmen begging protection however ginigisa parin gagawin gusting maging star state witness baka alangan ibang contractor salita crocs,youtube
5757,batodelarosa nananakot instead bigyan proteksyon tinakot,youtube
5758,galing sen marcoleta papalitan magaling magdala ibang hehearing kabila yes gusto isagot iniimbita pinagpapaliwanag sasalita inimbita cut ganito investigatiga katulad malinaw cut nagsasalita yes pinapasagot bagkus paliwanag tlga salute sen marcoleta kasamahan niyang,youtube
5759,palitan marcoleta kwentang matanda,youtube
5760,mura,youtube
5761,base pagkakaintindi syms wawao meron clang contract mero small contracts inutusan cla nsa manghiram lisensya gamitin ghost clang clang choice mismong uutos baka mawala small cla fall guy natatakot tong pusangina nsa,youtube
5762,pangit tanong tulfo ayaw pasagutin tinatanong,youtube
5763,salute marcoleta lahing makabayan,youtube
5764,galing sen raffy,youtube
5765,ibang deserve pwesto sen marcoleta kundi imagine napakanta sampo kasama senador discaya wawao aksyon agad,youtube
5766,juskopo raffy tulfo kanina sinasagot dakay tanong ayaw nyong pagsalitain sayang oras paulit ulit nyong pagputak programa,youtube
5767,casino,youtube
5768,obviously victim discaya willing participants 11digits worth assets magpa victim selective pagtuturo,youtube
5769,mukhang gipit discaya allowed state witnesses escape jailtime divested extravagant weatlh came taxes,youtube
5770,blame therefore corrupt politicisns coz theyre reason bkit discaya,youtube
5771,bata brice tiwali nakakpanghinayang mbatang ganito nakpagtapos aaral pumasa board ganito kakahinatnan ibig sabihin asa sistema kais matuto anjan,youtube
5772,daapt tinatanong laaht contractor masyado ngfocus iisang contractor impsoble wlaang binigyan yab kulang binaggit politiko,youtube
5773,mahatulan nawa managot bayan lalu matatakaw pera bayan pakundangang magwaldas justice waving karma waving,youtube
5774,galing gov dolor salute makabayan tapang pagdataing bayan tularan godbless,youtube
5775,kausap dacay kurakot,youtube
5776,luzon area visyas mindanao area especially cebu bohol baka politiko contractors sangkot connecting dots believed lots engineer munispyo lungsod dpwhs makulong salot kurakot bansa freeze assets,youtube
5777,jingoy hinhiram lisenya,youtube
5778,mayaman pilipinas pera likas,youtube
5779,nakakahilo baka pwede budgetan pambili camera,youtube
5780,paulit ulit jinggoy,youtube
5781,sarap panoorin laglagan pareparehas corrupt,youtube
5782,sarap panoorin laglagan pareparehas corrupt,youtube
5783,macoleta kelan tama panahon testimony testigo kana tawagan kunin evidence tapusin nayan marami iba isyu niloloko muna kami,youtube
5784,lito lapid kelan makita anong anong silbi senado,youtube
5785,kabuset alcantara,youtube
5786,sobrang nkakagigil bryce kang kunsensya pinapatalo pera bayan demonyo,youtube
5787,hatyss bato,youtube
5788,pupuntahan sinungaling resource person,youtube
5789,kapani paniwala hahaha barya hahahha paawa epek maniniwala bakyo,youtube
5790,makita professional nanakaw kaoban bayan makikita kong sangkot mahihirap kulong agad kong mayaman imbistigahan ikulong agad,youtube
5791,mahal sasakyan scripted ayusin,youtube
5792,wow nakukuha talagang kumain madam,youtube
5793,jinggoy akala npakalinis ehhh tama sbi iba,youtube
5794,tropa,youtube
5795,praying tobby safety,youtube
5796,laglagan tlaga punot dulo manduruga kya dpat wla pondo ibigay nung madaling hanapin magnanakaw,youtube
5797,huyyyy,youtube
5798,nababayaran tong secretary dbm,youtube
5799,halatang scripted,youtube
5800,wow nangungutang pang suhol kotse milyon milyon cash binibili naku hari reyna kasinungalingan ayusin pagtatahi kasinungalingan yabang kase inuna social media luho maniniwala,youtube
5801,ganiton usapan hiring tagalog uusap maitindihan filipino makakaitindi english,youtube
5802,kain kain sarah,youtube
5803,malalaman sinong senador pamanagitan pagtatanong,youtube
5804,maniniwala asawang kasinungalingan maraming proof ghost companies name,youtube
5805,cabral lutang pangita nasweldo ttrabaho ayos,youtube
5806,patay zaldy hahaha tanggi sama sama buwaya,youtube
5807,magawa nakakatawa kayong asawa paawa epek noh matapos magyabang social media hahaha,youtube
5808,napakatanga even get jobs,youtube
5809,bkt kinonokontra jinggoy nttkot mention names kkmpi,youtube
5810,totoo sara sense pti ginigipit sara duterte president sense pinadala prrd neatherlands ginipit sara nakisama corrupts nakakaawa tlga duterte pati discaya biktima filipinos need unite protect duterte allies witnesses discayas,youtube
5811,ipakulong lalo tamba zaldy kakapal,youtube
5812,iaudit,youtube
5813,ganda pilipinas pinagnanakaw hinayupak pira pampagawa kagandahan bayan,youtube
5814,akala pilikula totoong habang sinasabi involve imagine dina dakip nbi,youtube
5815,epal sen hontivirus feeling vip already approved sen marcolete wanted tianco direct question pahiya,youtube
5816,jinggoy isali nagmamadali,youtube
5817,start,youtube
5818,bwiset lagi akong puyat,youtube
5819,gov dolor seems person words hope blessed everytime,youtube
5820,ngayong nagsalita sina maykaya este discaya kailangan protektion mula torre este pnp fairness tuloy tuloy imbestigasyon hanggang makarating lungga buwaya,youtube
5821,wondering robinhood important discussion ganito duterte nandyan palagi curious,youtube
5822,senador congress contractors invited case bahagi stage play actors paid corrupted taxes magaling amg director tinalo batang quiapo sangre,youtube
5823,palitan president bbm,youtube
5824,salita arevalo sarap suntukin ngala ngala inaayos salita ewan,youtube
5825,relo magnanakaw,youtube
5826,kabayan isipin nanonood stage play akusasado congress bahagi play palabas picc ngbaayad ticket entrance fee apmapanuod drama nais ibahagi award winning pagpapanggap,youtube
5827,save philippines,youtube
5828,mukang stressed stressed sarah halatang puyat,youtube
5829,pinapakain nyu pinagkakaabalahan busog busog pinapansin pagkain mabuti ipamigay kalsada,youtube
5830,dati nagkakampihan nakaw ngayong nagkahulian nagtuturuan ahahaha,youtube
5831,wawa owner owner toh sorry marunong kabado kaloka,youtube
5832,halatang totoo sure cctv bilyonaryo hahahaha cctv wehhh joke joke name hahahaha,youtube
5833,watching comedy show haynako,youtube
5834,hanggang nakapikit wow builders update,youtube
5835,discaya joking amount money records received signature liar expect believe,youtube
5836,turuturuan maliwanag bwan likod harap kong sampo wait sampo contractors scholars bayan plus pafree luxury cars houses pabonus pangcasino hahahaha,youtube
5837,discaya couple telling truth khit involve,youtube
5838,sangkot tanggalin pwesto bahid sarili nilang kagaguhan halata nagtuturuaanbat nagsisinungaling palusot sayang pera mangagawa kawawa kami samin bagsak pinagagawa nyung kagaguhan,youtube
5839,marcoleta job,youtube
5840,malaking bagay salita tanong maibabalik pondo bayan,youtube
5841,sunwest ikulong,youtube
5842,sure nnamang mangyayare makakasuhan mapapanagot kawawang pilipinas lubog lubog,youtube
5843,haharsngin papala jinggoy sworn statement galing marcolets naka record statement,youtube
5844,pati lto imbistigahan isa ngpapahirap pilipinas,youtube
5845,makasagasa akala pera makakapal ipakulong,youtube
5846,malamng pinapanuodnnalang zaldy habngang tinatawanan,youtube
5847,maging presidente pilipinas dios baka kurap gagawan monumento nakatayo gitna kalsada isesemento dextrose doctor nurse bubuhayin makikita araw2 tingnan tumakbo pang kurap pulitiko,youtube
5848,habang lumalaki budget baha lalo lumala baha,youtube
5849,nakakairita allan arevalo,youtube
5850,zaldy ikulong,youtube
5851,safe,youtube
5852,zaldy ikulong,youtube
5853,hayaang tuturuan sabay sabay ikulong sama sama selda patayan loob,youtube
5854,isa camera nakalalula,youtube
5855,natanong asawa brice gsis government employee kayang shell milyones luxury car,youtube
5856,ayusin batas ahensya mabilis trafic enforcer mangikil congrssman distrito kawawa ordinaryong,youtube
5857,problema proven corrupt jinggoy fair aid legislation prosecutors shunga,youtube
5858,pabaya kawatan,youtube
5859,sahud tagal taasan corruption billion agad nakukuha satin lumalaban patas madami pang pinagdadaanan,youtube
5860,magpayaman galing buwis lupa namatay impyerno bagsak niu kakapal muka naisip karma mangyare mahal niu tsk tsk tsk,youtube
5861,poor phillipines,youtube
5862,naniniwala contractors lalo couple,youtube
5863,jinggoy kailangan marinig filipino sinasabi discaya,youtube
5864,naging patas bidding contraction company,youtube
5865,brice mendoza alcantara ibaun kasama cemento baka maka stop baha,youtube
5866,pinangalanan niyang congressmen pwedeng alay taas sindikato pinagtatakpan parin discaya,youtube
5867,talagang basta kaalyado iglesia marcoleta binibigyan time iglesia one role,youtube
5868,pabida magalong assuming,youtube
5869,tlg mapatupad block chain,youtube
5870,funny barya barya kita luxury car million million halaga,youtube
5871,epal hontiveros pumayag chair,youtube
5872,totoo sarah dati romualdez zaldy,youtube
5874,bilis bumalik jinggoy,youtube
5875,imagine filled tiangco mindset kaso,youtube
5876,please charge insurance companies bumalik konti ninakaw wouldn surprised owners insurance companies contractors congressmen pcab,youtube
5877,unahan hitman called,youtube
5878,tanggalin jinggoy,youtube
5879,ndi tunay cnabi niu interview babao rags rich kundi rob rich niu isiniwalat nun bilyon kinita niu panu naging issue tuloy tuloy pagkamal pera ndi snyo,youtube
5880,nakakapagtaka unang pahayag discaya kakilala ngaun binabanggit nakikiapagtagpo sinungaling,youtube
5881,naubos budget makapagmulti camera set invest proper livestream equipment,youtube
5882,sen joel,youtube
5883,nakakawindang tanung kalbo pinagsasalita,youtube
5884,implement death penalty pilipinas,youtube
5885,laglagan,youtube
5886,kasamang kulang listahan mayors,youtube
5887,pampagulo tong raffy tulfo,youtube
5888,actually madami pang involved napangalanan pinagtatakpan,youtube
5889,connive devil get burned laglagan,youtube
5890,galing marcoleta pinalitan,youtube
5891,papaano naging secretary dbm 0mg doesn know scoop works,youtube
5892,ganda boses discaya magaling kumanta,youtube
5893,dinagdagan,youtube
5894,million pesos almost 1ea peso bill hawakan maleta mabaklas highest philippine peso peso coin mahirap nakawin budget million coins tig peso coin kailangan crane mabuhat pwede suv malaking truck kailangan isipan,youtube
5895,kita nagdimula papala noong operation pagnanakaw saldy napupuna natukladan panahon pbbm liwanagin simula salaysay orly gutisa binanggit salay saldy martin romauldes unahin simula sinong kasama salasay paul,youtube
5896,batas pwede palang rule ilang posisyon alinsunod procedure nasasaad batas gagawin basta maging bida harap sumisigaw tayong pkialam batas quote quote mismo sinusunod tamang batas magpatupad batas laki tendensy baliin batas,youtube
5897,karoon bitay leader gobierno kawatan,youtube
5898,godbless always,youtube
5899,guteza ginagiit marcoleta,youtube
5900,lord break liar give wsdom tell thr trith without coaching coavhing dectatorshiop marcoleta iba tlg abg ikae mismo mgsalita base katunayang pngyuari,youtube
5901,nku semi mandatory ready mafe madeup marcoleta,youtube
5902,briefing nmn marcoleta guteza,youtube
5903,salita gawa,youtube
5904,marcoleta binigyan kahihiyan church kinabibilangan subrang sinongaling mapaggawa kasinongalingan nakakahiya abogado kuno pro saksakan pagkasinongaling,youtube
5905,appointed romualdez zaldy chairperson house appropriation,youtube
5906,totoo pinagsasabi mukang turo,youtube
5907,nilalahat maling kamalian piliinong tapat roon tayong aral itaglay kabutihang turo dios bale walain itoy pinaka mahalaga ikintal leeg bawat aral turo nararapat itaglay isip tungo ikabubuti karapat maging tapat,youtube
5908,buking tistigo marcoleta hnd kabisado isinulat,youtube
5909,epal namn marco,youtube
5910,iiza pinaglaban ntin bless,youtube
5911,baletang bagyo today oktobre twenty 2o24,youtube
5912,napakalalaking pera basura twag maawa tax payer,youtube
5913,pansinin fake news salaysay allegation pti notary fake bkit witness presentation cuteza wlang kwenta aksahin pagdinig notary palang fake,youtube
5914,mkg boycarlbfknos,youtube
5915,oky deg bbm,youtube
5916,excuse mkgkitaboying depotde annuml secret boyfriend carl congr kompynsacr,youtube
5917,goosebumps bump dugong pinoy malaya,youtube
5918,halong kasinungalingan sakpan jud buaya dami pera buaya tlaga,youtube
5919,sabwatan sendekato coruption martin romualdez zaldy kong zaldy zaldy kong martin romualdez martin romualdez kong pbbm signatures approved become master mind planner sidacate malawak sendekato coruption,youtube
5920,imbinto salaysay marcolita halata imbinto,youtube
5921,hay naku anung gawin sangkot fllodcontrol,youtube
5922,nonsense tanong senador ibalik ninakaw ibalik cgurado maibalik ubos family taga ubos casino ibalik tabgang tulfi bam aquino,youtube
5923,grabi hinde manlang binegyan tapus tong bahay pinapagawa sorry,youtube
5924,pawang katotohanan,youtube
5927,baka gawa ninyong dalawa defensor sinumpaang salaysay guteza nagtatago luku luko marcoleta,youtube
5929,halatang tinuruan lga salitang markubeta datingan sinasabi witness markubeta,youtube
5930,philippines,youtube
5932,toto kwinto nayan kuya basura sinabe,youtube
5933,halata kana sinuhulan kalang,youtube
5934,ayan saludo hahaha putol,youtube
5935,halatang ginawa ibang binabasa gawa marcoleta saulado hahaha,youtube
5936,kailan iharap zaldy martin,youtube
5937,tama pagnanakaw sna pagkakalong parusa daming nawala giwna ginamit snaa tama pondo pilipino,youtube
5938,san ppnta kapal,youtube
5939,galing erwin tulfo halata bayaran tambaloslos,youtube
5940,bka gawagawa nanaman gumawa gsto,youtube
5941,samga tanong umaminna kurkot walalang tigil nayan hatihtinalang kyo sapera sabay abrod hhe lamna nmin hospital ares nak hiya papogilng kyo tigil nayn,youtube
5942,kayong alamnyoyan linolokonyo kame lalona marcbeta tanong sampung taon dehins mattpos tigil hatihati nalng pera lumindul intensity twente ppantay pantan,youtube
5943,tigil pagttanong tawag batas tanungan wanaman mkkulong papogi nakkahiya tama sabwatan lumubugnasana mundo bumagyo limang taon,youtube
5944,dpt tlg alisin curap,youtube
5945,look alcantara keeps peeping gotesa test papers nangongopya,youtube
5946,lacsoncongratulation,youtube
5947,lacsoncongratulion,youtube
5948,bullshit,youtube
5949,latelive,youtube
5950,pelikula napapanood nangyari real life,youtube
5951,maniniwala put martin romualdez investigate kayamanan nilang,youtube
5952,basta marcobeta initiator leads disaster ginawang magaling taing,youtube
5953,social basura many malita,youtube
5954,ongoing philippines suffer widespread corruption poor planning ghost leaving many vulnerable communities unprotected despite huge spending transparency accountability must prioritized restore faith actually keep safe,youtube
5955,nskakatakot corruption philippines syndicate hulihin crocmualdez,youtube
5956,syndicate,youtube
5957,sige tulungan tayu kailangan rally tayu,youtube
5958,wlang kwenta linkod bayan nanakaw nakakaahon pilipinas nanakaw iisa nanakaw,youtube
5959,nahiya bomoto nilolok senador linkod sablayan wla kwenta pla nakayong mahiya pla nakaw pera nakayo nahihiya,youtube
5960,maibintang magnanakaw kakutsaba,youtube
5961,lastog marcolita,youtube
5962,sara,youtube
5963,wagkayo matakot romualdes taba ikulong meron nagawang pagnanakaw pinagtatawanan kayong romouldez pinag away away death penalty firing squad luneta mgnanakaw,youtube
5964,tibay ibidencya pinatatagal,youtube
5965,bat pinatatagal usapan dami ibidencya ikulong bitayin pinatatagal usapan pinagluluko bayan hatulan kurakot romualdes discaya alcantara,youtube
5966,linaw linaw mapatawag zaldy martin naku naku bbm,youtube
5967,mgakapal mockha mockhang pera,youtube
5968,mgakapal mockha mockhang pera,youtube
5969,mgakapal mockha mockhang pera,youtube
5970,mgakapal mockha mockhang pera,youtube
5971,bbm magresign kana,youtube
5972,panlenlang,youtube
5973,buwan cenyor nalalaman tunay tungkol pensyon nakatatanda kong kapatid nakatatanggap tamang pensyon nagsasabi kelangan mawala muna yun senhor bago ipasok slot senhor nakakalungkot ipray mawala pang handle pensyon,youtube
5974,grabing pera mantala kaming nagbabayad buwis nagkakadakuba maghanap halos karampot sahud tong buwaya hayahay,youtube
5975,hoyyyy naniniwala bayan lord kunin nayan kasinungalingan,youtube
5977,marolita kweto bintang kailangan ntin matitibay ibidinsya hnd hersay chismis pagtakpan kakampi sinador duterte,youtube
5978,mabuhay pgtatanggol bansa,youtube
5979,pagnanakaw bayan,youtube
5980,revolution pilipino sobrang dinanas baha galit galit,youtube
5981,peke buhok marcoleta peke notaryo testigo natitirang kredibilidad kalbong marcoleta maging tapat marcoleta ipakita tunay laman anit ilang kuto pinoprotektahan,youtube
5982,saan galing pera,youtube
5983,nakkatuwa alcantara hambugan ngyyari,youtube
5984,duda sayu alcantara scripted,youtube
5985,cnu gumawa salaysay,youtube
5986,defensor alyado alyado digong natural defensor marcoleta nagpakita mahinang testigo orley guteza pekeng notaryo kulang kopya guteza dinala korte gigisahin todo nagtatago orley nagpapakita tinatago marcoleta napahiya,youtube
5987,well guided guteza hinde magkamali,youtube
5988,salot,youtube
5989,ibitay hangal kaluluwa,youtube
5990,marcolita inililihis gawin pra bang nagpapakita paggulo,youtube
5992,gumawa paglalahad kulang putol original kopya samantalang sen marcoleta kumpleto kopya ibig bang sabihin sen marcoleta original nagtatanong kulang kopya resource person nagtatanong,youtube
5993,babayaran kasama sigurado,youtube
5994,proud,youtube
5995,drama,youtube
5996,snappy salute due respect sergeant cuteza bro bless always health divine protection,youtube
5997,kumplito scripted sinyas noong sesenyas tatlo nako marco halatang scripted kabisado marco binabasa nia isa nagulat lacson gulatan hinde kasama inimbatahan last,youtube
5998,hahahaha natatawa ganda script pelikula ulit yarrnnn,youtube
5999,tingnan katabi gateway natatawa isip magkano laman tutuo laman pera,youtube
6000,kunyari pumayag hahanapan butas magtagal mauwi sagutan,youtube
6001,pake new katibayan asan escrep gagawa gawa sinongaling,youtube
6002,guteza tumigil paglalahad kasinungalingan,youtube
6003,buking marcobeta gumawang alarado,youtube
6004,pray safety protection brave filipinos proud guteza,youtube
6005,naku marcolita ubod ngang sinungalinhmg naku bagong script director anny nauku kmiws,youtube
6006,buti tattay digong pinuno pilipinas kundi kalalagyan zaldy rumualdez,youtube
6007,tatawa tawa alcantara,youtube
6008,congratulations inyong bravery,youtube
6009,mambubudol tlaga markolekta,youtube
6010,salute,youtube
6011,soldier gutesa,youtube
6012,kawawa negusyante babayad tax ninanakaw mismo naka upo govt,youtube
6013,kurap administration ngayun,youtube
6014,ana tato hatag bodjet dpw boo mog senado chik projik nahoman naba,youtube
6015,mao deay hanting tongod deay ana kinsay naki dro kinsa makig nako deha,youtube
6016,michael,youtube
6017,golden china means belong china,youtube
6018,mukhang nay katotohanan orlyguteza sumasang body language katabi acusado corruption lalo nung mabanggit pagdeliver pera,youtube
6019,tanganamong aso,youtube
6020,marcoleta paquitao diaz ping fpj,youtube
6021,kayong buwaya kawawa bayan,youtube
6022,maprotektahan pamilya salute lakas loob ipagtanggol bansa hanggat ganitong lumalaban tapat asa atj pilipinas maging maayos,youtube
6023,buksan malaman kong totoo sinsabi,youtube
6024,kent pakibangit contractor governador san jorge western samar,youtube
6025,mention imbestigastion sasali imbestigastion pra diversion tactic katulad company imbestigation iyo tatawagin katanungan ganoon,youtube
6026,fucking shameless thieves,youtube
6027,orly history books huge numbers corrupt politicians philippines written next generation politicians abuse power,youtube
6028,mention anymore asked tell truth nothing whole truth swear mention powerful one means fear heart emotions won connect consciousness afraid tell truth afraid lie,youtube
6029,clarong claro witness tutor marcoleta,youtube
6030,salute,youtube
6031,another budol budol marcoleta bulldog creased forehead,youtube
6032,president marcos parurusahan romualdez involve alipores,youtube
6033,pagbayarin bawiin kayamanan ibitin patiwarik,youtube
6034,naghihirap pinas noong panahon kampon kasamaan pulitiko,youtube
6035,solid duterte solid marcolita love solid gusto page nato,youtube
6036,declaimer kasamahan buwaya,youtube
6037,sabihin marvoleta credile sinadsbi,youtube
6038,yawa wla nakukulong,youtube
6039,plano magkano bago pera honest ibalik pera pamamagitan pagbaba pagbabawas taxes gobyerno pilipinas ibalik nawalang pera ituloy baguhin ghost maayos matapos gulo corruption pinas pera ibalik matapos nawa tumahimik pinas magsisi nagkasala pagbabago mababago repent makaabot pinas kaluwalhatian dios langit welcome bagong pinas,youtube
6040,shame corrupt fucking politicians cancer sickens whole country hayup hope rot prison,youtube
6041,offer salaysay cedalla imbesigahan athindi kapani paniwala kundi halong pagdawit ibang,youtube
6042,brize iba ibinibigay ibinababa dadalhin loob bahay salin lipat sasakyan imposible binibilang harap pera bayaran,youtube
6043,pol authorisado magbukas magbilang pera harap,youtube
6044,credible,youtube
6045,halatang bayaran,youtube
6046,naiinip katabi nia binabasa,youtube
6047,puntahan,youtube
6048,tiresome hear mercoleta,youtube
6049,publicity ginagawa kasuhan,youtube
6051,lies,youtube
6052,tuloy new malacanyang deliber,youtube
6053,tapus diparin mapatawag dalawanv pangalan nabanggit,youtube
6054,inshaallah sundalo katulad,youtube
6055,marmaleta safe kana,youtube
6056,nakulong dami teatigo napanagot,youtube
6057,galawang bistado marcoleta gumawa scrift nagpangalan damay salita katibayan,youtube
6058,delaying taktik imbistigasyon,youtube
6059,kakampi nanganganib gumawa scrift,youtube
6060,dto sen marcoleta sports mahilig coaching pwede abogado bawal pinaggagawa,youtube
6061,nakahanda tropa laban katiwalian bayan ika ipaglalaban bayan,youtube
6062,nervous lacson,youtube
6063,nakylam kalbo bato bato marcoleta maging annes,youtube
6064,lacson tatanga tangahan beterano,youtube
6065,meron ser bato isipan katuturan hirit oras tapusin warrant duterte come home,youtube
6066,love ser marcoleta fight panginuon,youtube
6067,saludo iho bless pamilya kapwa pilipino mahal nating sinilangan,youtube
6068,halatang nagsisinungaling marcobeta,youtube
6069,konsensiya ipagdasal masamang mangyari pamilya,youtube
6070,yangg sundalo mamahal bayan salute byani gutiza ginawa kahanga hanga,youtube
6071,saludo syo bandilang pilinas pusong pilipino pusong mahrap gabyan kpal pamilya bless,youtube
6072,among taon anong nuwan,youtube
6073,dectador sina kon actual salita saulado,youtube
6074,famas awarde master sgt gutezs tinalonya discaya alcantara,youtube
6075,nakakagulat nakakagawa cla trabaho trabaho labag batas mabuti yun konsensya nanaig puso naisiwalat yun matter usapin truth set free,youtube
6076,done well guteza ingat,youtube
6077,nakinabang anomaly pananagutan,youtube
6078,marites hilig evedensya salaysay matinong evedensya abogado abogago,youtube
6079,kapoy kaayo marcoleta hilig fake news,youtube
6080,kong tapang pangulo dampotin sangkot aamin makakalaya basic diba,youtube
6081,maniwala cno ngaling marcolita gawa2 iligaw mona,youtube
6082,bat zaldy,youtube
6083,lols lib maintindihan basura arte ayaw magpa lib,youtube
6084,basura pera kuya,youtube
6085,magalimg mangopya alcantara aaral magaling manilip hehehehe,youtube
6086,rumanas rehabilitation rumanas makapatay due motorcycle accident naging regular driver wards tajuna funeral services benjamin tajuna naging freddie tajuna tax remittance ala accounting funeraria meron kurtina kotse,youtube
6087,hernandez ramos angkan mayor omeng paki ayus pagbabanta sinasabi iingat maling trabaho,youtube
6088,patingin tingin alcantara patawa tawa,youtube
6089,hinahanap sundalo saludo iyo hayaan muna sundalo police kaabang malakanyang protektahan presidente binilang tone toneladang pera natutuyu laway,youtube
6090,lacson biyan pira kongrisman sinador bastanti kanilang sahod gagawa nalzng batas katolad gagawa dike kong dapatgawin bigyan pira sahod irikta mayor gobinador makita bayan midia iabolis maraming magnanakaw,youtube
6091,dpat mkita cctv basement tirahan condo martin,youtube
6092,nakakatawang witness marcoleta misis dawit,youtube
6093,napakalinaw ipinagpaalam sen marcoleta msgt guteza ainasabi lacson courtesy nangyari,youtube
6094,mklong sna kyo pira byn,youtube
6095,halatang halata lacson photos agad sangkot feed nanonood buwaya harass intimidate agad pati pamilya lord watching knows evil deeds plans,youtube
6096,galing marcoleta nung ibinigay kopya tunay pagsasaad nung marine nung sabihin niyang naputol something new pinutol ahas buong salaysay bwahahahaha dignidad decency takot diyos mabuhay grijaldo salute marines,youtube
6097,tuturuan tlga kawatan gverno pra mdiin,youtube
6098,inuto molang paris nung isa senyas likod bahog,youtube
6099,hahaha magtanim biro isa kang malaking kahihiyan,youtube
6100,tarantadong marcoleta nayan yabang inililihis duterte aso china bka isa nanakaw bayan gagung matanda nayan,youtube
6101,palpak boy,youtube
6102,ikulong,youtube
6103,reason want least enlist army reserve boards integrity soldiers esp wars love pilipinas,youtube
6104,buwakanang politicians bansang ophir tinawag king philip kingdom spain ginawang anomalies political leaders kasabwat department works highways corrupts political leaders ganito nangyayari bansang ophir tinawag philippines palagay sadyang matagal ginagawa political leaders sadyang kasabwat department works highways highways waked kayong voters voters tiyak marahil pong ibang involves anomalies governments tiyak mayroong pong involved matataas pong positions ibang departments governments malamang baka involved ibang departments governments tinatawagan voters maging mapagmatyag iba pang sangay governments course natural matagal gawain political leaders ganitong karumal dumal corruptions governments tiyak pong ibang involves tiyak departments works highways tiyak mayroong involvements iba pang sangay governments sasabi pong ibang sangay governments agencies waked voters,youtube
6105,tapang kya tinatawawan senador akusado,youtube
6106,pera droga diliver damay speaker yari markulekta,youtube
6107,sinungaling panira comotti,youtube
6108,patay tau act cis party list,youtube
6109,kasihan nawa dios pamilya talagang perfect mundo ngunit ginawa saludo bawat sisisi pinapatnubayan dios bless,youtube
6110,marcoleta sos lord bahala halata kang tinago hysss nako panginoon naka witness totoo peo baka scrip hahaha,youtube
6111,makulong nayan nanakaw,youtube
6112,tama katakutan kawatan bagkus matakot sambayanan pilipino susunod generasyon,youtube
6113,iksw sng dspat bigyan wpp,youtube
6114,mabuti kapasir tama mali nakaupo tama mali mali,youtube
6115,galawin zaldy romualdez palagay boung hanay marines makalaban sure salute lalantad pang iba,youtube
6116,senador pinag tatakpan corrupt gobyerno hnd mananalo lacson sotto lht nabangit darating halalan tandaan senador pinag tatakpan mali bayan trabaho pinag tatakpan susumpain bayan ayaw ituwid maling gawain tiwaling isa tiwaling gobryeno lacson sotto lht nabangit,youtube
6117,marcolita,youtube
6118,martin romualdez zaldy napaka walanghiya awa mamamayang pilipino congressmen congress karamihan magnanakaw,youtube
6119,lumabas katotohanan sal pagnanakaw ngkavan governor mananagut kayu magnanakaw,youtube
6120,wish granted wish kara david nilihis isyu romualdez pinag uusapan,youtube
6121,anong bayan makaka resolve systemic corruption bansa pagbabarilin kurakot,youtube
6122,lumabas kana saldy rumaldez malalaking buhaya pinoproteksyoan sip sip senador takot tamban,youtube
6123,haba letanya,youtube
6124,uroi nmo marco scripted,youtube
6125,madaldal katiwalaan gumagawa kwento ugali satanas mapanlinglang salita,youtube
6126,go3 sen marcoleta,youtube
6127,lain tinan awan alcantara,youtube
6128,direct magulo kya,youtube
6129,kiko getting point pinipilit nyong kwestyunin nireport landbank amlc suspicious cash withdrawal bounded policies banko basta basta dinideclare account owner protection privacy although yes nirereport knowing kilala client galing manager kkwestyunin iisipin nun need rush pera makabili gamit constructions itatanong saan knowing galing contractor babaw tanong umikot pagkwestyon sinumbong,youtube
6130,klaro jud testimony naay pangalan tawo involved,youtube
6131,buo loob nung una nsaan npo bkit nawawala sha,youtube
6132,trio,youtube
6133,natakot karma demonyong kurakot gagastusin sobra2x samantalang daming makain takot dios,youtube
6134,grabi mayaman kulang demonyo pira tangi annnn,youtube
6135,imvestiga halos taon inaabot kaso naisampa ihinto imvestiga moro moro kaso naisampa,youtube
6136,iingat poh plagi naway gabyan iyong pmilya mahal pnginoon,youtube
6137,nakaw,youtube
6138,senador,youtube
6141,magsasama,youtube
6142,senador money,youtube
6143,job,youtube
6145,nagnanakaw,youtube
6146,pinagtatakpan pinky lacson iisipin kalaban testigo nilinlang dian commitee,youtube
6147,kng anyan,youtube
6148,hwag nan ikot,youtube
6149,marcoleta,youtube
6150,karma,youtube
6151,magnanakaw buti anak mapasok sikmura,youtube
6152,okey peru magnanakaw,youtube
6153,gaing,youtube
6154,magyari bansa kasama bbm,youtube
6156,lord let justice prevail guilty perpetrators rightfully punished sabagay katulad father permanenteng tahanan iyong life nating paghandaang,youtube
6157,klaro kaayo zaldy corakot martin romaldaz utak corakot pera bayan,youtube
6158,nagtaka baboy alkantara nung sabihin bag million compute tuloy kulang nakuha hehehe corrupt hayop bitay,youtube
6159,bat marcoleta kaw gumawa,youtube
6160,kinakabshan kuya mamadali pagbasa pra matapos hahaha bless,youtube
6161,pulong oot bagong drama neya napunta nanaman sundalo buamaha buong pilipinas,youtube
6162,nako script ginawa marcolita sinungaling ohh ayan buking kna magkano ibinayad hiya ayan napakamot tuloy binabasa,youtube
6163,kita lito guirereo lapid,youtube
6164,laki pla pera kya sobrang clang nagpapayaman samantalang madaming naghihirap kakapal kurakot,youtube
6165,basura,youtube
6166,protect sen marcoleta believe warrior stay firm strong uncorruptable fearless gives power jesus name declare expose reptilians least philippines metathron come time eye,youtube
6167,salute marine,youtube
6168,nagkamali mali guteza gumawa,youtube
6169,nagkamali mali guteza gumawa,youtube
6170,habang nabasa guteza tangu tango alcantara ibig sabihin totoo sinasabi guteza,youtube
6171,gawa gawa kwento halatang sinasabi markolekta binsa nalaktawan dinagdag halatang guided sibasabi akala isinulat binabanggit nausulat,youtube
6172,kong hantongan testimony kasinungalingan,youtube
6173,laban tyo kabaro tamang paraan sgt moreno jack,youtube
6174,almighty bless wisdom guidance protection time duty,youtube
6175,nagsasayang oras nkasubaybay skin sotto lacson bbm remulla rumualdes iisa cla,youtube
6176,haynko wlang mapuntahan imbistegasyon lacson sotto protector,youtube
6177,sayang lacson pinili protektahan marcos romaldes kaysa bayan,youtube
6178,kawawa pilipino pinaasa sinungaling wetnes,youtube
6179,tunay dugo marines takot bayanihon,youtube
6180,kita buseeettttt,youtube
6181,ping pong akala paalam bagong witnes sen marcoleta ayan maliwanag lets proceed kpa haist masyado halata baleleng,youtube
6182,urteza marcoleta sabwatan nabreafing bago umupo senado fake tistigo halata salita utal utal macoleta didikta tingnan likod sen tulfo didikta dds,youtube
6183,marcoleta alias marcubeta panggulo kontrabida magnan kaw pera bayan promise berolisan shadow,youtube
6184,sinungaling gawa2 markubeta,youtube
6185,fake witness pakawala,youtube
6186,gma7 narinig humingi sen marcoleta pahintulot chairman ngayong pagkatapos marami sinasabi sen ping media 2day ipa lista nagtataka kami pinag take oath,youtube
6187,totoo tumango alcantara bawat bawat bngit guteza name ibig sbhin alcntra,youtube
6188,listening watching iloilo,youtube
6189,domolition job mabuti,youtube
6190,guteza patibong witness karin mahuanay,youtube
6191,romualdez marcos names synonymous corruption filipinos expect governance,youtube
6192,kasamahan magsalita,youtube
6193,yari tamim tistigo marcubeta,youtube
6194,pakasiguro alcantara sinungaling kapatid magnanakaw magnanakaw bigyan mabigat parusa halos pilipino kumakain tamang pagkain bagoong tuyo kayong awa mahirap,youtube
6195,maniniwala magnanakaw sinungaling diyos magpaliwanag nagpaparusa inyong buti pang naging kayong kahihiyan,youtube
6196,nakipagcooparate kana lord,youtube
6197,tama sabihin mapoproyetahan family lalo silang manganganib lalo dsa pamilya victim kalokohan,youtube
6198,nagsalita binasa script remulla binabasa hndi dala niyang polder laman paper nkasulat sasabihin alcantara natakot remulla iba tlaga batas ngayun breaking law hndi bend law sindikato corrupt government,youtube
6199,intetution ogok bali bali pinagsasabi ayusin sabihin totoo dagilan mamatay atake puso kasinungalingan pinagsasabi,youtube
6200,scripted malihis imbistigasyo matombok tunay mastermind tumbok kuna sangkot zaldy rumualdes bbm,youtube
6201,alcantara dimo isuwalat kasabwat katulad romualdez bbb saldy nadidiin mataas involve corruption saba makunse tuluyan,youtube
6202,alcantara magbitaw pera derby,youtube
6203,yes tama pgllhad bible says tell truth truth set free,youtube
6204,bonjing focus gawa statement baka mabuko,youtube
6205,patayin silang pati family matirang corrupt,youtube
6206,show time,youtube
6207,asinso sambayanang pilipinas kagagawan kailangan maaliskayo serbisyo kurakot,youtube
6208,death penalty gawin nagkukurakot pera sambayanan pilipino,youtube
6209,nako scripted multi purpose namang kasali galing gumawa kuwento,youtube
6210,prior denied statement brice mendoza admitting time brice alledged give hin patek phillip car birthday thsnks admitting,youtube
6211,pla zaldy,youtube
6212,tumulong imbistigasyon kasamang ikukulong mastermind,youtube
6213,dimonyo kayong tatayong vigilante maubos kayong ayaw parusang bitay sigurado madami mabibitay,youtube
6214,mahirap maniwala tinuturuan sasabihin ididiin,youtube
6215,nagsasayang pera kunwari kakasuhan sumisimpatya impeachment sara,youtube
6216,sign pages last page insertan tanggalan iditing mangyayari,youtube
6217,save engineer alcantara knows bad guy save self save family,youtube
6218,maraming namatay kon kinawat pera bayan sanang mamamatay maraming kawat billon billon corrupt masauli pakaya pera gihakut daming carton basura kanilang mansion maaawa ginugutom anak naanod baha aming bahay binuboto manalo pinatay kami napakawalang hiya gobyerno pilipinas maraming pilipino ayuda gusto gusto bayang pilipino ibalik aming pera ninakaw panggobuerno,youtube
6219,remulla pagka cute,youtube
6220,naawa magnanakaw parepare,youtube
6221,hayop remulla script sinimple alcantara karma paparusa hayop,youtube
6222,remulla evil,youtube
6223,sinungaling,youtube
6224,mahihirap basura pera kurakoot senador tawag pera basura hindii pinagpapaguran ninanakaw pera basura basura pinagpapaguran pulutin mahihirap nahiging pera,youtube
6225,ultimate solution strict review scrutiny program works makikita kong kargado tarepa sop andyan bilihan among pre qualified contractors ranging solution detailed itemized scrutiny program works,youtube
6226,gagaling corrupt opisyal gobyerno lustayin pera hakutin pagbibigyan play money,youtube
6227,mgkwento ayaw umuwi zaldyco tinabihan boying henry isiwalat katotohanan bumango bbm bayan,youtube
6228,lbo sinasabi wlang kalatoylatoy tinuturo boying bukal luob,youtube
6229,awang awa sarili kumita parehas nagbabayad buwis nanakawin luho unfair,youtube
6230,jenggay strike two,youtube
6231,hintayin ngbibgigay paliliwanag ilihis peluka,youtube
6232,alaga boying alcantara ibulgar boying mastermind bitayin remualla,youtube
6233,corrupt wants show hero goto jail,youtube
6234,bkit nkadikit mulla alcantara bka bulong cremulla,youtube
6235,ingat testigo mapanagot kurakot humingi tawad alcantara talagang ikanta pati pinaka puno,youtube
6236,tignan mata remulia halatang tunay salaysay alcantara iyo alcantara totoo mawala naisaad katotohanan,youtube
6237,baka kasabwat karin kunwari kpa mapagtakpan kasama,youtube
6238,engr alcantara,youtube
6239,nice alcantara job,youtube
6240,engr alcantara,youtube
6241,mukhang naturuan group efforts leader alcantara pwedi bang lie detector test silang dalwa orly dikit dikit aha bryz congressmen friends pati pagnasa casino palinlang mindset mindset lie detector senador mukhang credible bryce poro tongressmen involved,youtube
6242,bonding mapakali pakialaman pagbabasa engr alcantara nakita binigay kang script pinabasa kuratong engr bistado bondying magkakasabwat nina kuratong pepsi paloma walking maasahan bayan hintayin karma,youtube
6243,lalo malaking buwaya isisiwalat alcantara baka sakali mapatawad kapa sambayanan bless,youtube
6244,atleast sen joel hnd multi purpose namn cguro kababayan yun,youtube
6245,atleast sen joel hnd multi purpose namn cguro kababayan yun,youtube
6246,binoto lagi tandeam revilla bodots bodots nahihiya,youtube
6247,nakangiti demonyo tabi halos ayaw basahin alcantara script galing demonyo script,youtube
6248,okay cguro election hayaan pumili pera ebibigay,youtube
6249,kunsinsya pinaka hiya pinapakain pamilya nakaw weak leader pbbm pirma maelabas pundo piro check nagawa bah katulad tay digong pinpuntahan kapal magnanakaw shame,youtube
6250,lletsi kayong kawatan mamatay maraming nalunod baha ginawa nyong kawatan,youtube
6252,let pray bless,youtube
6253,yes bless,youtube
6254,tingnan tuta bangag katabi bwahaha alala maxx scripted nkita camera bwahaha makonsensiya bayan niloloko,youtube
6255,isip isip kana tangapin alok pilit pagtakpan rumaaldas bangag bwahaha resign konting push bangag susunod kaso daming tuta bangag senado dadalhin consensiya habang,youtube
6256,pro gyahin hernandez binalik nkulimbat ska panasilip bangko,youtube
6257,pilipinas bangon,youtube
6258,bantay basahin bigay remulla,youtube
6259,tama kumanta kasalanana kelangan dasal resposibilidad sabihin babyhin,youtube
6260,laru laro alcantara ngayun taya,youtube
6261,pour truth engr alcantara pupurihin diyos pagsiwalat katutuhanan filipino choosing right thing,youtube
6262,ayan lumabas katutuhanan zaldy titirahin sarah malaking nakukuhang pera bayan,youtube
6263,gana pang bait baitan bagay galit inyong lalu dios,youtube
6264,siyempre nahuli nahuli tingin titigil,youtube
6265,pinklawan bangag taga suporta marcos ipagtangol ibibintang kaalyado sara dumi pla ibedensya scripted,youtube
6266,boyeng demonyo muka nsa gilid,youtube
6267,tagayan tubig boying,youtube
6268,engr alcantara alagaan sarili kailangan saksi katiwalian gobyerno kayanin stress sanay pong panghinaan loob kailangan pong maisiwalat bayan utak katiwalian,youtube
6269,truth set free,youtube
6270,sen marcoleta investigate salaysay alcantara pinalitan remulla talk dat proof kumakalat plus bernardo dnala doj bgo mainterview,youtube
6271,remulla halatang halata kademonyohan maraming plot twists katalinuhan mali fact twister korap,youtube
6272,kapal stealing money,youtube
6273,lalim kaso pinipigilang mabunyag tama maglqntad lana maraming naliligaw naninira mabusay marcoleta kaso marami siyang kalaban paghalungkat katotohanan,youtube
6274,kabadong kabado remulla,youtube
6275,infairness khit tumba alcantara gwapo lalo cguro noong kbataan cnyng talino napsunod systema pulitiko nangungurakot mganda sbhin totoo lht nkinbng sabit2 alngan nmn kyo kya gusto nilang maging pulitiko gwa influence power privilege magpymn,youtube
6276,nakaka tawa sinasabi akusado bayan hahaha,youtube
6277,mangyayari imbestigasyon matagal bangayan nayan napatuyan mahirap batas pilipinas mayaman kalaban nahirapan sopot hurado magdesesyon hahaha,youtube
6278,bong revilla matagal magnanakaw,youtube
6279,buti nmn ngsalita tlga,youtube
6280,nakakasukang manood warrant arrest namumuno commitee nakakahiya nakakasuka nakaka rindi pilipinas nakkaahiya,youtube
6281,naipit sinungaling parin maniwala sen villanueva maghatid cya pera tauhan laki halaga pera impossible usapan bago hinatid tauhan sen villanueva nagsiwalat narin totoo,youtube
6282,ikot ikot ikot ikot ikot ikot nangyari ngani laughing stocked pilipinas buong mundo,youtube
6283,sorry liv challenge better quality safe strong tungkol waist help tiis tiyaga maging develop sorry,youtube
6284,sorry stepping stone liv take new,youtube
6285,take safe liv take new pray deep heart specially,youtube
6286,tapon napo basura practical manggagawa oras trabaho benefits call challenge new safe sayang pagod since sorry challenge pray liv take new,youtube
6287,tapon napo basura practical manggagawa oras trabaho benefits call challenge new safe sayang pagod since sorry challenge pray liv take new,youtube
6288,sorry tapon napo yaan plus non advisable quality foor kumain kayu,youtube
6289,usec bernardo naging tuta romualdez,youtube
6290,niliwanag dawit sen jinggoy sen villanueva,youtube
6291,liv,youtube
6292,coming new stepping stone coming sorry,youtube
6293,panapon yaan take new sayang challenge tiis tiyaga tulong pang araw araw gawain let challenge pray,youtube
6294,liv,youtube
6295,sorry leave take new pray challenge gave sorry touch sorry pasensya,youtube
6296,laki leeg makabigkas maayos pananalota,youtube
6297,mawalang galang napo giv let start new safe strong healthy plus season tungkol benefits plus trabaho tayu enjoy safe plus foods allowance,youtube
6298,sorry ramsack take new safe strong healthy bless thron take new disipline pray sorry take new safe coming gift lord safe,youtube
6299,shame trying protect senatong tonggresmen shame shame nakaw bulacan officials shame,youtube
6300,boto convict naaapektuhan kaboboto corrupt,youtube
6301,ikanta nalahat alcantara ilang taon naritira baka maya maatake puso makatylong kapa,youtube
6302,kurakot tlga tong jinggoy hndi nagbago nakakaputang ina,youtube
6303,tjhis time webpray corruptions could minimized bless pbbm,youtube
6304,pinatong papel remulla bago magsalita gustong ipabasa ping lacson simula ayaw basahin alcantara,youtube
6305,boying inabot papel hndi binasa,youtube
6306,napansin sen marcoleta binigay script boboying,youtube
6307,takot marami kayong nanakaw,youtube
6308,naging baboy mokha nakaw pera bayan,youtube
6309,lalanas hule bbm asawa utak grupo ulupong dpat magkaron batas bitay politicians kurakot nagpasa mambabatas batas iboto,youtube
6310,lord imong tabang domating gaba dili magsaba nuon ngsabi sara dalawa hawak pera saldy romauldez marcos resign kana dika nahiya pinsan,youtube
6311,kapal nataga mokha nakaw kalang natako tagal nakaw,youtube
6312,tama henry tama ginagawa diyos bahala iyo hernandez mendoza hayaang magdala parusa mangagamit,youtube
6313,totoo binago remula tukoy tamba,youtube
6314,alcantara inomin tubing,youtube
6315,senado congress iisqng grupo terrorista pabagsakin pbbm pilipinas corruption economic sabotage filipino kabataan nagdurusa kanilang demonyuhan,youtube
6316,sarah duterte true zaldy head corruptions,youtube
6317,pinutol nabanggit zaldy crocs,youtube
6318,focus nakaka distract nka cream chinita likod engr alcantara zoom zoom,youtube
6319,daming naghihirap smga pagbaha smantlang sangkot pgkurakot smga pera bayan hayahay dna nakonsensya smga naghihirap wlang konsensya dyos hahatol sangkot dto lupa hyahay kabilang mabigat hatol dyos lumabas katotohanan tlaga hangganan,youtube
6320,masasabi tumayong tapat isa makabayan,youtube
6321,boying remulla utak nandyan itabi ginawang testimony gawa gawa sinasabi,youtube
6322,bulin zaldy romualdez,youtube
6323,kanus mangamatay,youtube
6325,wagkana basa kilala,youtube
6326,pasalamatan remulla hahahaha,youtube
6327,kayapla 700k plus dinner anak zaldy cheap knila walnghiya bilyon bilyon perra ninakaw,youtube
6328,buti siniwakat iglap matapos saka makapag lubid nanaman buhangin,youtube
6329,laki binibigay tulong hiya pinag parti partihan kaban bayan habang naghihirap binigay bigay pera tulong subrang laki bowaya bitayin,youtube
6330,ibitay zaldy,youtube
6331,tiklop imbistigasyon narin matatapos career contractor darating bagong kontratista sistimatikong pamamaraan kong papano tumatakbo lagayan dating gawi bagong pamamaraan nmn,youtube
6332,pinalitan remulla salaysay prepare alcantara,youtube
6333,nakakalungkot isipin napakayaman pilipinas yun nababaliwala ganid gobyerno shame korap lugar nababangit kasali ghost napakasakit knila esp taga bul acan halos lumubog samantlang pondo pagpapagawa pinaghatihatian ganid halang sikmura gobyerno samantalang kming mamayan papalpitate kakabili kopiko blanca babakasali manalo 1million nagsasawa isda kakasali raffle mega sardines one blink eyes million billions pesos ninanakaw natatapos laban pilipino ahensya merong korap ahensya meron tayong pilipino magtulungan mapakulong ipakulong pagbayarin pagbayarin,youtube
6334,abogado remulla anjan tabi minamandohan,youtube
6335,magnanakaw,youtube
6336,alcantara bago salita tummolong imbestigastion usap salasay nayan ginawa basahin nlang alcantara rinig pangalan marcos romualdes zaldy ayaw ipatawag zaldy imbestigahan takot baka kumanta idiin tinatakutan papansin nasi alcantara utal utal salita gusto idugtong pansin lacson sinabihan nlang kon salaysay yon babasahin kita deretso deretso salita,youtube
6337,namang nakukulong,youtube
6338,yaman pilipinas sanang abroad nagsasakripisyo bilyones pinapa sweldo ofw pilipinas trabaho,youtube
6339,jinggoy estrada pork barrel andun bwaya,youtube
6340,buti makonsensya iba,youtube
6341,kapoy kawatan oyy kapal,youtube
6342,script galing boying remulla pananakot inilahad henry alcantara fake save phil,youtube
6343,well tailord prepared wih emotions narration lets see play drama,youtube
6344,iyak iyak kpa mha sunugin satanas tatang gihan kaluluwa sobrang sama satanas bka palitan,youtube
6345,bayan maligtas sarili,youtube
6346,kya tumataba engr hahahahaha dami plang nkulimbat yaman sna atakihin hahahahahaha,youtube
6347,ngaun natatakot kaligtasan pamilya noong nagwawaldas milyones casino naiisip ngaun nahingi security ora pamilya ngpasasa pera taumbayan galing,youtube
6348,makulong maganda maunlad bansang filipinas napupunta funds mapagawa magagandang hospitals school mahihirap nababansagang 3rd world country pinas napag iiwanan sobra makulong managot maibalik ninakaw nilang justice needed filipino,youtube
6349,kapani paniwala kayong aminadong kawatan kaysa senador kongresistang humpay pangtanggi paulit ulit pangungurakot malaglag isama pati ugat katiwalian,youtube
6350,star witness think better sen jinggoy sen villanueva zaldy list cooperate,youtube
6351,bayan,youtube
6352,asan tambaloslos,youtube
6353,grabeee,youtube
6354,grabeee,youtube
6355,pinaextend maternity leave pay nakinabang anak breastfeeding binulsa nyong pera,youtube
6357,ikulong alcantara usec bernardo isoli ninakaw,youtube
6358,ufjthfhfufjthfhf,youtube
6359,tanong asan binigay meron silang proyekto napunta vault ipakita proyekto ghost,youtube
6361,shoot balde,youtube
6362,una sobrang nakaka gigil alcantara strap sampalin paulit2 denied denied habang ginigisa bryce mood mohalatang takot kita manager anomalya bless alcantara ksa,youtube
6363,bless mangyari aamin,youtube
6364,ginawang scripted kawawa alay madidiin tutulungan makalabas,youtube
6365,bka gus2 nilang bankrapin gobyerno cla sekretong insert dpt maalis kaagad korap,youtube
6366,isama iyong pagsoli pera magarang sasakyan,youtube
6367,hinde konsensya natakot safety family sobrang greedy selfish tagal nyang gawain hinde konsensya takot takot makulong makuyog galit galit bayan,youtube
6368,hahamhahahahhaahha,youtube
6369,buti napalitan marcoleta napa tong hayup,youtube
6370,papatayin mmyan pilipino kpg hnd nagsi aminan katotohanan mtalino ngaun kase binubudol kaban bayan,youtube
6371,involve,youtube
6372,magprosper pilipinas tiwaling government official puwesto kulungan masisibak puwesto especially,youtube
6373,nung nabibisto budget sarisariling bulsa nung nabisto magsasabi kapakanan bayan yun goodluck,youtube
6374,cut zaldy,youtube
6375,engineer akcantara ilantad muna kkasi nahalin bayan kang natakot bahala lord magbagong,youtube
6376,engr alcantara nagsasabi buong katotohanan iniiwas senador mahiya,youtube
6377,sus sindikato lht namumuno bansa nato,youtube
6378,wla nmn makukulong wla kwenta batas bansa nato demonyo namumuno,youtube
6379,gahaman kayong karmahin,youtube
6380,matindi namumuno kawatan kopo hoi kawatan,youtube
6381,matindi namumuno kawatan kopo hoi kawatan,youtube
6382,kurakot trabahu patas million kinukuha naawa bayan nagttiis hirapkauo nagpakasaya pera nattakot kna bitay,youtube
6383,goodluck engr alcantara keep safe bless,youtube
6384,kana takot kana eyak eyak kapa hahaha piro busog namo bwesit,youtube
6385,naay pinakataas ana,youtube
6386,hayuuup kang zaldy sunugin loob bahay kasama kurap kakuntsaba,youtube
6387,pinrotektahan sina jinggoy joel,youtube
6388,isipin yeqrs service,youtube
6389,movie pplano ehh,youtube
6390,kapal pagmumukha,youtube
6391,nice coaching attorney,youtube
6392,halatang scripted hahaha pinatuloy salaysay ahha baka magkamali,youtube
6393,anu gagawin zaldy ipapatawag question,youtube
6394,bayan nakaw mula bayan,youtube
6395,minahal,youtube
6396,paulit ulit isyu ghost repleksyon sistematikong problema transparency accountability gobyerno amyendahan procurement process,youtube
6397,chinese always chinese blood,youtube
6398,drama,youtube
6399,pati nakaraang admin isiwalat tagal niyong namayagpag corruption,youtube
6400,nakikita remulla kumukulo dugo,youtube
6401,buwis nakontento maningil bir wagas nakakagigil gineer,youtube
6402,lacson stay kana sinumpaan salaysay baka magkamali kpa statement madulas,youtube
6403,wow,youtube
6404,idinamay senador miembro minority bloc tinakot pinangakoan maabswelto isa pakay ping masyadong manipis mabawasan idamay dalawang senador makasuhan magiging minority mahirap habulin kayang maimpeach titigil hangga naligwak duterte allies,youtube
6405,mainstream media interesado manood,youtube
6406,lusot bonoan,youtube
6407,ganito butas batas pinas kabababayan magnanakaw malakihan iyong pichi pichi halaga makulong bow,youtube
6408,alcantara una palang naging tapat bayan look napapag iwanan kamay nakikinabang bansa support system ikauunlad mahal nating bayan,youtube
6409,anung minahal institution sabihin institution inyong ninakawan naiyak iyak nung nilulustay pera bayan sayang sayang,youtube
6410,wish would subpoena meralco representatives ask electric rates high since looking corruption,youtube
6411,tahimik congress nagaapula contractor,youtube
6412,sen ping humahawak comitee,youtube
6413,tama,youtube
6414,maniniwala iyo,youtube
6415,jesus fcking christ buti natitiis ipakain yun pamilya tas natatakot pamilya okiribit animal,youtube
6416,sabihin totoo dika karmahin,youtube
6417,drama niligaw toang bayan gising pilipino kawawa yayama trabaho mgayayari kaso,youtube
6418,naisip pamilya tlga harapan sinungaling,youtube
6419,katabi remulla panu bang diktahan,youtube
6421,magkatabi korap remullia ibigsahin pansin,youtube
6422,sabihin papano mabawasan galit mapanagot malaking sindikato likod corruption,youtube
6423,sabihing bayan sukdulan galit kababayan kapanipaniwala mahalaga totoo sasabihin kang ititira poprotektahan tanggapin balik ginawa iyong pamilya sadyang isa sakripisyong gagawin balik masama ginawa matagal panahon nagpasasa pera bayan,youtube
6424,demonyo likod senador ping pansin,youtube
6425,kahiya hiya taga magnanakaw,youtube
6426,hihingi proteksyon bayan,youtube
6427,malaking pinaka utak usapan zaldy gawing sacrificial lamb protektado nla nla ppygan mahuli clng tatlong malalaking ulo marcos romualdez ligtas nmn,youtube
6428,naku pinahahab pinahahaba mangyayari aabot ilang taon masasayang amg mundo bayan ilit makukulong kawawang bayan kong pilipinas hihirap nagpapaka sasa kyong politiko,youtube
6429,katapusan kaligayan pera pagusapan,youtube
6430,paborito proponents bulacan district compliant gusto nanghihingi gumagawa diskarte magkapera kasabwat pagnanakaw pera taongbayan,youtube
6431,bumaba tatay du30 andami nyang kagagohan nangyayari bansa uusad daming pasikot sikot,youtube
6432,dami perang ayaw payagan mangkulekta isauli pera managit senadorna bias tulaf mangkulekta,youtube
6433,alcantara andyan kana kanang lusot kanang pagtakpan totoo humihingi porsento sabihin mona pagtakpan naniniwala nasabi meron kang matakot kana pweding saktan itumba iingatan kana susi malaman mastermind bukod zaldy,youtube
6434,naku katabi satanas remulla mukhang naging tagapagtanggol lam,youtube
6435,kaswapangan managot diputa humingi tawad bayan isissieslat kakutsaba,youtube
6436,pinaka mastermind neto duterte,youtube
6437,bago umamin kinausap muna pinakamataas gobyerno job atleast umamin,youtube
6438,anu ubrahan kana sen marcoleta ekaw lage kuntrabeda bute beda,youtube
6439,malinaw dalawang pera pumasok galing contractor pondo galing gobyerno nakay zaldy bicam napupunta next kanino napupunta,youtube
6440,mangyari pamilya gawa,youtube
6441,noh lumulubo pondo bansa andaming nakakagigil sobra sobra ginagawa niyong pagpapahirap pilipinas,youtube
6442,tama sound pilipino alcatra yes,youtube
6443,nganong sigi manghilabot silay labot gatrabaho politico maoy kurakot diha tinood diha mando politico mao nay tinood,youtube
6444,luck engineer alcantara,youtube
6445,niyong hahayaan mananagot,youtube
6446,coa purpose safeguard funds ensure accountability auditing government money property raised spent managed prrd nominated mario lipana commissioner revealed corrupt time commissioner jinggoy revilla release prison prrd time,youtube
6447,ungoy tumbong kapal,youtube
6448,galing tatalino mapaikot mabulsa,youtube
6449,tulungan diyos ama pawang katotohanan masabi ipagtapat kadamay,youtube
6450,kya wlang aseasenso pilipinas daming kurakot nkaupo ibalik batas bitay pinas corupt opisyal bibitayin mapatunayan,youtube
6451,totoo sasabihin demonyo umpisa nagsisinungaling bilyon ninanakaw kaban bayan kita epekto pagnanakaw lubog baha kaliwat kanan rally hanggang umabot marahas rally kabataan magrarally magnanakaw tulad ninyong officials pulitikong gahaman negosyante contractor,youtube
6452,kbila hihirap pilipino anjan pinag lalaruaan masayang masaya kayong gastusin pera bayan,youtube
6453,ganda drama,youtube
6454,opinion pulido kinakanta nagsimula medyo sintunado ibirit golden buzzer hehehe,youtube
6455,bochokoy piggy kawanats,youtube
6456,lantad kalokohan choice kundi aminin deserve makapasok witness protection engineer kahalagahan bawat yun protection bayan nasikmura sumabay corruption tas natatakot pamilya pinasok harapin,youtube
6457,hanga alcantara katapangan katapatan pusong filipino ipag dadasal gabayan panginoon,youtube
6458,lakas abogado alcantara remulla doj,youtube
6459,jinggoy joel,youtube
6461,tama decision engineer,youtube
6462,kailangan makulong makapwesto senado,youtube
6463,binanggit pangalan tambaloslos halatang scripted salaysay banggitin sangkot politika interes dinawit sen joel,youtube
6464,taba engr alcantara busog pera,youtube
6465,isa acting2 nde bagay,youtube
6466,wow bayani kapal,youtube
6467,kalapit remulla zaldy nmn ididiin amo zaldy kundi crocs romualdez nmn amo romualdez pinsan laylayan iniimbestigahan,youtube
6468,makulong binanggit engr alcantara ayan mismo sinumpaang salaysay kakapal lalo zaldy,youtube
6469,freeze assets bank accounts soon possible corrupt leaders shouldnt allowed run political position,youtube
6470,pinapaikot ikot bayan,youtube
6471,deciding country hopefully sinasabi totoo pawang katotohanan dagdag bawas bansang pilipinas,youtube
6472,isipin billion khit year mauubos dami samantala nkkita lumalangoy baha billion billion lustay kasino millon pinattalo josko,youtube
6473,bago matyugi isiwalat,youtube
6474,kana insakto engineer aronomondang namo pangawat among buhis,youtube
6475,ahensya pilipinas korap kawawang pilipino kawawang pilipinas alisin cingressista dagdag nakikiparte kaban bayan,youtube
6476,alcantara pinakabossing bulacan mlki binubulsa iibng engnr sumusunod sau,youtube
6477,ayan buwaya sabihin derektang kinuha tauhan kumukuha nakikinig circus eleksyon boto ahahahha nasisilaw biyon kapalit hays kababyan sundin payo tatay digong kunin pera iboto,youtube
6478,nakakaiyak marinig tong perang ninakaw putanginang binanggit sanay napunta mahihirap naawa kapwa pilipino tattabaho marangal mabuhay,youtube
6479,tumolong cla akusado patungo wla,youtube
6480,ngaun katotohanan kelan mananagot,youtube
6481,drama,youtube
6482,naturuan kna kong sasabihin doj kya ginawa,youtube
6483,lumalaki utqng pilipinas kurakot,youtube
6484,nagsalita idiin zaldy iligtas tambaloslos bangag pinaka mastermind babalik maimbestigahan kasama remulla halata plano,youtube
6485,nakakaiyak palang kurapsyon iba ahensiya pilipinas iisipin mayaman bansa nagagamit bansa pilinas maka level singapore japan iba karatig bansa asia,youtube
6486,job engr henry alcantara sabihin matakot,youtube
6487,malupit immunity totoo hahaha,youtube
6488,niligtas sina alcantara hernandez bagman titigas boying tibay hintayin galit bayan makapit gising bayan,youtube
6489,lacson susi marami pigil selective sayanng sen ping gagawa mabuti sinagad,youtube
6490,inisip outcome pinag gagawa nyong corruption saya namamatay bagyo konsensya,youtube
6491,inyung corrupt sunugin,youtube
6492,palak pakan bayani alcantara matapos bilyon bilyong pagnanakaw alcantara hero nasaan romualdez zaldy ginawa kalihim works habang nagaganap kabalbalang mangyari siyang,youtube
6493,hahaha nakaka katawa sayang papagod nanakaw loloko sarili totoo kami nanamin nanakaw kawatan binaliwala pinapahirapan sarili kami martin romualdez zaldy mastermind bbm kasabwat pumirma impeachment sarah yun kasabwat itigil nakakatawa,youtube
6494,ever aba cbn,youtube
6495,pampam marcoleta umpisa palang nagpakita bitteran napalitan ping,youtube
6496,marcoleta gustong protektahan discaya hahahah,youtube
6497,ewan tanong marcoleta siga siga amp,youtube
6498,similar require discayas requiring alcantara hernandez relinquish ill gotten wealth prior considered state witnesses kailangan mabawi galing nakaw malversation funds tong plunder,youtube
6499,7hrs 28min tanging contribute sen robin padilla discourse gusto pong sabihin sec remulla paalagaan engr henry alcantara yun wow impressive,youtube
6500,sigaw ikulong karamihan idolize die hard corrupt magnanakaw bulag pagdating knilang idolo khit mamatay magnanakaw okay knila nkisali rally nka lagay bongbong resign pbbm nagnakaw mabuti nagsumbong pangulo pangulon ghost panahon duterte nilagay limot ngaun pbbm presidente problema nadiskobre pbbm kasalanan matalino pbbm matapang weak leader pati minor recruit cno kagagawan opinion klang nagpasimuno arestohin bless bagong pilipinas pbbm,youtube
6501,name nung pogi likod papa juntis,youtube
6502,70million rehab pintora,youtube
6503,dikdikin niu maigi bernardo magaling magsalita,youtube
6504,buti binoto tulfo brothers party lists pati sangkot senador partylist zaldy martin romualdez okay konti blanko papel basta karapat reklamo konting yes naabutan konti naisip future anak magmamana iuupo pamahalaan nagloklok,youtube
6505,bato kwenta kwenta tanong bukod matigas dila,youtube
6506,c0a nababayaran know relative kmi amo construction firm coa inspection susuhulan,youtube
6507,engr protesta aabot 50m 70m drainage rehabilitation drainage tumira halatang halata risa makapaniwala,youtube
6508,panggulo franchise killer,youtube
6509,laging show tong marcoleta maisplice ddshit supporters,youtube
6510,marcoleta halatang pinagiinitan brize hernandez takagang gustong protektahan discaya makulit senado,youtube
6511,marcoleta makulit hiring,youtube
6512,recto dami nagpapagawa fake,youtube
6513,inaabangan,youtube
6514,ngawngawngawmum mut marcoleta dios tlga saan agsardeng ipilit kayat balin statewitness agita discaya addan gamin kalkalubam,youtube
6515,tingin marcoleta nakakatulong discaya lutas problema halata nagsisinungaling brice beginning consistent sinasabi credible minumungkahi,youtube
6516,wow viral million day ago,youtube
6517,dalawang probinsya makikita pangalan zaldy halos pangalan nakalagay proponent pesos magtataka yun kumpanya sunwest manlang umpisahan nating tanungin nagtataka ganon sen marcoleta hanggang,youtube
6518,curlee okay iyo cahoot ganitong maduming kalakaran nakakatulog nasisikmura ipakain pamilya galing maduming pera naniniwala least guilty option get chose part shame,youtube
6519,kulit raffy tulfo paulit ulit,youtube
6520,marcoleta malinaw tubig motibo tigil hayaan magbalik gusto ibalik vountarily,youtube
6521,alisin marcoleta,youtube
6522,namn maging matino gobyerno daming nahihirapan pilipino isa kaming ofw kami kami pede sumuko umuwi pinas kakulangan maayos trabaho taas requirements makakuha work liit sweldo mananakaw pla matatalinong pera bayan namn maging seryoso nsa gobyerno sinumpaan nilang responsibility bayan matakot kyo diyos katapusan kaparusahan tulungan kaming ofw maging madali samin umuwi nlng pinas namn trabaho kami makukuha pinas nakakalungkot nangyayari daming perang nawala pinag sasasahan likod bayan,youtube
6523,maharlika funds pinasa romualdez zaldy sando marcos nmn nakikita progress,youtube
6524,mahirap pinas lumalaban patas bilis hatulan makulong samantalang lantarang nagnanakaw malayang nkkatulog nkakalibot ibang bansa nasaan hustisya nting mahihirap hndi tau pinakikinggan gobyerno busy magnanakaw nmang nakukulong,youtube
6525,laging sumisigaw tulfo,youtube
6526,kasama cholesterol sen marcoleta hehehe,youtube
6527,sige sen marcoleta ibagsak eng brice angat curlee bwahahaha,youtube
6528,gusto marcobeta este marcoleta maging statewitness angkop sagot ibang question lalayo,youtube
6529,kulit marcoleta nonsense,youtube
6530,raffy malay pinagtatakpan casinos yun,youtube
6531,marcoleta,youtube
6532,pearly curlee discaya nka program lhat sagot halata sinungaling,youtube
6533,bato question saan nkuha formula discayavna black listbsila lumaki lumobo income,youtube
6534,marcoleta credible discaya andaming script invoke rights ganon credible sakanya least brice sagot sagot pinupush nyang pilit maging witness discaya nagabogado discaya,youtube
6535,mabuhay lacson,youtube
6536,nagaaway away ending namang makukulong makulong makakalaya parin lagi namang bago away away,youtube
6537,sen marcoleta nagtatanong gulo palagi mqgtatanong sasagot tatanungin block sagot hayaang sumagot maayos resource person,youtube
6538,ikulong black site,youtube
6540,things corrupt government officials crazy philippines feels need right connections get away illegal things easy wrong things legally right way,youtube
6541,sen marcoleta try listen one questioning otherwise magtanong ayaw tumangap sagot questioning sen lacson opinion keep insisting opinion whenever keep talking rule law agree sen erwin tulfo sometimes breaking law necessary common,youtube
6542,papogi big fishes involved,youtube
6543,abogado discaya sen marcoleta,youtube
6544,sen marcoleta hayaan ibalik nina discaya ninakaw bat lagi pinoprotektahan discaya halatado sen,youtube
6545,chronology events kumanta discaya day pinalitan sumusunod president escudero sotto char marcoleta lacson today rinesbakan doj secretary remulla alcantara today naglapag pangalan alcantara kabilang ilang senador kasama romualdez pinangalanan today doj sec remulla requested maisama alcantara doj approved pagpapalit positions see obvious alarma kinailangan nilang kumilos stop marcoleta obvious core mission save romualdez obvious nagpangalan maituro easily convince syempre senador dati nakulong pinili revilla estrada big queation zaldy romualdez biggest names issue names came many times hearings haven called national government thru president easily operation wanted nagpakita anino dalawang see support marcos leni duterte must carefully observe congress stolen rights stolen money say know responsibility citizens know least basic understanding government rights understand happening pay taxes every product tax regular employees portion deducted salary every month read made things clearer pink yellow green simply clean government next generation right,youtube
6546,batas nagsasabing marcoleta atty discaya,youtube
6547,way bam aquino questioning every details mula maliit materials patong gosh,youtube
6548,nakakatawa raffy tulfo pang,youtube
6549,tulfo anong logic meron hor,youtube
6550,kaasar marculeta,youtube
6551,onanomalous,youtube
6552,erwin dinadaan lagi mataas tono boses magmukang tama,youtube
6553,erwin dinadaan lagi mataas tono boses magmukang tama,youtube
6554,kontra bida taltga mangolecta pera este marcoleta baka nakurap ngtatanong,youtube
6555,landbank malolos manager,youtube
6556,halatang halata bato tinutulangan discaya,youtube
6557,erwin anong bend law senador galing,youtube
6558,marcoleta,youtube
6559,ginugulo markubeta juiceko bayad discaya imbes makatulong nanggugulo alisin,youtube
6560,bumoto tama aminin participation ganitong katiwalaan naging matalino pagboto sanang ganito ipagbili boto ayan nagsasakripisyo dami bobotante pinas,youtube
6561,peste marcoleta,youtube
6562,constitution designed remade evolved throughout time fore fathers knew never perfect begin humans imperfect prone mistakes greed human lapses error types hearings see lapses within law change necessary,youtube
6563,wakas nagkaroon magandang tanong bato tulad marcoleta witness protection program agad gusto halatang prinoprotectahan ganitong tanong sen bato maiintindihan saan ugat curuption noong panahon tatay digong tatay duterte bato dela rosa pinagkakatiwalaan sina sara duterte anak isama harry roque bong sumira legacy tatay digong maimbestigahan tlga kamakamag anak kaibigan pray fprrd bigyan lakas dyios magsalita bayan tlga nanyare termino president,youtube
6564,ngang magsalita sotto halata,youtube
6565,nalilito ihiwalay pagtingin kaso discayas plunder guilty pwede wpp kase pinaka guilty alter pondo distribute pondo nakipag conspire icorrupt pondo aka taas bid rigging guilty companies ceo sometimes bidding substandard works guilty maraming katunayan ginawa kaso palpak thus ibang kaso guilty plunder parte pinaka kinaiinisan kase nagflaunt knows properties congressmen officials diba,youtube
6566,pinapaikot ikot bayan marameng nagugutom nalulubog mahal bilihin tuturuan,youtube
6567,tanungin magkakasama casino hatian bayad record,youtube
6568,lakas niyong magsugal millions billions sainyo natalo sainyo pera ganon yon samantalang kami laban tongits naiiyak natatalo,youtube
6569,nakakahiya educated kang finished profession corrupt engineer corruption nasaan professionalism naging instrument corruption,youtube
6570,managot issue isunod ibang department deped kulang facilities investigation dami nilang sinasabi budget saan napupunta kulang teachers hellooooo daming let passers teachers naghihintay item teach department customs department immigration department magkaroon investigation palang dami corruption nangyari nangyayari ibang department,youtube
6571,bulacan district offices kalakaran nid talga mabisang solusyon pra talga mapunta maganda buwis,youtube
6572,possible pwede baguhin qualifications tatakbo politics mean high standard records criminality bad records corruption bad records kaso pwede tumakbo,youtube
6573,weird julious likod prang ngmamando ssabihin,youtube
6574,long remulla statement resource person protection credible period hes doj sec credibility hes puppet administration puppet romualdez,youtube
6575,markulita bagay pangalan sobrang kulit nanggugulo,youtube
6576,hoy markulita discaya sinood batas batas batas beyond batas nangari corruptions sen erwin explained bayan decision maibalik agad agad pera puti mata bago maiibalik ninakaw,youtube
6577,saysay batas,youtube
6578,tanong kanino isosoli iyo magpapakasasa hahaha makikita lamborghini garahe nepobaby kwakkwak reshuffling kapal muks,youtube
6579,anyare mata remulla,youtube
6580,bat iba way pakikipag usap sen marcoleta brice descaya,youtube
6581,marcoleta grrrr bark bark bark bark sabay pabelly rub curlee,youtube
6582,magsasalita eng alcantara itinuro eng bryce hernandez malalaking sangkot katiwalian binanggit eng hernandez kasama cna send jinggoy sen joel gaya discaya halatang nagsisinungalin pinagtatakpan kya marapat eng bryce hernandez gawing state witness,youtube
6583,pakiboto jinggoy joel robin bato bong revilla lito lapid next election makakatakbo,youtube
6584,issue pinaka maraming plot twist bawat episode laging ganap,youtube
6585,salute truthfulness alacantara never late redeem,youtube
6586,tong pinagsasabi erwin tulfo mataas taumbayan batas one law one sadly umagree doj,youtube
6587,obviously point sen marcoleta piss chairman sen ping quoting every typical tactics dds guluhin sen ping still unbothered lalong nahihighblood,youtube
6588,nathan pera safe sigurong ibayad utang pinas,youtube
6589,ina marcoleta noong nakaw cla pera law bana sasabing dikayo pwedeng nakaw pwede kayong nakaw law hindrance achieve justice case nato bwakinang ina lao kana marcoleta,youtube
6590,imbestigasyon senado andyan,youtube
6591,letche marcoleta,youtube
6592,paulit ulit nlng marcobeta galit galit,youtube
6593,take ongoing issue bansa marepeat nangyari dati haba haba tagal investigation makukulong meron mang makukulong tatagal ilang months years maacquit lalo pagnagiba administration kaalyado akosado need wpp pagbayaran kulungan ginawa nagvolunteer nailahad korapsyon nagsalita nong nagkaroon imbestigasyon meaning naging issue tuloy tuloy pweding pagbayaran ginawa ibalik pera bayan makulong politikong korap maintindihan bat romualdez immunity mean yes innocent proven guilty imbestigahan resigning enough ibang mahihirap nagnanakaw trabaho mahanap yon naisip solution pagnahuli nakukulong korap nagnanakaw kasakiman sinasabing tama magnakaw gusto mapoint kaibahan mahirap korap politiko nakukulong nanagot muna kami pagbayarin tax nanakawan magbabayad kami,youtube
6594,masyadong pinipilit marcoleta magwitness discaya,youtube
6595,obob nvo math,youtube
6596,gud sen erwin tulfo standing voices ibalik pera taumbayan,youtube
6597,marcoleta engyanyo kila discaya magsiwalat nagkaganun gagawing state witness procedure nmn yun process batas mababalewala rbelasyun discaya mababalewala applikasyun state witness yun nmn rebelasyun discaya nagpalabas rebelasyun brice alcantara yun nilalaban makobeta kinakampihan dismaya,youtube
6598,hahahahaha,youtube
6599,marcolets masyadong halata selos brice,youtube
6600,tumigil karmoleta hala nakaw discaya iboboto mali naawa kaysa hihirap,youtube
6601,baduy atake marcoleta,youtube
6602,nakakalungkot sistema possible naiipit iba choice hanggang maging tinatanggap sistema makakagalaw lumaban agos,youtube
6603,mukhang kailan ata sen marcoleta lozartan atty ina magpale,youtube
6604,ligtas jingoy awa iboto revilla corrupt mamatay corrupt,youtube
6605,salute tulfo lacson bam isa isa babae,youtube
6606,pang pagulo karmoleta kainis,youtube
6607,hahahah natawa bato word hao siao pong ganoon work chinese term,youtube
6608,see difference dds dilawan marcos loyalist dds mendiola yun violenteng loyalista luneta matitinong,youtube
6609,tuf obob ampota antagal pinagusapan casino showman ampota tagal nakikinig,youtube
6610,ibang politiko magbanat buto nagkakaroon maraming pera samantalang tayong normal filipino kailangan magpawis magbanat buto minimum wage,youtube
6611,binabastos tlaga ping marcoleta,youtube
6612,marcoleta panggulo samok kaayo,youtube
6613,ibalik pera bayan markolekta obvious side korap,youtube
6615,speechment sarah sinunod batas nakasagot lacson nun anong masama magbalik pera magnanakaw hinaharang mawala sna bulldog,youtube
6616,baliw ata tong marculeta,youtube
6617,kelan isasalang congesista sangkot sawa kami contractors paulit ulit tanong isalang malalaking porsyento contractors maliliit porsyento isalang tumatanggap malaking porsyento isalang master mind,youtube
6618,maingay naiistorbo ateng natutulog,youtube
6619,senete need magkontrahan nsa batas point malaman cno puno sala durugin malaman puno nakawan kaban bayan alisin muna payabangan pagalingan gamitin talino pra kawatan bayan mabunyag,youtube
6620,pabor pabor discaya napaka obvious jusmeee,youtube
6621,bato bulok magtanong halatang agenda pabanguhin digong,youtube
6622,kakwenta kwenta tanungan marcoleta brice kabwisit obvs protecting discayas,youtube
6623,bago technicalities based constitution based facts per chat gpt isyu sen marcoleta sec remulla nagtalo tungkol witness protection program wpp testigo official gustong pumasok wpp magsalita tungkol anomalya remulla nakasulat batas tinitingnan doj handang magbalik ill gotten money restitution testigo makita tapat faith marcoleta tama gawing requirement restitution batas wpp protektahan testigo kapalit testimony kapalit pagbabalik pera naging tama marcoleta witness protection security benefit act kondisyon mapasok wpp mahalaga siyang testimony nanganganib seguridad testimony guilty mabigat krimen moral turpitude pumapayag siyang testify binanggit batas tungkol restitution legal side tama marcoleta puwedeng gawing requirement restitution nakasaad batas practical side punto remulla nakakatulong restitution gobyerno nagpapakita sincerity testigo gawing kondisyon,youtube
6624,didn realize risks taking stealing billions includes safety life family admission exempt plunder cases galit bayan ikulong kayong kurakot,youtube
6625,marcobeta use law option better law sampu kulto,youtube
6626,tama tulfo isauli ninakaw magnanakaw daming naghihirap sarap galit bayan sinisigaw rally nung isauli ninakaw narinig marcolekta,youtube
6627,lord bahala numbers,youtube
6628,mamarunong nanaman eat bulaga,youtube
6629,bruh marcoleta discaya unang nagbigay sworn statement dba,youtube
6630,rodante devil advocate marcoleta,youtube
6631,marcoleta right something stated law would doj secretary create procedure mentioned doj secretary point would still law laws written clearly completely discussing laws emotions set aside rational thinking used law cannot ignored guides investigators nagtitipon2 abs cbn obob nagpalabas sama loob please get comfort zones get real world delusional,youtube
6632,raffy tulfo baba pananaw casino working knows everything table let bryce answerr question put words mouth kalakarannnnn raffy tulfo impluwensya connections,youtube
6633,kala one law tulfo minsan need bend law able please mataas bayan kesa batas,youtube
6634,iboboto kita erwin tulfo,youtube
6635,tulfo gets putting words bryce mouth irrelevant possiblebkasi tinutukoy provided kamo contact duon naka automatic data thats merong sinasabi bryce membership number tulfo malawak iisip,youtube
6636,premium account viber pwede delete message without traces common tinatago viber line communication,youtube
6637,nasaan statement discaya kasama sina speaker camara alcantara bida susunod bida hahahaha nakakawala tiwala pang maging usapan katiwatiwala sorry,youtube
6638,galing magtanong senador pomabor matuloy impeachment trial sara wahhhh,youtube
6639,abogado marcoleta chairman nak teteng kala magaling,youtube
6640,hats pff sen ping silence whining bitter marcoleta,youtube
6641,safe discaya abogado marcoleta palibhasa top contractor previous administration,youtube
6642,markubeta tinatanong brice hernandez kayang sagutin henry alcantara kulitin hernandez hernandez siyang ginagawa alcantara maraming alcantara maaring hernandez,youtube
6643,job brice hernandez,youtube
6644,sarap sapukin marcoleta,youtube
6645,job sen lacson,youtube
6646,self interest markubeta gustong itaas allotment partylist congressmen anak partylist,youtube
6647,marcoleta job serve filipino want money back wait longer thieves higher chances hiding money anywhere world possible getting seriousness urgency behind situation join rally present restitution issue rally cries deepest level emotional comprehension,youtube
6648,iimbitahan invite agad zaldy,youtube
6649,tanong naranasan bang lumusong baha lumulutang anu papasok eskwela trabaho masakyan,youtube
6650,nakakalasing sen marcoleta habulin tama,youtube
6651,salute justice remullia sen pangilinan tulfo brothers glory,youtube
6652,talking billions millions samantalang batang paslit kumakain pagpag kalye hayy nakakaiyak kawawang pinoy,youtube
6653,tignan inc tumatanggap tights dba impossibleng bilyon2 pera discaya pumapasok,youtube
6654,maging state witness nagnakaw limpak limpak nagsabwatan gawa masama,youtube
6655,judge dedecide state witness sinasabi pwede sasalita ipamukha possible maging state witness lalong kakanta pili pinapaniwalaan tiga pinaka ulo contractor bibigyan pera mapapabilis investigation meron favoritism habang martin eenjoy papasko kasama pamilya,youtube
6656,dizcaya gusto state witness sinusurrender pera ninakaw kaban bayan saan kumukuha lakas loob convinced nailabas sala romualdez speaker house aba,youtube
6657,love exchange clearly see sides know understand law firmly stand facts especially remulla,youtube
6658,ayy etong marcoleta napaka jusko,youtube
6659,tlga marcoleta napaka strict batas law hope read marcoleta paanu nyu pianpatupad batas imbestigation,youtube
6660,hype marcoleta napakabobong magtanong sinasagot maayos gusto niyang sagot gusto niyang marinig,youtube
6661,wow umpisa palang nagset mood marcoleta pinagusapan minority meeting,youtube
6662,abogado discaya,youtube
6663,lupet marcoleta likod discaya tutal abogado,youtube
6664,isuli ikulong kawatan,youtube
6665,nagiging abogado discaya marcoleta bato bayun gusto nilang protektahan asawa nayan,youtube
6666,nakakagigil marcoleta mangipapiilit,youtube
6667,casino,youtube
6668,jollibee marcoleta bida bida,youtube
6669,marcoleta paanong makakatulong discaya nakinabang pera bayan ayaw ipabalik nakulimbat nakakainis boses bayan pakinggan,youtube
6670,sinuli brice gmc truck binigay henry alcantara yon dali lokohin kiko erwin,youtube
6671,erwin pinasok daig civil,youtube
6672,halatado senador abogado discaya nakakadismayang senador sayang talino interes haisst pagganyan malabo mapanagot naghehearing palang gusto protektahan senador jusmio,youtube
6673,either nagmamaangmaangan bonuan tamad haist,youtube
6674,nagtanong magkano total nanakaw contractor magkano singilin tama,youtube
6675,hay mpa erwin tulog substandard cla ngbawas materials budget cla ngbago plano hay nko erwin intindihin,youtube
6676,sure bibigyan discaya marcobeta,youtube
6677,pinoprotektahan netong marcoleta namang maibalik habang maibabalik pera,youtube
6678,think defend discaya ibalik nakaw ambunan,youtube
6679,marcoleta sobra defend discaya,youtube
6680,tanong pwedeng derechong kasuhan kurakot murder manslaughter pamilya namatayan baha,youtube
6681,talagang gustong ipilit marcoleta gusto protektahan discaya,youtube
6682,makulong managot baka kaisi kunwari ganito tignan naten nangyare kila alice makulong lalo bernardo nasaan,youtube
6683,first offense lifetime suspension although sure gagawa ibang company baka khit nakakulong contrata,youtube
6684,aba marcoleta abogado discaya naambunan grabeeee panggulo,youtube
6685,nakakaantok bato,youtube
6686,maintindihan dame naiinis marcoleta tama sha refrain opinions especially presidente,youtube
6687,ayyy apooo marcoleta bang tinutumbok sama loob hndi malagay witness protection discaya nidisregard testimony brice hayssttt nakakainis entitlement,youtube
6688,nakakapag taka dami agency gobyerno nakikurap kayagaya daming nagungurakot kada sulok gobyerno korap,youtube
6689,sec remulla tayong masyadong magtiwala anak sangkot drug nung napawalang sala evidence ahh,youtube
6690,sinoli maiibibigay agad mapapakinabangan,youtube
6691,tama cool high blood magtanong sen erwin tulfo nadadaan sigawan,youtube
6692,tagal kalakalan inooverdesign private contractor inooverdesign structural blgd kamalamalahang gawain,youtube
6693,stick tanung obob,youtube
6694,marcoleta mambabatas karesperespeto kailan hambog abogado basa ipinaglalaban kundi pamilya questionable gawain,youtube
6695,napansin nung nagtanong raffy tulfo binago bigla bigla tanong nalito sumagot bryce sasabihin niyang nagsisinungaling nagkakaintindihan anong pinaguusapan,youtube
6696,obob magtanung,youtube
6697,sen padilla ask remulla protect alcantara friend asking remulla protect discaya brice jaypee baka kasabwat obviously know process hanggang pelikula,youtube
6698,tulfo sakit ulo,youtube
6699,must return money stole pay individuals affected suffered tremendously maawa kababayan officials congressmen must fired imprisoned done abusive power deserve elected never,youtube
6700,discaya connections specific parties heads bulacan another parties hahaha sisi agawan protection ililipat topic bigla marami marami tong buaya bubunyag hahahahah lets,youtube
6701,markolekta barado sec remulla tulfo bros,youtube
6702,yes atty remulla please impartial investigation corruption abuse must stop penalize higher government officials involved case,youtube
6703,obtain documents messages telecommunication companies person instructed destroy documents must imprisoned obviously trying hide protect someone higher administration,youtube
6704,bat humihingi tawad saknila matakot matakot kas ataong bayan,youtube
6705,kalbo tanong fast forward sayang oras kwenta,youtube
6706,paiyak2 lalo tinabijan isa pang buaya,youtube
6707,umintindi erwin,youtube
6708,job alcantara finally disclosed divulged signed testament done onset sinayang time individuals paligoy ligoy sagot nakakahiya least konsensiya,youtube
6710,erwin tulfo boy sigaw,youtube
6711,hulihin zaldy paikot ikot nakakainis,youtube
6712,nakita napanood marcoleta rally last sunday pinipilit parin ayaw bayan abogado rational decision making poor senador pilipinas discaya,youtube
6713,chairman members must provide opinion case neutral impartial investigation make influence decision sen marcoleta right,youtube
6714,sangkot nakawan bitayin hwag depensahan clang takot nakaw kumakampi politikong pol2x cguro kasabwat nanakaw,youtube
6715,marcoleta umalis eksena pinoprotektahan manloloko kaysa biktima bayan mali ginawa silang panagutin baka manloloko,youtube
6716,alcantara disclosed admitted onset justify anymore brice jaypee discaya admitted choice divulge govt officials involved user corrupt individuals influence shouldn happened greedy expense money naawa namatay experienced adversaries nakakahiya usec bernardo rest government officials corrupt deserved imprisoned done substandard greediness influence usec resign get anything government disgrace country ganid naawa contractors dragged names congressmen government officials even bank employees bribed must sentenced death alcantara onset teary eyed knew wrong yet still continued maiyak iyak thinkg gained acquired citizens bulacan pampanga tarlac suffered disgrace country,youtube
6717,bukod kurakot marunong sumunod alituntunin leaders noh marunong sumunod kailangan pagsabihan pagsabihan ipipilit parin gusto papanu magkakaron credibility gobyerno papano pagkakatiwalaan napaka simpleng bagay bagsak haaaays,youtube
6718,bend law hayssssssssss broadcast,youtube
6719,malalim kaalaman batas chairman bara bara lalo law school skul bukol,youtube
6720,magkano nabigay nla discaya marcoleta abogado discaya sobrang pilit ginagawang state witness buwaya,youtube
6721,makasuhan silang pwedeng discharge,youtube
6722,heart breaking madinig district nato sub standard,youtube
6723,marcoleta galit galit protektahan magnanakaw,youtube
6724,marcoleta plating delay paulit ulit guilty nililihis dine delay day,youtube
6725,marcoleta obvious obvious kinakampihan discaya hmmmm becoming nuisance unbecoming called lawyer,youtube
6726,ginawa brice sauli ninakaw purpose gusto maging state witness kusa kalooban ibalik nakaw bagay napilitqn sapat billiones ninakaw,youtube
6727,hubak remulla,youtube
6728,remulla gustong ombudsman doj binabali batas demonyo,youtube
6729,tagnina marcobeta oras,youtube
6730,tulfo mataas batas matagal nasinasabi nauna one law,youtube
6731,ala faith ninakaw faith hinde buhos tubig diyos hinde bumaha alang mamamayan parusahan silang pauwiin dalawang,youtube
6732,ibalik death penalty pamarisan,youtube
6733,batas guide tama nating gawin tama marcoleta sundin batas karapatang bend iton favor many,youtube
6734,tulfo paikot ikot sus matapos kwento kwento jusmio,youtube
6735,nagkamali pagboboto bam kiko,youtube
6736,raffy tulfo makapag tanong akala binibigyan chance maka sagot tinatanong,youtube
6737,actions words persistence marcoleta hiding something discaya witness protection program willing return money involved obvious discayas protecting return effort protect marcoleta corrupt please investigate marcoleta find hiding discaya willing return money expect part witness protection program face consequences wrongdoings filipinos demand return money whether taxpayers money reminding money marcoleta thing decided replace duterte team investigation stall remember time team everything ensure sara duterte return money stole part duterte team consistent taxpayers money returned hope lord make way duterte team exposed,youtube
6738,bias andito abs,youtube
6739,lalaki laki noo bonoan wlang kwenta,youtube
6740,get doj masampahan kaso trial aid legislation yes baka ndi implement yng aid legislation tagal prosesso noh,youtube
6741,sige gusto lagay witness protection program discaya sieze muna assets deserve yun mabawi manlang pilipinas,youtube
6742,panggulo marcoleta,youtube
6743,batas mahirap makaintindi tungkol issues kinalaman batas,youtube
6744,raffy tulfo paulit ulit tanong kin last,youtube
6745,marcoleta pinaglalaban batas magnanakaw hndi respeto batas tpos gusto book restitution nung nagnakaw book yun nkakagigil pang didiin sec remulla hndi kalaban hoy buti supported statement sec remulla please open minded job,youtube
6746,bato regarding blacklisting issue mahirap bato kang batas matuto magagawa kang magandang batas magawa,youtube
6747,help lacson sotto bam aquino hontiveros tulfo ejercito malilinis matatanggal tlg senador salot senado,youtube
6748,mabuhay sen lacson sen aquino sen tulfo sen tulfo sen pangilinan,youtube
6749,panggulo langb markubeta laki nakulimbat discaya yaman pinangangalandakan publiko kailangan witness protection program proteksyonan kanilang sarili gamitin nakulimbat pera kumuha sangkatutak bodyguard,youtube
6750,importante imbestigadyon protection nangdambong,youtube
6751,pilipinas kong mahal baguhin sistema lalo ibigay bussines tycon ramon let ramon handle magpa bid contractor,youtube
6752,nagdawit brice alcantara diba discaya nationwide nalalaman nilang connection silang makakuha protection kundi mabubunyag sinasabi alcantara syms mendoza pang nabigyan protection naibalik nabang nanakaw kaban bayan brice dalawang sasakyan palang nabawi pinatalo casino babawiin,youtube
6753,zaldy balik piliipinas magbigay revelation gusto marining version kong excited malaman sambayanang pilipino real zaldy,youtube
6754,wow wow zaldy super duper zaldy hahhaha,youtube
6755,salute sec remulla sen tulfo sometimes bend law greater,youtube
6756,bweset kayu abs cbn ipapakita nina leima yarn,youtube
6757,zaldy amo wlang iba tamba hati2x cla pinsan,youtube
6758,anung issue restitution gumawa paraan gobyerno maibalik nakaw pera iyun nararapat iban hearings,youtube
6759,haist bonoan old tatangatangahan mali talagang apoint,youtube
6760,clear markubeta nuisance investigation cited contempt,youtube
6761,nakita marcoleta nagsalita sen tulfo,youtube
6762,maitatago reveal name zaldy maganda marining revelation magkaka alaman likod cut,youtube
6763,doj follow rules regulation law kyo gumawa sariling law law tayong sundin pantay pantay bibigay protection withness pareho nmn clang mentioned tamang ninakaw pera bayan nagbabayad kmi tamang buwis kun late byad patong pagkatapos pera nmin ninanakaw politician ibalik death penalty bansa tingnan arab country walng nanakaw clang kinokonsiti khit kalahi pinuputol kamay pahuli nakaw binibitay malaking kasalanan,youtube
6764,maganda kong zaldy tanungin sure meron malaking revelation abangan revelation zaldy kong,youtube
6765,tumulong marcoleta explain jusme,youtube
6766,naaayun batas sinasabi marcoleta anung paraan yun makakatulong mabilis pagkakabawe nakulimbat contractor sangkot kurapsyon marcoleta kang makulit pinapatagal pinasaringan sen erwin tulfo baka,youtube
6767,malaking kalinawan bawat ditalye masusukol nagsalita eng alcantara pray basta magsabi totoo makonsensya bayan,youtube
6768,personal opinions members affect decision decision decided single member rather whole,youtube
6769,patawa nlng tong makuletttka halatadong pinoprotektahan abogado tama tandaan abogado marunong magtama mali magmali tama magaling,youtube
6770,wlang kuwenta tulfo ulit ulit pina ikot ikot kuwento nnadyn buhaya nlng nnakaw,youtube
6771,monpaba remulla,youtube
6772,halatadong protektado marcoleta discaya,youtube
6773,laking pera ninanakaw nanjan doh deped boc madami pang goverment agency matagal kalakaran priced boys agency kalakaran,youtube
6774,markuletttttt kaaaa abogado kaba discaya,youtube
6775,firing squad dahan dahan,youtube
6776,hina umintindi kami nanunuod naiintindihan nmin dumadami kulubot hanana,youtube
6777,marcoleta mahilig magtantrums gusto lagi masunod inggit spotlight,youtube
6778,bigay smc,youtube
6779,paipalan sayang tignan kiko naiipalan tulfo,youtube
6780,pagsosoli ninakaw pera gusto taumbayan gusto makulong mismo kasama politikong,youtube
6781,halaaaaa identify agad building schools sub standard forbid earthquake nakuuu,youtube
6782,pangsugal casino dami pamilya matutulungan makalipat ibang lugar binabaha,youtube
6783,wenta padilla bat kapa naupo sasabihin,youtube
6784,simple gusto sen marcoleta mabigyan proteksyon discaya gaya alcantara brice hawak nakapagsalita pulitiko ibang parte bansa katunayan unang nagbulgar silang bigyan protection mapatay natural maituturo big fish,youtube
6785,murag schools daghan corrupt substandard room,youtube
6786,gusto maging state witness sbihin lhat nalalaman pati lumapit nanghihingi aminin hehehehe,youtube
6787,totoo kya mon tulfo marcoleta,youtube
6788,ndi obvious hahahaha,youtube
6789,pinagpipilitan tlga marcoleta boooo marcoleta uwi,youtube
6790,malalaman soon humarap zaldy kong doubt percentage proponent zaldy sure sinolo zaldy percentage kinukuha revelation soon,youtube
6791,agree marcoleta,youtube
6792,doj remulla lacson protect khit marcos sinungaling alcantara bkit ilan besesn cya tinuro brice hucos focus nmn cno mastermind khit pinoprotecta cla pinaka mataas position,youtube
6793,manila philippines paid las piñas cavite allegedly benefited villar properties new ombudsman task force wants probe ombudsman boying remulla task force investigate government infrastructure linked villars earlier investigation revealed motiontrade firm owned christian aguilar mark camille villar uncle bagged p390 million worth jairo bolledo explains producer jairo bolledo supervising isagani castro make,rappler
6794,full constructed prevented deaths caused typhoon tino deadliest storm hit country year tino destruction left wake sparked even outrage controversy first erupted earlier asking held accountable government national local levels pointed doubtful quality area top contractors provinces tino caused deaths cebu province ranks second highest total cost despite among top prone provinces country tino hit showed number cost equate safety province scores still died especially towns liloan compostela cebu city mandaue city danao city balamban talisay city since built areas liloan tino claimed lives discaya linked firms partnership geometric proportions inc secured highest total cost contracts supposed prevent cotcot river overflowing flooding surrounding land waters still rose river banks submerging communities living downstream shown simulation released cebu provincial capitol province wide builders quirante construction took biggest slice overall built mananga river talisay city sunstar report found shanties sides mananga bridge still destroyed strong current builders owned allan quirante famously flip flopped probe company quirante construction led jonathan quirante sources requested anonymity told jonathan allan nephew read dumanjug quirante clan took nearly cebu negros island another area tino caused grave destruction especially negros occidental billion worth built area though failed stop recent typhoon claiming several lives province camansi binalbagan rivers located towns castellana hinigaran respectively river supposed keep bodies water bay built country top contractor legacy construction corporation firm owned alex abelido prominent figure negros occidental previously reported company flooded back read negros occidental marcos listed top contractor flooded another report found legacy construction corporation previously received poor unsatisfactory ratings constructors performance evaluation system road widening drainage side island canlaon city negros oriental among hardest hit typhoon tino data show one built city box culvert along vallehermoso canlaon city castellana road constructed rekina construction services town already grappling repeated activity nearby kanlaon volcano typhoon struck tino made landfall philippine institute volcanology seismology phivolcs already issued warning lahar sediment flows make,rappler
6795,full quezon city thick clouds envelop pasig quezon city jire carreon manila philippines department works highways quezon city approved city government raising suspicions works philippines richest largest city anomalous rest worth p14 billion disapproved incomplete lacking certificates coordination required local government code policy city government tried apply certificate coordination convinced anomalous quezon city mayor joy belmonte press briefing friday quite suspect talking personal basis policies place require coordinate added quezon city currently inspection supposedly constructed quezon city aside certificates coordination required law need order align city drainage master plan conducted university philippines resilience institute city engineer dale perral certificate prerequisite permits needed construction city government far completed inspection worth billion total disapproved local government identified matalahib creek pumping station worth p95 mariblo pumping station worth p282 sta cruz pumping station worth p282 bypassing local government issue quezon city approved certificates coordination friday press briefing local officials enumerated following observations site inspections works particularly anomalous identified construction mendez creek brgy baesa roadway creek carlo lopez austria head city legal department many legal recourse violators actions file administrative well criminal charges violations local government code water code national building code among others austria mix english filipino briefing seven contractors president ferdinand marcos list contracts quezon city make,rappler
6796,full filing independent commission infrastructure chairperson andres reyes along volunteer lawyers file cases office ombudsman joel villanueva jinggoy estrada former bicol party list representative zaldy former caloocan 2nd district representative mitch cajayon former undersecretary roberto bernardo coa commissioner mario lipana alleged involvement anomalous ghost jire carreon three months since marcos government vowed officials allegedly involved corruption single person brought detention posting lots moving parts government wide crackdown least four agencies bodies office ombudsman department justice doj department works highways independent commission infrastructure holding separate probes alleged corruption investigation authorities expected file complaint either ombudsman doj assessment ombudsman justice officials file criminal cases courts allegedly involved cases reach courts warrants issued powerful constitutional body ombudsman apart handling criminal offenses fire suspend government officials found administratively guilty slight complication part however body recommends complaints ombudsman meaning submissions constitutional body considered referrals complaints make record straight cannot make complaint cannot file complaint mandate refer complaint referrals later sworn subscribed secretary vince dizon make complaint chairperson andres reyes explained story helps track development legal action filed actors involved multi billion peso corruption scandal none yet allegations violation republic act anti graft corrupt practices act malversation falsification documents violation government procurement act respondents former bulacan 1st district engineer henry alcantara former district engineer brice hernandez former assistant district engineer jaypee mendoza sarah discaya roma angeline rimando timothy construction mark arevalo wawao builders sally santos syms construction trading robert imperio construction corporation details complaint stems five allegedly anomalous malolos hagonoy bulakan baliwag bulacan status pending ombudsman allegations alleged violation anti graft corrupt practices act indirect bribery malversation funds respondents initial complaints include chiz escudero jinggoy estrada joel villanueva well former representative zaldy among others details doj undersecretary jesse andres tuesday five complaints undergoing preliminary investigation meaning prosecutors stage issuing subpoenas respondents complaints respondents fail submit counter affidavits prosecutors immediately submit cases resolution either indict file charges respondents status pending doj preliminary investigation allegations malversation funds falsification documents respondents twelve charged plus silverwolves corporation union case nine davao occidental case plus timothy corporation sarah discaya dizon details first complaint filed p96 million union awarded silverwolves construction corporation second stems two davao occidental worth p89 million total p179 million awarded timothy corporation status pending ombudsman allegations criminal graft malversation falsification alleged violation government procurement reform act administrative violation code conduct ethical standards officials employees civil service rules regulations respondents resigned bicol representative zaldy gerald pacanan gene ryan altea ruben santos dominic serrano felisardo casuno timojen sacar montrexis tamayo juliet calvo dennis abagon lerma cayco grace lopez friedrich karl camero aderma angelie alcazar cesar buenaventura consuelo aldo noel cao anthony ngo potential respondents linked construction contracts sunwest details flagged alleged use grossly substandard materials construction road dike along asawang tubig river naujan oriental mindoro p289 million oriental mindoro bagged sunwest inc business conglomerate based albay founded status pending ombudsman evaluation allegations plunder graft bribery corruption officers respondents estrada villanueva commission audit commissioner mario lipana former caloocan 2nd district representative mary mitzi cajayon former undersecretary roberto bernardo details recommendations based sworn affidavits corroborating evidence dismissed officials alcantara hernandez mendoza status pending ombudsman evaluation allegations criminal graft malversation falsification alleged violation presidential decree government procurement reform act administrative grave misconduct gross dishonesty conduct prejudicial best interest service violation republic act code conduct ethical standards officials employees respondents criminal alcantara hernandez ernesto galang mendoza john michael ramos irene ontingco joshua blitz roxas topnotch president eumir villanueva administrative former undersecretaries bernardo maria catalina cabral alcantara hernandez galang mendoza ramos ontingco roxas bernardo villafuerte details report stems p72 million riverbank protection structure bagong silang plaridel bulacan body commission audit coa report revealed structure constructed location specified approved bid plans status pending ombudsman evaluation allegations criminal graft malversation falsification alleged violation presidential decree government procurement reform act administrative grave misconduct gross dishonesty conduct prejudicial best interest service violation republic act code conduct ethical standards officials employees respondents criminal alcantara brice hernandez jaime hernandez ernesto galang john carlo rivera john michael marcos claudine magdalene magsakay ericka justine chico topnotch beam general manager allan payawal administrative former undersecretaries bernardo maria catalina cabral alcantara brice hernandez jaime hernandez galang rivera marcos magsakay chico details issue p95 million barangay bambang bocaue bulacan joint venture topnotch catalyst builders incorporated beam team developer specialist incorporated citing report coa structure constructed location specified approved bid plans status pending ombudsman evaluation make,rappler
6797,full pulls raft transport residents wading flooded street monsoon rains malabon city eloisa lopez reuters manila philippines enough prone metro manila least initiated metro manila data department works highways amounted total p52 billion leading list contractors eight construction services least followed jelsie construction supply dahl construction corp formerly dahl construction construction corporation handled chua construction inc meanwhile rounded top five signed government information released following audit ordered president ferdinand marcos state nation address monday president released initial findings raised questions contracts awarded anyway metro manila zoom map dots see details including type work done contractor cost building period among others information presented searchable table find maps island group luzon visayas mindanao information presented searchable table map make,rappler
6798,department works highways surge water pasig river caused damage looking quality materials used structure,rappler
6799,full probe secretary vince dizon wendell alinea philippines manila philippines move forward without environmental compliance certificate ecc department works highways secretary vince dizon papayag dizon radio interview thursday pong anong infrastructure makakaapekto environment pwedeng ecc allow infrastructure affect environment allowed without ecc typically proponent submits environmental impact assessment department environment natural resources positive review proponent assessment denr issues environmental compliance certificate ecc outlines conditions proponent meet order compliance environmental regulations hinges reforms dizon wants installed moving forward new aside strict compliance ecc dizon approved experts given budgets lulusot eksperto malalagay budget gobyerno dizon meet requirements experts included government budget dizon monday proposed budget inspected undergoing investigation eccs proponents works required apply ecc along dams water supply infrastructure specified guidelines environmental impact assessment denr found reviewed maladaptation ghost poorly situated interfere environment change flow waterways means area near safe risk transferred another area poorly situated personal opinion important even compared ghost investigating denr undersecretary carlos primo david every time constrict block divert alter natural waterways change velocity volume water flow david added make,rappler
6800,full presscon independent commission infrastructure chairperson andres reyes holds banner saying world needs love press conference james patrick cruz manila philippines independent commission infrastructure recommended filing criminal administrative complaints individuals involved p95 million barangay bambang bocaue bulacan joint venture topnotch catalyst builders incorporated beam team developer specialist incorporated appears several officials grossly negligent remiss performance respective duties ensure properly implemented government funds lawfully prudently disbursed chairperson andres reyes thursday report submitted office ombudsman commission investigation following former department works highways officials bulacan 1st district engineering office allan payawal represents topnotch beam named recommendation recommended complaints alleged violation republic act anti graft corrupt practices act malversation funds falsification alleged violation presidential decree government procurement reform act recommended filing administrative complaints former secretary manuel bonoan former undersecretaries roberto bernardo cathy cabral potential violations code conduct ethical standards officials employees citing report commission audit structure constructed location specified approved bid plans bocaue found topnotch allgedly conspired officials facilitate release payment non existent topnotch sixth list top contractors country secured around recommended filing complaint topnotch ghost plaridel bulacan last make,rappler
6801,full walking line ruin survivor navigates edge butuanon riverbank sitio lower common barangay bacayan cebu city debris home stark reminder typhoon tino fury least died area due flooding fight recovery begun juan carlo vela sunstar large swaths metropolitan cebu severely flooded wake typhoon tino kalmaegi despite national government spending p17 billion province report sunstar cited data department works highways four major rivers province time presidents rodrigo duterte ferdinand marcos disaster less natural one made catastrophe fueling demand accountability massive works spending alleged substandard sunstar reported thursday thursday count done various municipalities indicated died cebu typhoon tino trail report covers factors worsened disaster namely alleged ghost substandard unchecked development read full sunstar report sunstar part newscollabph joint philippine news organizations directly engage diverse communities share hold vibrant discussions interest issues make,rappler
6802,full floods part world natural water cycle cannot totally prevented damage inflict controlled effectively right methods philippine atmospheric geophysical astronomical services administration pagasa one methods defined department works highways engineering works individually combination provide protection reduce damage mean remove keep rainwater quite technical sense categorizes structures guidelines include hold pump divert water increase area capacity retain excess water enhance flow follows traditional definition management described study national academy science technology study argues must consider water disasters landslides storm surges dam breaks high tides structures protect land areas collapsing keep water sea considered released guidelines comprehensive water management means conserve utilize water beneficially irrigation water supply power generation wider definition reflected president ferdinand marcos list includes drainage sediment rainwater storage river coastal slope protection extensive list individual master plans country major river basins hard keep track region region different types work look list use spot scrutinize ones probably find community pagasa defines abnormal progressive rise water level stream result flowing water normal confines stream subsequent inundation areas normally submerged two main reasons government agency accumulation rainwater water overflowing bodies water especially given abundance rivers country planning manual made japan international cooperation agency jica says structures prevent rivers overflowing improving rivers flow done removing sediment bottoms making wider straightening national government charge kinds works major principal river basins guidelines around local rivers creeks expected funded undertaken local governments found river rainwater end accumulating crucial areas urban hubs residences certain structures used drain excess water drainage systems use different components remove rainwater intercepting transporting somewhere safe open channels canals openings storm drains capture floodwater culverts pipes help pumps easier transportation connect floodwaters local areas places excess water cause damage excess water major waterways rivers made structures built store water either release later use purposes excess water stored temporarily gradually released example five story detention tank bonifacio global city releases collected water pasig river manila bay floodwaters stored permanently water impounding systems used irrigation household water supplies electricity generation soil erosion prevention water resource applications integrated dams dikes diversion channels water substance flows floods sediment soil dragged along current end clogging rivers waterways left unattended structures prevent sediment accumulating part sabo engineering term used describe erosion sediment measures used works include specialized dams trap sediment debris clog waterways damage infrastructure downstream especially currents strong maintenance works desilting declogging considered floods hit water disasters storm surges occur along high tides preventing seawater spilling coastal communities part flooding weaken riverbeds areas along coast sloping landforms jica planning manual prevent landslides collapse land forms near bodies water protection part infrastructure way address country problem aside structural measures management non structural measures use types technologies mapping forecasting monitoring evacuation resettlement conservation practices floods study university philippines looked country hispanic period present found focused much costly structural solutions risk reduction strategies rendered ineffective finished maintained effective solutions mitigating effects flooding mostly non structural nature study since situations structural solutions inevitable combination strategies focus risk avoidance strategies considered make,rappler
6803,full number houses inundated high tide flooding brought monsoon rains typhoon emong calumpit bulacan eloisa lopez reuters manila philippines enough luzon luzon received bulk infrastructure nationwide total p309 billion across include metro manila without capital region island group still accounted p258 billion worth spread across contracts top contractors luzon excluding manila based contracts handled significant share timothy construction corporation received least followed closely royal monarch construction supplies corporation samidan contracts triple construction supply inc meanwhile signed villar general construction supplies obtained period eight identified prone provinces luzon pampanga nueva ecija pangasinan tarlac bulacan ilocos norte oriental mindoro metro manila information released following audit ordered president ferdinand marcos state nation address monday president released initial findings raised questions contracts awarded anyway luzon zoom map dots see details including type work done contractor cost building period among others information presented searchable table find maps metro manila visayas mindanao information presented searchable table map make,rappler
6804,full bicol saro party list rep terry ridon presides house infra comm probe anomalous house representatives manila philippines house representatives putting end investigation anomalous house infra chairperson terry ridon wednesday suspension meant give way full impartial proceedings independent commission infrastructure infra comm turn transcripts documents pieces information evidence commitment fully cooperate every aspect previous proceedings ridon added speaker bojie scheduled meet wednesday afternoon ridon previously favor ending house inquiry many fellow citizens believe happening infra comm think would better forward monday statement wednesday ridon touted joint accomplishments result probe including resignation members philippine contractors accreditation board alleged unexplained wealth roles license sale scheme disclosure financial statements firms linked discaya couple house integrity conduct proceedings however questioned dozens lawmakers allegedly ties contractors contractors make,rappler
6805,manila philippines despite majority leader sandro marcos pronouncement house credibility probe anomalous lower chamber pushing anyway mega panel composed committees accounts works highways government accountability jumpstarts congressional investigation tuesday basis probe following house resolutions deputy minority leader leila lima mamamayang liberal previously objected creation tri saying would prudent part house might entail possible conflict interest ping lacson several dozen congressmen contractors works bookmark page livestream tuesday make,rappler
6806,full deputy house majority leader sandro marcos remark third party audits indispensable since legislators cannot credibly investigate timely necessary call candor matters acknowledging gap oversight first step toward fixing founder masungi georeserve foundation worked rangers communities partners protect restore upper marikina watershed critically threatened watershed supports millions filipinos witnessed environmental destruction failures two sides coin enabled systemic weaknesses oversight accountability read protecting masungi rock means geologists ombudsman recent dismissal bohol sagbayan mayor multiple department environment natural resources denr officials captain peak resort protected chocolate hills demonstrates accountability real consequences looks ombudsman found officials guilty grave misconduct gross neglect duty allowing resort operate without required permits unesco world heritage site national treasure read messy governance paperwork allowed resort chocolate hills case reached resolution went past internal agency processes proactively initiated ombudsman remained within denr systems would likely joined countless reversion cases still pending years bureaucratic delays pattern repeats threatened watersheds masungi resorts operating illegally despite repeated violations enforcement depends agencies initially failed prevent damage illustrates marcos call third party audits resonates agencies cannot effectively police failures audits reports cannot ceremonial must come penalties sanctions permit suspensions criminal charges without real consequences bad actors simply wait attention slip bureaucratic loopholes act determine country tolerate even headlines fade need institutionalized checks balances teeth unfortunately already attempts shield critical environmental information scrutiny invocation data privacy act withhold environmental impact assessments eias major ecological consequences deeply concerning eias personal records interest documents withholding erodes accountability undermines ability communities scientists watchdogs evaluate true costs proposed full disclosure environmental impact assessments audit findings contracts permit histories must non negotiable pasig city mayor vico sotto shown transparency curtails corruption first reforms redirected funds essential services removing procurement opacity baguio city mayor benjamin magalong repeatedly warned high percentage pocketed money government contracts take whistleblowers make visible question whistleblowers reformist mayors prototype solutions masungi tasked oversight protected supported climate exposing corruption end careers worse legal safeguards dedicated funding institutional backing watchdogs innovators fighting tide essential luxury time wait generational departmental reform climate crisis already delivering stronger typhoons erratic rainfall unprecedented flooding every year delay means lives lost livelihoods destroyed funds wasted reactive measures given entrenched corruption relying solely departmental reform unrealistic even well intentioned agencies often constrained political interference limited resources conflicting mandates dedicated nationally mandated commission essential one legal authority enforcement strength financial capacity independence oversee efforts watershed protection urgency integrity already precedent climate change commission ccc created coordinate climate policy highest levels ccc experience shows structure alone enough adequate funding genuine decision making power critical concrete grey infrastructure dikes drainage channels pumping stations floodgates works green infrastructure healthy watersheds intact forests functioning wetlands equally protected abstract environmental argument practical engineering fiscal one systems designed assumptions much water surrounding landscape absorb slow release watersheds degraded quarrying illegal logging land speculation poorly executed reforestation assumptions collapse slopes destabilize sediment clogs waterways peaks rise grey infrastructure forced handle far water debris designed driving maintenance costs shortening lifespan neglect green sabotage grey quarry operators illegal loggers land speculators destructive actors watershed areas must therefore face level rigorous enforceable audits largest contractors combine taxpayer funded programs international investments total funding green infrastructure runs hundreds billions annually yet flows often fewer safeguards emergency relief large scale environmental spending poor execution undermine resilience decades suffers fragmented oversight inconsistent transparency little long term outcome tracking investments scale trust policy deserve rigorous safeguards precisely intended prevent next crisis respond grey green infrastructure together form backbone disaster defense one compromised whole system falters last week stood top mountain outskirts metro manila high ranking official international agency looking valleys waterways lamented philippines poor billions squandered corruption could curtailed would find plenty important services curtailing corruption sectors matter safety climate survival every inflated contract every unmonitored every ignored violation weakens nation defenses disasters funds meant prevent choice clear embed rigorous safeguards accept keep pouring resources systems enrich leaving millions risk ann dumaliang founded masungi georeserve foundation continuing year fight restore protect limestone karst landscape leading efforts rehabilitate portions upper marikina watershed inertia illegal encroachment make,rappler
6807,full members independent commission infrastructure justice andres bernal reyes chairperson rogelio babes singson member rossana fajardo member took oath office court appeals justice pedro corales presidential communications offi manila philippines commission audit fraud audit office coa fao friday submitted fifth batch reports anomaly bulacan independent commission infrastructure reports covered four construction barriers serve protection three towns bulacan four funded department works highways bulacan first district engineering office tagged coa ghost first report included p96 million riverbank protection structure barangay san roque baliuag bulacan contracted konstract corporation coa proceeded inspect site identified found existing structure already several defects cracks worse existing structure different altogether coa inspected original approved location found structure attributable different well audit team among found liable second third syms construction trading supposed build p92 million structure barangay manatal pandi p74 million riverbank protection structure along balagtas river barangay san juan balagtas coa payments contractor given notices disallowance due numerous violations bulacan first deo representatives pinpointed different site coa explanation provided location changed pinpointed location coa saw unfinished structure exposed steel bars formworks sheet piles coa noted absence workers equipment location inspection report relation pandi found liable alcantara hernandez galang ramos engineer lemuel ephraim roque engineer jolo mari tayao sally santos syms construction trading balagtas coa original location structure site pointed auditors found existing structure failed meet specifications due unsuitable materials used coa discovered based database tagged yet full payment already made contractor auditors named liable alcantara hernandez galang ramos ontingco buendia engineer michelle cruz syms santos meanwhile fourth contracted amethyst horizon builders gen contractor development corporation p96 million involves construction riverbank protection structure along balagtas river supposedly located barangay dalig balagtas however identified location documents different site bulacan first deo led auditing team coa inspection seen approved location bulacan first deo another location pinpointed location coa found structure match approved plan offered justification location changed audit team held liable anomalous alcantara hernandez galang ontingco ramos mendoza cruz engineer jasmine jean gonzaga rochelle campos amethyst horizon builders gen contractor development corp based count coa fao already turned nine fraud audit reports office ombudsman coa initiated fraud audit president ferdinand marcos ordered performance review amid corruption allegations make,rappler
6808,full hello days president ferdinand marcos promise investigate corruption nationwide heard pronouncements leaders officials responded varying degrees commitment ordinary citizens response minutes marcos mahiya shame remark sona filipinos predictably reacted memes throwback posts marcoses ill gotten wealth ill fated works right cynical part play push accountability wittingly marcos thrown ball court citizens promised publication investigation results promised transparency expect see list subpar contractors reasons failures government offices officials involved wait weeks months years investigation take many pass construction sites endure floods happen despite eyes ears anyone wants hold corrupt contractors officials accountable community failed management wants work citizens new liveable cities reporting engagement team closely monitoring marcos administration investigation conducting independent probe part telling city town province share experiences assessment alleviate flooding area worsen construction taking long red flags make think something anomalous ways impact community created dedicated chat room collecting anecdotes reports floodcontrolph chat room chat room serve mail box anything want say report area help reporting please ensure messages chat room contain following stay chat room tag follow questions send updates reporting chat room enough report would able give comprehensive citizens account could supplement challenge whatever government comes helps keep government accountable toes join crowdsourcing either individual part group individual send reports ask barkada pitch assign class group fellow student journalists contribute organization decides help let know cite efforts best way monitor progress downloading app crowdsourcing initiatives pocket friends need guide app made one share hope see floodcontrolph chat room excited announce roadshow ambagnatin engage change first stop zamboanga city save date hosted partner ateneo zamboanga university forum top concerns zamboangeños terms quality life giving community journalism civic engagement workshops select zamboangeño youths interested becoming movers engage change empty stomach mang inasal major sponsor roadshow providing food supreme court reiterates impeachment decision immediately executory high court reiterates controversial decision lawyers concerned citizens band together ask pause proceedings order flesh impeachment trial issues cheap rice reaches pasig city locals reflect marcos promise first hand accounts president ferdinand marcos promise cheap rice felt ground pasig city kadiwa store vantage point philippines outmaneuvered tariff blow business columnist val villanueva gives take tariff certain philippine goods joins groups individuals calling transparency budget lawmaking process want sign petition openbicam transparent budgeting lawmaking process social philippines opening petition signatories comes every wednesday deliver updates straight inbox journalism communities work together impact follow factsfirstph movement visit newsletters make,rappler
6809,full manila philippines different government agencies uncovered leaast ghost across country department works highways secretary vince dizon press conference thursday dizon discovered validation around validation conducted coordination department national defense armed forces philippines philippine national police department economy planning development dizon disclose total value funding period ghost located luzon congressional probes well surprise ocular inspections president ferdinand marcos pointed non existent bulacan commission audit submitted fraud audit reports independent commission infrastructure flagged alleged anomalous bulacan meanwhile recommended reduce spending authority regional district offices civil works current rules regional engineering offices approve worth p400 million wants slash cap p200 million district engineering offices spending limit p150 million proposes reduce p75 million recommendation addressed dated made thursday secretary manuel bonoan department increased level authority procurement civil works regional district offices prior bonoan directive district offices could approve p100 million regional offices limited p300 million table shows changes spending authority levels proposed adjustments recommendation comes amid mounting concerns corruption within district regional offices bulacan 1st district engineering office particular scrutiny following reports collusion among district engineers politicians contractors dismissed bulacan assistant district engineer brice hernandez even revealed 1st deo substandard make,rappler
6810,full photo sam calleja albay philippines albay 2nd district representative carlos caloy loria considered political neophyte won election zaldy brother former bicol akb partylist representative christopher however well congressional run makapa corporation company loria founded securing billions government contracts bicol region loria company secured series lucrative contracts department works highways marking period substantial business growth firm won albay 2nd district sorsogon amounting billion contractor inherently wrong entering politics yet someone campaigned real change break entrenched political habits extent firm ties raises questions different truly sought replace read firms tied zaldy bag 38b fix floods worsened albay bicolana gabriela regional coordinator nica ombao promises real change filipinos require scrutinizing politician background especially money wealth comes assets liabilities originated ombao stressed difficulty believing loria anti corruption stance hard say corruption speaking issues actually already part anomalies difficult accept value promised real change already benefited old destructive exploitative system large cumulative value contracts secured company appears contradict loria recent post best requires billions respect protect mother nature rosaloria tandem composed loria albay governor noel rosal ran election partido demokratiko pilipino pdp laban political party detained former president rodrigo duterte whose administration implemented controversial country one makapa albay rehabilitation structure along quinale river river marks boundary polangui libon two towns hardest hit flooding caused severe tropical storm kristine trami read thirsty kristine victims albay village forced boil drink floodwater survival review securities exchange commission sec data showed makapa secured contract worth p125 declared finished despite significant spending residents report flooding problem area remains unsolved suffer burden ineffective often repaired rehabilitated due poor quality measured added nothing happening morly ortiz polangui resident lived near quinale river years experienced multiple floods want effective finally safe water ortiz myrna mirandilla libon lamented loss harvest especially onslaught kristine water kept rising necks last storm leave grandchildren afraid drown mirandilla filipino returned home walls roof belongings gone even farm animals washed away mirandilla lives farmer husband family explained cannot move safer location house close fields husband works kilusan magbubukid pilipinas kmp bicol blamed anomalous wide ranging damage experienced residents farmers mirandilla family experience bicol last year battered storms enteng kristine pepito brought widespread deep prolonged flooding naked truth kmp bicol filipino statement storm cause intensified effect vulnerability worsened failure corruption unfinished works sub standard construction department agriculture reported billion agricultural losses due kristine nationwide albay alone accounting p403 million libon considered rice granary albay suffered heavy damage study harvard humanitarian initiative hhi showed kristine victims accustomed calamities still far better prepared vincenzo bollettino director hhi resilient communities program despite facing frequent intense typhoons bicol lower preparedness highlights critical disconnect experience readiness lack preparedness inefficient leave vulnerable families gravely exposed disasters reliant officials post storm help reliance however often intersects politics loria case relief program calinga loria often provided aid communities battered floods resulted part firm makapa involved program became main visibility effort accelerating campaign since relief operation posts social media using hashtags cal25 signaled bid office mirandilla however best help albayanos get post disaster appearance proper effective safeguard lives properly done wouldn flooded wouldn suffer emphasized makapa operations limited construction family businesses albay makapa runs quarrying operations industry widely blamed albayanos worsened flooding company operates quarries near boundary ligao city guinobatan town area already known susceptibility flooding read typhoon hit bicol political clans aiding victims backed blamed flooding satellite image google maps clearly shows signage makapa quarry operations baligang ligao city furthermore satellite images spanning several years google earth pro illustrate environmental damage caused operations area asked company future involvement contracts loria forum would divest makapa company would cease participating contract biddings albay divest makapa first thing divest personally makapa corporation engage albay would better operates manila worth billions loria bicolano based sec documents loria spouse roslyn loria still registered makapa majority shareholders latest annual meeting loria held total shares amounting p126 million spouse held total shares amounting p43 million several amendments records latest report already indicates loria wife included among makapa shareholders however two daughters patricia karla loria karla nicole loria elvira remain among top shareholders holding shares amounting p35 million following loria divestment total shares makapa corporation decreased p215 million p148 million reduction almost half remaining registered shareholders loria spouse makapa secured government contracts worth p642 million albay 1st district p665 million 2nd district p445 million 3rd district p638 million sorsogon 2nd district include following repeatedly sought loria office since friday redirected office chief staff despite several follow ups yet receive response regarding matter update story loria office provides statement make,rappler
6811,full file photo shows esidents vehicles wade waters along ramon magsaysay blvd mapa araneta ave sta mesa manila heavy rains brought southwest monsoon enhanced typhoon carina gaemi lisa marie david reuters long running problem philippines given spotlight following president ferdinand marcos actions launch website detailing thousands government initiative opened questions transparency efficiency accountability funds spent long staple government infrastructure programs filipinos endure cycle devastation every rainy season page reports analyses explainers attempt make sense efforts country include explainers processes deep dives contractors response local governments communities reach investigative information share area discover using maps linked send report findings floodcontrolph chat room anyway painfully visible work actually look list spot community contractors scam learned one modus unscrupulous contractors scam much government spending government spends billions pesos taxpayers money year management programs despite ballooning budget flooding problem remains unsolved funds taun taon tayong handa ulan baha saan kanino napupunta pondo taumbayan gaano kalaki ginagastos gobyerno proyektong pangkontrol baha gumagastos gobyerno bilyon bilyong piso kada taon management nalulutas problema baha map areas got many provinces tagged prone anyway map metro manila map shows locations launched prone areas metro manila map visayas map shows locations launched visayas map mindanao map shows locations launched mindanao experts find cebu colonial past present woes maps cebu past show progression urban expansion gradual disappearance vital waterways wetlands served natural water catchment areas cebu officials seek probe cebu based builders one contractors president ferdinand marcos list secured billion contracts negros occidental marcos listed top contractor flooded twenty three undertaken legacy construction corporation bacolod negros occidental inundated result days enhanced monsoon rain map transparency dost chief detail map form see think transparency norm says science secretary renato solidum less damage agri sector effective department agriculture spokesman arnel mesa says sector suffers average metric tons palay production losses every year due heavy rain flooding jodesz gavilan make,rappler
6812,full commuters forced walk flooded streets continuous rain manila every typhoon season thousands filipinos affected flooding floodwaters damage homes properties destroy crops disrupt businesses livelihoods especially agriculture sector paralyze transportation force class suspensions flooding continues claim thousands lives year year address problem government spends billions pesos taxpayers money year management programs despite ballooning budget problem flooding remains unsolved look much department works highways spent years span years government allocated trillion mitigation programs received second largest budget allocation trillion behind education sector includes department education state universities colleges commission higher education technical education skills development authority trillion based national expenditure program proposed budget p900 billion bicameral report ballooned billion ibon foundation executive director sonny africa flagged insertions made lawmakers budget bicameral conference process saying widely suspected pork barrel report department justice local government units received highest number corruption complaints among government agencies make,rappler
6813,full amid controversy ghost links lawmakers previously held construction firms netizens cast spotlight kids country top contractors showcasing expensive lifestyles online came multiple social media accounts began reuploading videos filipino content creators shared day life vlogs expensive trips foreign countries shopping sprees families president ferdinand marcos ordered wednesday lifestyle check government officials especially coming department works highways one particular content creator stood social media claudine daughter christopher founder tone construction development corporation one top contractors malacañang identified firms cornered every country note documents securities exchange commission show christopher incorporator tone construction development corporation since divested shares company niece bicol representative zaldy founder sunwest incorporated another one top contractors malacañang list claudine sister angelica natasha former congresswoman barangay health wellness bhw party list representative netizens slammed lavish lifestyle could seen vlogs social media accounts thursday deleted content visited multiple countries europe attended fendi fashion show paris france account deactivated posted videos subscribers ran instagram account called clauds style detailed outfits corresponding brands price tags account wore fendi versace multicolor silk jacket cost p170 fendi show kumukulo dugo gigil buong outfit million plus worth account olivarianne ree wrote social media blood boiling one entire outfit already worth million plus lifestyle nung claudine anak nung contractor kumukulo dugo gigil buong outfit million plus worth sobrang shameless feed filled posts lavish lifestyle kids corrupt officials generational wealth nakaw yaman kumakayod araw araw minsa nahihiya magpost travel nabili baka mayabang dating host bianca gonzalez wrote social media feed filled posts lavish lifestyle kids corrupt officials without generational wealth stolen riches work daily sometimes ashamed post travel photos things bought possibility called arrogant feed filled posts lavish lifestyle kids corrupt officials generational wealth nakaw yaman kumakayod araw araw minsa nahihiya magpost travel nabili baka mayabang dating deleted vlog shared experience riding private plane union family boyfriend lemuel lubiano lubiano brother centerways construction development incorporated president lawrence lubiano president chiz escudero biggest campaign donor elections centerways top malacañang list contractors manila times dated stated lawrence son walter lubiano former district engineer hailing sorsogon city lubiano seen multiple vlogs international trips even curated photoshoots shares custody mini bichon bought based dog social media account bought pretty bubble boutique metro manila pet shop website priced mini bichons p380 another content creator received criticism controversial lifestyle jammy cruz cruz known lifestyle food content daughter sto cristo construction trading incorporation owner noel cruz company headquartered bataan managed secure contracts accumulative estimated cost billion data department works highway office president vlog cruz shared gifted luxury car father preview reel cruz shared favorite designer items included chanel small boy handbag worth approximately p382 based chanel website similar cruz social media accounts deactivated following massive criticism online isn first time children influential individuals lambasted online expensive tastes jeane napoles younger daughter janet lim napoles caught flak blogs showcasing love high end fashion trips countries paris tokyo young napoles sons daughters contractors accused using taxpayers money luxurious lifestyle katanggap tanggap hayagang pagpapakita lubos lubos yaman mismong pamumuhay marangya halal opisyales lingkod bayan kanilang pamilya goodgovph policy advocacy director john coby cabuhat told friday open display extreme wealth luxurious lifestyle elected officials supposed servants families unacceptable policy advocacy director citing republic act code conduct ethical standards officials employees officials expected lead modest lives referring children whose family members contractors politicians officials employees families shall lead modest lives appropriate positions income shall indulge extravagant ostentatious display wealth form section read cabuhat called end behavior wealthy powerful seek accountability pamarisan karangyaan kanilang pinapakita mula bawat pawis paghihirap taumbayan nararapat deserve pilipino cabuhat concluded emulate luxury showing comes every sweat struggle filipinos deserve sons daughters begin erasure online footprint filipinos country still bear brunt failed anomalous result homes lost livelihoods affected know say rains pours make,rappler
6814,full raphael reyes president ferdinand bongbong marcos defiant tone warned one even family members political allies spared investigation corruption allegations scandalous established independent commission infrastructure executive order three member body probe irregularities national government infrastructure works years president says subjected investigation way determine innocence guilt cousin house speaker martin romualdez recently resigned post close ally representative zaldy bicol partylist among implicated anomalous move could historical importance sitting philippine president marcos called probe massive corruption vowed end hold perpetrators accountable years focus corruption probes always executive congress accusing party president bravado match results fairness cannot expected either legislative chamber president pointed maraming nababanggit senador marami ring nababanggit many named many congressmen mentioned sinasabi iimbestiga saying investigation investigating always little bit difficult situation already hard fair marcos citing reason formation independent probe composed retired supreme court justice andres reyes tasked carry investigation within bounds law constitution former secretary rogelio singson expected provide engineering technical expertise required assessing questionable rossana fajardo certified accountant inquisitive critical mind forensic accountant could dissect financial aspects anomalous mayor benjamin magalong former police officer put together evidence needed secure conviction involved vantage point sees creation political maneuver crucial corrective measure address flawed system congressional investigations historically produced spectacle substance creation body recognizes central truth accountability cannot thrive institutions self interest political posturing overwhelm pursuit justice congress constitutional oversight powers repeatedly fallen trap using inquiries platforms partisan warfare rather venues truth finding ongoing hearings illustrate dysfunction vividly instead sober dissection systemic flaws billions poured either collapse prematurely fail mitigate flooding sees legislators jousting soundbites trading accusations conveniently steering scrutiny away allies erodes trust critically distracts evidence trail could lead prosecution contrast independent commission carries neutrality institutional focus congress lacks commission cut political noise track money went profited institutional safeguards failed singular mandate map anatomy corruption without burden protecting political patrons need spin narratives reelection critics argue congress constitutional duty oversight relinquishing investigations commission undermines check balance system argument sound paper ignores political reality lawmakers authorized lobbied benefitted cannot credibly ones investigate complicity oversight becomes farcical overseer vested interest muddying trail nation needs duplicative circus simultaneous inquiries disciplined impartial probe command confidence withstand judicial scrutiny reason congress step aside abdication duty recognition conflict interest play constructive role later legislating reforms based findings tightening procurement rules creating stricter monitoring systems enacting safeguards collusion contractors officials long pork barrel works bleeding billions treasury little show terms real mitigation marcos move establish independent commission thus opportunity break cycle congress must resist temptation grandstand instead allow process run course filipino tired inquiries end stalemate scandal fatigue giving benefit doubt offers chance perhaps last cycle corruption pierce veil impunity congress allow work unimpeded role come later prosecutor reformer legislate stricter procurement safeguards stronger monitoring systems airtight penalties collusion history offers sobering lessons fertilizer fund scam hearings conducted agriculture congress hearings exposed billions meant farmers siphoned yet single mastermind meaningfully punished inquiry philippine national broadband network controversy referred nbn zte deal nbn zte mess became theater walkouts exposés one went jail despite overwhelming evidence bribery priority development assistance fund scandal called pdaf scam pork barrel scam perhaps infamous exposed showcased lawmakers grilling janet napoles prime time television even many benefitted schemes managed slip away untouched cases congressional probes yielded publicity justice congress refuses yield history judge body obsessed theatrics prone misrepresentation marcos weakens condemned another president unwilling confront entrenched systemic corruption congress palace right nation finally see corruption probe delivers results instead ratings independent commission probe anomalies bold necessary decades congressional investigations carried illusion accountability record betrays troubling pattern smoke fire grandstanding justice ongoing investigation shows symptoms lawmakers thunder corruption questions often pivot protecting allies undermining rivals spectacle dominates headlines technical heart matter money went contracts rigged officials facilitated graft remains obscured worse lawmakers implicated misuse funds position truth seekers eroding credibility entire exercise word warning must addressed president creating commission half battle filipinos seen many independent bodies neutered irrelevance agrava commission ninoy aquino assassination melo commission political killings sabio panel military corruption began high expectations ended watered reports real accountability became symbol commissions used defuse anger protecting powerful marcos cannot afford outcome must give commission teeth subpoena powers prosecutorial backing full transparency anything less dismissed another political gimmick commission test marcos political capital break duterte patronage networks nurtured players discayas commission fearlessly investigates contractors politicians enabled whether allies congress remnants duterte camp signal real shift corruption confronted tiptoes around powerful expose president reformist stance hollow end marcos faces defining choice allow commission become hammer finally smashes syndicates let wither yet another dusty report palace archives legacy hinges remembered president cleaned another chief executive promised reform shielded guilty protected syndicates vowed dismantle stakes could higher whether president finally redraw battle lines accountability philippine governance marcos faces test leadership force conquer rising floodwaters purge rot drown tide impunity engulfed every president legacy hangs balance make,rappler
6815,full manananggal work resumes oriental mindoro amid controversy anomalous bonz dolor manila philippines oriental mindoro governor humerlito bonz dolor raised alarm billion peso province calling overpriced substandard cases ghost made revelations probe monday dolor cited billion implemented sunwest sto niño pinamalayan collapsed barely year construction sunwest business conglomerate based albay founded bicol representative zaldy among top contractors cornered marcos administration dolor ordered day suspension citing lack consultation provincial government navotas representative toby tiangco linked billion worth budget insertions oriental mindoro dolor criticized poor construction quality noting metals used smaller pinky finger added structures hollow filled sand based detailed engineering design sheet pile measure meters barangay tagumpay naujan dolor piles driven ground three meters long avoid scrutiny dolor contractors carried questionable work night presented photo taken barangay tagumpay naujan proof previously made explainer scheme contractors dolor pointed missing incomplete province p189 million sitio dike barangay apitong naujan supposedly handled elite general contractor development corporation firm linked controversial contractors curlee sarah discaya nowhere found another worth p50 million barangay buong lipa gloria contracted discayas timothy construction supposed span meters delivered meters issue blew dolor construction began calling mananangal mananangal mythical winged creature separates upper body lower half night discayas linked least nine construction firms recently disqualified participating government biddings dolor alleged corruption behind claiming told mimaropa director gerald pacanan contractors needed set aside higher ups parking fee another cuts governor accused contractors engaging illegal quarrying theft minerals failing pay quarry taxes dolor stressed province already sound mitigation master plan completed local foreign experts endorsed estimated cost p12 billion oriental mindoro received p30 billion worth nearly thrice estimated cost province mitigation plan p17 billion budget insertions however province received p30 billion worth almost three times cost master plan p17 billion came budget insertions master plan followed dolor would addressed oriental mindoro flooding problem instead lamented built designs looked boulevards citing san isidro bongabong mulawin naujan make,rappler
6816,manila philippines department works highways scrapped p252 billion funding locally funded revised budget proposal trimmed billion worth duplicate completed including overlapping road sections rock netting cat eye stud installations brings agency proposed budget p625 billion initial p881 billion mean corruption picture multimedia patrick cruz reports make,rappler
6817,full david castuciano imagine ₱10 billion program spread across bulacan pampanga cavite current opaque system filipino taxpayers money used fund ghost line proponents pockets regional office department works highways submits proposals progress reports manually disbursements would pass layers accounting officers contractors suppliers ghost dredging never happened construction weak embankments would collapse heavy rainfall thereafter certified completed auditors face missing receipts altered logs falsified progress reports kickbacks laundered shell contractors fake subcontracting chains witnesses later allege much cost siphoned cash withdrawals split among lawmakers district engineers private partners monsoon season floodwaters rise across bulacan pampanga cavite tragedy meteorological made behind every clogged estero every collapsed embankment every vanished floodway lies paper trail padded contracts fake progress reports funds drained long first cement truck arrived one capital intensive programs one corrupted billions pesos government funds lost ghost dredging overpriced embankments nonexistent canals type corruption especially resilient invisibility unlike road buildings works often lie beneath surface completed buried soil hidden beneath water making inspection difficult impossible ordinary citizens even worse paper based procurement auditing system reliant affidavits signatures manual vouchers offers many opportunities collusion certificates completion fabricated receipts misplaced milestones manipulated justify premature fund releases time commission audit coa reviews documents money gone along evidence result pattern familiar philippine governance year year country inundated floodwater corruption existed technology capable making cycle deceit impossible system renders every peso every transaction every contractor traceable permanently blockchain represents trust without middlemen essence digital ledger distributed across multiple computers nodes every transaction recorded time stamped encrypted immutable meaning entered cannot changed deleted without consensus participants private sector blockchain revolutionized supply chains finance data verification sector offers equally transformative potential eliminating discretionary opacity nurtures corruption envision applying blockchain works particularly long seen cash cow district politics instead data stored single editable database inside office every record bidding documents disbursement vouchers would exist simultaneously across coa department budget management dbm civil society oversight nodes falsify record one would alter every copy record every node impossible feat without immediate detection creates first time trust code promise current practice regional office prepares proposals submits physical emailed copies central office bidding processes rely documents revised backdated swapped contract awarded progress reports become basis fund releases theory oversight mechanisms exist practice however collusion thrives fake progress reports trigger premature disbursements bureaucratic fog allows unscrupulous officials justify ghost hide kickbacks contractors play along rewarded new contracts resist blacklisted transparency neither technical procedural optional exercised politically convenient let visualize reengineered system philippine ledger powered blockchain every begins life digitally dbm coa maintains blockchain node data including cost estimates contractor identity geotagged location timeline encoded permanently work progresses milestone verified independent data sources drone imagery satellite photos iot internet things sensor hardware device sensor communication capabilities collects data physical world dredging volume transmitted network cloud platform analysis action collected proof hashed mathematically encoded attached blockchain entry verified smart contract self executing digital agreement automatically releases corresponding tranche funds certificate signature fixers every peso moves physics politics says work done consider hypothetical ₱200 million bulacan assigned contractor vantage point construction vantage divided four stages ₱50 million two months vantage uploads progress data claiming completion however blockchain ledger cross references satellite images showing embankment completed immediately smart contract halts release third tranche alerts participating nodes coa dbm triggers compliance check discrepancy neither hidden erased first time law enforced embedded code technology corruption proof default make blockchain truly impervious manipulation must operate within secure transparent ecosystem view multi agency governance node coa dbm ombudsman accredited non governmental organizations ngos holds equal authority single agency alter delete data without triggering network wide alert open protocols software code must publicly available inspection independent information technology experts open verification prevents black box tampering backdoor manipulation access dashboard ensure scrutiny citizens journalists watchdogs view non sensitive data status cost contractor encrypted identities data transparent personal identities auditors whistleblowers cryptographically protected prevent harassment retaliation independent forensic audits third party blockchain auditors perform semi annual reviews confirm integrity detect anomalies offline redundancy cyber defense multiple offline backups stored secure geographically distributed locations protect hacking data corruption six layers transform blockchain mere digital tool constitutional firewall corruption experts cast doubt blockchain detect malicious data inputs admittedly blockchain cannot self correct lies recorded prevent many false entries consensus smart contract checks expose provenance transparently attach verifiable corrections without erasing history blockchain truth machine transparency engine ensures every actor accountable input attempt mislead permanently traceable imagine regional office managing ₱80 million dike bulacan traditional systems engineer could falsify completed report attach fake coa compliance certificate trigger final payment often without physical verification data enters accounting system becomes part government record enabling kickbacks ghost blockchain stage could change falsification could caught corrected smart contract setup smart contract governs milestones disbursement automatically triggered specific digitally signed proofs uploaded safeguard stakeholders coa local government unit lgu independent technical audit team must sign digitally blockchain won recognize unsigned incomplete milestone submissions false completion attempt let say regional engineer collusion contractor uploads use valid credentials system initially accepts submission first glance looks legitimate blockchain stores permanent false entry showing completion multi oracle verification layer activates however blockchain linked multiple oracles mechanism action data isn deleted immutability stays corrective transaction appended automatically labeling entry disputed pending review dao based governance rectification case escalates governance dao decentralized autonomous organization composed central office representative coa resident auditor lgu engineer citizen observer civil society vote rectification proposal dao reaches majority consensus data fraudulent smart contract rolls back ₱20m pending final payment freezing releases rectification block added result blockchain shows false entry correction trail making fraud attempt permanently visible automatic flagging coa ombudsman government audit systems interoperable via apis application programming interfaces flagged record automatically alerts coa fraud detection unit ombudsman fact finding office investigators instantly trace uploaded original entry timestamp wallet digital signature deletion excuses accountability cryptographically sealed community transparency citizen oversight citizens open dashboard dpwhfloodchain gov see deters collusion builds trust multiple bulacan flagged regional engineer analysts journalists map patterns corruption across contracts blockchain cannot erase bad data trap open single falsified upload becomes unerasable piece evidence one exposes lie committed heart blockchain anti corruption utility turns cover ups breadcrumbs implications extend far beyond drainage canals dikes blockchain based ledger could scaled across infrastructure programs becomes part national integrity grid digital paper trail cannot burned even sophisticated networks collusion crumble data cannot falsified globally blockchain already begun reshaping accountability estonia land registries records blockchain secured eliminating property fraud georgia uses blockchain secure land titles making document forgery impossible colombia pilot apply blockchain contracts preventing alterations bidding chile national energy commission adopted blockchain verify energy pricing data building trust among consumers philippines follow suit deeper purpose efficiency redemption system long marred patronage predictably resistance come profit opacity lawmakers local executives argue blockchain technical costly foreign truth cost inaction dwarfs software expense even annual infrastructure outlays roughly ₱80 billion vanish corruption blackhole blockchain potential savings easily justify investment another challenge institutional inertia bureaucrats unaccustomed transparency fear automation counter training pilot programs must done gradual phases starting high risk sectors payoff credibility immediate legal framework matters legislation must classify blockchain records official audit evidence admissible court binding upon agencies current setup witnesses risk retaliation affidavits often vanish get rewritten blockchain flips logic every statement evidence photo timestamped log uploaded becomes indelible even corrupt official later tries coerce retraction digital record remains doesn empower whistleblowers redefines testimonial truth effect blockchain becomes ultimate state witness incorruptible tireless immune pressure coa annual reports though valuable often autopsies diagnose fraud patient fund already died blockchain system coa becomes proactive reactive every disbursement visible real time anomalies trigger alerts moment data diverges verified ground truth transforms auditing afterthought continuous living process collapse trust government dangerous physical flooding scandal erodes faith taxation governance reform citizens begin assume every canal cash conduit every bridge payoff embedding transparency code blockchain begins rebuild faith ordinary filipinos open web portal see verifiably ₱30 million spent work truly sufficiently completed cynicism yields accountability trust ceases rhetorical becomes mathematical national rollout must begin pilot programs central luzon epicenter recurring graft ideal testbed see parallel pilots follow visayas coastal rehabilitation mindanao irrigation lessons learned refine architecture nationwide expansion private collaboration essential local tech startups civil society groups academe must design ensuring serves citizens politicians cohorts ultimately blockchain governance technology moral architecture coding honesty infrastructure decision making dream filipinos finally country every peso leaves visible trail something real beneficial everyone lawmaker insert without knowledge coa database retrospective real time journalists verify truth seconds years system corruption cannot adapt system immune forgetting floodwaters still rise heavy rainfall time greed would root cause would daughter michelle patiently teaching blockchain works computer science graduate ateneo manila senior software engineer maya philippines make,rappler
6818,full gathering storm members tindig pilipinas nagkaisa labor coalition kalipunan kilusang masa siklab simbahan komunidad laban katiwalian akbayan edsa shrine prepare power monument quezon city protest widespread government corruption jire carreon manila philippines wore white indicate non partisanship black symbolize government rotten grave woman tuguegarao north manila brought entire family city park hopefully teach children stand idly wrong done manila carried dog switching name tag homemade placard nangangagat kora bites corrupt runners bikers among earliest head luneta monument philippine national hero celebrities showed shedding glamour indignation others came free rides provided transport groups motorcycle hailing company offered discounts passengers coming rallies luneta edsa least one literally wheeled person disability confined wheelchair across seven kilometers cainta protesters gathered along edsa led mostly young thousands filipinos marched key cities across philippines sunday protest corruption government particularly quite poetically north luzon parts visayas marched anomalies rain poured brought super typhoon nando southwest monsoon student groups sectoral organizations religious groups various political persuasions unaffiliated concerned citizens condemned involved scandal acknowledging syndicate dealings made possible broken system needed fixing condemning corruption reached dizzying amounts beyond calling sustained vigilance among citizens protesters cried justice demand specific jail implicated lawmakers elected officials department works highways employees private contractors test limits already outraged social media weeks rallies prevailing sentiment jail corrupt make return stole coffers even scares protesters staging lightning rallies posh subdivisions called policontractors reside think well surpassed expectations kiko aquino dee spokesperson protest organizers power monument referring crowd estimate nationwide estimated joined protests government corruption philippine national police reported everybody able express sentiments anger grave corruption happening philippines way peaceful way rejected things outside constitution made voices heard renewed commitment spirit power dee told challenge rally sustaining definitely anger still organizers give venues express productively added rallies organized primarily protest trillion peso anomalies various groups took opportunity denounce endemic corruption general pointing families president ferdinand marcos vice president sara duterte complicit sunday protesters commemorated 53rd anniversary declaration martial law president ferdinand marcos father incumbent read marcos dictator son backs protests corruption opposition politicians celebrities joined rallies marches luneta manila power monument quezon city rallies held baguio tuguegarao legazpi cebu dumaguete tacloban bacolod cagayan oro butuan cotabato marawi key cities across country supporters vice president duterte gathered near main crowd protesters edsa call marcos ouster would mean duterte would take read duterte corrupt vice president refused make assets list explain alleged misuse confidential funds allotted office brother paolo district davao city got p51 billion funds last half father presidency state nation address president marcos warned widespread corruption filipinos lose lives livelihood belongings constant floods told involved mahiya ashamed early president launched website citizens could check submit information anomalous localities week already launched floodcontrolph app crowdsource leads possible investigative pieces marcos identified contractors cornered every across country last years administration five turned bagged multi billion peso contracts despite enough capital later created independent commission infrastructure would investigate possible works infrastructure corruption last years means probe covers six years rodrigo duterte president lawmakers engineers private contractors supposed perfected fund misuse deemed less detectable involving infrastructure allocations house representatives conducting probes anomalous although citizens expressed doubts would lead lawmakers among alleged benefited corruption engineers either dismissed service placed preventive suspension several immigration lookout list anti money laundering council frozen hundreds bank accounts linked persons investigated quarters hoping sunday protest would snowball something power revolution others concerned rage would hold clear obet sumayao wheelchair bound protester cainta rizal least dies wants see crooks behind bars reports aries rufo journalism fellows roland andam iya gozum gemma mendoza paterno esmaquel make,rappler
6819,full today marks 16th anniversary tropical storm ondoy many ways first opened eyes filipino nation reality climate crisis still took earlier year reported climate budget exceed trillion double previous year allocation seemed sign entire government finally ramping climate actions however know turns true congressional sessions agency meetings years mostly emphasized leading roles agencies climate change commission ccc department environment natural resources climate action department works highways mentioned nearly often yet agency far largest share domestic climate budget allotment general appropriations act gaa p350 billion trillion allocation given slight increase today finds epicenter worst corruption scandal recent years anomalies many across nation took streets last sunday demanding end culture impunity manifested many times reference previous peaceful protests tipping point renewed nationwide demand genuine governance climate budget needs looked gaa budget featured p330 billion construction new roads ports infrastructure climate resilient design standards additional p216 billion allotted retrofitting assets capital protect climate change climate variability examining document showed assets capital largely pertain roads reputation road construction repairs philippines perhaps even notorious given similarities issues often observed among conducting extensive national investigation road repair construction done current administration influenced department agriculture begin audit farm market roads since gaa contributing food security allotted budget went actions connected production distribution systems largely dedicated farm market road assuming allegations regarding corruption true point acts greenwashing government agencies officials misleading claims decisions supposedly environment friendly mask corrupt practices apply private sector current administration made climate action priority agenda would cause even damage reputation domestically even global level south korea certainly taken notice implications scandals way trace aligned national climate objectives climate change expenditure tagging ccet system classified contributing adaptation mitigation seven thematic areas country national climate change action plan food security water sufficiency human security intended provide transparent means monitoring funds spent climate inform decision making instead aside obvious imperative purge corruption scandals exposed weaknesses ccet system need addressed want avoid incidents firstly absurd much national climate budget concentrated one agency executive legislative branches must ensure even spread funds address climate relevant issues including food security water sufficiency sustainable energy renewable energy secondly must support strengthening monitoring evaluation mandated agencies ccc department budget management billions pesos reallotted capacity building fulfill tasks thirdly needs stronger quality assurance ensuring contribute climate action current practice agencies tagging needs reexamined revised ensure proposed actions justified climate tagged compliance appearance one unknown many provision gaa national government subjected multi scenario probabilistic analysis highly likely comply given seen around recently actually bills currently filed congress tries address ccet collective sake lawmakers seriously look improve system amending section gaa turn shall climate action without upholding justice core nothing false solution canceling right move communities remain prone floods corruption started dominating headlines days another reminder shift away infrastructure heavy funding start taking care forests rivers natural environment benefit filipino cater business interests unless governance becomes norm country money stolen given back everyone found guilty punished instead leaving posts hope arising peaceful demands might true far away though john leo algo national coordinator aksyon klima pilipinas philippines leading civil society coordination network climate action deputy executive director programs campaigns living laudato philippines make,rappler
6820,full help rescuers help evacuate children special geographic areas barmm bangmoro readi bangmoro readi manila philippines enough mindanao least implemented mindanao provinces total contract cost amounts almost p93 billion leading pack contractors terms awarded genesis88 construction inc contracts followed montesclaros enterprises contracts legacy construction corporation contracts two provinces mindanao maguindanao north cotabato tagged prone areas information released following audit ordered president ferdinand marcos state nation address monday president released initial findings raised questions contracts awarded anyway mindanao zoom map dots see details including type work done contractor cost building period among others information presented searchable table find maps metro manila luzon visayas information presented searchable table map make,rappler
6821,full danger pulangi river slowly eats away riverbank pagalungan maguindanao del sur eroding soil beneath national highway threatening collapse xii cotabato city philippines vital stretch highway maguindanao del sur brink crumbling pulangi river collapse could sever one key arteries bangsamoro autonomous region muslim mindanao barmm river swollen unruly shifting course chewed dangerously close cotabato davao highway barangay layog pagalungan town sliver earth stands road encroaching current authorities reduced traffic single lane created crippling congestion route carries lifeblood trade travel across region local officials sounded alarm bells pleas come time trust programs badly shaken across country scandals padded contracts ghost hollowed confidence casting doubt whether urgent fixes maguindanao del sur arrive river takes highway section scandals explain towns pagalungan section national highway several heavy rainfalls away swept pulangi river starved funds decades situation alarming need immediate action maguindanao del sur representative esmael toto mangudadatu site inspection saturday former pagalungan mayor councilor salik mamasabulod pulangi river flowing mountains bukidnon cotabato altered course recent years displacing families submerging farmlands floodwaters gnawing national highway embankment threatening cut critical cotabato davao mamasabulod noted pagalungan last received funding years ago estimated least meters embankment must reinforced protect road nearby bridge least p200 million needed immediately stabilize riverbank barmm chief minister abdulraof macacua inspected site ordered region ministers respond swiftly bangsamoro organic law national highways remain department works highways barmm ministry works handles provincial local erosion left residents anxious heavy rain threatens accelerate damage families lost homes farms traders rely cotabato davao corridor threat immediate local officials called works secretary manuel bonoan use emergency funds repairs prevent likely collapse approximately meter section highway mangudadatu happens highway spared destruction commuters traveling davao city cotabato vice versa longer face delays warned loss road section would wide ranging economic consequences disrupting commerce raising transport costs across central southern mindanao bangsamoro region transportation trade ministries echoed concerns dangers ahead house works highways mangudadatu pressed officials described unequal allocation funds needs needs places asked pointing region xii received p196 billion allocations barmm received p92 billion block grant community relying stopgap measures firms volunteering equipment resources install sheet piles eroded bank prevent collapse rely mangudadatu last state nation address sona president ferdinand marcos publicly rebuked behind alleged corruption country short calling betrayals trust leave communities defenseless disasters marcos remarks triggered string exposés tied overpriced substandard lawmakers department works highways officials favored contractors revelations set investigations uncovered padded budgets questionable contracts existed paper billions pesos meant levees drainage systems riverbank protections siphoned leaving prone provinces little collapsed dikes unpaved embankments make,rappler
6822,full destroyed batangas leandro leviste team inspects province first legislative district lingkod legarda leviste manila philippines department works highways removed proposed p252 billion budget locally funded national expenditure program following president ferdinand marcos directive brings agency proposed budget p625 billion initial p881 billion p15 billion budget foreign assisted next year retained department exerted best efforts within limited period allotted ensure issues raised previously submitted budget funding completed duplicate adequately addressed secretary vince dizon letter addressed house speaker martin romualdez appropriations chairperson mika suansing agency scrutiny recent weeks government uncovered substandard ghost across country government officials including congressmen personnel alleged benefited trimmed billion worth duplicate completed including overlapping road sections rock netting cat eye stud installations total agency proposed budget slashed p255 billion nearly marcos recommended p255 billion freed cut used instead programs agriculture education healthcare housing labor social welfare information technology process cleaning budget necessary mistakenly removed revised proposal cagayan oro 2nd district representative rufus rodriguez flagged loss funding province multiphase bypass road mukhang nadamay cleanup sinubukang gawin departamento inadvertently dizon adding budget restored coordination appropriations looks inadvertently included department cleanup commit pagdating bidding procurement monitoring implementation babantayan dizon commit comes bidding procurement monitoring implementation keep close dizon took weeks ago agency develop integrated management plan basis development locally funded meanwhile caloocan 2nd district representative edgar erice criticized zero allocation warning cut would affect legitimate urgently needed sense reason providing funds erice suffer shenanigans previous congress make,rappler
6823,full composite photo shows bicol representative zaldy defeated pasig mayoral aspirant sarah discaya guia abogado president ferdinand marcos enumerated contractors received bulk government years made headlines known links notable politicians sunwest ranked eighth marcos list business conglomerate based albay founded bicol representative zaldy first registered securities exchange commission sunwest construction development corporation firm diversified sectors energy tourism construction enterprise lucrative decades consistently among top contractors department works highways far back administration gloria macapagal arroyo extensive research published year showed won company surpassed p38 billion figure p28 billion went roads bridges billion investigative report noted listed incorporator sunwest divested sunwest incorporated apparent compliance code conduct ethical standards officials employees family friends active shareholders businesses closely tied company major shares sunwestville realty development corporation srdc misibis land embarcadero land ventures common sunwest infrastructure arm construction arm advanced p200 million combined srdc misibis land indicating companies often transact one another budget experts spoke believe remains beneficial owner sunwest despite divestment reached camp sunwest told loans sunwest inc companies regular arms length transactions nothing personal finances shareholder zaldy brother former bicol christopher meanwhile founder sunwest tone defeated pasig city mayoral candidate sarah discaya meanwhile president alpha omega general contractor development corporation investigative report election watchdog right know right r2krn coalition securities exchange commission documents list incorporator founder timothy construction divested shares two companies ranked second third marcos list timothy construction former contractor commission elections comelec pulled joint venture south korean firm miru two local firms following ultimatum issued poll body comelec chairman george garcia told reporters time gave timothy two options stay joint venture face possibility owner mayoral aspirant discaya slapped disqualification case pull joint venture owner insisted running r2krn report established family ownership two affiliate companies including gerrard construction general contractor development corporation business blacklisted department works highways gerrard led sarah husband curlee reached discaya camp yet receive reply marcos rare press conference monday contractors bagged around p100 billion big ticket government marcos described findings disturbing state nation address marcos vowed government officials private sector accomplices found involved corruption clearly saw many badly done collapsed others mere illusions let pretend know money making ventures kickbacks initiatives errata sop boys connive take government funds steal future shame towards fellow filipinos marcos added make,rappler
6824,full manila philippines independent commission infrastructure monday received reports widespread destruction tampering official documents department works highways officials connection anomalous acts constitute blatant obstruction ongoing investigations direct assault right transparency accountability chairperson andres reyes statement fact finding body expressed strong condemnation reported acts deliberate concealment alteration records undermines rule law weakens trust government institutions tasked safeguard resources reyes added secretary vince dizon interview suspected tampering destruction documents occurred baguio city district engineering office based report baguio city mayor benjamin magalong serves special adviser dizon already filed formal complaint baguio city district engineer rene zarate ordered preventive suspension linked destruction records magalong earlier report baguio engineering office uncooperative secretary added tasked retired police general arthur ato bisnar investigate incident bisnar dizon recommended post undersecretary yet receive appointment papers agency undergoing purge following dizon directive courtesy resignation top officials including undersecretary cathy cabral serves warning everyone kayong magta tamper magsisira ebidensya mahuhuli mahuhuli dizon tamper destroy evidence eventually caught dizon issued memo directing officials preserve submit documents infrastructure past years fail comply warned face criminal administrative complaints follows earlier memo instructing full cooperation investigation stressed records relating works property reyes urged officials cooperate probe preserve integrity documents evidence custody commission remains steadfast mandate uncover truth behind anomalous ensure responsible held accountable president ferdinand marcos created investigate infrastructure past years officials bulacan placed preventive suspension top officials bulacan 1st district engineering office including henry alcanatara brice hernandez jaypee mendoza juanito mendoza dismissed president tito sotto iii chairman panfilo ping lacson met monday shed light budget procedures including individual institutional amendments insertions national budget carried want far reaching original sin original sin congress lacson insert paglalaruan district engineering offices mulling idea magusap house self restraint kami kaming insert especially local infrastructure level deo insertions district engineering offices won anything play considering idea house talking exercising self restraint stop making insertions especially local infrastructure handled deo level lacson added retrieved additional evidence brice hernandez earlier accused joel villanueva jinggoy estrada receiving kickbacks categorically denied allegation hernandez custody cited contempt temporarily allowed leave saturday retrieve evidence back claims lacson panel yet open files gathered hernandez due technical problem unseal nagkaroon kaunting glitch naiwan computer sealed yun lacson haven unsealed yet slight glitch computer left behind sealed lacson lacson discussing retrieval computer lawyers hernandez want preserve integrity evidence preserving chain custody lacson house representatives speaker bojie wanted suspend house probe anomalous turn investigation acknowledged skepticism chamber inquiry noting lawmakers either tied contractors contractors make,rappler
6825,full flooed manila pedestrians wade knee deep floodwaters along taft avenue manila heavy rains caused low pressure area angie silva manila philippines nearly filipinos believe corruption government widespread results pulse asia research incorporated survey conducted late released wednesday survey noted prevailing opinion among filipinos government officials colluded anomalous based survey findings huge majority adult filipinos believe corruption government increased past year compared thought otherwise observed difference pulse asia survey conducted among representative adults error margin confidence level subnational estimates geographic areas survey following error margins confidence level metro manila rest luzon visayas mindanao survey period headlines dominated congressional probes anomalous triggered president ferdinand marcos crackdown corruption infrastructure creation independent commission infrastructure tasked investigate anomalies infrastructure last years survey showed majority filipinos believe congressional investigations conducted expose corruption government hold accountable found responsible irregularities percentage view congressional investigations held purpose exposing corruption government fewer filipinos believe congressional investigations response outrage corruption government believe tools lawmakers either pressure political rivals protect allies view diversionary tactic draw attention away issues pulse asia plurality view among filipinos investigations houses congress likely bring truth hold involved accountable investigations held house representatives likely find truth matter sizable big pluralities adults country respectively pollster note earlier version story reported fewer filipinos believe legislative probes impact exposing corruption corrected fewer filipinos believe legislative probes impact exposing corruption pulse asia opinion regarding trustworthiness private entities involved addressing problem corruption mixed among entities media civil society organizations trusted terms ability help fight corruption least half filipino adults trust ability civil society organizations media help addressing problem corruption country however different picture emerges one considers government entities pulse asia pulse asia big majority filipinos distrusts department works highways distrust plurality sentiment toward president ironically marcos initiated investigation corruption government following state nation address late highlighted avowed fight corrupt officials accomplices private sector followed creation pulse asia survey showed filipinos ambivalent toward months old adults cannot say trust distrust body basically percentages either trust undecided toward trustworthiness likewise office ombudsman registers virtually trust indecision figures versus house representatives nearly percentages either distrust legislative chamber cannot say trust distrust pulse asia despite general distrust government fight corruption big majority filipinos believe government officials found responsible anomalous punished meanwhile survey conducted octa research period showed similar findings majority filipinos outraged corruption government infrastructure adult filipinos reported feeling anger outrage think corruption government particularly initiatives strong emotional response highlights continued frustration misuse funds infrastructure programs suggest declining confidence integrity institutions octa survey conducted among respondents face face interviews confidence level margin error across major geographical areas anger outrage highest balance luzon followed visayas national capital region mindanao notably anger dominant emotion among abc class highest among socio economic classes across age groups majority adult filipinos expressed anger outrage corruption government emotion especially pronounced among younger filipinos particularly gen millennials octa noted meanwhile anger emotion slightly lower among aged similarly pulse asia survey conducted showed corruption second important issue filipinos following inflation topped list concern corruption rose significantly survey concern inflation dropped period notably marcos administration approval rating efforts fight corruption dropped forty six percent filipinos believe independent commission infrastructure suitable body investigate scandal finding reflects strong preference credible impartial non political inquiry corruption allegations support consistent across major areas socioeconomic classes particularly high trust levels national capital region among class abc octa second filipinos believing appropriate institution lead probe panel held last inquiry several named recipients alleged kickbacks infrastructure yet schedule next pending appointment new chairman erwin tulfo panel vice chair designated acting chair however critics argue lacks integrity lead investigation members implicated controversy make,rappler
6826,manila philippines matagal problema baha pilipinas proyekto gobyerno maibsan magkano napupunta department works highways kanilang management programs panoorin report patrick cruz delubyo pondong ibinuhos gobyerno napala delubyo bilyon bilyon kada taon budget ngayong higit p248 billion nakuhang budget mula ilalim president ferdinand marcos p675 billion total panahon president rodrigo duterte p612 billion dating pangulong noynoy aquino p181 billion loob nakalipas taon umabot trillion nailaan gobyerno management pera bayan pera pera malalim matagal problema baha pilipinas baha paralisado transportasyon suspendido klase apektado kabuhayan marami maraming bahay lubog nakalipas taon daan daan namatay maraming dahilan pagbaha andyan problema basura poor urban planning climate change isa solusyon bilyon bilyon nagastos tuwing umuulan lubog pilipinas ulan problema sistema tingin download communities app available web ios android sumali liveable cities pagusapan james patrick cruz producer camille zarate jaira roxas supervising chay hofileña supervising producer beth frondoso make,rappler
6827,full speaker isabela 6th district representative faustino bojie iii gives speech replacing house speaker martin romualdez house representatives jire carreon manila philippines new speaker bojie wants house suspend investigation anomalous let independent commission infrastructure take lead regarding infra comm reports whatever happened infra comm already submitted many fellow citizens believe happening infra comm think would better forward told reporters monday first ambush interview press house kicked probe corruption weeks malacañang created far house invited top contractors curlee discaya department works highways officials allegedly involved modus operandi henry alcantara brice hernandez inquiry far unearthed alleged links joel villanueva jinggoy estrada kickback scheme remains however skepticism house investigation since dozens lawmakers alleged ties contractors contractors example recently sent invitation bicol representative zaldy founder scandal ridden contractor sunwest architect highly controversial national budget allegations congressmen connive district engineers insert pet funding requests even executive proposed national budget turned congress make,rappler
6828,full tropical cyclone whose local name starts hit philippines southwest monsoon brought massive flooding across nation caused casualties billions pesos worth damages agriculture livelihoods properties led widespread criticisms large share national budget calls investigations mentioned actually happened last year carina happened year crising obviously criticisms failures outcry reached level longer ignored overlooked many factors contributed point president making accountability mismanaged clear priority seen recent state nation address sona welcomed move clear follow political damage regarding administration image necessarily reflected surveys present completion last year sona current scandals even harmful sees administration candidates relatively underwhelming performance mid term elections point faces associate form corruption incompetence among ones drawing flak influencers happen children politicians businesses many directly linked called nepo babies flaunting luxury clothes designer bags first class trips social media exactly new development years contrasting lavish lifestyles poverty disasters issues nation left endure time become effective short term way make issue relatable ordinary filipinos could look factors among others reaching point could simple filipinos simply enough wading deep floods cleaning houses streets losing income every single year days could every months unfortunately last point interpreted filipinos reacting problem directly affects matter long running issues become occasional inconvenience better late never guess folks would call breaking point use tipping point scientific discourse known moment series small incidents time cause drastic irreversible change system climate crisis would refer continued global warming caused pollution human activities cause widespread shifts likes water cycle sea surface temperatures contribute occurrences extreme rainfall formation typhoons rising sea levels days never clearer point would happen even faster sheer impunity even far reaching effects would realize gets far attention national climate discourse obviously important issue one part national climate strategy unknown nation many philippines climate plans updated developed many plans come condition developed countries must provide finance means support largely responsible causing climate crisis aligned nation calls climate justice global community however developed nations failed deliver philippines developing countries example country current plan reducing climate pollution less one percent estimated trillion needed full implementation received halfway decade make worse support end getting developed countries form loans translation end paying back one way another billions pesos wasted failed could used reduce dependence loans subsequently country rising debt current government could used prevent even economic non economic losses damages money could used protecting forests helping farmers actually mitigating floods much philippine government rightfully echoes call accountability global polluters must demand accountability backyard another way look concept tipping point comes climate action would refer dramatic permanent shift behaviors norms current would entail longer simply treating disasters annual inconvenience accountability secondary political patronage governance measured popularity immediate relief right skeptical seen reactions memes outrage social media months slowly silent seen previous pursuits justice turned instead game political machinations time different question tipping points philippines would reach first climate crisis climate action correct answer latter must happen sooner later climate analyst john leo national coordinator aksyon klima pilipinas philippines leading civil society network climate action deputy executive director programs campaigns living laudato philippines make,rappler
6829,full proof president ferdinand marcos shows media receipts proof government fully paid non existent reinforced concrete riverwall baliuag bulacan presidential communications office manila philippines president ferdinand marcos wednesday government eyeing economic sabotage cases contractors big ghost marcos made statement response questions media interview purok barangay piel baliuag bulacan verified citizen complaint non existent fully paid p55 million reinforced concrete riverwall asked special fraud audit commission audit bulacan marcos ghost baliuag example falsification reported completed kitang kita completed immediately falsification already big violation big ones talagang thinking hard pipilahan economic sabotage tingnan utang gobyerno pilipinas republika mababawasan naging maayos babalikan saan napunta pera hahabulin kakasuhan long take added evident complete immediately falsification already big violation big ones thinking hard line economic sabotage cases look philippine government debts would reduced done well back money run file cases long take right post later day marcos announced ordered blacklisting syms construction trading charged violation republic act anti graft corrupt practices act malversation funds falsification documents syms construction trading agad iba blacklist haharap kaso ilalim revised penal code hahanapin sisiyasatin iba nilang proyekto palalampasin sususpendihin kakasuhan opisyal authorize nakipagsabwatan marcos syms construction trading immediately blacklisted face charges revised penal code scrutinize let pass suspend file cases officials authorized connived marcos told media baliuag went barangay piel acting report office received citizens complaint sumbong pangulo website upon inspection saw progress activity meter cost government p55 marcos report stated complete fully paid presidential communications office posted official receipts payment department works highways bulacan 1st district engineering office malolos based syms construction trading first payment p43 kaming makita hollow block semento equipment ghost ginawa trabaho told media didn see even single hollow block cement equipment ghost work done disappointed angry marcos ongoing side riverbank two contractors involved pointing fingers explaining riverwall could begin finished adding mystery difficulty locating contract marcos suspects record lost repeatedly subcontracted chief district engineer replaced years ones charge looking records since put website dami talagang sumusulat many messaged perfect example abuse done contractors marcos ongoing investigation pinag aaralan tinitingnan sinusumbong stop keep identify mabuti makasuhan mabuti contractor sinoman nakakuha kontrata added investigations ongoing studying checking complaints receive stop keep contractors anyone else got contracts identified sued marcos modus contractors secure government contract sell contract subcontractor bahala subcontractor itutuloy bahala maganda sub standard substandard napapabayaan iba itinutuloy anyway keep hahabulin silang president subcontractor decide would standard substandard gets neglected anyway keep run marcos earlier bared list top contractors country based initial findings audit ordered recent state nation address sona firms six received ratings unsatisfactory poor previous years begun probing anomalous make,rappler
