source,term,freq
rappler,16th,1
rappler,1st,7
rappler,2nd,8
rappler,38b,1
rappler,3rd,1
rappler,53rd,1
rappler,6th,1
rappler,aaralan,1
rappler,abagon,1
rappler,abc,2
rappler,abdication,1
rappler,abdulraof,1
rappler,abelido,1
rappler,ability,3
rappler,able,2
rappler,abnormal,1
rappler,abogado,1
rappler,absence,1
rappler,absorb,1
rappler,abstract,1
rappler,absurd,1
rappler,abundance,1
rappler,abuse,1
rappler,academe,1
rappler,academy,1
rappler,accelerate,1
rappler,accelerating,1
rappler,accept,2
rappler,accepts,1
rappler,access,1
rappler,accomplices,2
rappler,accomplishments,1
rappler,account,6
rappler,accountability,20
rappler,accountable,8
rappler,accountant,2
rappler,accounted,1
rappler,accounting,3
rappler,accounts,6
rappler,accreditation,1
rappler,accredited,1
rappler,accumulating,2
rappler,accumulation,1
rappler,accumulative,1
rappler,accusations,1
rappler,accused,3
rappler,accusing,1
rappler,accustomed,1
rappler,acknowledged,1
rappler,acknowledging,2
rappler,across,22
rappler,act,18
rappler,acting,2
rappler,action,13
rappler,actions,5
rappler,activates,1
rappler,active,1
rappler,activities,1
rappler,activity,2
rappler,actor,1
rappler,actors,3
rappler,acts,3
rappler,actually,5
rappler,adapt,1
rappler,adaptation,1
rappler,added,13
rappler,adding,2
rappler,additional,2
rappler,address,14
rappler,addressed,6
rappler,addressing,2
rappler,adequate,1
rappler,adequately,1
rappler,aderma,1
rappler,adjustments,1
rappler,administration,11
rappler,administrative,9
rappler,administratively,1
rappler,admissible,1
rappler,admittedly,1
rappler,adopted,1
rappler,adult,3
rappler,adults,4
rappler,advanced,1
rappler,adviser,1
rappler,advocacy,2
rappler,affect,2
rappler,affected,2
rappler,affects,1
rappler,affidavits,4
rappler,affiliate,1
rappler,afford,1
rappler,afraid,1
rappler,africa,1
rappler,afternoon,1
rappler,afterthought,1
rappler,agad,1
rappler,age,1
rappler,aged,1
rappler,agencies,11
rappler,agency,15
rappler,agenda,1
rappler,ago,2
rappler,agrava,1
rappler,agreement,1
rappler,agri,1
rappler,agricultural,1
rappler,agriculture,7
rappler,aguilar,1
rappler,ahead,1
rappler,aid,1
rappler,aiding,1
rappler,airtight,1
rappler,akb,1
rappler,akbayan,1
rappler,aksyon,2
rappler,alarm,2
rappler,alarming,1
rappler,albay,16
rappler,albayanos,2
rappler,alcanatara,1
rappler,alcantara,10
rappler,alcazar,1
rappler,aldo,1
rappler,alert,1
rappler,alerts,3
rappler,alex,1
rappler,algo,1
rappler,align,1
rappler,aligned,2
rappler,alinea,1
rappler,allan,4
rappler,allegation,1
rappler,allegations,12
rappler,allege,1
rappler,alleged,21
rappler,allegedly,6
rappler,alleviate,1
rappler,allgedly,1
rappler,allies,5
rappler,allocated,1
rappler,allocation,5
rappler,allocations,2
rappler,allotment,1
rappler,allotted,4
rappler,allow,4
rappler,allowed,3
rappler,allowing,1
rappler,allows,1
rappler,ally,1
rappler,almost,3
rappler,alone,2
rappler,along,15
rappler,alpha,1
rappler,already,23
rappler,altea,1
rappler,alter,3
rappler,alteration,1
rappler,alterations,1
rappler,altered,2
rappler,although,1
rappler,altogether,1
rappler,always,2
rappler,ambagnatin,1
rappler,ambivalent,1
rappler,ambush,1
rappler,amending,1
rappler,amendments,2
rappler,amethyst,2
rappler,amid,4
rappler,among,33
rappler,amounted,1
rappler,amounting,4
rappler,amounts,2
rappler,anak,1
rappler,analyses,1
rappler,analysis,2
rappler,analyst,1
rappler,analysts,1
rappler,anatomy,1
rappler,andam,1
rappler,andres,8
rappler,android,1
rappler,andyan,1
rappler,anecdotes,1
rappler,angelica,1
rappler,angelie,1
rappler,angeline,1
rappler,anger,8
rappler,angie,1
rappler,angry,1
rappler,animals,1
rappler,ann,1
rappler,anniversary,2
rappler,announce,1
rappler,announced,1
rappler,annual,5
rappler,annually,1
rappler,anomalies,8
rappler,anomalous,26
rappler,anomaly,1
rappler,anong,1
rappler,anonymity,1
rappler,another,17
rappler,answer,1
rappler,anthony,1
rappler,anti,7
rappler,anxious,1
rappler,anyone,2
rappler,anything,3
rappler,anyway,8
rappler,apart,1
rappler,apektado,1
rappler,apis,1
rappler,apitong,1
rappler,app,4
rappler,apparent,1
rappler,appeals,1
rappler,appearance,2
rappler,appears,2
rappler,appended,1
rappler,application,1
rappler,applications,1
rappler,apply,4
rappler,applying,1
rappler,appointment,2
rappler,appropriate,2
rappler,appropriations,3
rappler,approval,1
rappler,approve,2
rappler,approved,9
rappler,approximately,2
rappler,aquino,3
rappler,araneta,1
rappler,araw,4
rappler,architect,1
rappler,architecture,2
rappler,archives,1
rappler,area,14
rappler,areas,16
rappler,arevalo,1
rappler,argue,3
rappler,argues,1
rappler,argument,2
rappler,aries,1
rappler,arising,1
rappler,arm,2
rappler,armed,1
rappler,arms,1
rappler,arnel,1
rappler,around,6
rappler,arrive,1
rappler,arrived,1
rappler,arrogant,1
rappler,arroyo,1
rappler,arteries,1
rappler,arthur,1
rappler,asawang,1
rappler,ashamed,2
rappler,asia,9
rappler,aside,6
rappler,ask,2
rappler,asked,3
rappler,asking,1
rappler,aspect,1
rappler,aspects,1
rappler,aspirant,2
rappler,assassination,1
rappler,assault,1
rappler,assessing,1
rappler,assessment,5
rappler,assessments,2
rappler,assets,4
rappler,assign,1
rappler,assigned,1
rappler,assistance,1
rappler,assistant,2
rappler,assisted,1
rappler,associate,1
rappler,assume,1
rappler,assuming,1
rappler,assumptions,2
rappler,assurance,1
rappler,astronomical,1
rappler,ateneo,2
rappler,atmospheric,1
rappler,ato,1
rappler,attach,2
rappler,attached,1
rappler,attempt,4
rappler,attempts,1
rappler,attended,1
rappler,attention,3
rappler,attributable,1
rappler,audit,23
rappler,auditing,3
rappler,auditor,1
rappler,auditors,5
rappler,audits,5
rappler,austria,2
rappler,authorities,2
rappler,authority,6
rappler,authorize,1
rappler,authorized,2
rappler,automatic,1
rappler,automatically,4
rappler,automation,1
rappler,autonomous,2
rappler,autopsies,1
rappler,available,2
rappler,ave,1
rappler,avenue,1
rappler,average,1
rappler,avoid,2
rappler,avoidance,1
rappler,avowed,1
rappler,awarded,7
rappler,away,8
rappler,babalikan,1
rappler,babantayan,1
rappler,babes,1
rappler,babies,1
rappler,bacayan,1
rappler,back,7
rappler,backbone,1
rappler,backdated,1
rappler,backdoor,1
rappler,backed,1
rappler,background,1
rappler,backing,2
rappler,backs,1
rappler,backups,1
rappler,backyard,1
rappler,bacolod,2
rappler,bad,2
rappler,badly,2
rappler,baesa,1
rappler,bag,1
rappler,bagged,4
rappler,bagong,1
rappler,bags,1
rappler,baguio,6
rappler,baha,6
rappler,bahala,2
rappler,bahay,1
rappler,baka,2
rappler,balagtas,5
rappler,balamban,1
rappler,balance,3
rappler,balances,1
rappler,baligang,1
rappler,baliuag,5
rappler,baliwag,1
rappler,ball,1
rappler,ballooned,1
rappler,ballooning,2
rappler,bambang,2
rappler,band,1
rappler,bangmoro,2
rappler,bangsamoro,3
rappler,bank,2
rappler,banks,1
rappler,banner,1
rappler,barangay,15
rappler,bared,1
rappler,barely,1
rappler,barkada,1
rappler,barmm,5
rappler,barrel,3
rappler,barriers,1
rappler,bars,2
rappler,based,21
rappler,basically,1
rappler,basins,2
rappler,basis,4
rappler,basura,1
rappler,bataan,1
rappler,batangas,1
rappler,batch,1
rappler,battered,2
rappler,battle,2
rappler,bawat,1
rappler,bay,2
rappler,bayan,2
rappler,beam,4
rappler,bear,1
rappler,became,3
rappler,become,4
rappler,becomes,9
rappler,becoming,1
rappler,began,3
rappler,begin,5
rappler,begins,2
rappler,begun,3
rappler,behavior,1
rappler,behaviors,1
rappler,behind,7
rappler,believe,12
rappler,believing,2
rappler,bells,1
rappler,belmonte,1
rappler,belongings,2
rappler,beneath,3
rappler,beneficial,2
rappler,beneficially,1
rappler,benefit,2
rappler,benefited,4
rappler,benefitted,2
rappler,benjamin,3
rappler,bernal,1
rappler,bernardo,6
rappler,best,6
rappler,beth,1
rappler,betrayals,1
rappler,betrays,1
rappler,better,5
rappler,beyond,2
rappler,bhw,1
rappler,bianca,1
rappler,bicameral,2
rappler,bichon,1
rappler,bichons,1
rappler,bicol,17
rappler,bicolana,1
rappler,bicolano,1
rappler,bid,4
rappler,bidding,5
rappler,biddings,2
rappler,big,9
rappler,biggest,2
rappler,bikers,1
rappler,billion,51
rappler,billions,15
rappler,bills,1
rappler,bilyon,5
rappler,bilyong,1
rappler,binalbagan,1
rappler,binding,1
rappler,bisnar,2
rappler,bit,1
rappler,bites,1
rappler,black,2
rappler,blackhole,1
rappler,blacklist,1
rappler,blacklisted,3
rappler,blacklisting,1
rappler,blamed,3
rappler,blatant,1
rappler,bleeding,1
rappler,blew,1
rappler,blitz,1
rappler,block,5
rappler,blockchain,35
rappler,blogs,1
rappler,blood,1
rappler,blow,1
rappler,blvd,1
rappler,board,1
rappler,bocaue,3
rappler,bodies,5
rappler,body,12
rappler,bohol,1
rappler,boil,1
rappler,boiling,1
rappler,bojie,4
rappler,bold,1
rappler,bolledo,2
rappler,bollettino,1
rappler,bongabong,1
rappler,bongbong,1
rappler,bonifacio,1
rappler,bonoan,4
rappler,bonz,2
rappler,bookmark,1
rappler,bottoms,1
rappler,bought,3
rappler,boulevards,1
rappler,bound,1
rappler,boundary,2
rappler,bounds,1
rappler,boutique,1
rappler,box,3
rappler,boy,1
rappler,boyfriend,1
rappler,boying,1
rappler,boys,1
rappler,branches,1
rappler,brands,1
rappler,bravado,1
rappler,breadcrumbs,1
rappler,break,3
rappler,breaking,1
rappler,breaks,1
rappler,brgy,1
rappler,bribery,3
rappler,brice,7
rappler,bridge,3
rappler,bridges,1
rappler,briefing,3
rappler,bring,1
rappler,brings,2
rappler,brink,1
rappler,broadband,1
rappler,broken,1
rappler,brother,4
rappler,brought,7
rappler,brunt,1
rappler,bubble,1
rappler,budget,37
rappler,budgeting,1
rappler,budgets,2
rappler,buenaventura,1
rappler,buendia,1
rappler,build,1
rappler,builders,8
rappler,building,6
rappler,buildings,1
rappler,builds,1
rappler,built,7
rappler,bukidnon,1
rappler,bulacan,31
rappler,bulakan,1
rappler,bulk,2
rappler,buong,3
rappler,burden,2
rappler,bureaucratic,3
rappler,bureaucrats,1
rappler,buried,1
rappler,burned,1
rappler,business,7
rappler,businesses,4
rappler,butuan,1
rappler,butuanon,1
rappler,bypass,1
rappler,bypassing,1
rappler,cabral,4
rappler,cabuhat,3
rappler,cagayan,2
rappler,cainta,2
rappler,cajayon,2
rappler,cal25,1
rappler,calamities,1
rappler,calinga,1
rappler,call,5
rappler,called,8
rappler,calleja,1
rappler,calling,5
rappler,calls,2
rappler,caloocan,3
rappler,caloy,1
rappler,calumpit,1
rappler,calvo,1
rappler,camansi,1
rappler,came,3
rappler,camero,1
rappler,camille,2
rappler,camp,3
rappler,campaign,2
rappler,campaigned,1
rappler,campaigns,2
rappler,campos,1
rappler,canal,1
rappler,canals,3
rappler,canceling,1
rappler,candidate,1
rappler,candidates,1
rappler,candor,1
rappler,canlaon,2
rappler,cannot,19
rappler,cao,1
rappler,cap,1
rappler,capabilities,1
rappler,capable,1
rappler,capacity,3
rappler,capital,8
rappler,capitol,1
rappler,captain,1
rappler,capture,1
rappler,car,1
rappler,care,1
rappler,careers,1
rappler,carina,2
rappler,carlo,3
rappler,carlos,2
rappler,carreon,4
rappler,carried,4
rappler,carries,2
rappler,carry,1
rappler,case,6
rappler,cases,11
rappler,cash,3
rappler,cast,2
rappler,castellana,2
rappler,casting,1
rappler,castro,1
rappler,castuciano,1
rappler,casualties,1
rappler,casuno,1
rappler,cat,2
rappler,catalina,2
rappler,catalyst,2
rappler,catastrophe,1
rappler,catchment,1
rappler,categorically,1
rappler,categorizes,1
rappler,cater,1
rappler,cathy,2
rappler,caught,3
rappler,cause,6
rappler,caused,9
rappler,causing,1
rappler,cavite,3
rappler,cayco,1
rappler,ccc,4
rappler,ccet,3
rappler,cease,1
rappler,ceases,1
rappler,cebu,12
rappler,celebrities,2
rappler,cement,2
rappler,centerways,2
rappler,central,5
rappler,ceremonial,1
rappler,certain,2
rappler,certainly,1
rappler,certificate,6
rappler,certificates,4
rappler,certified,2
rappler,cesar,1
rappler,chain,1
rappler,chains,2
rappler,chair,2
rappler,chairman,3
rappler,chairperson,8
rappler,challenge,3
rappler,chamber,4
rappler,chance,1
rappler,chanel,2
rappler,change,15
rappler,changed,3
rappler,changes,1
rappler,channels,3
rappler,charge,2
rappler,charged,2
rappler,charges,4
rappler,chat,8
rappler,chay,1
rappler,cheap,2
rappler,check,4
rappler,checking,1
rappler,checks,2
rappler,chewed,1
rappler,chico,2
rappler,chief,5
rappler,children,5
rappler,chile,1
rappler,chiz,2
rappler,chocolate,2
rappler,choice,2
rappler,christian,1
rappler,christopher,4
rappler,chua,1
rappler,circus,1
rappler,cite,1
rappler,cited,3
rappler,cities,4
rappler,citing,6
rappler,citizen,3
rappler,citizens,17
rappler,city,45
rappler,civic,1
rappler,civil,10
rappler,claim,1
rappler,claimed,1
rappler,claiming,3
rappler,claims,2
rappler,clan,1
rappler,clans,1
rappler,class,5
rappler,classes,2
rappler,classified,1
rappler,classify,1
rappler,claudine,4
rappler,clauds,1
rappler,cleaned,1
rappler,cleaning,2
rappler,cleanup,2
rappler,clear,4
rappler,clearer,1
rappler,clearly,2
rappler,climate,39
rappler,clog,1
rappler,clogged,1
rappler,clogging,1
rappler,clogs,1
rappler,close,4
rappler,closely,3
rappler,clothes,1
rappler,cloud,1
rappler,clouds,1
rappler,coa,30
rappler,coalition,2
rappler,coast,1
rappler,coastal,3
rappler,coby,1
rappler,code,16
rappler,coding,1
rappler,coerce,1
rappler,coffers,1
rappler,cohorts,1
rappler,coin,1
rappler,collaboration,1
rappler,collapse,9
rappler,collapsed,4
rappler,collapsing,1
rappler,collected,2
rappler,collecting,1
rappler,collective,1
rappler,collects,1
rappler,colleges,1
rappler,colluded,1
rappler,collusion,8
rappler,colombia,1
rappler,colonial,1
rappler,columnist,1
rappler,combination,2
rappler,combine,1
rappler,combined,1
rappler,come,5
rappler,comelec,2
rappler,comes,7
rappler,coming,2
rappler,comm,6
rappler,command,1
rappler,commemorated,1
rappler,commerce,1
rappler,commission,45
rappler,commissioner,2
rappler,commissions,1
rappler,commit,2
rappler,commitment,3
rappler,committed,1
rappler,committees,1
rappler,common,2
rappler,communication,1
rappler,communications,3
rappler,communities,12
rappler,community,8
rappler,commuters,2
rappler,companies,4
rappler,company,13
rappler,compared,2
rappler,complaint,11
rappler,complaints,11
rappler,complete,2
rappler,completed,12
rappler,completion,5
rappler,compliance,8
rappler,complication,1
rappler,complicit,1
rappler,complicity,1
rappler,comply,2
rappler,components,1
rappler,composed,4
rappler,composite,1
rappler,compostela,1
rappler,comprehensive,2
rappler,compromised,1
rappler,computer,4
rappler,computers,1
rappler,concealment,1
rappler,concentrated,1
rappler,concept,1
rappler,concern,2
rappler,concerned,3
rappler,concerning,1
rappler,concerns,3
rappler,concluded,1
rappler,concrete,3
rappler,condemnation,1
rappler,condemned,2
rappler,condemning,1
rappler,condition,1
rappler,conditions,1
rappler,conduct,9
rappler,conducted,9
rappler,conducting,3
rappler,conduit,1
rappler,conference,4
rappler,confidence,6
rappler,confidential,1
rappler,confined,1
rappler,confines,1
rappler,confirm,1
rappler,conflict,2
rappler,conflicting,1
rappler,confront,1
rappler,confronted,1
rappler,congestion,1
rappler,conglomerate,3
rappler,congress,16
rappler,congressional,11
rappler,congressmen,4
rappler,congresswoman,1
rappler,connect,1
rappler,connected,1
rappler,connection,1
rappler,connive,2
rappler,connived,1
rappler,conquer,1
rappler,consensus,3
rappler,consequences,4
rappler,conservation,1
rappler,conserve,1
rappler,consider,2
rappler,considered,6
rappler,considering,1
rappler,considers,1
rappler,consistent,1
rappler,consistently,1
rappler,conspired,1
rappler,constant,1
rappler,constitute,1
rappler,constitution,2
rappler,constitutional,5
rappler,constrained,1
rappler,constrict,1
rappler,constructed,6
rappler,construction,59
rappler,constructive,1
rappler,constructors,1
rappler,consuelo,1
rappler,consultation,1
rappler,consumers,1
rappler,contain,1
rappler,contempt,1
rappler,content,5
rappler,continued,2
rappler,continues,1
rappler,continuing,1
rappler,continuous,2
rappler,contract,14
rappler,contracted,3
rappler,contractor,23
rappler,contractors,53
rappler,contracts,30
rappler,contradict,1
rappler,contrast,1
rappler,contrasting,1
rappler,contribute,3
rappler,contributed,1
rappler,contributing,2
rappler,controlled,1
rappler,controversial,5
rappler,controversy,5
rappler,convenient,1
rappler,conveniently,1
rappler,conviction,1
rappler,convinced,1
rappler,cooperate,2
rappler,cooperation,2
rappler,coordinate,2
rappler,coordination,7
rappler,coordinator,3
rappler,copies,1
rappler,copy,1
rappler,corales,1
rappler,core,1
rappler,cornered,3
rappler,corp,2
rappler,corporation,24
rappler,correct,2
rappler,corrected,2
rappler,correction,1
rappler,corrections,1
rappler,corrective,2
rappler,corresponding,2
rappler,corridor,1
rappler,corroborating,1
rappler,corrupt,14
rappler,corrupted,1
rappler,corruption,76
rappler,cost,17
rappler,costly,2
rappler,costs,3
rappler,cotabato,8
rappler,cotcot,1
rappler,could,21
rappler,council,1
rappler,councilor,1
rappler,count,2
rappler,counter,2
rappler,countless,1
rappler,countries,6
rappler,country,29
rappler,couple,1
rappler,course,3
rappler,court,6
rappler,courtesy,1
rappler,courts,2
rappler,cousin,1
rappler,cover,1
rappler,covered,1
rappler,covers,2
rappler,cow,1
rappler,crackdown,2
rappler,cracks,1
rappler,created,6
rappler,creates,1
rappler,creating,2
rappler,creation,5
rappler,creator,2
rappler,creators,1
rappler,creature,1
rappler,credentials,1
rappler,credibility,3
rappler,credible,1
rappler,credibly,2
rappler,creek,3
rappler,creeks,1
rappler,cried,1
rappler,criminal,11
rappler,crippling,1
rappler,crising,1
rappler,crisis,6
rappler,cristo,1
rappler,critical,5
rappler,critically,2
rappler,criticism,2
rappler,criticisms,2
rappler,criticized,2
rappler,critics,2
rappler,crooks,1
rappler,crops,1
rappler,cross,1
rappler,crowd,2
rappler,crowdsource,1
rappler,crowdsourcing,2
rappler,crucial,2
rappler,crumble,1
rappler,crumbling,1
rappler,cruz,13
rappler,cryptographically,2
rappler,culture,1
rappler,culvert,1
rappler,culverts,1
rappler,cumulative,1
rappler,curated,1
rappler,curlee,3
rappler,current,14
rappler,currently,2
rappler,currents,1
rappler,curtailed,1
rappler,curtailing,1
rappler,curtails,1
rappler,custody,4
rappler,cut,4
rappler,cuts,1
rappler,cyber,1
rappler,cycle,6
rappler,cyclone,1
rappler,cynical,1
rappler,cynicism,1
rappler,daan,2
rappler,dahilan,1
rappler,dahl,2
rappler,daily,1
rappler,dale,1
rappler,dalig,1
rappler,dam,1
rappler,damage,14
rappler,damages,2
rappler,dami,1
rappler,dams,3
rappler,danao,1
rappler,danger,1
rappler,dangerous,1
rappler,dangerously,1
rappler,dangers,1
rappler,dao,3
rappler,dashboard,2
rappler,data,24
rappler,database,3
rappler,date,1
rappler,dated,2
rappler,dating,3
rappler,daughter,4
rappler,daughters,3
rappler,davao,7
rappler,david,4
rappler,day,3
rappler,days,5
rappler,dbm,4
rappler,deactivated,2
rappler,deadliest,1
rappler,deal,1
rappler,dealings,1
rappler,deaths,2
rappler,debris,3
rappler,debt,1
rappler,debts,1
rappler,decade,1
rappler,decades,4
rappler,deceit,1
rappler,decentralized,1
rappler,decide,1
rappler,decides,1
rappler,decision,5
rappler,decisions,1
rappler,declaration,1
rappler,declared,1
rappler,declining,1
rappler,declogging,1
rappler,decreased,1
rappler,decree,3
rappler,dedicated,4
rappler,dee,2
rappler,deemed,1
rappler,deep,4
rappler,deeper,1
rappler,deeply,1
rappler,default,1
rappler,defeated,2
rappler,defects,1
rappler,defense,3
rappler,defenseless,1
rappler,defenses,1
rappler,defiant,1
rappler,defined,1
rappler,defines,1
rappler,defining,1
rappler,definitely,1
rappler,definition,2
rappler,defuse,1
rappler,degraded,1
rappler,degrees,1
rappler,del,4
rappler,delay,1
rappler,delays,2
rappler,delete,1
rappler,deleted,4
rappler,deletion,1
rappler,deliberate,1
rappler,deliver,2
rappler,delivered,1
rappler,delivering,1
rappler,delivers,1
rappler,delubyo,2
rappler,demand,4
rappler,demanding,1
rappler,demands,1
rappler,demokratiko,1
rappler,demonstrates,1
rappler,denied,1
rappler,dennis,1
rappler,denounce,1
rappler,denr,5
rappler,deo,6
rappler,departamento,1
rappler,department,45
rappler,departmental,2
rappler,dependence,1
rappler,depends,1
rappler,deputy,4
rappler,describe,1
rappler,described,3
rappler,deserve,3
rappler,design,3
rappler,designated,1
rappler,designed,2
rappler,designer,2
rappler,designs,1
rappler,desilting,1
rappler,despite,14
rappler,destabilize,1
rappler,destroy,2
rappler,destroyed,3
rappler,destruction,7
rappler,destructive,2
rappler,detail,1
rappler,detailed,2
rappler,detailing,1
rappler,details,10
rappler,detained,1
rappler,detect,2
rappler,detectable,1
rappler,detection,2
rappler,detention,2
rappler,determine,2
rappler,deters,1
rappler,devastation,1
rappler,develop,1
rappler,developed,4
rappler,developer,2
rappler,developing,1
rappler,development,17
rappler,device,1
rappler,diagnose,1
rappler,dictator,1
rappler,didn,1
rappler,died,4
rappler,dies,1
rappler,difference,1
rappler,different,10
rappler,difficult,3
rappler,difficulty,2
rappler,digital,6
rappler,digitally,3
rappler,dike,3
rappler,dikes,4
rappler,direct,1
rappler,directing,1
rappler,directive,3
rappler,directly,3
rappler,director,7
rappler,disability,1
rappler,disallowance,1
rappler,disappearance,1
rappler,disappointed,1
rappler,disapproved,2
rappler,disaster,4
rappler,disasters,7
rappler,disbursed,1
rappler,disbursement,3
rappler,disbursements,2
rappler,discaya,10
rappler,discayas,3
rappler,disciplined,1
rappler,disclose,1
rappler,disclosure,2
rappler,disconnect,1
rappler,discounts,1
rappler,discourse,2
rappler,discover,1
rappler,discovered,2
rappler,discrepancy,1
rappler,discretionary,1
rappler,discussing,1
rappler,discussions,1
rappler,dishonesty,2
rappler,dismantle,1
rappler,dismissal,1
rappler,dismissed,5
rappler,displacing,1
rappler,display,2
rappler,disputed,1
rappler,disqualification,1
rappler,disqualified,1
rappler,disrupt,1
rappler,disrupting,1
rappler,dissect,1
rappler,dissection,1
rappler,distracts,1
rappler,distributed,2
rappler,distribution,1
rappler,district,37
rappler,distrust,5
rappler,distrusts,1
rappler,disturbing,1
rappler,diverges,1
rappler,diverse,1
rappler,diversified,1
rappler,diversion,1
rappler,diversionary,1
rappler,divert,2
rappler,dives,1
rappler,divest,3
rappler,divested,3
rappler,divestment,2
rappler,divided,1
rappler,dizon,22
rappler,dizzying,1
rappler,document,2
rappler,documents,16
rappler,doesn,1
rappler,dog,2
rappler,doj,4
rappler,dolor,12
rappler,domestic,1
rappler,domestically,1
rappler,dominant,1
rappler,dominated,1
rappler,dominates,1
rappler,dominating,1
rappler,dominic,1
rappler,done,14
rappler,donor,1
rappler,dost,1
rappler,dots,3
rappler,double,1
rappler,doubt,3
rappler,doubtful,1
rappler,doubts,1
rappler,download,1
rappler,downloading,1
rappler,downstream,2
rappler,dozen,1
rappler,dozens,2
rappler,dpwhfloodchain,1
rappler,dragged,1
rappler,drain,1
rappler,drainage,7
rappler,drained,1
rappler,drains,1
rappler,dramatic,1
rappler,drastic,1
rappler,draw,1
rappler,drawing,1
rappler,dream,1
rappler,dredging,3
rappler,drink,1
rappler,driven,1
rappler,driving,1
rappler,drone,1
rappler,dropped,2
rappler,drown,2
rappler,due,7
rappler,dugo,2
rappler,dumaguete,1
rappler,dumaliang,1
rappler,dumanjug,1
rappler,duplicate,3
rappler,duplicative,1
rappler,dusty,1
rappler,duterte,10
rappler,duties,1
rappler,duty,3
rappler,dwarfs,1
rappler,dysfunction,1
rappler,earlier,8
rappler,earliest,1
rappler,early,1
rappler,ears,1
rappler,earth,2
rappler,easier,1
rappler,easily,1
rappler,eats,1
rappler,ebidensya,1
rappler,ecc,6
rappler,eccs,1
rappler,echoed,1
rappler,echoes,1
rappler,ecija,1
rappler,ecological,1
rappler,economic,7
rappler,economy,1
rappler,ecosystem,1
rappler,edgar,1
rappler,edge,1
rappler,editable,1
rappler,edsa,4
rappler,education,5
rappler,effect,2
rappler,effective,5
rappler,effectively,2
rappler,effects,2
rappler,efficiency,2
rappler,effort,1
rappler,efforts,6
rappler,eias,2
rappler,eight,2
rappler,eighth,1
rappler,either,11
rappler,eksperto,1
rappler,elected,2
rappler,election,3
rappler,elections,3
rappler,electricity,1
rappler,eliminating,2
rappler,elite,1
rappler,eloisa,2
rappler,else,1
rappler,elvira,1
rappler,emailed,1
rappler,embankment,4
rappler,embankments,3
rappler,embarcadero,1
rappler,embed,1
rappler,embedded,1
rappler,embedding,1
rappler,emergency,2
rappler,emerges,1
rappler,emong,1
rappler,emotion,3
rappler,emotional,1
rappler,emphasized,2
rappler,employees,8
rappler,empower,1
rappler,empty,1
rappler,emulate,1
rappler,enabled,2
rappler,enabling,1
rappler,enacting,1
rappler,encoded,2
rappler,encroaching,1
rappler,encroachment,1
rappler,encrypted,2
rappler,end,12
rappler,ended,1
rappler,endemic,1
rappler,ending,1
rappler,endorsed,1
rappler,endure,3
rappler,energy,5
rappler,enforceable,1
rappler,enforced,1
rappler,enforcement,2
rappler,engage,4
rappler,engagement,2
rappler,engaging,1
rappler,engine,1
rappler,engineer,17
rappler,engineering,16
rappler,engineers,5
rappler,english,1
rappler,engulfed,1
rappler,enhance,1
rappler,enhanced,2
rappler,enough,7
rappler,enrich,1
rappler,ensure,7
rappler,ensures,1
rappler,ensuring,2
rappler,entail,2
rappler,enteng,1
rappler,entered,1
rappler,entering,1
rappler,enterprise,1
rappler,enterprises,1
rappler,enters,1
rappler,entire,4
rappler,entities,3
rappler,entrenched,3
rappler,entries,1
rappler,entry,5
rappler,enumerated,2
rappler,envelop,1
rappler,environment,8
rappler,environmental,12
rappler,envision,1
rappler,ephraim,1
rappler,epicenter,2
rappler,equal,1
rappler,equally,2
rappler,equate,1
rappler,equipment,4
rappler,erase,1
rappler,erased,1
rappler,erasing,1
rappler,erasure,1
rappler,erice,2
rappler,ericka,1
rappler,ernesto,2
rappler,eroded,1
rappler,erodes,3
rappler,eroding,2
rappler,erosion,3
rappler,errata,1
rappler,erratic,1
rappler,error,3
rappler,erupted,1
rappler,erwin,1
rappler,escalates,1
rappler,escudero,2
rappler,esidents,1
rappler,esmael,1
rappler,esmaquel,1
rappler,especially,12
rappler,essence,1
rappler,essential,4
rappler,establish,1
rappler,established,2
rappler,estero,1
rappler,estimate,1
rappler,estimated,6
rappler,estimates,2
rappler,estonia,1
rappler,estrada,5
rappler,ethical,6
rappler,eumir,1
rappler,europe,1
rappler,evacuate,1
rappler,evacuation,1
rappler,evaluate,1
rappler,evaluation,6
rappler,even,24
rappler,eventually,1
rappler,every,34
rappler,everybody,1
rappler,everyone,3
rappler,evidence,14
rappler,evident,1
rappler,exactly,1
rappler,examining,1
rappler,example,5
rappler,exceed,1
rappler,excess,5
rappler,exchange,4
rappler,excited,1
rappler,excluding,1
rappler,excuses,1
rappler,executed,1
rappler,executing,1
rappler,execution,1
rappler,executive,8
rappler,executives,1
rappler,executory,1
rappler,exercise,1
rappler,exercised,1
rappler,exercising,1
rappler,exerted,1
rappler,exist,2
rappler,existed,2
rappler,existent,4
rappler,existing,3
rappler,expansion,2
rappler,expect,1
rappler,expectations,2
rappler,expected,5
rappler,expenditure,3
rappler,expense,1
rappler,expensive,3
rappler,experience,4
rappler,experienced,2
rappler,experiences,1
rappler,expertise,1
rappler,experts,7
rappler,explain,2
rappler,explained,2
rappler,explainer,1
rappler,explainers,2
rappler,explaining,1
rappler,explains,1
rappler,explanation,1
rappler,exploitative,1
rappler,expose,3
rappler,exposed,5
rappler,exposes,1
rappler,exposing,4
rappler,exposés,2
rappler,express,2
rappler,expressed,3
rappler,extend,1
rappler,extensive,3
rappler,extent,1
rappler,extravagant,1
rappler,extreme,2
rappler,eye,2
rappler,eyeing,1
rappler,eyes,2
rappler,fabricated,1
rappler,face,8
rappler,faces,3
rappler,facilitate,1
rappler,facilitated,1
rappler,facing,1
rappler,fact,2
rappler,factors,3
rappler,factsfirstph,1
rappler,fade,1
rappler,fail,3
rappler,failed,8
rappler,failing,1
rappler,failure,1
rappler,failures,4
rappler,fair,1
rappler,fairness,1
rappler,faith,2
rappler,fajardo,2
rappler,fake,4
rappler,fallen,1
rappler,false,5
rappler,falsification,11
rappler,falsified,3
rappler,falsify,2
rappler,falters,1
rappler,familiar,1
rappler,families,7
rappler,family,9
rappler,famously,1
rappler,fao,2
rappler,far,12
rappler,farcical,1
rappler,farm,3
rappler,farmer,1
rappler,farmers,3
rappler,farmlands,1
rappler,farms,1
rappler,fashion,2
rappler,faster,1
rappler,fated,1
rappler,father,3
rappler,fatigue,1
rappler,faustino,1
rappler,favor,1
rappler,favored,1
rappler,favorite,1
rappler,fear,1
rappler,fearlessly,1
rappler,feat,1
rappler,featured,1
rappler,fee,1
rappler,feed,3
rappler,feeling,1
rappler,felisardo,1
rappler,fellow,4
rappler,fellows,1
rappler,felt,1
rappler,fendi,3
rappler,ferdinand,24
rappler,fertilizer,1
rappler,fewer,4
rappler,fields,1
rappler,fifth,1
rappler,fight,6
rappler,fighting,1
rappler,figure,2
rappler,figures,1
rappler,file,9
rappler,filed,4
rappler,files,1
rappler,filing,4
rappler,filipino,9
rappler,filipinos,34
rappler,filled,4
rappler,final,2
rappler,finally,6
rappler,finance,2
rappler,finances,1
rappler,financial,3
rappler,find,7
rappler,finding,4
rappler,findings,10
rappler,finds,1
rappler,finger,1
rappler,fingers,1
rappler,finished,3
rappler,fire,2
rappler,firewall,1
rappler,firm,8
rappler,firms,9
rappler,first,24
rappler,firstly,1
rappler,fiscal,1
rappler,five,5
rappler,fix,1
rappler,fixers,1
rappler,fixes,1
rappler,fixing,2
rappler,flagged,6
rappler,flagging,1
rappler,flags,1
rappler,flak,2
rappler,flaunting,1
rappler,flawed,1
rappler,flaws,1
rappler,flesh,1
rappler,flip,1
rappler,flips,1
rappler,floodcontrolph,4
rappler,flooded,7
rappler,floodgates,1
rappler,flooding,22
rappler,floods,12
rappler,floodwater,3
rappler,floodwaters,8
rappler,floodway,1
rappler,flooed,1
rappler,flopped,1
rappler,flow,4
rappler,flowing,2
rappler,flows,3
rappler,focus,3
rappler,focused,1
rappler,fog,1
rappler,folks,1
rappler,follow,6
rappler,followed,6
rappler,following,18
rappler,follows,2
rappler,food,5
rappler,footprint,1
rappler,force,4
rappler,forced,3
rappler,forces,1
rappler,forecasting,1
rappler,foreign,4
rappler,forensic,2
rappler,forests,3
rappler,forgery,1
rappler,forgetting,1
rappler,form,5
rappler,formal,1
rappler,formation,2
rappler,former,23
rappler,formerly,1
rappler,forms,1
rappler,formworks,1
rappler,forty,1
rappler,forum,2
rappler,forward,4
rappler,found,19
rappler,foundation,3
rappler,founded,5
rappler,founder,6
rappler,four,5
rappler,fourth,1
rappler,fragmented,1
rappler,framework,1
rappler,france,1
rappler,fraud,9
rappler,fraudulent,1
rappler,free,1
rappler,freed,1
rappler,freezing,1
rappler,frequent,1
rappler,friday,5
rappler,friedrich,1
rappler,friendly,1
rappler,friends,2
rappler,frondoso,1
rappler,frozen,1
rappler,frustration,1
rappler,fueling,1
rappler,fulfill,1
rappler,full,39
rappler,fully,4
rappler,functioning,1
rappler,fund,7
rappler,funded,6
rappler,funding,10
rappler,funds,24
rappler,furthermore,1
rappler,fury,1
rappler,future,2
rappler,gaa,5
rappler,gaano,1
rappler,gabriela,1
rappler,gaemi,1
rappler,galang,7
rappler,game,1
rappler,gap,1
rappler,garcia,1
rappler,gathered,3
rappler,gathering,1
rappler,gave,1
rappler,gavilan,1
rappler,gawin,1
rappler,gemma,1
rappler,gen,3
rappler,gene,1
rappler,general,9
rappler,generation,2
rappler,generational,4
rappler,genesis88,1
rappler,genuine,2
rappler,geographic,2
rappler,geographical,1
rappler,geographically,1
rappler,geologists,1
rappler,geometric,1
rappler,geophysical,1
rappler,georeserve,2
rappler,george,1
rappler,georgia,1
rappler,geotagged,1
rappler,gerald,2
rappler,gerrard,2
rappler,get,2
rappler,gets,2
rappler,getting,1
rappler,ghost,21
rappler,gifted,1
rappler,gigil,2
rappler,gimmick,1
rappler,ginagastos,1
rappler,ginawa,1
rappler,give,4
rappler,given,9
rappler,gives,2
rappler,giving,2
rappler,glamour,1
rappler,glance,1
rappler,glitch,2
rappler,global,5
rappler,globally,1
rappler,gloria,2
rappler,gnawing,1
rappler,gobyerno,7
rappler,gone,2
rappler,gonzaga,1
rappler,gonzalez,1
rappler,goodgovph,1
rappler,goods,1
rappler,google,2
rappler,got,3
rappler,gotten,1
rappler,gov,1
rappler,governance,11
rappler,government,82
rappler,governmental,1
rappler,governments,2
rappler,governor,3
rappler,governs,1
rappler,gozum,1
rappler,grace,1
rappler,gradual,2
rappler,gradually,1
rappler,graduate,1
rappler,graft,10
rappler,granary,1
rappler,grandchildren,1
rappler,grandstand,1
rappler,grandstanding,1
rappler,grant,1
rappler,grappling,1
rappler,grave,6
rappler,gravely,1
rappler,greed,1
rappler,green,4
rappler,greenwashing,1
rappler,grey,4
rappler,grid,1
rappler,grilling,1
rappler,gross,3
rappler,grossly,2
rappler,ground,3
rappler,group,4
rappler,groups,7
rappler,growth,1
rappler,guess,1
rappler,guia,1
rappler,guide,1
rappler,guidelines,4
rappler,guilt,1
rappler,guilty,4
rappler,guinobatan,1
rappler,gumagastos,1
rappler,habits,1
rappler,hacking,1
rappler,hagonoy,1
rappler,hahabulin,2
rappler,hahanapin,1
rappler,haharap,1
rappler,hailing,2
rappler,halal,1
rappler,half,5
rappler,halfway,1
rappler,halts,1
rappler,hammer,1
rappler,hand,1
rappler,handa,1
rappler,handbag,1
rappler,handle,1
rappler,handled,4
rappler,handles,1
rappler,handling,1
rappler,hangs,1
rappler,happen,4
rappler,happened,4
rappler,happening,4
rappler,happens,1
rappler,harassment,1
rappler,hard,5
rappler,hardest,2
rappler,hardware,1
rappler,harmful,1
rappler,harvard,1
rappler,harvest,1
rappler,hashed,1
rappler,hashtags,1
rappler,haven,1
rappler,hayagang,1
rappler,head,2
rappler,headlines,5
rappler,headquartered,1
rappler,health,1
rappler,healthcare,1
rappler,healthy,1
rappler,heard,2
rappler,hearings,3
rappler,heart,2
rappler,heavy,9
rappler,held,10
rappler,hello,1
rappler,help,9
rappler,helping,1
rappler,helps,2
rappler,henry,3
rappler,heritage,1
rappler,hernandez,18
rappler,hero,1
rappler,hhi,2
rappler,hidden,2
rappler,hide,1
rappler,high,10
rappler,higher,3
rappler,highest,6
rappler,highlighted,1
rappler,highlights,2
rappler,highly,2
rappler,highway,9
rappler,highways,30
rappler,higit,1
rappler,hills,2
rappler,hinges,2
rappler,hinigaran,1
rappler,hispanic,1
rappler,historical,1
rappler,historically,1
rappler,histories,1
rappler,history,3
rappler,hit,7
rappler,hofileña,1
rappler,hold,7
rappler,holding,2
rappler,holds,2
rappler,hollow,4
rappler,hollowed,1
rappler,home,2
rappler,homemade,1
rappler,homes,3
rappler,honesty,1
rappler,hope,2
rappler,hopefully,1
rappler,hoping,1
rappler,horizon,2
rappler,host,1
rappler,hosted,1
rappler,house,27
rappler,household,1
rappler,houses,3
rappler,housing,1
rappler,however,16
rappler,hubs,1
rappler,huge,1
rappler,human,2
rappler,humanitarian,1
rappler,humerlito,1
rappler,hundreds,2
rappler,husband,3
rappler,hypothetical,1
rappler,iba,3
rappler,ibinuhos,1
rappler,ibon,1
rappler,idea,2
rappler,ideal,1
rappler,identified,8
rappler,identify,1
rappler,identities,2
rappler,identity,1
rappler,idly,1
rappler,ignored,2
rappler,ignores,1
rappler,iii,2
rappler,iimbestiga,1
rappler,ilalim,2
rappler,ill,2
rappler,illegal,4
rappler,illegally,1
rappler,illusion,1
rappler,illusions,1
rappler,illustrate,2
rappler,illustrates,1
rappler,ilocos,1
rappler,image,2
rappler,imagery,1
rappler,images,2
rappler,imagine,2
rappler,immediate,5
rappler,immediately,7
rappler,immigration,1
rappler,immune,2
rappler,immutability,1
rappler,immutable,1
rappler,impact,8
rappler,impartial,3
rappler,impeachment,2
rappler,imperative,1
rappler,imperio,1
rappler,impervious,1
rappler,implementation,3
rappler,implemented,4
rappler,implicated,4
rappler,implications,2
rappler,importance,1
rappler,important,4
rappler,impossible,4
rappler,impounding,1
rappler,improve,1
rappler,improving,1
rappler,impunity,4
rappler,inaction,1
rappler,inadvertently,2
rappler,inasal,1
rappler,inbox,1
rappler,inc,6
rappler,incident,1
rappler,incidents,2
rappler,include,6
rappler,included,5
rappler,includes,2
rappler,including,13
rappler,income,2
rappler,incompetence,1
rappler,incomplete,3
rappler,inconsistent,1
rappler,inconvenience,2
rappler,incorporated,8
rappler,incorporation,1
rappler,incorporator,3
rappler,incorruptible,1
rappler,increase,2
rappler,increased,2
rappler,incumbent,1
rappler,indecision,1
rappler,indelible,1
rappler,independence,1
rappler,independent,24
rappler,indicate,1
rappler,indicated,1
rappler,indicates,1
rappler,indicating,1
rappler,indict,1
rappler,indignation,1
rappler,indirect,1
rappler,indispensable,1
rappler,individual,4
rappler,individually,1
rappler,individuals,3
rappler,indulge,1
rappler,industry,1
rappler,ineffective,2
rappler,inefficient,1
rappler,inertia,2
rappler,inevitable,1
rappler,infamous,1
rappler,inflated,1
rappler,inflation,2
rappler,inflict,1
rappler,influenced,1
rappler,influencers,1
rappler,influential,1
rappler,inform,1
rappler,information,15
rappler,infra,7
rappler,infrastructure,45
rappler,inherently,1
rappler,initial,7
rappler,initially,2
rappler,initiated,4
rappler,initiative,2
rappler,initiatives,3
rappler,innocence,1
rappler,innovators,1
rappler,input,1
rappler,inputs,1
rappler,inquiries,3
rappler,inquiry,6
rappler,inquisitive,1
rappler,insert,4
rappler,insertions,7
rappler,inside,1
rappler,insisted,1
rappler,inspect,1
rappler,inspected,3
rappler,inspection,8
rappler,inspections,2
rappler,inspects,1
rappler,instagram,1
rappler,install,1
rappler,installations,2
rappler,installed,1
rappler,instantly,1
rappler,instead,9
rappler,institute,2
rappler,institution,1
rappler,institutional,5
rappler,institutionalized,1
rappler,institutions,3
rappler,instructing,1
rappler,intact,1
rappler,integrated,2
rappler,integrity,8
rappler,intended,2
rappler,intense,1
rappler,intensified,1
rappler,intensive,1
rappler,intentioned,1
rappler,intercepting,1
rappler,interest,8
rappler,interested,1
rappler,interests,1
rappler,interfaces,1
rappler,interfere,1
rappler,interference,1
rappler,internal,1
rappler,international,4
rappler,internet,1
rappler,interoperable,1
rappler,interpreted,1
rappler,intersects,1
rappler,interview,4
rappler,interviews,1
rappler,inundated,3
rappler,inundation,1
rappler,investigate,9
rappler,investigated,1
rappler,investigates,1
rappler,investigating,2
rappler,investigation,24
rappler,investigations,12
rappler,investigative,4
rappler,investigators,1
rappler,investment,1
rappler,investments,2
rappler,invisibility,1
rappler,invitation,1
rappler,invited,1
rappler,invocation,1
rappler,involved,14
rappler,involvement,2
rappler,involves,1
rappler,involving,1
rappler,ios,1
rappler,iot,1
rappler,irene,1
rappler,ironically,1
rappler,irregularities,2
rappler,irrelevance,1
rappler,irreversible,1
rappler,irrigation,3
rappler,isa,1
rappler,isabela,1
rappler,isagani,1
rappler,isidro,1
rappler,island,4
rappler,isn,2
rappler,issue,6
rappler,issued,4
rappler,issues,10
rappler,issuing,1
rappler,items,1
rappler,itinutuloy,1
rappler,itutuloy,1
rappler,iya,1
rappler,jacket,1
rappler,jail,3
rappler,jaime,2
rappler,jaira,1
rappler,jairo,2
rappler,james,2
rappler,jammy,1
rappler,janet,2
rappler,japan,1
rappler,jasmine,1
rappler,jaypee,2
rappler,jean,1
rappler,jeane,1
rappler,jelsie,1
rappler,jesse,1
rappler,jica,2
rappler,jinggoy,4
rappler,jire,4
rappler,jodesz,1
rappler,joel,4
rappler,john,6
rappler,join,1
rappler,joined,3
rappler,joins,1
rappler,joint,7
rappler,jolo,1
rappler,jonathan,2
rappler,joshua,1
rappler,journalism,3
rappler,journalists,4
rappler,jousting,1
rappler,joy,1
rappler,juan,2
rappler,juanito,1
rappler,judge,1
rappler,judicial,1
rappler,juliet,1
rappler,jumpstarts,1
rappler,justice,13
rappler,justification,1
rappler,justified,1
rappler,justify,3
rappler,justine,1
rappler,kabuhayan,1
rappler,kada,2
rappler,kadiwa,1
rappler,kakasuhan,2
rappler,kalaki,1
rappler,kalipunan,1
rappler,kalmaegi,1
rappler,kami,1
rappler,kaming,2
rappler,kanilang,3
rappler,kanino,1
rappler,kanlaon,1
rappler,karangyaan,1
rappler,karl,1
rappler,karla,2
rappler,karst,1
rappler,kaso,1
rappler,katanggap,1
rappler,katiwalian,1
rappler,kaunting,1
rappler,kayong,1
rappler,keep,11
rappler,kept,1
rappler,key,3
rappler,kickback,1
rappler,kickbacks,6
rappler,kicked,1
rappler,kids,4
rappler,kiko,1
rappler,killings,1
rappler,kilometers,1
rappler,kilusan,1
rappler,kilusang,1
rappler,kinds,1
rappler,kita,1
rappler,kitang,1
rappler,klase,1
rappler,klima,2
rappler,kmp,2
rappler,knee,1
rappler,know,5
rappler,knowledge,1
rappler,known,4
rappler,komunidad,1
rappler,konstract,1
rappler,kontrata,1
rappler,kora,1
rappler,korea,1
rappler,korean,1
rappler,kristine,6
rappler,kumakayod,2
rappler,kumukulo,2
rappler,laban,2
rappler,labeling,1
rappler,labor,2
rappler,lack,2
rappler,lacking,1
rappler,lacks,2
rappler,lacson,9
rappler,lahar,1
rappler,lambasted,1
rappler,lamented,3
rappler,land,10
rappler,landfall,1
rappler,landforms,1
rappler,landscape,2
rappler,landslides,2
rappler,lane,1
rappler,large,4
rappler,largely,3
rappler,largest,4
rappler,las,1
rappler,last,16
rappler,late,3
rappler,later,9
rappler,latest,2
rappler,latter,1
rappler,laudato,2
rappler,launch,1
rappler,launched,5
rappler,laundered,1
rappler,laundering,1
rappler,lavish,5
rappler,law,6
rappler,lawfully,1
rappler,lawmaker,1
rappler,lawmakers,17
rappler,lawmaking,2
rappler,lawrence,2
rappler,lawyers,3
rappler,layer,1
rappler,layers,2
rappler,layog,1
rappler,leaast,1
rappler,lead,7
rappler,leader,3
rappler,leaders,1
rappler,leadership,1
rappler,leading,6
rappler,leads,1
rappler,leandro,1
rappler,learned,2
rappler,least,12
rappler,leave,4
rappler,leaves,1
rappler,leaving,3
rappler,led,5
rappler,ledger,4
rappler,left,5
rappler,legacy,6
rappler,legal,6
rappler,legarda,1
rappler,legazpi,1
rappler,legislate,1
rappler,legislating,1
rappler,legislation,1
rappler,legislative,6
rappler,legislators,2
rappler,legitimate,2
rappler,leila,1
rappler,lemuel,2
rappler,length,1
rappler,leo,2
rappler,lerma,1
rappler,less,5
rappler,lessons,2
rappler,let,7
rappler,letter,1
rappler,levees,1
rappler,level,10
rappler,levels,5
rappler,leviste,2
rappler,lgu,2
rappler,liabilities,1
rappler,liable,4
rappler,liberal,1
rappler,libon,3
rappler,license,1
rappler,lie,2
rappler,lies,2
rappler,life,3
rappler,lifeblood,1
rappler,lifespan,1
rappler,lifestyle,10
rappler,lifestyles,2
rappler,ligao,2
rappler,light,1
rappler,lightning,1
rappler,likely,5
rappler,likes,1
rappler,likewise,1
rappler,liloan,2
rappler,lim,1
rappler,lima,1
rappler,limestone,1
rappler,limit,1
rappler,limited,4
rappler,limits,1
rappler,line,3
rappler,lines,1
rappler,lingkod,2
rappler,linked,12
rappler,links,3
rappler,lipa,1
rappler,lipana,2
rappler,lisa,1
rappler,list,21
rappler,listed,3
rappler,literally,1
rappler,little,4
rappler,liveable,2
rappler,lived,1
rappler,livelihood,1
rappler,livelihoods,4
rappler,lives,9
rappler,livestream,1
rappler,living,4
rappler,loans,3
rappler,lobbied,1
rappler,local,22
rappler,localities,1
rappler,locally,3
rappler,locals,1
rappler,located,3
rappler,locating,1
rappler,location,15
rappler,locations,4
rappler,log,1
rappler,loggers,1
rappler,logging,1
rappler,logic,1
rappler,logs,1
rappler,long,12
rappler,longer,3
rappler,loob,1
rappler,look,7
rappler,looked,3
rappler,looking,3
rappler,lookout,1
rappler,looks,3
rappler,loopholes,1
rappler,lopez,4
rappler,loria,20
rappler,lose,1
rappler,losing,1
rappler,loss,3
rappler,losses,3
rappler,lost,5
rappler,lots,1
rappler,love,2
rappler,low,1
rappler,lower,5
rappler,lubiano,5
rappler,lubog,2
rappler,lubos,2
rappler,lucrative,2
rappler,lulusot,1
rappler,luneta,3
rappler,luxurious,2
rappler,luxury,4
rappler,luzon,12
rappler,maayos,1
rappler,mababawasan,1
rappler,mabuti,2
rappler,macacua,1
rappler,macapagal,1
rappler,machinations,1
rappler,machine,1
rappler,made,16
rappler,magalong,4
rappler,maganda,1
rappler,magbubukid,1
rappler,magdalene,1
rappler,magkano,1
rappler,magpost,2
rappler,magsakay,2
rappler,magsaysay,1
rappler,magsisira,1
rappler,magta,1
rappler,maguindanao,5
rappler,magusap,1
rappler,mahiya,2
rappler,mahuhuli,2
rappler,maibsan,1
rappler,mail,1
rappler,main,3
rappler,maintained,1
rappler,maintains,1
rappler,maintenance,2
rappler,major,9
rappler,majority,10
rappler,makakaapekto,1
rappler,makapa,14
rappler,makasuhan,1
rappler,make,47
rappler,making,11
rappler,makita,1
rappler,malabon,1
rappler,malacañang,4
rappler,maladaptation,1
rappler,malalagay,1
rappler,malalim,1
rappler,malicious,1
rappler,malolos,2
rappler,malversation,8
rappler,mamamayang,1
rappler,mamasabulod,2
rappler,managed,2
rappler,management,12
rappler,manager,1
rappler,managing,1
rappler,mananangal,2
rappler,manananggal,1
rappler,mananga,2
rappler,manatal,1
rappler,mandate,3
rappler,mandated,2
rappler,mandates,1
rappler,mandaue,1
rappler,maneuver,1
rappler,mang,1
rappler,mangudadatu,4
rappler,manifested,1
rappler,manila,44
rappler,manipulated,1
rappler,manipulation,2
rappler,manual,3
rappler,manually,1
rappler,manuel,3
rappler,many,21
rappler,map,17
rappler,mapa,1
rappler,mapping,1
rappler,maps,6
rappler,marami,2
rappler,maraming,3
rappler,marangya,1
rappler,marawi,1
rappler,marched,2
rappler,marches,1
rappler,marcos,70
rappler,marcoses,1
rappler,margin,2
rappler,margins,1
rappler,mari,1
rappler,maria,2
rappler,mariblo,1
rappler,marie,1
rappler,marikina,2
rappler,mario,2
rappler,mark,2
rappler,market,2
rappler,marking,1
rappler,marks,2
rappler,marred,1
rappler,martial,1
rappler,martin,3
rappler,mary,1
rappler,masa,1
rappler,mask,1
rappler,massive,4
rappler,master,5
rappler,mastermind,1
rappler,masungi,5
rappler,matagal,2
rappler,matalahib,1
rappler,match,2
rappler,materials,3
rappler,mathematical,1
rappler,mathematically,1
rappler,matter,5
rappler,matters,2
rappler,maya,1
rappler,mayabang,2
rappler,mayor,7
rappler,mayoral,3
rappler,mayors,1
rappler,mean,3
rappler,meaning,3
rappler,meaningfully,1
rappler,means,7
rappler,meant,4
rappler,meanwhile,9
rappler,measure,2
rappler,measured,2
rappler,measures,5
rappler,mechanism,1
rappler,mechanisms,1
rappler,media,17
rappler,meet,4
rappler,meeting,1
rappler,meetings,1
rappler,mega,1
rappler,melo,1
rappler,member,3
rappler,members,6
rappler,memes,2
rappler,memo,2
rappler,mendez,1
rappler,mendoza,8
rappler,mentioned,3
rappler,mere,2
rappler,mesa,2
rappler,mess,1
rappler,messaged,1
rappler,messages,1
rappler,messy,1
rappler,met,1
rappler,metals,1
rappler,meteorological,1
rappler,meter,2
rappler,meters,5
rappler,methods,2
rappler,metric,1
rappler,metro,12
rappler,metropolitan,1
rappler,michael,2
rappler,michelle,2
rappler,mid,1
rappler,middlemen,1
rappler,might,2
rappler,mika,1
rappler,milestone,2
rappler,milestones,2
rappler,military,1
rappler,millennials,1
rappler,million,40
rappler,millions,2
rappler,mimaropa,1
rappler,mind,1
rappler,mindanao,13
rappler,mindoro,8
rappler,minerals,1
rappler,mini,2
rappler,minister,1
rappler,ministers,1
rappler,ministries,1
rappler,ministry,1
rappler,minority,1
rappler,minsa,2
rappler,minutes,1
rappler,mirandilla,5
rappler,miru,1
rappler,misconduct,3
rappler,misibis,2
rappler,mislead,1
rappler,misleading,1
rappler,mismanaged,1
rappler,mismong,1
rappler,misplaced,1
rappler,misrepresentation,1
rappler,missing,2
rappler,mistakenly,1
rappler,misuse,4
rappler,mitch,1
rappler,mitigate,1
rappler,mitigating,2
rappler,mitigation,5
rappler,mitzi,1
rappler,mix,1
rappler,mixed,1
rappler,modest,2
rappler,modus,3
rappler,moment,2
rappler,monarch,1
rappler,monday,10
rappler,money,14
rappler,monitor,1
rappler,monitoring,8
rappler,monsoon,7
rappler,montesclaros,1
rappler,months,6
rappler,montrexis,1
rappler,monument,4
rappler,moral,1
rappler,morly,1
rappler,mostly,3
rappler,mother,1
rappler,motiontrade,1
rappler,motorcycle,1
rappler,mountain,1
rappler,mountains,1
rappler,mounting,1
rappler,move,6
rappler,movement,1
rappler,movers,1
rappler,moves,1
rappler,moving,2
rappler,much,7
rappler,muddying,1
rappler,mukhang,1
rappler,mula,2
rappler,mulawin,1
rappler,mulling,1
rappler,multi,5
rappler,multicolor,1
rappler,multimedia,1
rappler,multiphase,1
rappler,multiple,9
rappler,municipalities,1
rappler,muslim,1
rappler,must,20
rappler,myrna,1
rappler,mystery,1
rappler,mythical,1
rappler,nababanggit,2
rappler,nabili,2
rappler,nadamay,1
rappler,nagastos,1
rappler,naging,1
rappler,nagkaisa,1
rappler,nagkaroon,1
rappler,nahihiya,2
rappler,nailaan,1
rappler,naiwan,1
rappler,nakakuha,1
rappler,nakalipas,2
rappler,nakaw,2
rappler,naked,1
rappler,nakipagsabwatan,1
rappler,nakuhang,1
rappler,nalulutas,1
rappler,namatay,1
rappler,name,2
rappler,named,4
rappler,namely,1
rappler,nando,1
rappler,nangangagat,1
rappler,napala,1
rappler,napapabayaan,1
rappler,napoles,4
rappler,napunta,1
rappler,napupunta,2
rappler,nararapat,1
rappler,narratives,1
rappler,natasha,1
rappler,nation,18
rappler,national,36
rappler,nationally,1
rappler,nations,1
rappler,nationwide,6
rappler,natural,8
rappler,nature,2
rappler,naujan,5
rappler,navigates,1
rappler,navotas,1
rappler,nbn,2
rappler,near,5
rappler,nearby,2
rappler,nearly,6
rappler,necessarily,1
rappler,necessary,3
rappler,necks,1
rappler,need,6
rappler,needed,7
rappler,needs,7
rappler,neglect,2
rappler,neglected,1
rappler,negligent,1
rappler,negotiable,1
rappler,negros,7
rappler,neither,2
rappler,neophyte,1
rappler,nephew,1
rappler,nepo,1
rappler,netizens,2
rappler,netting,2
rappler,network,5
rappler,networks,2
rappler,neutered,1
rappler,neutrality,1
rappler,never,3
rappler,new,8
rappler,news,1
rappler,newscollabph,1
rappler,newsletters,1
rappler,next,3
rappler,ngayong,1
rappler,ngo,1
rappler,ngos,1
rappler,nica,1
rappler,nicole,1
rappler,niece,1
rappler,night,2
rappler,nilang,1
rappler,nine,3
rappler,ninoy,1
rappler,niño,1
rappler,node,3
rappler,nodes,3
rappler,noel,3
rappler,noise,1
rappler,non,12
rappler,none,1
rappler,nonexistent,1
rappler,norm,2
rappler,normal,1
rappler,normally,1
rappler,norms,1
rappler,norte,1
rappler,north,3
rappler,notable,1
rappler,notably,2
rappler,note,2
rappler,noted,5
rappler,nothing,3
rappler,notice,1
rappler,notices,1
rappler,noting,2
rappler,notorious,1
rappler,nowhere,1
rappler,noynoy,1
rappler,nueva,1
rappler,number,3
rappler,numerous,1
rappler,nung,2
rappler,nurtured,1
rappler,nurtures,1
rappler,oath,1
rappler,obet,1
rappler,objected,1
rappler,objectives,1
rappler,obscured,1
rappler,observations,1
rappler,observed,2
rappler,observer,1
rappler,obsessed,1
rappler,obstruction,1
rappler,obtained,1
rappler,obvious,1
rappler,obviously,2
rappler,occasional,1
rappler,occidental,7
rappler,occur,1
rappler,occurred,1
rappler,occurrences,1
rappler,octa,4
rappler,ocular,1
rappler,offenses,1
rappler,offered,2
rappler,offers,4
rappler,offi,1
rappler,office,30
rappler,officer,1
rappler,officers,2
rappler,offices,10
rappler,official,5
rappler,officials,50
rappler,offline,2
rappler,often,13
rappler,old,2
rappler,olivarianne,1
rappler,ombao,2
rappler,ombudsman,23
rappler,omega,1
rappler,ondoy,1
rappler,one,29
rappler,ones,6
rappler,ongoing,6
rappler,online,4
rappler,onslaught,1
rappler,ontingco,4
rappler,opacity,3
rappler,opaque,1
rappler,open,8
rappler,openbicam,1
rappler,opened,2
rappler,opening,1
rappler,openings,1
rappler,operandi,1
rappler,operate,2
rappler,operates,2
rappler,operating,1
rappler,operation,1
rappler,operations,4
rappler,operators,1
rappler,opinion,3
rappler,opisyal,1
rappler,opisyales,1
rappler,opportunities,1
rappler,opportunity,2
rappler,opposition,1
rappler,optional,1
rappler,options,1
rappler,oracle,1
rappler,oracles,1
rappler,order,4
rappler,ordered,10
rappler,ordinary,4
rappler,organic,1
rappler,organization,2
rappler,organizations,5
rappler,organized,1
rappler,organizers,2
rappler,oriental,9
rappler,original,5
rappler,originated,1
rappler,oro,2
rappler,ortiz,2
rappler,ostentatious,1
rappler,others,9
rappler,otherwise,1
rappler,ouster,1
rappler,outcome,2
rappler,outcry,1
rappler,outfit,3
rappler,outfits,1
rappler,outlays,1
rappler,outlines,1
rappler,outmaneuvered,1
rappler,outrage,6
rappler,outraged,2
rappler,outside,1
rappler,outskirts,1
rappler,overall,1
rappler,overflowing,3
rappler,overlapping,2
rappler,overlooked,1
rappler,overpriced,3
rappler,oversee,1
rappler,overseer,1
rappler,oversight,10
rappler,overwhelm,1
rappler,overwhelming,1
rappler,owned,3
rappler,owner,4
rappler,ownership,1
rappler,p100,2
rappler,p12,1
rappler,p125,1
rappler,p126,1
rappler,p14,1
rappler,p148,1
rappler,p15,1
rappler,p150,1
rappler,p17,3
rappler,p170,1
rappler,p179,1
rappler,p181,1
rappler,p189,1
rappler,p196,1
rappler,p200,3
rappler,p215,1
rappler,p216,1
rappler,p248,1
rappler,p252,2
rappler,p255,2
rappler,p258,1
rappler,p28,1
rappler,p282,2
rappler,p289,1
rappler,p30,2
rappler,p300,1
rappler,p309,1
rappler,p330,1
rappler,p35,1
rappler,p350,1
rappler,p38,1
rappler,p380,1
rappler,p382,1
rappler,p390,1
rappler,p400,1
rappler,p403,1
rappler,p43,2
rappler,p445,1
rappler,p50,1
rappler,p51,1
rappler,p52,1
rappler,p55,2
rappler,p612,1
rappler,p625,2
rappler,p638,1
rappler,p642,1
rappler,p665,1
rappler,p675,1
rappler,p72,1
rappler,p74,1
rappler,p75,1
rappler,p881,2
rappler,p89,1
rappler,p900,1
rappler,p92,2
rappler,p93,1
rappler,p95,3
rappler,p96,3
rappler,pacanan,2
rappler,pack,1
rappler,padded,3
rappler,pagalungan,5
rappler,pagasa,2
rappler,pagbaha,1
rappler,pagdating,1
rappler,page,2
rappler,paghihirap,1
rappler,paglalaruan,1
rappler,pagpapakita,1
rappler,pagusapan,1
rappler,paid,4
rappler,painfully,1
rappler,palace,2
rappler,palalampasin,1
rappler,palay,1
rappler,pamarisan,1
rappler,pamilya,1
rappler,pampanga,3
rappler,pamumuhay,1
rappler,panahon,1
rappler,pandi,2
rappler,panel,5
rappler,panfilo,1
rappler,pangasinan,1
rappler,pangkontrol,1
rappler,pangulo,1
rappler,pangulong,1
rappler,panoorin,1
rappler,paolo,1
rappler,papayag,1
rappler,paper,5
rappler,papers,1
rappler,paperwork,1
rappler,paralisado,1
rappler,parallel,1
rappler,paralyze,1
rappler,paris,2
rappler,park,1
rappler,parking,1
rappler,part,15
rappler,participants,1
rappler,participating,3
rappler,particular,2
rappler,particularly,6
rappler,partido,1
rappler,partisan,1
rappler,partisanship,1
rappler,partner,1
rappler,partners,2
rappler,partnership,1
rappler,parts,2
rappler,party,8
rappler,partylist,2
rappler,pasig,8
rappler,pass,3
rappler,passengers,1
rappler,past,6
rappler,paterno,1
rappler,patient,1
rappler,patiently,1
rappler,patricia,1
rappler,patrick,4
rappler,patronage,3
rappler,patrons,1
rappler,pattern,3
rappler,patterns,1
rappler,pause,1
rappler,pawis,1
rappler,pay,1
rappler,payawal,2
rappler,paying,1
rappler,payment,6
rappler,payments,1
rappler,payoff,2
rappler,pdaf,1
rappler,pdp,1
rappler,peaceful,3
rappler,peak,1
rappler,peaks,1
rappler,pedestrians,1
rappler,pedro,1
rappler,penal,2
rappler,penalties,2
rappler,pending,11
rappler,pepito,1
rappler,pera,4
rappler,percent,2
rappler,percentage,2
rappler,percentages,2
rappler,perfect,1
rappler,perfected,1
rappler,perform,1
rappler,performance,4
rappler,perhaps,3
rappler,period,11
rappler,permanent,2
rappler,permanently,5
rappler,permit,2
rappler,permits,2
rappler,perpetrators,1
rappler,perral,1
rappler,person,2
rappler,personal,5
rappler,personally,1
rappler,personnel,1
rappler,persons,1
rappler,persuasions,1
rappler,pertain,1
rappler,peso,7
rappler,pesos,7
rappler,pet,2
rappler,petition,2
rappler,phases,1
rappler,philippine,15
rappler,philippines,44
rappler,phivolcs,1
rappler,photo,5
rappler,photos,2
rappler,photoshoots,1
rappler,physical,4
rappler,physics,1
rappler,picture,2
rappler,piece,1
rappler,pieces,2
rappler,piel,2
rappler,pierce,1
rappler,pile,1
rappler,piles,3
rappler,pilipinas,8
rappler,pilipino,2
rappler,pilot,3
rappler,pilots,1
rappler,pinag,1
rappler,pinamalayan,1
rappler,pinapakita,1
rappler,ping,2
rappler,pinky,1
rappler,pinpointed,3
rappler,pipes,1
rappler,pipilahan,1
rappler,piso,1
rappler,pitch,1
rappler,pivot,1
rappler,piñas,1
rappler,placard,1
rappler,place,1
rappler,placed,2
rappler,places,2
rappler,plan,9
rappler,plane,1
rappler,planning,4
rappler,plans,6
rappler,plaridel,2
rappler,platform,1
rappler,platforms,1
rappler,play,4
rappler,players,1
rappler,pleas,1
rappler,please,1
rappler,plenty,1
rappler,plunder,1
rappler,pluralities,1
rappler,plurality,2
rappler,plus,5
rappler,pocket,1
rappler,pocketed,1
rappler,pockets,1
rappler,poetically,1
rappler,point,13
rappler,pointed,5
rappler,pointing,3
rappler,points,1
rappler,polangui,2
rappler,police,5
rappler,policies,1
rappler,policontractors,1
rappler,policy,5
rappler,political,20
rappler,politically,1
rappler,politician,1
rappler,politicians,7
rappler,politics,4
rappler,poll,1
rappler,pollster,1
rappler,polluters,1
rappler,pollution,2
rappler,pondo,1
rappler,pondong,1
rappler,pong,1
rappler,poor,7
rappler,poorly,3
rappler,popularity,1
rappler,pork,3
rappler,portal,1
rappler,portions,1
rappler,ports,1
rappler,posh,1
rappler,position,1
rappler,positions,1
rappler,positive,1
rappler,possibility,2
rappler,possible,4
rappler,post,7
rappler,posted,2
rappler,posting,1
rappler,posts,6
rappler,posturing,1
rappler,potential,4
rappler,poured,2
rappler,pouring,1
rappler,pours,1
rappler,poverty,1
rappler,power,7
rappler,powered,1
rappler,powerful,4
rappler,powers,2
rappler,practical,1
rappler,practice,3
rappler,practices,6
rappler,precedent,1
rappler,precisely,1
rappler,predictably,2
rappler,preference,1
rappler,prejudicial,2
rappler,preliminary,2
rappler,premature,2
rappler,prematurely,1
rappler,prepare,1
rappler,prepared,1
rappler,preparedness,2
rappler,prepares,1
rappler,prerequisite,1
rappler,present,3
rappler,presented,7
rappler,preserve,3
rappler,preserving,1
rappler,presidency,1
rappler,president,53
rappler,presidential,6
rappler,presidents,1
rappler,presides,1
rappler,press,6
rappler,presscon,1
rappler,pressed,1
rappler,pressure,3
rappler,pretend,1
rappler,pretty,1
rappler,prevailing,2
rappler,prevent,12
rappler,prevented,2
rappler,preventing,2
rappler,prevention,1
rappler,preventive,3
rappler,prevents,1
rappler,preview,1
rappler,previous,6
rappler,previously,7
rappler,price,1
rappler,priced,1
rappler,pricing,1
rappler,primarily,1
rappler,prime,1
rappler,primo,1
rappler,principal,1
rappler,prior,1
rappler,priority,3
rappler,privacy,1
rappler,private,10
rappler,pro,1
rappler,proactive,1
rappler,proactively,1
rappler,probabilistic,1
rappler,probably,1
rappler,probe,21
rappler,probes,8
rappler,probing,1
rappler,problem,11
rappler,problema,5
rappler,procedural,1
rappler,procedures,1
rappler,proceeded,1
rappler,proceedings,4
rappler,process,6
rappler,processes,3
rappler,procurement,12
rappler,produced,1
rappler,producer,3
rappler,production,2
rappler,productively,1
rappler,profit,1
rappler,profited,1
rappler,program,6
rappler,programming,1
rappler,programs,15
rappler,progress,8
rappler,progresses,1
rappler,progression,1
rappler,progressive,1
rappler,prolonged,1
rappler,prominent,1
rappler,promise,4
rappler,promised,4
rappler,promises,1
rappler,prone,9
rappler,pronounced,1
rappler,pronouncement,1
rappler,pronouncements,1
rappler,proof,5
rappler,proofs,1
rappler,proper,1
rappler,properly,2
rappler,properties,3
rappler,property,2
rappler,proponent,3
rappler,proponents,2
rappler,proportions,1
rappler,proposal,3
rappler,proposals,2
rappler,proposed,10
rappler,proposes,1
rappler,prosecution,1
rappler,prosecutor,1
rappler,prosecutorial,1
rappler,prosecutors,2
rappler,protect,8
rappler,protected,5
rappler,protecting,5
rappler,protection,9
rappler,protections,1
rappler,protest,5
rappler,protester,1
rappler,protesters,5
rappler,protests,3
rappler,protocols,1
rappler,prototype,1
rappler,provenance,1
rappler,provide,4
rappler,provided,3
rappler,provides,1
rappler,providing,2
rappler,province,14
rappler,provinces,7
rappler,provincial,3
rappler,provision,1
rappler,proyekto,2
rappler,proyektong,1
rappler,prudent,1
rappler,prudently,1
rappler,publication,1
rappler,publicity,1
rappler,publicly,2
rappler,published,1
rappler,pulangi,4
rappler,pull,1
rappler,pulled,1
rappler,pulls,1
rappler,pulse,9
rappler,pump,1
rappler,pumping,4
rappler,pumps,1
rappler,punished,3
rappler,purge,3
rappler,purok,1
rappler,purpose,2
rappler,purposes,1
rappler,pursuit,1
rappler,pursuits,1
rappler,push,1
rappler,pushing,1
rappler,put,2
rappler,putting,1
rappler,pwedeng,1
rappler,quality,6
rappler,quarries,1
rappler,quarry,3
rappler,quarrying,3
rappler,quarters,1
rappler,question,2
rappler,questionable,3
rappler,questioned,1
rappler,questions,8
rappler,quezon,10
rappler,quinale,2
rappler,quirante,5
rappler,quite,3
rappler,r2krn,2
rappler,radio,1
rappler,raft,1
rappler,rage,1
rappler,rain,5
rappler,rainfall,4
rappler,rainfalls,1
rappler,rains,5
rappler,rainwater,5
rappler,rainy,1
rappler,raised,5
rappler,raises,1
rappler,raising,2
rappler,rallies,6
rappler,rally,1
rappler,ramon,1
rappler,ramos,5
rappler,ramping,1
rappler,ran,2
rappler,rangers,1
rappler,ranging,2
rappler,ranked,2
rappler,ranking,1
rappler,ranks,1
rappler,raphael,1
rappler,rare,1
rappler,rather,1
rappler,rating,1
rappler,ratings,3
rappler,reach,3
rappler,reached,5
rappler,reaches,2
rappler,reaching,3
rappler,reacted,1
rappler,reacting,1
rappler,reactions,1
rappler,reactive,2
rappler,read,11
rappler,readi,2
rappler,readiness,1
rappler,real,11
rappler,reality,2
rappler,realize,1
rappler,reallotted,1
rappler,realty,1
rappler,reason,3
rappler,reasons,2
rappler,rebuild,1
rappler,rebuked,1
rappler,receipts,4
rappler,receive,4
rappler,received,16
rappler,receiving,1
rappler,recent,8
rappler,recently,4
rappler,recipients,1
rappler,recognition,1
rappler,recognize,1
rappler,recognizes,1
rappler,recommendation,3
rappler,recommendations,1
rappler,recommended,7
rappler,recommends,1
rappler,record,9
rappler,recorded,2
rappler,records,8
rappler,recourse,1
rappler,recovery,1
rappler,rectification,3
rappler,recurring,1
rappler,red,1
rappler,redefines,1
rappler,redemption,1
rappler,redirected,2
rappler,redraw,1
rappler,reduce,4
rappler,reduced,2
rappler,reducing,1
rappler,reduction,2
rappler,redundancy,1
rappler,ree,1
rappler,reel,1
rappler,reelection,1
rappler,reengineered,1
rappler,reexamined,1
rappler,refer,3
rappler,reference,1
rappler,references,1
rappler,referrals,2
rappler,referred,1
rappler,referring,2
rappler,refine,1
rappler,reflect,1
rappler,reflected,2
rappler,reflects,1
rappler,reforestation,1
rappler,reform,8
rappler,reformer,1
rappler,reformist,2
rappler,reforms,3
rappler,refused,1
rappler,refuses,1
rappler,regarding,5
rappler,region,11
rappler,regional,11
rappler,registered,3
rappler,registers,1
rappler,registries,1
rappler,regular,1
rappler,regulations,2
rappler,rehabilitate,1
rappler,rehabilitated,1
rappler,rehabilitation,2
rappler,reinforced,3
rappler,reiterates,2
rappler,rejected,1
rappler,rekina,1
rappler,relatable,1
rappler,relating,1
rappler,relation,1
rappler,relatively,1
rappler,release,4
rappler,released,10
rappler,releases,5
rappler,relevant,1
rappler,reliance,1
rappler,reliant,2
rappler,relief,4
rappler,religious,1
rappler,relinquishing,1
rappler,rely,3
rappler,relying,2
rappler,remain,3
rappler,remained,1
rappler,remaining,1
rappler,remains,8
rappler,remark,2
rappler,remarks,1
rappler,remembered,1
rappler,reminder,2
rappler,remiss,1
rappler,remnants,1
rappler,remove,2
rappler,removed,2
rappler,removing,2
rappler,remulla,1
rappler,renato,1
rappler,rendered,1
rappler,renders,1
rappler,rene,1
rappler,renewable,1
rappler,renewed,2
rappler,rep,1
rappler,repair,1
rappler,repaired,1
rappler,repairs,2
rappler,repeated,2
rappler,repeatedly,4
rappler,repeats,1
rappler,replace,1
rappler,replaced,1
rappler,replacing,1
rappler,reply,1
rappler,report,29
rappler,reported,9
rappler,reporters,2
rappler,reporting,3
rappler,reports,20
rappler,representative,21
rappler,representatives,8
rappler,represents,2
rappler,republic,6
rappler,republika,1
rappler,reputation,2
rappler,requested,1
rappler,requests,1
rappler,require,2
rappler,required,5
rappler,requirements,1
rappler,requires,1
rappler,rescuers,1
rappler,research,3
rappler,resettlement,1
rappler,reshaping,1
rappler,reside,1
rappler,residences,1
rappler,resident,2
rappler,residents,4
rappler,resignation,2
rappler,resigned,2
rappler,resilience,2
rappler,resilient,3
rappler,resist,2
rappler,resistance,1
rappler,resolution,2
rappler,resolutions,1
rappler,resonates,1
rappler,resort,3
rappler,resorts,1
rappler,resource,1
rappler,resources,7
rappler,respect,1
rappler,respective,1
rappler,respectively,2
rappler,respond,2
rappler,responded,1
rappler,respondents,12
rappler,response,6
rappler,responsible,4
rappler,rest,2
rappler,restore,2
rappler,restored,1
rappler,restraint,2
rappler,result,6
rappler,resulted,1
rappler,results,4
rappler,resumes,1
rappler,retain,1
rappler,retained,1
rappler,retaliation,2
rappler,retired,2
rappler,retraction,1
rappler,retrieval,1
rappler,retrieve,1
rappler,retrieved,1
rappler,retrofitting,1
rappler,retrospective,1
rappler,return,1
rappler,returned,1
rappler,reuploading,1
rappler,reuters,3
rappler,revealed,3
rappler,revelations,2
rappler,reversion,1
rappler,review,4
rappler,reviewed,1
rappler,reviews,2
rappler,revised,6
rappler,revolution,1
rappler,revolutionized,1
rappler,rewarded,1
rappler,rewritten,1
rappler,reyes,10
rappler,rhetorical,1
rappler,rice,3
rappler,riches,1
rappler,richest,1
rappler,ridden,1
rappler,rides,1
rappler,riding,1
rappler,ridon,5
rappler,rigged,1
rappler,right,9
rappler,rightfully,1
rappler,rigorous,3
rappler,rimando,1
rappler,ring,1
rappler,rise,4
rappler,rising,4
rappler,risk,6
rappler,rivals,2
rappler,river,22
rappler,rivera,2
rappler,riverbank,9
rappler,riverbeds,1
rappler,rivers,9
rappler,riverwall,3
rappler,rizal,1
rappler,road,13
rappler,roads,4
rappler,roadshow,2
rappler,roadway,1
rappler,robert,1
rappler,roberto,3
rappler,rochelle,1
rappler,rock,3
rappler,rodrigo,4
rappler,rodriguez,1
rappler,rogelio,2
rappler,roland,1
rappler,role,2
rappler,roles,2
rappler,rollout,1
rappler,rolls,1
rappler,roma,1
rappler,romualdez,3
rappler,roof,1
rappler,room,8
rappler,root,1
rappler,roque,2
rappler,rosal,1
rappler,rosaloria,1
rappler,rose,2
rappler,roslyn,1
rappler,rossana,2
rappler,rot,1
rappler,rotten,1
rappler,roughly,1
rappler,rounded,1
rappler,route,1
rappler,roxas,3
rappler,royal,1
rappler,ruben,1
rappler,rufo,1
rappler,rufus,1
rappler,ruin,1
rappler,rule,1
rappler,rules,3
rappler,run,4
rappler,runners,1
rappler,running,3
rappler,runs,2
rappler,ryan,1
rappler,saan,2
rappler,sabio,1
rappler,sabo,1
rappler,sabotage,4
rappler,sacar,1
rappler,safe,3
rappler,safeguard,3
rappler,safeguards,7
rappler,safer,1
rappler,safety,2
rappler,sagbayan,1
rappler,sake,1
rappler,sale,1
rappler,salik,1
rappler,sally,2
rappler,sam,1
rappler,samidan,1
rappler,san,3
rappler,sanctions,1
rappler,sand,1
rappler,sandro,2
rappler,santos,4
rappler,sara,1
rappler,sarah,6
rappler,saro,1
rappler,satellite,4
rappler,saturday,2
rappler,save,1
rappler,savings,1
rappler,saw,3
rappler,say,6
rappler,saying,4
rappler,says,5
rappler,scale,2
rappler,scaled,1
rappler,scam,5
rappler,scandal,8
rappler,scandalous,1
rappler,scandals,5
rappler,scares,1
rappler,scenario,1
rappler,schedule,1
rappler,scheduled,1
rappler,scheme,3
rappler,schemes,1
rappler,science,3
rappler,scientific,1
rappler,scientists,1
rappler,scores,1
rappler,scrapped,1
rappler,scrutinize,2
rappler,scrutinizing,1
rappler,scrutiny,7
rappler,sea,3
rappler,sealed,3
rappler,searchable,6
rappler,season,3
rappler,seawater,1
rappler,sec,2
rappler,second,7
rappler,secondary,1
rappler,secondly,1
rappler,seconds,1
rappler,secretary,12
rappler,section,6
rappler,sections,2
rappler,sector,9
rappler,sectoral,1
rappler,sectors,3
rappler,secure,6
rappler,secured,8
rappler,securing,1
rappler,securities,4
rappler,security,4
rappler,sediment,8
rappler,see,12
rappler,seek,2
rappler,seekers,1
rappler,seemed,1
rappler,seen,9
rappler,sees,3
rappler,seismology,1
rappler,select,1
rappler,self,5
rappler,sell,1
rappler,semento,1
rappler,semi,1
rappler,senador,1
rappler,send,3
rappler,senior,1
rappler,sense,3
rappler,sensitive,1
rappler,sensor,2
rappler,sent,1
rappler,sentiment,2
rappler,sentiments,1
rappler,separate,1
rappler,separates,1
rappler,series,2
rappler,seriously,1
rappler,serrano,1
rappler,servants,1
rappler,serve,2
rappler,served,1
rappler,serves,3
rappler,service,4
rappler,services,5
rappler,sessions,1
rappler,set,2
rappler,setup,2
rappler,seven,3
rappler,sever,1
rappler,several,10
rappler,severe,1
rappler,severely,1
rappler,shaken,1
rappler,shall,3
rappler,shame,2
rappler,shameless,1
rappler,shanties,1
rappler,share,7
rappler,shared,4
rappler,shareholder,1
rappler,shareholders,5
rappler,shares,8
rappler,shed,1
rappler,shedding,1
rappler,sheer,1
rappler,sheet,3
rappler,shell,1
rappler,shenanigans,1
rappler,shield,1
rappler,shielded,1
rappler,shift,3
rappler,shifting,1
rappler,shifts,1
rappler,shop,1
rappler,shopping,1
rappler,short,2
rappler,shortening,1
rappler,show,6
rappler,showcased,1
rappler,showcasing,2
rappler,showed,10
rappler,showing,3
rappler,shown,2
rappler,shows,11
rappler,shrine,1
rappler,side,2
rappler,sides,2
rappler,sign,3
rappler,signage,1
rappler,signal,1
rappler,signaled,1
rappler,signatories,1
rappler,signature,2
rappler,signatures,1
rappler,signed,3
rappler,significant,2
rappler,significantly,1
rappler,siklab,1
rappler,silang,2
rappler,silent,1
rappler,silk,1
rappler,silva,1
rappler,silverwolves,2
rappler,simbahan,1
rappler,similar,2
rappler,similarities,1
rappler,similarly,1
rappler,simple,1
rappler,simply,3
rappler,simulation,1
rappler,simultaneous,1
rappler,simultaneously,1
rappler,sin,2
rappler,sinasabi,1
rappler,since,10
rappler,single,8
rappler,singson,2
rappler,singular,1
rappler,sinoman,1
rappler,sinubukang,1
rappler,sinusumbong,1
rappler,siphoned,3
rappler,sisiyasatin,1
rappler,sistema,1
rappler,sister,1
rappler,site,8
rappler,sites,1
rappler,sitio,2
rappler,sitting,1
rappler,situated,2
rappler,situation,2
rappler,situations,1
rappler,six,4
rappler,sixth,1
rappler,sizable,1
rappler,skeptical,1
rappler,skepticism,2
rappler,skills,1
rappler,slammed,1
rappler,slapped,1
rappler,slash,1
rappler,slashed,1
rappler,slice,1
rappler,slight,3
rappler,slightly,1
rappler,slip,2
rappler,sliver,1
rappler,slope,1
rappler,slopes,1
rappler,sloping,1
rappler,slow,1
rappler,slowly,2
rappler,small,2
rappler,smaller,1
rappler,smart,6
rappler,smashes,1
rappler,smoke,1
rappler,snowball,1
rappler,sober,1
rappler,sobering,1
rappler,sobrang,1
rappler,social,13
rappler,society,7
rappler,socio,1
rappler,socioeconomic,1
rappler,software,3
rappler,soil,4
rappler,solely,1
rappler,solidum,1
rappler,solusyon,1
rappler,solution,1
rappler,solutions,4
rappler,someone,1
rappler,something,3
rappler,sometimes,1
rappler,somewhere,1
rappler,son,2
rappler,sona,5
rappler,sonny,1
rappler,sons,2
rappler,sooner,1
rappler,sop,1
rappler,sophisticated,1
rappler,sorsogon,3
rappler,sotto,2
rappler,sought,2
rappler,sound,2
rappler,soundbites,1
rappler,sounded,1
rappler,sources,2
rappler,south,2
rappler,southern,1
rappler,southwest,3
rappler,span,2
rappler,spanning,1
rappler,spared,2
rappler,sparked,1
rappler,speaker,7
rappler,speaking,1
rappler,special,3
rappler,specialist,2
rappler,specialized,1
rappler,specific,2
rappler,specifications,1
rappler,specified,4
rappler,spectacle,2
rappler,speculation,1
rappler,speculators,1
rappler,speech,1
rappler,spending,8
rappler,spends,2
rappler,spent,4
rappler,spilling,1
rappler,spin,1
rappler,spirit,1
rappler,split,1
rappler,spoke,1
rappler,spokesman,1
rappler,spokesperson,1
rappler,sponsor,1
rappler,spot,2
rappler,spotlight,2
rappler,spouse,3
rappler,spread,3
rappler,sprees,1
rappler,squandered,1
rappler,srdc,2
rappler,sta,2
rappler,stabilize,1
rappler,staff,1
rappler,stage,2
rappler,stages,1
rappler,staging,1
rappler,stakeholders,1
rappler,stakes,1
rappler,stalemate,1
rappler,stamped,1
rappler,stance,2
rappler,stand,1
rappler,standard,3
rappler,standards,7
rappler,stands,1
rappler,staple,1
rappler,stark,1
rappler,start,1
rappler,started,1
rappler,starting,1
rappler,starts,1
rappler,startups,1
rappler,starved,1
rappler,state,11
rappler,stated,2
rappler,statement,6
rappler,statements,1
rappler,station,3
rappler,stations,1
rappler,status,8
rappler,stay,2
rappler,stays,1
rappler,steadfast,1
rappler,steal,1
rappler,steel,1
rappler,steering,1
rappler,stems,3
rappler,step,2
rappler,still,11
rappler,sto,2
rappler,stole,1
rappler,stolen,2
rappler,stomach,1
rappler,stood,2
rappler,stop,5
rappler,stopgap,1
rappler,storage,1
rappler,store,2
rappler,stored,4
rappler,stores,1
rappler,storm,10
rappler,storms,1
rappler,story,4
rappler,straight,2
rappler,straightening,1
rappler,strategies,3
rappler,strategy,1
rappler,stream,2
rappler,street,1
rappler,streets,3
rappler,strength,1
rappler,strengthening,1
rappler,stressed,3
rappler,stretch,1
rappler,strict,1
rappler,stricter,2
rappler,string,1
rappler,strong,5
rappler,stronger,3
rappler,struck,1
rappler,structural,5
rappler,structure,18
rappler,structures,7
rappler,struggle,1
rappler,stud,2
rappler,student,2
rappler,study,5
rappler,studying,1
rappler,style,1
rappler,suansing,1
rappler,sub,2
rappler,subcontracted,1
rappler,subcontracting,1
rappler,subcontractor,3
rappler,subdivisions,1
rappler,subjected,2
rappler,submerged,1
rappler,submerging,2
rappler,submission,1
rappler,submissions,2
rappler,submit,4
rappler,submits,3
rappler,submitted,5
rappler,subnational,1
rappler,subpar,1
rappler,subpoena,1
rappler,subpoenas,1
rappler,subscribed,1
rappler,subscribers,1
rappler,subsequent,1
rappler,subsequently,1
rappler,substance,2
rappler,substandard,9
rappler,substantial,1
rappler,sued,1
rappler,suffer,3
rappler,suffered,1
rappler,suffers,2
rappler,sufficiency,2
rappler,sufficiently,1
rappler,suggest,1
rappler,suit,1
rappler,suitable,1
rappler,sumali,1
rappler,sumayao,1
rappler,sumbong,1
rappler,sumusulat,1
rappler,sunday,4
rappler,sunstar,6
rappler,sunwest,15
rappler,sunwestville,1
rappler,super,1
rappler,supervising,3
rappler,supplement,1
rappler,suppliers,1
rappler,supplies,3
rappler,supply,5
rappler,support,4
rappler,supported,1
rappler,supporters,1
rappler,supports,1
rappler,supposed,6
rappler,supposedly,4
rappler,supreme,2
rappler,sur,4
rappler,surface,2
rappler,surge,1
rappler,surges,2
rappler,surpassed,2
rappler,surprise,1
rappler,surrounding,2
rappler,survey,12
rappler,surveys,1
rappler,survival,2
rappler,survivor,1
rappler,susceptibility,1
rappler,suspect,1
rappler,suspected,2
rappler,suspects,1
rappler,suspend,4
rappler,suspendido,1
rappler,suspension,5
rappler,suspensions,2
rappler,suspicions,1
rappler,sustainable,1
rappler,sustained,1
rappler,sustaining,1
rappler,sususpendihin,1
rappler,swapped,1
rappler,swaths,1
rappler,sweat,1
rappler,swept,1
rappler,swiftly,1
rappler,switching,1
rappler,swollen,1
rappler,sworn,2
rappler,symbol,1
rappler,symbolize,1
rappler,symptoms,1
rappler,syms,8
rappler,syndicate,1
rappler,syndicates,2
rappler,system,20
rappler,systemic,3
rappler,systems,11
rappler,table,7
rappler,tacloban,1
rappler,tactic,1
rappler,taft,1
rappler,tag,2
rappler,tagged,5
rappler,tagging,2
rappler,tags,1
rappler,tagumpay,2
rappler,take,8
rappler,taken,2
rappler,takes,1
rappler,taking,2
rappler,talagang,2
rappler,talisay,2
rappler,talking,2
rappler,tamayo,1
rappler,tamper,2
rappler,tampering,3
rappler,tandem,1
rappler,tanggap,1
rappler,tank,1
rappler,taon,5
rappler,tariff,2
rappler,tarlac,1
rappler,task,2
rappler,tasked,5
rappler,tasks,1
rappler,tastes,1
rappler,taumbayan,2
rappler,taun,1
rappler,taxation,1
rappler,taxes,1
rappler,taxpayer,1
rappler,taxpayers,4
rappler,tayao,1
rappler,tayong,1
rappler,teach,1
rappler,teaching,1
rappler,team,8
rappler,tech,1
rappler,technical,8
rappler,technologies,1
rappler,technology,6
rappler,teeth,2
rappler,television,1
rappler,telling,1
rappler,temperatures,1
rappler,temporarily,2
rappler,temptation,1
rappler,term,4
rappler,terms,4
rappler,terry,2
rappler,test,3
rappler,testbed,1
rappler,testimonial,1
rappler,theater,1
rappler,theatrics,1
rappler,theft,1
rappler,thematic,1
rappler,theory,1
rappler,thereafter,1
rappler,therefore,1
rappler,thick,1
rappler,thing,1
rappler,things,3
rappler,think,6
rappler,thinking,2
rappler,third,6
rappler,thirdly,1
rappler,thirsty,1
rappler,though,3
rappler,thought,1
rappler,thousands,4
rappler,threat,1
rappler,threatened,2
rappler,threatening,2
rappler,threatens,1
rappler,three,6
rappler,thrice,1
rappler,thrive,1
rappler,thrives,1
rappler,throwback,1
rappler,thrown,1
rappler,thunder,1
rappler,thursday,7
rappler,thus,1
rappler,tiangco,1
rappler,ticket,1
rappler,tide,3
rappler,tides,2
rappler,tied,4
rappler,ties,3
rappler,tightening,1
rappler,time,17
rappler,timeline,1
rappler,timely,1
rappler,times,3
rappler,timestamp,1
rappler,timestamped,1
rappler,timojen,1
rappler,timothy,8
rappler,tindig,1
rappler,tingin,1
rappler,tingnan,1
rappler,tinitingnan,1
rappler,tino,11
rappler,tipping,4
rappler,tiptoes,1
rappler,tired,1
rappler,tireless,1
rappler,titles,1
rappler,tito,1
rappler,toby,1
rappler,today,2
rappler,toes,1
rappler,together,4
rappler,tokyo,1
rappler,told,10
rappler,tolerate,1
rappler,tone,4
rappler,tons,1
rappler,took,7
rappler,tool,1
rappler,tools,1
rappler,top,21
rappler,topnotch,8
rappler,topped,1
rappler,total,14
rappler,totally,1
rappler,toto,1
rappler,tourism,1
rappler,touted,1
rappler,toward,4
rappler,towards,1
rappler,town,4
rappler,towns,5
rappler,trabaho,1
rappler,trace,2
rappler,traceable,2
rappler,track,3
rappler,tracking,1
rappler,trade,2
rappler,traders,1
rappler,trading,9
rappler,traditional,2
rappler,traffic,1
rappler,tragedy,1
rappler,trail,7
rappler,training,1
rappler,trami,1
rappler,tranche,2
rappler,transact,1
rappler,transaction,3
rappler,transactions,1
rappler,transcripts,1
rappler,transferred,1
rappler,transform,1
rappler,transformative,1
rappler,transforms,1
rappler,translation,1
rappler,transmitted,1
rappler,transparency,14
rappler,transparent,4
rappler,transparently,1
rappler,transport,3
rappler,transportasyon,1
rappler,transportation,3
rappler,transporting,1
rappler,trap,3
rappler,travel,4
rappler,traveling,1
rappler,treasure,1
rappler,treasury,1
rappler,treating,1
rappler,tri,1
rappler,trial,1
rappler,tried,1
rappler,tries,2
rappler,trigger,3
rappler,triggered,3
rappler,triggering,1
rappler,triggers,1
rappler,trillion,8
rappler,trimmed,2
rappler,triple,1
rappler,trips,4
rappler,tropical,3
rappler,troubling,1
rappler,truck,1
rappler,true,4
rappler,truly,3
rappler,trust,17
rappler,trusted,1
rappler,trustworthiness,2
rappler,truth,12
rappler,tubig,1
rappler,tuesday,3
rappler,tuguegarao,2
rappler,tulfo,1
rappler,turn,3
rappler,turned,4
rappler,turns,2
rappler,tuwing,1
rappler,twelve,1
rappler,twenty,1
rappler,two,12
rappler,type,4
rappler,types,2
rappler,typhoon,12
rappler,typhoons,3
rappler,typically,1
rappler,ulan,2
rappler,ultimate,1
rappler,ultimately,1
rappler,ultimatum,1
rappler,umabot,1
rappler,umuulan,1
rappler,unacceptable,1
rappler,unaccustomed,1
rappler,unaffiliated,1
rappler,unattended,1
rappler,unchecked,1
rappler,uncle,1
rappler,uncooperative,1
rappler,uncover,1
rappler,uncovered,3
rappler,undecided,1
rappler,undergoing,3
rappler,undermine,1
rappler,undermines,3
rappler,undermining,1
rappler,undersecretaries,3
rappler,undersecretary,6
rappler,undertaken,2
rappler,underwhelming,1
rappler,unearthed,1
rappler,unequal,1
rappler,unerasable,1
rappler,unesco,1
rappler,unexplained,1
rappler,unfinished,2
rappler,unfortunately,2
rappler,unimpeded,1
rappler,union,3
rappler,unit,2
rappler,units,1
rappler,universities,1
rappler,university,3
rappler,unknown,2
rappler,unless,1
rappler,unlike,1
rappler,unmonitored,1
rappler,unpaved,1
rappler,unprecedented,1
rappler,unrealistic,1
rappler,unruly,1
rappler,unsatisfactory,2
rappler,unscrupulous,2
rappler,unseal,1
rappler,unsealed,1
rappler,unsigned,1
rappler,unsolved,3
rappler,unsuitable,1
rappler,untouched,1
rappler,unwilling,1
rappler,update,1
rappler,updated,1
rappler,updates,2
rappler,upholding,1
rappler,upload,1
rappler,uploaded,3
rappler,uploads,2
rappler,upon,2
rappler,upper,3
rappler,ups,3
rappler,urban,3
rappler,urged,1
rappler,urgency,1
rappler,urgent,1
rappler,urgently,1
rappler,use,8
rappler,used,13
rappler,uses,1
rappler,using,4
rappler,utang,1
rappler,utility,1
rappler,utilize,1
rappler,val,1
rappler,valid,1
rappler,validation,2
rappler,vallehermoso,1
rappler,valleys,1
rappler,valuable,1
rappler,value,3
rappler,vanish,2
rappler,vanished,1
rappler,vantage,5
rappler,variability,1
rappler,various,3
rappler,varying,1
rappler,vehicles,1
rappler,veil,1
rappler,vela,1
rappler,velocity,1
rappler,venture,5
rappler,ventures,2
rappler,venues,2
rappler,verifiable,1
rappler,verifiably,1
rappler,verification,4
rappler,verified,4
rappler,verify,2
rappler,versa,1
rappler,versace,1
rappler,version,1
rappler,versus,1
rappler,vested,1
rappler,via,1
rappler,vibrant,1
rappler,vice,5
rappler,vico,1
rappler,victims,3
rappler,videos,2
rappler,view,5
rappler,vigilance,1
rappler,villafuerte,1
rappler,village,1
rappler,villanueva,7
rappler,villar,3
rappler,villars,1
rappler,vince,6
rappler,vincenzo,1
rappler,violation,15
rappler,violations,4
rappler,violators,1
rappler,virtually,1
rappler,visayas,9
rappler,visibility,1
rappler,visible,5
rappler,visit,1
rappler,visited,1
rappler,visualize,1
rappler,vital,2
rappler,vividly,1
rappler,vlog,2
rappler,vlogs,3
rappler,voices,1
rappler,volcano,1
rappler,volcanology,1
rappler,volume,2
rappler,volunteer,1
rappler,volunteering,1
rappler,vote,1
rappler,vouchers,2
rappler,vowed,4
rappler,vulnerability,1
rappler,vulnerable,1
rappler,wade,2
rappler,wading,2
rappler,wait,3
rappler,wake,2
rappler,walk,1
rappler,walking,1
rappler,walkouts,1
rappler,wallet,1
rappler,walls,1
rappler,walter,1
rappler,want,6
rappler,wanted,1
rappler,wants,7
rappler,warfare,1
rappler,warming,1
rappler,warned,5
rappler,warning,4
rappler,warrants,1
rappler,washed,1
rappler,wasted,2
rappler,watchdog,1
rappler,watchdogs,3
rappler,water,38
rappler,watered,1
rappler,waters,2
rappler,watershed,5
rappler,watersheds,3
rappler,waterways,8
rappler,wawao,1
rappler,way,10
rappler,ways,2
rappler,weak,1
rappler,weaken,1
rappler,weakens,3
rappler,weaknesses,2
rappler,wealth,8
rappler,wealthy,1
rappler,web,2
rappler,website,6
rappler,wednesday,7
rappler,week,2
rappler,weeks,5
rappler,welcomed,1
rappler,welfare,1
rappler,well,8
rappler,wellness,1
rappler,wendell,1
rappler,went,7
rappler,wetlands,2
rappler,whatever,2
rappler,wheelchair,2
rappler,wheeled,1
rappler,whether,3
rappler,whistleblowers,4
rappler,white,1
rappler,whole,1
rappler,whose,3
rappler,wide,5
rappler,widely,2
rappler,widening,1
rappler,wider,2
rappler,widespread,7
rappler,wife,1
rappler,winged,1
rappler,withdrawals,1
rappler,wither,1
rappler,withhold,1
rappler,withholding,1
rappler,within,5
rappler,without,15
rappler,withstand,1
rappler,witness,1
rappler,witnessed,1
rappler,witnesses,2
rappler,wittingly,1
rappler,woes,1
rappler,woman,1
rappler,won,5
rappler,word,1
rappler,wore,2
rappler,work,15
rappler,worked,1
rappler,workers,1
rappler,works,54
rappler,workshops,1
rappler,world,4
rappler,worse,5
rappler,worsen,1
rappler,worsened,4
rappler,worst,1
rappler,worth,24
rappler,would,34
rappler,wouldn,2
rappler,wrong,2
rappler,wrote,2
rappler,xii,2
rappler,yaman,3
rappler,year,21
rappler,years,23
rappler,yet,13
rappler,yield,1
rappler,yielded,1
rappler,yields,1
rappler,young,2
rappler,younger,2
rappler,youths,1
rappler,yun,1
rappler,zaldy,12
rappler,zamboanga,2
rappler,zamboangeño,1
rappler,zamboangeños,1
rappler,zarate,2
rappler,zero,1
rappler,zoom,3
rappler,zte,2
rappler,₱10,1
rappler,₱200,1
rappler,₱20m,1
rappler,₱30,1
rappler,₱50,1
rappler,₱80,2
youtube,04billion,1
youtube,0mg,1
youtube,0ne,1
youtube,100k,1
youtube,100m,1
youtube,100million,1
youtube,100s,1
youtube,102milyon,1
youtube,10k,16
youtube,10m,1
youtube,10t,1
youtube,10th,1
youtube,110m,1
youtube,11b,1
youtube,11digits,1
youtube,11k,1
youtube,11m,2
youtube,120million,1
youtube,125million,3
youtube,15days,1
youtube,15k,1
youtube,19m,2
youtube,19th,1
youtube,1ea,2
youtube,1mil,1
youtube,1million,2
youtube,1month,1
youtube,1st,2
youtube,1timothy,1
youtube,1trillon,1
youtube,2028godbless,1
youtube,20k,1
youtube,20kls,1
youtube,20mil,1
youtube,20pesos,2
youtube,22o,1
youtube,245m,1
youtube,24b,1
youtube,24m,1
youtube,25k,1
youtube,26b,4
youtube,26billion,1
youtube,26m,1
youtube,279k,1
youtube,280m,2
youtube,28min,1
youtube,2day,2
youtube,2days,1
youtube,2million,3
youtube,2nd,2
youtube,2ndary,1
youtube,2o19,1
youtube,2o24,2
youtube,2peter,1
youtube,2peter3,1
youtube,30k,3
youtube,30million,1
youtube,30yrs,1
youtube,31b,1
youtube,31m,1
youtube,350million,1
youtube,355m,2
youtube,35yrs,1
youtube,37t,1
youtube,3rd,5
youtube,3yrs,4
youtube,400millions,1
youtube,40billion,1
youtube,40billl,1
youtube,4mn,1
youtube,4ps,1
youtube,4th,2
youtube,5000k,1
youtube,50m,2
youtube,51b,4
youtube,53rd,1
youtube,58m,1
youtube,58million,1
youtube,5k10k,1
youtube,600m,2
youtube,60billion,1
youtube,60k,1
youtube,6million,1
youtube,6th,1
youtube,6years,1
youtube,700k,2
youtube,70k,3
youtube,70m,1
youtube,70million,1
youtube,70s,2
youtube,75billion,1
youtube,75m,1
youtube,7hrs,1
youtube,80k,3
youtube,8million,1
youtube,900m,1
youtube,96million,1
youtube,aaa,3
youtube,aaaa,3
youtube,aaah,1
youtube,aabot,4
youtube,aabraod,1
youtube,aabuso,3
youtube,aabutin,6
youtube,aagd,1
youtube,aah,1
youtube,aaksaya,1
youtube,aakssys,2
youtube,aalagaan,1
youtube,aalingasaw,1
youtube,aalis,6
youtube,aalisin,1
youtube,aamang,1
youtube,aamin,5
youtube,aamoy,1
youtube,aang,1
youtube,aanhin,1
youtube,aantay,1
youtube,aapawgantan,1
youtube,aaprobahan,1
youtube,aaprove,1
youtube,aaral,9
youtube,aari,1
youtube,aasa,2
youtube,aasahan,1
youtube,aasenso,4
youtube,aawa,1
youtube,aaway,1
youtube,aay,1
youtube,aayusin,2
youtube,ab0ut,1
youtube,aba,5
youtube,abablik,1
youtube,abangan,1
youtube,abante,2
youtube,abay,5
youtube,abbah,1
youtube,abg,2
youtube,abhorred,1
youtube,ablanida,2
youtube,able,11
youtube,ablo,1
youtube,abno,1
youtube,abnsa,1
youtube,abo,1
youtube,abogada,1
youtube,abogado,38
youtube,abogadong,1
youtube,abogadp,1
youtube,abogago,3
youtube,abolish,9
youtube,abolishing,2
youtube,abominable,1
youtube,abort,1
youtube,abot,5
youtube,abotakot,1
youtube,abraham,2
youtube,abroad,8
youtube,abrod,2
youtube,abs,13
youtube,abscbn,2
youtube,abscbnnews,1
youtube,absence,2
youtube,absent,1
youtube,absentia,1
youtube,absolute,1
youtube,absolutely,1
youtube,absolutlely,1
youtube,absorb,1
youtube,abstain,1
youtube,absuelto,1
youtube,absueltohin,1
youtube,abswelto,4
youtube,abt,1
youtube,abugado,4
youtube,abugago,1
youtube,abulug,2
youtube,abusado,1
youtube,abuse,3
youtube,abusiness,1
youtube,abusing,1
youtube,abusive,1
youtube,abuso,1
youtube,abutan,2
youtube,abutin,1
youtube,acan,2
youtube,accept,7
youtube,acceptable,1
youtube,accepted,3
youtube,accepting,1
youtube,access,1
youtube,accessories,1
youtube,accident,2
youtube,accidental,1
youtube,accidentally,1
youtube,accirdingbto,1
youtube,accomplices,1
youtube,accomplishement,1
youtube,accomplishing,1
youtube,accomplishment,1
youtube,accomplishments,1
youtube,accordance,2
youtube,account,8
youtube,accountability,18
youtube,accountable,8
youtube,accountants,1
youtube,accounting,4
youtube,accounts,4
youtube,accreditation,1
youtube,accusations,6
youtube,accused,4
youtube,achicheee,1
youtube,achieve,1
youtube,achieved,1
youtube,acknowledge,2
youtube,acko,1
youtube,acosado,1
youtube,acquired,1
youtube,acquittal,1
youtube,across,6
youtube,act,13
youtube,acting,2
youtube,acting2,2
youtube,action,18
youtube,actionan,2
youtube,actions,7
youtube,active,2
youtube,activities,2
youtube,activity,1
youtube,actors,2
youtube,actres,1
youtube,acts,3
youtube,actual,3
youtube,actually,11
youtube,acusado,2
youtube,adaman,1
youtube,adaptation,1
youtube,add,2
youtube,addan,1
youtube,addik,1
youtube,ade,2
youtube,adhering,1
youtube,adik,6
youtube,adik2x,1
youtube,adiong,2
youtube,adm,1
youtube,admenistration,1
youtube,admin,22
youtube,administrasyon,12
youtube,administrasyong,2
youtube,administration,49
youtube,adminstration,1
youtube,admiral,1
youtube,admire,1
youtube,admission,1
youtube,admistrasyon,1
youtube,admit,3
youtube,admitted,2
youtube,admitting,4
youtube,ads,5
youtube,adulterer,1
youtube,advance,1
youtube,advantage,1
youtube,advantages,1
youtube,adversaries,1
youtube,advice,2
youtube,advices,1
youtube,advisable,2
youtube,advise,1
youtube,advised,1
youtube,adviser,1
youtube,advocacy,2
youtube,advocate,2
youtube,aesla,1
youtube,aeyuo,1
youtube,affect,1
youtube,affected,9
youtube,affects,1
youtube,affidavit,4
youtube,afford,2
youtube,affordable,1
youtube,affording,1
youtube,afganistan,1
youtube,afp,3
youtube,afraid,12
youtube,afrikan,1
youtube,aftermath,4
youtube,ag0,1
youtube,aga,1
youtube,agad,87
youtube,agadd,1
youtube,agains,1
youtube,agap,1
youtube,agaran,1
youtube,agarang,2
youtube,agarao,1
youtube,agaw,2
youtube,agawan,1
youtube,agbabago,1
youtube,agd,2
youtube,age,2
youtube,agencies,9
youtube,agency,10
youtube,agenda,3
youtube,ages,1
youtube,aggression,1
youtube,aggressive,1
youtube,agi,2
youtube,agita,1
youtube,agkano,2
youtube,ago,9
youtube,agony,1
youtube,agos,3
youtube,agoyyy,1
youtube,agree,9
youtube,agreement,1
youtube,agriculture,1
youtube,agsardeng,1
youtube,aguinaldo,1
youtube,agwat,2
youtube,aha,3
youtube,ahah,1
youtube,ahahaaaa,1
youtube,ahahaha,3
youtube,ahahahah,1
youtube,ahahahaha,1
youtube,ahahahha,2
youtube,ahas,5
youtube,ahead,4
youtube,ahensiya,3
youtube,ahensya,15
youtube,ahh,3
youtube,ahha,2
youtube,ahhh,1
youtube,ahould,1
youtube,aic,1
youtube,aics,3
youtube,aid,6
youtube,aide,2
youtube,aila,1
youtube,aim,1
youtube,aiming,1
youtube,ain,1
youtube,ainasabi,2
youtube,air,2
youtube,aircon,9
youtube,aired,1
youtube,airforce,1
youtube,airline,1
youtube,ajinomoto,1
youtube,aka,1
youtube,akala,34
youtube,akalamo,2
youtube,akap,4
youtube,akaw,2
youtube,akcantara,2
youtube,aken,2
youtube,aking,1
youtube,akla,1
youtube,aklan,1
youtube,akong,22
youtube,akosado,1
youtube,aksahin,2
youtube,aksaya,3
youtube,aksyon,10
youtube,aksyonan,4
youtube,aksyunan,1
youtube,akuin,1
youtube,akusado,9
youtube,akusahan,1
youtube,akusasado,1
youtube,akusasyon,1
youtube,akyat,1
youtube,ala,15
youtube,alacantara,1
youtube,alaga,3
youtube,alagaan,3
youtube,alagad,1
youtube,alagang,1
youtube,alahas,1
youtube,alak,1
youtube,alala,4
youtube,alalahanin,2
youtube,alalahin,1
youtube,alalay,1
youtube,alaman,1
youtube,alamat,1
youtube,alamko,1
youtube,alamnyo,1
youtube,alamnyoyan,2
youtube,alams,1
youtube,alang,5
youtube,alangan,1
youtube,alangn,1
youtube,alarado,2
youtube,alarma,1
youtube,alay,3
youtube,alayhi,1
youtube,alcantara,168
youtube,alcatra,2
youtube,alcntra,2
youtube,aleloea,1
youtube,alex,1
youtube,alias,2
youtube,alibaba,1
youtube,alibi,3
youtube,alice,9
youtube,aligid,1
youtube,alike,4
youtube,aliko,1
youtube,alin,2
youtube,alinsunod,2
youtube,alipores,6
youtube,alipunga,1
youtube,alis,3
youtube,alisan,1
youtube,alisin,15
youtube,alituntunin,1
youtube,alkantara,2
youtube,allah,6
youtube,allam,1
youtube,allan,2
youtube,alledged,2
youtube,allegation,3
youtube,allegations,4
youtube,alleged,3
youtube,allegedly,6
youtube,alliances,1
youtube,allies,6
youtube,alligators,1
youtube,alllll,4
youtube,allocated,1
youtube,allocation,2
youtube,allot,1
youtube,allotment,1
youtube,allow,3
youtube,allowance,3
youtube,allowed,7
youtube,allows,2
youtube,alm,4
youtube,almighty,3
youtube,almost,5
youtube,alngan,2
youtube,alok,2
youtube,alon,1
youtube,alone,2
youtube,along,8
youtube,already,16
youtube,alter,1
youtube,although,7
youtube,alusin,1
youtube,alway,1
youtube,always,32
youtube,alyado,6
youtube,ama,14
youtube,amagnakaw,1
youtube,amassed,2
youtube,amats,1
youtube,amaw,1
youtube,ambag,6
youtube,ambot,3
youtube,ambrella,1
youtube,ambrosio,1
youtube,ambunan,2
youtube,amd,1
youtube,amen,14
youtube,amendahan,1
youtube,amenyesamen,1
youtube,america,4
youtube,amerika,2
youtube,amerikano,1
youtube,amg,20
youtube,amga,1
youtube,aminadong,2
youtube,aminan,2
youtube,aming,16
youtube,aminin,9
youtube,amlc,2
youtube,amnesia,1
youtube,amo,18
youtube,amodyan,1
youtube,among,9
youtube,amount,7
youtube,amounting,3
youtube,amp,1
youtube,ampota,2
youtube,amyendahan,2
youtube,ana,13
youtube,anak,47
youtube,anal,1
youtube,analya,1
youtube,analysis,1
youtube,analyze,1
youtube,anan,2
youtube,anang,1
youtube,ancalerts,2
youtube,ancestral,1
youtube,anchor,3
youtube,anda,1
youtube,andam,1
youtube,andami,6
youtube,andaming,9
youtube,andito,2
youtube,andiyan,2
youtube,andmakikita,1
youtube,andon,2
youtube,andres,2
youtube,andski,1
youtube,andun,3
youtube,andyan,15
youtube,andyn,1
youtube,anex,1
youtube,anga,1
youtube,angaganda,1
youtube,angas,1
youtube,angat,2
youtube,angatenpenagaralan,1
youtube,angbillaagay,1
youtube,angbuhaytaesalang,1
youtube,angdameng,1
youtube,angeles,3
youtube,angels,1
youtube,anghang,1
youtube,anghirap,1
youtube,angkan,6
youtube,angkatiwalian,1
youtube,angkop,1
youtube,angkounting,1
youtube,anglahat,1
youtube,anglakingperayan,1
youtube,angle,1
youtube,angmakukuha,2
youtube,angnlahat,1
youtube,angono,1
youtube,angpilipinas,2
youtube,angry,4
youtube,angulo,1
youtube,angvpogo,1
youtube,ani,1
youtube,anianal,1
youtube,anim,2
youtube,anima,1
youtube,animal,11
youtube,animalistic,1
youtube,animals,1
youtube,aning,1
youtube,anino,2
youtube,anis,1
youtube,anit,2
youtube,anjan,11
youtube,anjo,1
youtube,anlng,1
youtube,anmin,1
youtube,annes,2
youtube,anng,1
youtube,anniversary,1
youtube,annnn,2
youtube,announcement,1
youtube,annual,1
youtube,annuml,2
youtube,anny,2
youtube,anolmya,1
youtube,anomalia,1
youtube,anomalies,10
youtube,anomaliya,3
youtube,anomalous,5
youtube,anomaly,6
youtube,anomalya,12
youtube,anomalyang,3
youtube,anomankataas,1
youtube,anong,49
youtube,anonymous,1
youtube,another,13
youtube,anotomy,1
youtube,ans,1
youtube,answer,12
youtube,answered,1
youtube,answerr,1
youtube,answers,1
youtube,antagal,1
youtube,antarctica,1
youtube,antartica,1
youtube,antatagal,1
youtube,antatanga,1
youtube,antay,1
youtube,antayin,3
youtube,ante,2
youtube,anteng,1
youtube,anti,8
youtube,antimano,1
youtube,antipolo,1
youtube,antisocial,2
youtube,antonieta,1
youtube,anty,1
youtube,anu,25
youtube,anumalya,6
youtube,anumalyang,1
youtube,anumang,2
youtube,anung,12
youtube,anxiety,2
youtube,anyan,2
youtube,anyare,4
youtube,anyari,1
youtube,anybody,1
youtube,anymore,9
youtube,anyone,7
youtube,anyong,1
youtube,anything,6
youtube,anytime,1
youtube,anyway,1
youtube,anywhere,4
youtube,apache,1
youtube,apaka,1
youtube,apakasinungaling,1
youtube,apakatibay,2
youtube,apan,1
youtube,apat,1
youtube,apay,1
youtube,apedabét,1
youtube,apektado,5
youtube,apektadong,1
youtube,apekto,1
youtube,apilido,3
youtube,apilyedo,1
youtube,apilyido,1
youtube,aplayan,1
youtube,apmapanuod,1
youtube,apo,5
youtube,apoint,1
youtube,apointee,1
youtube,apolakay,1
youtube,apologize,1
youtube,apondo,1
youtube,apooo,1
youtube,apoy,8
youtube,apparent,2
youtube,apparently,1
youtube,appeal,2
youtube,appear,1
youtube,appeared,1
youtube,appears,1
youtube,applicable,1
youtube,application,1
youtube,applied,1
youtube,applikasyun,1
youtube,apply,1
youtube,appoint,7
youtube,appointed,4
youtube,appointing,1
youtube,appointments,1
youtube,appropriation,3
youtube,appropriations,1
youtube,approval,2
youtube,approvals,1
youtube,approve,4
youtube,approved,11
youtube,approx,1
youtube,approximately,3
youtube,aprubahan,1
youtube,apura,1
youtube,aqng,1
youtube,aquino,12
youtube,araal,1
youtube,arab,1
youtube,arabia,2
youtube,aral,12
youtube,aralan,5
youtube,araneta,1
youtube,araternyaaycharaternatenetolangpatonaketasakanya,1
youtube,araw,46
youtube,araw2,4
youtube,aray,4
youtube,arayyy,1
youtube,arcabala,1
youtube,architect,3
youtube,architects,1
youtube,architecture,1
youtube,archive,1
youtube,arctic,1
youtube,area,21
youtube,areas,5
youtube,arebalo,1
youtube,aren,1
youtube,ares,2
youtube,arestohin,1
youtube,aretes,2
youtube,arevalo,13
youtube,argue,2
youtube,arguing,1
youtube,arguments,1
youtube,ari,8
youtube,arian,5
youtube,ariarian,1
youtube,aribalo,1
youtube,arises,2
youtube,arising,1
youtube,aristocracy,1
youtube,arjo,3
youtube,arm,1
youtube,armies,2
youtube,arms,2
youtube,army,6
youtube,aron,1
youtube,aronomondang,2
youtube,around,18
youtube,aroy,1
youtube,aroyo,1
youtube,arrangement,1
youtube,arrest,12
youtube,arrested,1
youtube,arrogancia,1
youtube,arrogantly,1
youtube,arte,3
youtube,artificial,5
youtube,artista,6
youtube,artistang,2
youtube,asa,29
youtube,asaan,3
youtube,asahan,1
youtube,asal,1
youtube,asan,21
youtube,asana,1
youtube,asang,2
youtube,asap,1
youtube,asar,1
youtube,asarap,2
youtube,asaw,2
youtube,asawa,19
youtube,asawang,4
youtube,aseana,1
youtube,aseasenso,2
youtube,asenso,8
youtube,asia,3
youtube,asian,1
youtube,aside,2
youtube,asila,1
youtube,asin,6
youtube,asinso,2
youtube,asistio,1
youtube,ask,24
youtube,asked,7
youtube,asking,10
youtube,asleep,1
youtube,aso,11
youtube,asos,1
youtube,aspalto,1
youtube,aspect,1
youtube,aspire,1
youtube,assacinate,1
youtube,assessments,1
youtube,assessors,1
youtube,asset,1
youtube,assets,23
youtube,assetss,1
youtube,assign,1
youtube,assigned,1
youtube,assistance,1
youtube,assistant,2
youtube,associates,1
youtube,associating,1
youtube,assuming,3
youtube,assurance,2
youtube,astaghfirullah,1
youtube,astig,1
youtube,astray,1
youtube,asupre,1
youtube,asylum,1
youtube,ata,12
youtube,atake,3
youtube,atakehon,1
youtube,atakihin,2
youtube,atakihon,1
youtube,atang,1
youtube,ataong,1
youtube,ataul,1
youtube,ataw,2
youtube,atayde,2
youtube,atbp,4
youtube,ate,1
youtube,ateng,1
youtube,atensyon,1
youtube,atep,2
youtube,athindi,2
youtube,ati,1
youtube,atik,2
youtube,atip,1
youtube,atj,2
youtube,atleast,6
youtube,atng,1
youtube,atoa,1
youtube,atome,1
youtube,aton,1
youtube,atong,6
youtube,atop,1
youtube,atorne,1
youtube,atrasan,1
youtube,attache,1
youtube,attack,2
youtube,attend,1
youtube,attended,1
youtube,attested,1
youtube,attitude,2
youtube,attorney,13
youtube,attorneys,3
youtube,attractive,1
youtube,attributed,1
youtube,atty,23
youtube,attys,1
youtube,atupagin,1
youtube,audacity,1
youtube,audio,1
youtube,audit,9
youtube,audited,1
youtube,audith,1
youtube,auditing,2
youtube,auditir,1
youtube,auditor,3
youtube,auditors,1
youtube,augustina,1
youtube,aumalyang,1
youtube,aungun,1
youtube,aunor,2
youtube,ausna,2
youtube,australia,1
youtube,australian,1
youtube,authorisado,2
youtube,authority,3
youtube,automatic,2
youtube,avail,2
youtube,avenues,1
youtube,avoided,1
youtube,awa,32
youtube,awan,2
youtube,awang,3
youtube,award,4
youtube,awarde,2
youtube,awarded,2
youtube,awards,2
youtube,aware,5
youtube,awareness,2
youtube,away,37
youtube,awit,3
youtube,ayahay,1
youtube,ayalas,1
youtube,ayan,33
youtube,ayaw,84
youtube,ayawsagutin,1
youtube,ayayayyyyyyyyyyy,1
youtube,ayo,1
youtube,ayoda,1
youtube,ayos,7
youtube,ayosen,1
youtube,ayosin,4
youtube,ayuda,15
youtube,ayudahan,1
youtube,ayudang,1
youtube,ayuds,1
youtube,ayup,2
youtube,ayus,4
youtube,ayusi,1
youtube,ayusin,10
youtube,ayw,3
youtube,aywan,2
youtube,ayy,1
youtube,ayysib,1
youtube,ayyy,1
youtube,b0yset,1
youtube,baba,8
youtube,bababa,1
youtube,babad,1
youtube,babaduy,1
youtube,babae,6
youtube,babaeng,5
youtube,babagal,1
youtube,babago,2
youtube,babaha,2
youtube,babahain,1
youtube,babakasali,2
youtube,babala,1
youtube,babalik,4
youtube,babalikan,1
youtube,babanggit,2
youtube,babangon,1
youtube,babao,1
youtube,babasahin,2
youtube,babatas,1
youtube,babato,1
youtube,babaw,3
youtube,babawal,1
youtube,babawe,1
youtube,babawi,1
youtube,babawiin,2
youtube,babayad,3
youtube,babayaran,5
youtube,babie,1
youtube,babies,6
youtube,baboy,12
youtube,babrilin,1
youtube,baby,1
youtube,babyhin,2
youtube,bac,1
youtube,back,27
youtube,backdoors,1
youtube,background,3
youtube,backjob,1
youtube,backs,1
youtube,backup,2
youtube,baclid,1
youtube,bacon,1
youtube,bad,11
youtube,badaf,1
youtube,badget,6
youtube,badja,1
youtube,badjit,1
youtube,badly,1
youtube,baduy,1
youtube,badyet,1
youtube,bag,4
youtube,bagag,1
youtube,bagahe,1
youtube,bagal,3
youtube,bagay,18
youtube,bagets,1
youtube,baggao,1
youtube,bagkus,4
youtube,bagman,2
youtube,bago,58
youtube,bagong,26
youtube,bagoong,2
youtube,bags,2
youtube,bagsa,1
youtube,bagsak,9
youtube,bagsakan,1
youtube,bagsam,1
youtube,baguhin,12
youtube,baguio,1
youtube,bagyo,51
youtube,bagyohin,1
youtube,bagyong,4
youtube,bagyu,1
youtube,bah,3
youtube,baha,150
youtube,bahag,2
youtube,bahagi,5
youtube,bahain,7
youtube,bahala,27
youtube,bahang,2
youtube,bahay,75
youtube,bahayan,1
youtube,bahaymonamganda,1
youtube,bahid,4
youtube,baho,4
youtube,bahog,2
youtube,bail,3
youtube,bait,5
youtube,baitan,2
youtube,baka,97
youtube,bakal,34
youtube,bakanagtago,1
youtube,bakante,1
youtube,bakasyon,3
youtube,bakat,1
youtube,bakawan,3
youtube,bake,2
youtube,bakeeetttt,1
youtube,bakeet,1
youtube,baket,4
youtube,bakitb,1
youtube,baklang,1
youtube,bakuran,1
youtube,bakyo,1
youtube,bal8ktad,1
youtube,bala,2
youtube,balahibo,2
youtube,balak,5
youtube,balanceandrevers,1
youtube,balanse,1
youtube,balat,3
youtube,balatan,3
youtube,balbon,1
youtube,balde,2
youtube,bale,3
youtube,balek,1
youtube,baleleng,2
youtube,baletang,2
youtube,balewala,1
youtube,bali,4
youtube,baliin,2
youtube,balik,22
youtube,balik2,1
youtube,balikan,1
youtube,baliktad,2
youtube,baliktad2,1
youtube,balimbing,1
youtube,balin,1
youtube,balit,2
youtube,balita,12
youtube,balitang,2
youtube,baliw,4
youtube,baliwag,2
youtube,baliwala,1
youtube,ball,1
youtube,balls,4
youtube,balota,1
youtube,balsa,1
youtube,baluktot,1
youtube,balwarte,1
youtube,bam,10
youtube,baman,1
youtube,bamban,1
youtube,bamga,1
youtube,bamit,1
youtube,ban,5
youtube,bana,2
youtube,banal,2
youtube,bananaque,1
youtube,banantayan,1
youtube,banat,2
youtube,banayad,1
youtube,bandang,4
youtube,bandera,1
youtube,bandila,1
youtube,bandilang,2
youtube,bang,40
youtube,bangag,68
youtube,bangag2,1
youtube,bangagbangag,1
youtube,bangayan,2
youtube,banggang,1
youtube,banggit,1
youtube,banggitin,4
youtube,bangin,1
youtube,bangka,2
youtube,bangkay,1
youtube,bangkitin,1
youtube,bangko,4
youtube,bangladesh,1
youtube,bangon,5
youtube,bangsg,2
youtube,banguhin,1
youtube,bangus,11
youtube,banig,1
youtube,bank,10
youtube,banko,4
youtube,bankrapin,2
youtube,banks,3
youtube,banos,1
youtube,bansa,169
youtube,bansang,32
youtube,banta,4
youtube,bantaan,2
youtube,bantay,7
youtube,bantayan,2
youtube,bantog,1
youtube,banyaga,2
youtube,banyan,1
youtube,baon,4
youtube,bar,1
youtube,bara,3
youtube,barado,3
youtube,baraha,4
youtube,barangay,11
youtube,barangays,1
youtube,barbero,1
youtube,bare,1
youtube,bargy,1
youtube,baricuatro,5
youtube,bark,4
youtube,barko,5
youtube,barong,5
youtube,barrel,6
youtube,bars,2
youtube,barya,12
youtube,baryo,3
youtube,bas,1
youtube,basa,3
youtube,basag,1
youtube,basahin,8
youtube,basapat,1
youtube,basbad,1
youtube,base,3
youtube,based,13
youtube,basehan,1
youtube,basement,2
youtube,basic,8
youtube,basiin,1
youtube,basilan,1
youtube,basin,2
youtube,basqhin,1
youtube,basta,61
youtube,bastanti,2
youtube,bastos,9
youtube,basura,48
youtube,basurang,1
youtube,bat,38
youtube,bata,29
youtube,bataa,1
youtube,bataan,2
youtube,batan,1
youtube,batang,7
youtube,batangas,2
youtube,batas,137
youtube,batasan,1
youtube,bati,1
youtube,batikos,1
youtube,batman,4
youtube,bato,42
youtube,batodelarosa,1
youtube,batukan,1
youtube,bawal,8
youtube,bawas,2
youtube,bawasan,6
youtube,bawat,37
youtube,bawe,1
youtube,bawi,3
youtube,bawihin,1
youtube,bawiin,15
youtube,bay,4
youtube,bayaan,3
youtube,bayab,1
youtube,bayad,22
youtube,bayag,1
youtube,bayai,2
youtube,bayan,488
youtube,bayang,26
youtube,bayani,5
youtube,bayanihon,2
youtube,bayaran,11
youtube,bayarin,1
youtube,bayas,3
youtube,bayat,1
youtube,baybaying,1
youtube,baylis,1
youtube,bayronon,1
youtube,baysn,1
youtube,bayun,1
youtube,baywang,1
youtube,bbawi,2
youtube,bbb,2
youtube,bbbm,1
youtube,bbgsak,1
youtube,bbgyan,1
youtube,bbida,1
youtube,bbm,159
youtube,bbmarcos,1
youtube,bbshit,1
youtube,bcos,1
youtube,bcz,4
youtube,bday,1
youtube,beach,2
youtube,beautiful,2
youtube,beauty,1
youtube,bebe,1
youtube,bebliya,1
youtube,became,9
youtube,become,7
youtube,becomes,7
youtube,becoming,3
youtube,beda,2
youtube,beeding,1
youtube,befall,1
youtube,began,1
youtube,begging,3
youtube,begin,2
youtube,beginning,1
youtube,begins,1
youtube,behavior,1
youtube,behead,2
youtube,behind,10
youtube,beings,1
youtube,belib,1
youtube,believe,12
youtube,believed,2
youtube,believes,1
youtube,belly,1
youtube,belong,3
youtube,beloved,2
youtube,ben,2
youtube,bend,11
youtube,bender,2
youtube,bending,2
youtube,bends,1
youtube,benefit,7
youtube,benefits,9
youtube,benepisyo,1
youtube,benibigay,1
youtube,benifeciary,1
youtube,benjamin,3
youtube,benoto,1
youtube,bentahan,1
youtube,bernardo,12
youtube,berolisan,2
youtube,bersyon,1
youtube,beses,3
youtube,besesn,1
youtube,best,22
youtube,beterano,2
youtube,betoka,1
youtube,betrayed,1
youtube,better,18
youtube,betterment,1
youtube,beware,1
youtube,beyond,6
youtube,bgc,1
youtube,bgo,4
youtube,bgong,1
youtube,bgy,1
youtube,bha,1
youtube,bhala,4
youtube,bhay,3
youtube,bhw,1
youtube,bias,11
youtube,bibayad,1
youtube,bibig,6
youtube,bibigat,1
youtube,bibigay,3
youtube,bibigyan,11
youtube,bibilhin,2
youtube,bibing,1
youtube,bibisto,1
youtube,bibitawan,1
youtube,bibitayin,3
youtube,bible,6
youtube,biblia,1
youtube,bicam,4
youtube,bicol,12
youtube,bicolano,1
youtube,bid,4
youtube,bida,14
youtube,bidding,13
youtube,biddings,1
youtube,biding,2
youtube,bids,1
youtube,bifay,1
youtube,big,29
youtube,bigas,4
youtube,bigat,4
youtube,bigatin,3
youtube,bigay,16
youtube,bigayan,2
youtube,bigger,3
youtube,biggest,12
youtube,bigla,11
youtube,biglaan,1
youtube,biglaang,2
youtube,biglang,8
youtube,bigtime,2
youtube,bigyan,30
youtube,bigyang,1
youtube,bigyn,1
youtube,bihag,1
youtube,bihasa,2
youtube,bihasang,1
youtube,bihira,1
youtube,biko,2
youtube,bikol,3
youtube,biktima,7
youtube,biktuma,1
youtube,bilangin,1
youtube,bilanguan,1
youtube,bili,3
youtube,bilib,2
youtube,bilihan,2
youtube,bilihin,6
youtube,bilis,11
youtube,bilisan,4
youtube,bill,3
youtube,billion,75
youtube,billionaire,1
youtube,billionaires,1
youtube,billionario,1
youtube,billionaryo,1
youtube,billiones,4
youtube,billions,29
youtube,billl,1
youtube,billon,4
youtube,bilog,1
youtube,bilogin,2
youtube,bilyon,27
youtube,bilyon2,1
youtube,bilyonaryo,3
youtube,bilyones,5
youtube,bilyong,10
youtube,bilyons,1
youtube,bilyun,2
youtube,binabago,1
youtube,binabagsakan,1
youtube,binabagyo,1
youtube,binabaha,21
youtube,binabahayan,1
youtube,binabali,1
youtube,binabalik,2
youtube,binabanggit,4
youtube,binabaon,1
youtube,binabasa,11
youtube,binabasang,1
youtube,binabastos,1
youtube,binabatikos,1
youtube,binabawas,1
youtube,binabawasan,1
youtube,binabayad,3
youtube,binabayaran,4
youtube,binabayo,1
youtube,binaboy,3
youtube,binaggit,1
youtube,binago,4
youtube,binagsakan,1
youtube,binaha,15
youtube,binahang,1
youtube,binalewala,1
youtube,binalik,3
youtube,binalita,1
youtube,binaliwala,2
youtube,binangga,1
youtube,binanggit,11
youtube,binangit,2
youtube,binaon,1
youtube,binasa,4
youtube,binawasan,2
youtube,binay,2
youtube,binayad,5
youtube,binayaran,2
youtube,binayaya,1
youtube,binebenta,1
youtube,binegyan,2
youtube,binge2han,1
youtube,binibigay,8
youtube,binibigyan,4
youtube,binibigyang,1
youtube,binibilang,2
youtube,binibili,1
youtube,binibisita,1
youtube,binibisitahan,1
youtube,binibitay,3
youtube,binigay,19
youtube,binigyan,11
youtube,binigyang,3
youtube,binilang,2
youtube,binili,1
youtube,binisita,2
youtube,binitay,1
youtube,binobola,1
youtube,binoboto,6
youtube,binoto,22
youtube,binsa,2
youtube,bintahan,1
youtube,bintang,2
youtube,bintangan,1
youtube,binuaya,2
youtube,binuboto,2
youtube,binubudol,3
youtube,binubully,1
youtube,binubulsa,7
youtube,binubuo,1
youtube,binuhatan,1
youtube,binuksan,2
youtube,binulgar,1
youtube,binulsa,6
youtube,binunyag,2
youtube,binuto,2
youtube,bio,1
youtube,bir,8
youtube,birds,1
youtube,birhen,1
youtube,biro,3
youtube,birthday,4
youtube,biruin,1
youtube,bisa,3
youtube,bisag,1
youtube,bisan,1
youtube,bisaya,8
youtube,bisita,1
youtube,bisitahin,2
youtube,bistado,8
youtube,bistiga,1
youtube,bistigahan,1
youtube,bistro,1
youtube,bisulsa,1
youtube,bit,1
youtube,bitag,1
youtube,bitay,53
youtube,bitayan,1
youtube,bitayin,36
youtube,bitaying,2
youtube,bitayparawalamag,1
youtube,bitbit,1
youtube,bitcoin,1
youtube,bite,1
youtube,bitiw,1
youtube,bitiwan,1
youtube,bitrics,1
youtube,bitsy,2
youtube,bitter,1
youtube,bitteran,1
youtube,bituka,1
youtube,biyahero,1
youtube,biyan,2
youtube,biyaya,2
youtube,biyo,1
youtube,biyon,2
youtube,bizarre,1
youtube,bka,21
youtube,bkit,31
youtube,bkt,7
youtube,black,3
youtube,blacklisting,1
youtube,blackpink,1
youtube,blah,3
youtube,blaim,1
youtube,blame,5
youtube,blaming,1
youtube,blanca,2
youtube,blank,1
youtube,blanko,1
youtube,blanks,1
youtube,blasphemer,1
youtube,bldg,4
youtube,bles,1
youtube,bless,79
youtube,blessed,5
youtube,blessing,1
youtube,blessings,3
youtube,blgd,1
youtube,blighted,2
youtube,blind,4
youtube,blinded,1
youtube,blink,2
youtube,bllion,1
youtube,bloated,1
youtube,bloc,4
youtube,block,2
youtube,blodcontrol,1
youtube,blogger,2
youtube,blood,16
youtube,bloody,1
youtube,bls,1
youtube,blueprint,1
youtube,blueribbon,1
youtube,bngag,1
youtube,bngit,2
youtube,bngyan,1
youtube,bnsa,2
youtube,bnulsa,1
youtube,boang,3
youtube,board,3
youtube,boards,2
youtube,boast,1
youtube,boaya,5
youtube,bobita,1
youtube,bobo,9
youtube,bobon,4
youtube,bobong,5
youtube,bobotante,5
youtube,boboto,1
youtube,boboying,2
youtube,bobyerjo,1
youtube,boc,2
youtube,bochokoy,2
youtube,bodjet,2
youtube,bodol,2
youtube,bodots,4
youtube,body,10
youtube,bodyguard,1
youtube,bodyguards,1
youtube,boggling,2
youtube,bogo,1
youtube,bogus,1
youtube,bohangin,1
youtube,bohol,18
youtube,bohosado,1
youtube,bold,1
youtube,bolt,1
youtube,bomb,4
youtube,bomoto,2
youtube,bonding,2
youtube,bondying,2
youtube,bong,25
youtube,bongbong,6
youtube,bongit,2
youtube,bonjing,5
youtube,bonoan,21
youtube,bonoon,1
youtube,bonuan,1
youtube,bonus,3
youtube,bonyag,1
youtube,boo,2
youtube,book,3
youtube,books,2
youtube,boong,11
youtube,boooo,1
youtube,boooogaw,1
youtube,boooooo,1
youtube,boooy,1
youtube,bopol,1
youtube,bopols,2
youtube,borders,1
youtube,boring,2
youtube,born,3
youtube,bos,3
youtube,boses,10
youtube,bosses,1
youtube,bossing,1
youtube,botante,8
youtube,botata,2
youtube,bote,2
youtube,boto,22
youtube,botohan,1
youtube,botoohannn,1
youtube,botox,1
youtube,bottom,3
youtube,boundary,1
youtube,bounded,2
youtube,boung,4
youtube,bounty,1
youtube,bow,2
youtube,bowaya,2
youtube,bowl,1
youtube,box,1
youtube,boy,13
youtube,boycarlbfknos,2
youtube,boyeng,2
youtube,boyest,1
youtube,boyfriend,2
youtube,boying,26
youtube,boykot,1
youtube,boys,4
youtube,bra,2
youtube,brain,1
youtube,brainless,1
youtube,brains,1
youtube,brainwash,2
youtube,brainwashing,4
youtube,branches,1
youtube,brave,2
youtube,bravery,2
youtube,bravest,1
youtube,brawner,1
youtube,brazen,2
youtube,brc,2
youtube,breadwinner,1
youtube,break,4
youtube,breaker0,1
youtube,breakers,1
youtube,breaking,5
youtube,breastfeeding,2
youtube,breathing,1
youtube,brgy,6
youtube,bribed,1
youtube,bribery,2
youtube,bribrery,1
youtube,brice,81
youtube,bridge,1
youtube,bridges,4
youtube,briefing,2
youtube,bright,1
youtube,brilliant,1
youtube,bring,13
youtube,bringing,1
youtube,brings,1
youtube,briones,1
youtube,brivery,1
youtube,brize,5
youtube,bro,3
youtube,broadcast,1
youtube,broadcaster,2
youtube,bros,1
youtube,brothel,1
youtube,brother,1
youtube,brothers,2
youtube,brought,2
youtube,bruh,1
youtube,bryce,32
youtube,brys,2
youtube,bryz,2
youtube,bsgo,1
youtube,bsta,2
youtube,btayin,1
youtube,buaaya,1
youtube,buaayaa,1
youtube,buamaha,2
youtube,buang,4
youtube,buaya,32
youtube,buayang,1
youtube,buayas,1
youtube,bubay,1
youtube,bubong,5
youtube,bubu,1
youtube,bubuhayin,1
youtube,bubulahin,1
youtube,bubulsa,1
youtube,bubungkal,1
youtube,bubunyag,2
youtube,bubusigin,1
youtube,buddy,1
youtube,budget,89
youtube,budgetan,1
youtube,budgeting,1
youtube,budgets,5
youtube,budgt,1
youtube,budhi,1
youtube,budjet,2
youtube,budjit,1
youtube,budol,10
youtube,budoll,1
youtube,bueaya,1
youtube,buenos,1
youtube,buesit,1
youtube,buget,1
youtube,bugfish,1
youtube,bugit,1
youtube,bugo,2
youtube,bugok,8
youtube,buguey,1
youtube,buhangin,13
youtube,buhat,1
youtube,buhaya,5
youtube,buhayang,1
youtube,buhayin,3
youtube,buhis,3
youtube,buhok,3
youtube,buhol,2
youtube,buhos,3
youtube,buhusan,4
youtube,buhy,2
youtube,build,35
youtube,build2,1
youtube,builder,1
youtube,builders,11
youtube,building,14
youtube,buildings,6
youtube,built,2
youtube,bukal,2
youtube,bukas,1
youtube,bukasan,1
youtube,bukid,1
youtube,buking,12
youtube,bukingan,1
youtube,bukod,6
youtube,bukol,1
youtube,buksan,4
youtube,bul,2
youtube,bula,1
youtube,bulaaan,2
youtube,bulaan,1
youtube,bulacan,38
youtube,bulag,3
youtube,bulaga,1
youtube,bulagan,2
youtube,bulagang,1
youtube,bulagin,1
youtube,bulak,2
youtube,bulakan,3
youtube,bulakan2x,1
youtube,bulakenyo,1
youtube,bulakenyos,2
youtube,bulay,1
youtube,buldog,1
youtube,buldoze,4
youtube,bulin,2
youtube,bulk,2
youtube,bulkan,2
youtube,bulkang,1
youtube,bull,2
youtube,bulldog,4
youtube,bullet,4
youtube,bullets,2
youtube,bullshit,3
youtube,bullying,1
youtube,bulok,18
youtube,bulol,2
youtube,bulong,4
youtube,bulsa,27
youtube,bulsanueva,2
youtube,bulto,1
youtube,bultong,1
youtube,bumaba,14
youtube,bumabagal,1
youtube,bumabaha,5
youtube,bumabali,1
youtube,bumabalik,1
youtube,bumabayad,1
youtube,bumaboy,1
youtube,bumagsak,1
youtube,bumagyo,4
youtube,bumaha,12
youtube,bumalik,13
youtube,bumango,2
youtube,bumangom,1
youtube,bumangon,1
youtube,bumawe,1
youtube,bumawi,2
youtube,bumibilis,1
youtube,bumigay,1
youtube,bumili,3
youtube,bumisita,2
youtube,bumoboto,1
youtube,bumoses,1
youtube,bumoto,17
youtube,bump,2
youtube,bumubuto,3
youtube,bumuo,1
youtube,bumuto,1
youtube,bun,1
youtube,bunch,1
youtube,bundok,24
youtube,bunga,7
youtube,bungad,1
youtube,bunganga,3
youtube,bungangah,1
youtube,bungkal,1
youtube,bungul,1
youtube,bunsod,1
youtube,buntot,3
youtube,bunuan,3
youtube,bunutin,1
youtube,bunyag,1
youtube,buo,6
youtube,buong,56
youtube,burahin,1
youtube,burdened,3
youtube,bureau,3
youtube,buretche,1
youtube,burn,3
youtube,burned,1
youtube,bus,1
youtube,buseeettttt,2
youtube,busilak,1
youtube,business,4
youtube,businesses,1
youtube,businessman,1
youtube,businessmen,1
youtube,busisiin,1
youtube,busit,1
youtube,busog,10
youtube,bussines,1
youtube,busuga,1
youtube,busy,7
youtube,butas,10
youtube,butataka,1
youtube,bute,3
youtube,buti,41
youtube,buto,8
youtube,butuan,1
youtube,buwag,1
youtube,buwagin,4
youtube,buwakanang,3
youtube,buwan,10
youtube,buwanang,1
youtube,buwang,1
youtube,buwaya,116
youtube,buwayaaa,1
youtube,buwayang,11
youtube,buwis,32
youtube,buwisit,3
youtube,buwya,1
youtube,buy,2
youtube,buyawa,1
youtube,buying,5
youtube,buzzer,2
youtube,bwaaaahhh,1
youtube,bwah,2
youtube,bwahaha,6
youtube,bwahahaha,1
youtube,bwahahahaha,2
youtube,bwakaw,1
youtube,bwakinang,1
youtube,bwan,1
youtube,bwaya,8
youtube,bwe,1
youtube,bwelta,1
youtube,bweset,2
youtube,bwesit,9
youtube,bwesitttt,1
youtube,bwi,1
youtube,bwiset,2
youtube,bwisit,4
youtube,bwst,1
youtube,byad,1
youtube,byahe,1
youtube,byan,2
youtube,byani,2
youtube,bye,1
youtube,byn,2
youtube,bypass,1
youtube,bywaya,1
youtube,bywis,1
youtube,bzyan,1
youtube,c0a,1
youtube,caban,1
youtube,cabinet,1
youtube,cabral,4
youtube,cadaver,2
youtube,cadiz,1
youtube,cagayan,6
youtube,caged,1
youtube,cahoot,1
youtube,cake,1
youtube,calamities,1
youtube,calamity,9
youtube,calculating,2
youtube,calculations,2
youtube,caldero,1
youtube,call,9
youtube,called,12
youtube,calling,5
youtube,calm,1
youtube,caloocan,1
youtube,calube,1
youtube,calumpit,2
youtube,cam,2
youtube,camara,1
youtube,camarenis,1
youtube,came,12
youtube,camera,12
youtube,cameras,3
youtube,campaign,1
youtube,campaigns,1
youtube,camsur,2
youtube,canals,1
youtube,cancel,3
youtube,cancelled,1
youtube,cancer,5
youtube,canda,1
youtube,candidatong,1
youtube,candies,1
youtube,cannot,8
youtube,canopy,1
youtube,cant,6
youtube,capabilities,1
youtube,capable,1
youtube,capacity,2
youtube,capas,1
youtube,captain,1
youtube,captains,1
youtube,caption,1
youtube,car,6
youtube,card,3
youtube,care,8
youtube,career,3
youtube,careers,1
youtube,carefully,1
youtube,carl,2
youtube,carless,1
youtube,carlos,1
youtube,carmina,3
youtube,carpenter,1
youtube,carried,9
youtube,cars,12
youtube,carton,2
youtube,case,33
youtube,cases,7
youtube,cash,12
youtube,cashless,1
youtube,casino,31
youtube,casinos,2
youtube,castro,6
youtube,casualties,2
youtube,cat,1
youtube,catanduanes,3
youtube,catastrophe,2
youtube,catastrophes,1
youtube,catch,1
youtube,category,1
youtube,catholicism,1
youtube,catholico,1
youtube,catholics,1
youtube,cathy,3
youtube,cats,4
youtube,caught,1
youtube,cause,9
youtube,caused,3
youtube,causes,1
youtube,cavite,1
youtube,cbn,12
youtube,cbos,1
youtube,ccg,2
youtube,ccr,1
youtube,cctv,5
youtube,cease,1
youtube,cebu,120
youtube,cebuano,4
youtube,cebuanos,1
youtube,cedalla,2
youtube,cela,1
youtube,celebrate,1
youtube,celeste,2
youtube,celso,1
youtube,cement,2
youtube,cemented,1
youtube,cementeryo,1
youtube,cemento,9
youtube,cemetery,1
youtube,centavo,1
youtube,center,3
youtube,central,4
youtube,centralized,1
youtube,centric,1
youtube,centuries,1
youtube,cenyor,2
youtube,ceo,2
youtube,certain,2
youtube,certainly,1
youtube,certification,1
youtube,certified,1
youtube,cgarged,1
youtube,cge,3
youtube,cgi,1
youtube,cgurado,3
youtube,cguro,20
youtube,cguru,1
youtube,chain,2
youtube,chair,10
youtube,chairman,15
youtube,chairmanand,2
youtube,chairmans,1
youtube,chairperson,2
youtube,chaka,1
youtube,challenge,16
youtube,challenges,1
youtube,chana,1
youtube,chance,4
youtube,chances,2
youtube,chanel,1
youtube,change,31
youtube,changed,4
youtube,changes,1
youtube,changing,2
youtube,channels,1
youtube,chapter,1
youtube,char,2
youtube,character,2
youtube,characters,1
youtube,charge,4
youtube,charged,2
youtube,charger,1
youtube,charges,6
youtube,charging,1
youtube,charice,1
youtube,chariots,1
youtube,charlie,2
youtube,chase,1
youtube,chat,4
youtube,chatgpt,1
youtube,chavit,1
youtube,che,2
youtube,cheap,2
youtube,cheat,2
youtube,cheated,1
youtube,cheche,1
youtube,check,10
youtube,checked,1
youtube,checkmate,1
youtube,cheers,1
youtube,chekwa,1
youtube,cheque,1
youtube,cherryio,1
youtube,chez,1
youtube,chicks,1
youtube,chik,2
youtube,chikwa,1
youtube,child,2
youtube,children,6
youtube,chill,3
youtube,china,39
youtube,chinese,11
youtube,chinita,2
youtube,chismis,2
youtube,chismosa,1
youtube,chismoso,1
youtube,chiz,12
youtube,choice,10
youtube,cholesterol,1
youtube,chonwking,1
youtube,choose,3
youtube,choosing,2
youtube,chose,1
youtube,chosen,4
youtube,christ,9
youtube,christmas,1
youtube,christoper,1
youtube,christopher,3
youtube,chronicle,1
youtube,chronology,1
youtube,chua,3
youtube,chuchu,1
youtube,church,4
youtube,churches,1
youtube,cia,4
youtube,cibu,1
youtube,ciello,1
youtube,cielo,2
youtube,ciguro,1
youtube,ciity,1
youtube,cila,4
youtube,cimelda,1
youtube,cingressista,2
youtube,cinogaling,1
youtube,cintractor,1
youtube,cion,1
youtube,circle,2
youtube,circles,2
youtube,circulatory,1
youtube,circumstantial,1
youtube,circus,8
youtube,cis,3
youtube,cite,1
youtube,cited,1
youtube,citizen,2
youtube,citizens,11
youtube,city,48
youtube,cityhalll,1
youtube,civet,1
youtube,civil,7
youtube,ckurt,1
youtube,cla,78
youtube,cla2,1
youtube,claim,2
youtube,claiming,1
youtube,claire,4
youtube,clang,10
youtube,clapping,2
youtube,clark,1
youtube,claro,2
youtube,clarong,2
youtube,claseng,1
youtube,class,2
youtube,classification,1
youtube,classroom,2
youtube,claus,1
youtube,clean,12
youtube,cleaning,2
youtube,cleanliness,1
youtube,clear,15
youtube,clearer,1
youtube,clearly,5
youtube,clever,1
youtube,client,8
youtube,cliente,1
youtube,climate,16
youtube,clip,2
youtube,clips,4
youtube,clir,1
youtube,clng,3
youtube,clock,1
youtube,close,3
youtube,clothing,1
youtube,clown,2
youtube,cmpre,2
youtube,cmte,1
youtube,cna,1
youtube,cnabi,2
youtube,cnama,1
youtube,cnasabi,4
youtube,cnbeng,1
youtube,cno,15
youtube,cnongalin,1
youtube,cnsbi,1
youtube,cnu,5
youtube,cnungaling,1
youtube,cnyng,2
youtube,co2mment,1
youtube,coa,29
youtube,coach,1
youtube,coaching,6
youtube,coast,2
youtube,coastal,5
youtube,coat,3
youtube,coavhing,2
youtube,cobtratista,1
youtube,cocaine,1
youtube,cockroach,2
youtube,cocomelon,1
youtube,cocosting,1
youtube,code,1
youtube,cohorts,2
youtube,coin,5
youtube,coins,2
youtube,collapse,1
youtube,colleagues,1
youtube,collection,2
youtube,collections,1
youtube,collective,2
youtube,college,1
youtube,colonisation,1
youtube,combat,1
youtube,combined,2
youtube,come,25
youtube,comedy,2
youtube,comedyanti,1
youtube,comelec,1
youtube,comes,8
youtube,comfort,5
youtube,comfortably,2
youtube,coming,13
youtube,comitee,3
youtube,comitty,1
youtube,command,3
youtube,commend,1
youtube,commenting,2
youtube,commercial,2
youtube,commetion,1
youtube,commin,1
youtube,commision,1
youtube,commission,4
youtube,commissioner,7
youtube,commissions,1
youtube,commit,1
youtube,commite,2
youtube,commitee,4
youtube,committed,4
youtube,committing,1
youtube,common,4
youtube,communication,1
youtube,communist,4
youtube,communities,6
youtube,community,6
youtube,comonsense,1
youtube,comotti,2
youtube,companies,14
youtube,company,24
youtube,compare,1
youtube,compared,1
youtube,compass,4
youtube,compedncial,1
youtube,compensation,1
youtube,complaining,1
youtube,complaint,1
youtube,complaints,1
youtube,complete,2
youtube,completed,3
youtube,completely,1
youtube,completion,2
youtube,compliance,2
youtube,compliant,2
youtube,complicit,1
youtube,complicity,3
youtube,complied,1
youtube,compounded,1
youtube,comprehension,1
youtube,compreshension,1
youtube,computation,1
youtube,compute,2
youtube,computer,1
youtube,comstituents,1
youtube,concentrate,2
youtube,conception,1
youtube,concepts,2
youtube,concern,5
youtube,concerned,1
youtube,concert,1
youtube,concrete,4
youtube,condemn,1
youtube,condi,1
youtube,condinar,1
youtube,condition,1
youtube,conditioning,1
youtube,condo,2
youtube,condominiums,1
youtube,conduct,2
youtube,conducts,1
youtube,conference,1
youtube,confess,2
youtube,confidence,1
youtube,confidensyal,1
youtube,confidential,6
youtube,confidently,1
youtube,confined,1
youtube,confirm,1
youtube,confirmation,1
youtube,confirming,1
youtube,confiscate,1
youtube,confiscated,1
youtube,conflict,1
youtube,conform,1
youtube,confused,1
youtube,confusion,1
youtube,congesista,1
youtube,conggres,2
youtube,conggreso,1
youtube,conggresswoman,1
youtube,congiyot,1
youtube,conglomerates,1
youtube,congo,1
youtube,congr,2
youtube,congrats,3
youtube,congratulations,7
youtube,congres,3
youtube,congresista,7
youtube,congresman,5
youtube,congresmann,1
youtube,congresmant,1
youtube,congreso,3
youtube,congress,53
youtube,congressm,2
youtube,congressmen,29
youtube,congresso,2
youtube,congresswoman,7
youtube,congrisista,1
youtube,congrssman,1
youtube,congtractor,1
youtube,congtractors,1
youtube,conivance,1
youtube,connect,2
youtube,connected,6
youtube,connecting,1
youtube,connection,4
youtube,connections,4
youtube,conni,2
youtube,connie,2
youtube,connivance,5
youtube,connive,2
youtube,conquer,1
youtube,conscience,34
youtube,consciousness,2
youtube,consensiya,2
youtube,consequence,2
youtube,consequences,4
youtube,consequently,1
youtube,consider,3
youtube,consideration,1
youtube,considered,7
youtube,consist,1
youtube,consistent,2
youtube,consists,1
youtube,consituttcnts,1
youtube,conspiracy,3
youtube,conspire,1
youtube,constatino,1
youtube,constituents,3
youtube,constitution,5
youtube,constricted,1
youtube,construct,1
youtube,constructed,1
youtube,construction,11
youtube,constructions,4
youtube,constructor,2
youtube,constructors,2
youtube,consultant,1
youtube,consuming,2
youtube,contact,1
youtube,contactor,2
youtube,contactrata,1
youtube,contagious,1
youtube,containing,1
youtube,conteactor,1
youtube,contedted,1
youtube,contempt,8
youtube,content,3
youtube,conteol,1
youtube,conting,2
youtube,contingecy,1
youtube,contingency,1
youtube,continued,1
youtube,continues,1
youtube,continuing,3
youtube,contol,3
youtube,contra,2
youtube,contrabidang,1
youtube,contracone,1
youtube,contract,5
youtube,contracta,1
youtube,contraction,2
youtube,contractor,91
youtube,contractors,55
youtube,contracts,5
youtube,contrada,1
youtube,contradicts,1
youtube,contrak,1
youtube,contrata,3
youtube,contraversial,1
youtube,contrctor,1
youtube,contribute,1
youtube,contro,1
youtube,controlin,1
youtube,controll,1
youtube,controls,4
youtube,controlsa,2
youtube,controversial,1
youtube,controversy,2
youtube,contructor,5
youtube,contructors,2
youtube,conttop,1
youtube,convenient,1
youtube,convert,2
youtube,convertible,1
youtube,convict,2
youtube,convicted,3
youtube,convince,1
youtube,convinced,1
youtube,coo,5
youtube,cool,1
youtube,cooperate,3
youtube,coordinated,1
youtube,copied,1
youtube,cops,1
youtube,copy,3
youtube,corakot,6
youtube,corap,1
youtube,corapsyon,1
youtube,coraption,4
youtube,corart,2
youtube,cordillera,2
youtube,core,1
youtube,corner,1
youtube,corporation,2
youtube,correct,3
youtube,correction,3
youtube,corrruption,2
youtube,corruot,2
youtube,corruotion,1
youtube,corrup,2
youtube,corrupt,257
youtube,corrupted,3
youtube,corrupting,1
youtube,corruption,232
youtube,corruptions,22
youtube,corruptor,2
youtube,corruptors,1
youtube,corrupts,3
youtube,corupt,4
youtube,coruptible,1
youtube,coruption,7
youtube,cory,1
youtube,cost,10
youtube,cotraktor,1
youtube,could,26
youtube,counsel,1
youtube,counting,1
youtube,countries,10
youtube,country,52
youtube,countrymen,1
youtube,couple,7
youtube,couples,2
youtube,course,7
youtube,court,14
youtube,courtesy,2
youtube,courts,1
youtube,courupt,1
youtube,cousin,4
youtube,cover,17
youtube,coverage,6
youtube,covered,1
youtube,covering,2
youtube,covers,3
youtube,coverup,1
youtube,coward,4
youtube,cowatan,1
youtube,coz,9
youtube,cpa,1
youtube,cpc,1
youtube,cracks,1
youtube,craetor,1
youtube,craft,1
youtube,crak,1
youtube,crane,2
youtube,crap,1
youtube,craulung,1
youtube,crazy,1
youtube,cream,2
youtube,creased,2
youtube,create,4
youtube,created,4
youtube,creating,1
youtube,creation,1
youtube,creators,2
youtube,credibility,2
youtube,credible,12
youtube,credile,2
youtube,credit,4
youtube,cremate,1
youtube,cremulla,2
youtube,crew,2
youtube,cries,1
youtube,crime,13
youtube,crimes,8
youtube,criminal,19
youtube,criminality,2
youtube,criminally,1
youtube,criminals,4
youtube,crisis,2
youtube,cristo,1
youtube,critical,3
youtube,criticize,1
youtube,crocgresman,1
youtube,crocks,1
youtube,crocmualdez,2
youtube,crocodile,1
youtube,crocodiles,1
youtube,crocs,15
youtube,crony,1
youtube,crook,1
youtube,crooked,2
youtube,cross,10
youtube,crossed,1
youtube,crucific,1
youtube,cruise,2
youtube,cruz,5
youtube,cry,1
youtube,crying,3
youtube,crypto,3
youtube,crystalclearyes,1
youtube,ctrl,1
youtube,cuadro,1
youtube,culangot,1
youtube,culprit,9
youtube,culprits,5
youtube,culture,1
youtube,cumlaude,1
youtube,cuntractor,1
youtube,cuorage,2
youtube,curakot,1
youtube,curap,3
youtube,curaption,2
youtube,curious,5
youtube,curlee,11
youtube,curopt,1
youtube,currapt,1
youtube,curraption,2
youtube,currency,3
youtube,current,9
youtube,currently,3
youtube,curroption,1
youtube,currupt,6
youtube,curruption,2
youtube,cursed,1
youtube,curses,1
youtube,curupt,2
youtube,curuption,1
youtube,custody,2
youtube,custom,1
youtube,customs,5
youtube,cut,6
youtube,cute,3
youtube,cuteza,4
youtube,cutie,1
youtube,cuz,2
youtube,cya,20
youtube,cyang,2
youtube,cyber,1
youtube,cycle,2
youtube,d30,2
youtube,daan,23
youtube,daanan,2
youtube,daananan,1
youtube,daang,5
youtube,daapt,4
youtube,dabestt,1
youtube,dabi,1
youtube,dacay,1
youtube,dada,8
youtube,dadaan,2
youtube,dadalhin,5
youtube,dadaluyan,1
youtube,dadami,2
youtube,dadaputin,2
youtube,dadasal,2
youtube,dadawit,1
youtube,daddy,1
youtube,dadil,1
youtube,daeik,1
youtube,daga,3
youtube,dagat,59
youtube,dagatang,4
youtube,dagdag,6
youtube,dagdagan,3
youtube,daghan,3
youtube,daghang,1
youtube,dagilan,2
youtube,dagita,1
youtube,dagupan,1
youtube,dahan,2
youtube,dahel,1
youtube,dahial,1
youtube,dahilan,22
youtube,dahilang,1
youtube,dahon,1
youtube,daiek,1
youtube,daig,4
youtube,daigdig,1
youtube,daihl,1
youtube,daiig,1
youtube,dakay,1
youtube,dakdak,2
youtube,dakdakan,1
youtube,dakip,1
youtube,dako,3
youtube,dal,2
youtube,dala,10
youtube,dalang,2
youtube,dalawa,14
youtube,dalawampong,1
youtube,dalawang,11
youtube,dalawanv,2
youtube,dalawnd,1
youtube,daldal,6
youtube,daldalan,2
youtube,daldy,1
youtube,dalhin,5
youtube,dali,2
youtube,dalipe,1
youtube,daliri,1
youtube,daloy,2
youtube,daluyan,1
youtube,dalwa,2
youtube,dam,1
youtube,damage,3
youtube,damaged,1
youtube,damages,2
youtube,damakmak,1
youtube,damat,1
youtube,damay,21
youtube,damayan,2
youtube,dambuhalang,1
youtube,damdamin,1
youtube,dame,4
youtube,dami,81
youtube,damimg,1
youtube,daming,71
youtube,damit,1
youtube,damn,2
youtube,damo,2
youtube,dampotin,2
youtube,damputin,1
youtube,dams,1
youtube,damuho,1
youtube,dang,1
youtube,dangal,1
youtube,danger,4
youtube,dangerous,2
youtube,danny,1
youtube,daoat,3
youtube,dapa,2
youtube,dapatgawin,2
youtube,dapay,1
youtube,dapt,3
youtube,darating,10
youtube,dark,2
youtube,dasal,3
youtube,dasma,1
youtube,dat,4
youtube,data,9
youtube,database,1
youtube,date,1
youtube,dated,1
youtube,dates,1
youtube,dati,41
youtube,datihan,2
youtube,dating,37
youtube,datingan,3
youtube,dato,2
youtube,datu,2
youtube,datung,1
youtube,davao,41
youtube,david,3
youtube,davila,2
youtube,dawit,9
youtube,day,22
youtube,daydreaming,1
youtube,dayon,1
youtube,days,8
youtube,dayuhan,2
youtube,daz,1
youtube,dba,9
youtube,dbla,1
youtube,dbm,4
youtube,ddaloy,1
youtube,ddlis,1
youtube,ddrugs,1
youtube,dds,42
youtube,ddshit,2
youtube,ddshits,1
youtube,dead,8
youtube,deadly,1
youtube,deal,1
youtube,dealing,1
youtube,dealt,1
youtube,dean,1
youtube,death,70
youtube,deaths,2
youtube,deay,4
youtube,deba,3
youtube,debate,1
youtube,debt,1
youtube,decade,1
youtube,decades,9
youtube,decay,1
youtube,decency,2
youtube,decent,2
youtube,decide,4
youtube,decided,3
youtube,deciding,3
youtube,decision,9
youtube,declaimer,2
youtube,declaration,2
youtube,declare,3
youtube,declared,5
youtube,dectador,2
youtube,dectatorshiop,2
youtube,dedecide,1
youtube,dedees,2
youtube,dedein,1
youtube,dedepensa,1
youtube,dedicated,2
youtube,dedma,2
youtube,deducted,1
youtube,deeds,2
youtube,deef,1
youtube,deep,13
youtube,deeper,1
youtube,deepest,1
youtube,defeat,1
youtube,defence,1
youtube,defend,7
youtube,defending,2
youtube,defenseless,1
youtube,defensive,2
youtube,defensor,9
youtube,define,1
youtube,definitely,2
youtube,deg,2
youtube,degong,1
youtube,degree,1
youtube,deha,2
youtube,dehins,2
youtube,dekada,3
youtube,dekalibri,1
youtube,del,2
youtube,dela,10
youtube,delay,5
youtube,delayed,2
youtube,delaying,5
youtube,delegation,1
youtube,deleo,1
youtube,delete,2
youtube,deleted,2
youtube,deliber,2
youtube,deliberation,1
youtube,delicadeza,1
youtube,delicadisa,1
youtube,delikadesa,2
youtube,delikado,2
youtube,delima,2
youtube,deliver,1
youtube,delivered,3
youtube,delivers,2
youtube,delobyo,1
youtube,delobyu,1
youtube,deltas,1
youtube,delubyo,2
youtube,delusional,1
youtube,demand,6
youtube,demanding,3
youtube,democracy,2
youtube,demokrasya,1
youtube,demolished,1
youtube,demomyo,1
youtube,demonio,1
youtube,demonyo,25
youtube,demonyong,3
youtube,demonyu,1
youtube,demonyuhan,2
youtube,demotion,1
youtube,demoyong,2
youtube,den,5
youtube,dena,2
youtube,denawit,2
youtube,denial,1
youtube,denied,11
youtube,denr,7
youtube,dente,1
youtube,denudation,1
youtube,deny,2
youtube,dep,2
youtube,departamento,3
youtube,department,16
youtube,departments,9
youtube,deped,10
youtube,depend,3
youtube,depende,3
youtube,dependent,1
youtube,depensa,4
youtube,depensahan,1
youtube,depinde,1
youtube,depotde,2
youtube,dept,4
youtube,deput,1
youtube,deputa,2
youtube,deputaaa,1
youtube,der,1
youtube,derby,3
youtube,derechong,1
youtube,derektang,2
youtube,deretsahan,1
youtube,deretso,5
youtube,deretsuhan,1
youtube,descaya,9
youtube,descendant,1
youtube,describe,2
youtube,described,2
youtube,describes,2
youtube,deseplina,1
youtube,deserve,17
youtube,deserved,5
youtube,deserves,3
youtube,design,5
youtube,designed,1
youtube,designer,1
youtube,desisyon,3
youtube,desmis,1
youtube,despite,5
youtube,desposisyon,1
youtube,destabilization,1
youtube,destinasyon,2
youtube,destroy,2
youtube,destroyed,6
youtube,destruction,2
youtube,destructive,1
youtube,detailed,3
youtube,details,2
youtube,detalye,1
youtube,detector,6
youtube,determination,1
youtube,devastating,1
youtube,devastation,8
youtube,develop,2
youtube,developers,1
youtube,development,5
youtube,devil,2
youtube,devotion,1
youtube,dextrose,1
youtube,dfa,1
youtube,dghan,2
youtube,dghn,1
youtube,dhil,15
youtube,dhilan,1
youtube,dhl,3
youtube,dhubai,1
youtube,dhwd,1
youtube,di2,1
youtube,diablo,2
youtube,diacaya,1
youtube,dian,3
youtube,diaries,1
youtube,diay,2
youtube,diaz,2
youtube,diba,24
youtube,dibali,1
youtube,dibdib,1
youtube,diciplina,1
youtube,dictator,1
youtube,dictatorial,1
youtube,didcaya,1
youtube,didiin,1
youtube,didikta,4
youtube,didn,3
youtube,didnt,1
youtube,didstribute,2
youtube,die,17
youtube,died,5
youtube,difference,3
youtube,different,10
youtube,digger,1
youtube,digging,2
youtube,digital,4
youtube,digitalization,1
youtube,digits,1
youtube,digman,1
youtube,dignidad,4
youtube,digong,47
youtube,digongniyo,2
youtube,digongnyo,2
youtube,digongyu,1
youtube,digonyo,3
youtube,digs,1
youtube,digung,2
youtube,diha,5
youtube,dihamak,1
youtube,dika,7
youtube,dikayo,1
youtube,dikdikin,2
youtube,dike,13
youtube,dikes,3
youtube,dikit,5
youtube,diko,1
youtube,diktahan,2
youtube,diktar,2
youtube,dila,4
youtube,dilata,1
youtube,dilaw,1
youtube,dilawan,2
youtube,dili,6
youtube,diligent,1
youtube,dilikado,5
youtube,dilikadong,1
youtube,dilima,1
youtube,diliver,2
youtube,dim,2
youtube,dimalas,1
youtube,diman,1
youtube,diminish,1
youtube,diminishing,2
youtube,dimo,4
youtube,dimointerviehin,1
youtube,dimonyo,6
youtube,dina,8
youtube,dinadaan,2
youtube,dinadagdag,1
youtube,dinadanas,1
youtube,dinadawit,1
youtube,dinadawut,2
youtube,dinagdag,2
youtube,dinagdagan,3
youtube,dinaig,2
youtube,dinako,1
youtube,dinala,7
youtube,dinals,1
youtube,dinamay,1
youtube,dinanas,2
youtube,dinartilyu,1
youtube,dinawit,3
youtube,dinaya,1
youtube,dine,2
youtube,dineclare,1
youtube,dinero,2
youtube,ding,7
youtube,dinggoy,2
youtube,dinideclare,2
youtube,dinidiin,3
youtube,dinig,3
youtube,dining,1
youtube,dinipinsaan,1
youtube,dinner,2
youtube,dino,1
youtube,dinudumihan,1
youtube,dinugtungan,1
youtube,dinulot,2
youtube,dinyo,1
youtube,dio,2
youtube,dios,56
youtube,diosdado,1
youtube,dipa,7
youtube,diparin,2
youtube,diputa,2
youtube,dira,1
youtube,dire,1
youtube,direct,7
youtube,directed,1
youtube,direction,2
youtube,directly,4
youtube,director,5
youtube,directory,1
youtube,direksyon,1
youtube,direktang,1
youtube,diretso,3
youtube,diri,1
youtube,diritso,1
youtube,dirty,1
youtube,dis,2
youtube,disappoint,1
youtube,disaster,4
youtube,disasters,3
youtube,discaya,181
youtube,discayas,11
youtube,discayavna,1
youtube,discays,2
youtube,discernment,1
youtube,discharge,1
youtube,disciplina,1
youtube,disciplined,1
youtube,disclosed,2
youtube,disclosing,1
youtube,disclosure,1
youtube,discount,1
youtube,discourage,1
youtube,discourse,1
youtube,discovered,3
youtube,discuss,1
youtube,discussed,1
youtube,discussing,1
youtube,discussion,1
youtube,disease,2
youtube,disenteng,1
youtube,diseyon,1
youtube,disgrace,3
youtube,disgraceful,1
youtube,disgusting,4
youtube,dishonest,1
youtube,dishonesty,1
youtube,disipline,2
youtube,disisyon,1
youtube,diskarte,3
youtube,diskaya,2
youtube,disloyal,1
youtube,dismaya,1
youtube,dismissal,1
youtube,dismissed,1
youtube,dismussal,1
youtube,displacement,1
youtube,disposal,1
youtube,dispute,2
youtube,disqualify,1
youtube,disrespect,1
youtube,disrupting,1
youtube,disruption,1
youtube,dissolve,1
youtube,dissolved,1
youtube,dist,1
youtube,distansya,1
youtube,distinguish,2
youtube,distract,2
youtube,distribute,1
youtube,district,24
youtube,distrito,3
youtube,disycsya,1
youtube,ditalye,1
youtube,ditolangako,1
youtube,diumano,1
youtube,diversion,4
youtube,diversionary,1
youtube,divert,3
youtube,divested,1
youtube,divine,4
youtube,division,1
youtube,divulge,1
youtube,divulged,1
youtube,diyes,1
youtube,diyos,50
youtube,dizcaya,7
youtube,dizon,18
youtube,dka,1
youtube,dkaba,1
youtube,dkaya,2
youtube,dli,1
youtube,dlwang,1
youtube,dmi,2
youtube,dming,2
youtube,dmo,3
youtube,dmu,2
youtube,dna,5
youtube,dnala,2
youtube,do30,1
youtube,doat,1
youtube,doble,1
youtube,dobleng,1
youtube,docs,2
youtube,doctor,3
youtube,docu,1
youtube,document,2
youtube,documentaries,1
youtube,documentary,5
youtube,documenting,1
youtube,documents,4
youtube,doesn,6
youtube,doh,1
youtube,doings,2
youtube,doj,21
youtube,dokdoka,1
youtube,doktrinahan,1
youtube,dokumentaryo,1
youtube,dokumento,3
youtube,dokyumentaryong,1
youtube,dollar,2
youtube,dollars,3
youtube,dolomit,1
youtube,dolomite,7
youtube,dolor,3
youtube,domating,2
youtube,domestic,1
youtube,domingo,1
youtube,dominique,1
youtube,domino,1
youtube,domolition,2
youtube,done,24
youtube,dong,1
youtube,door,2
youtube,dots,1
youtube,double,3
youtube,doubt,3
youtube,douths,1
youtube,dow,1
youtube,downloaded,1
youtube,doyan,2
youtube,dozen,1
youtube,dpa,1
youtube,dpat,39
youtube,dpt,25
youtube,dpw,4
youtube,dpwhs,1
youtube,dragged,1
youtube,drainage,5
youtube,drained,1
youtube,draining,2
youtube,drama,27
youtube,draw,1
youtube,drawing,1
youtube,drawn,1
youtube,dress,1
youtube,dretso,1
youtube,dri,1
youtube,drillon,1
youtube,drink,2
youtube,drive,1
youtube,driver,4
youtube,dro,2
youtube,droga,2
youtube,drop,1
youtube,dropping,2
youtube,drought,1
youtube,drown,2
youtube,drowned,1
youtube,drowning,3
youtube,drug,8
youtube,drugs,2
youtube,drum,1
youtube,dsa,2
youtube,dskat,2
youtube,dspat,2
youtube,dsw,1
youtube,dswd,4
youtube,dto,16
youtube,du30,14
youtube,dub,1
youtube,duda,2
youtube,dudi,1
youtube,dudirty,1
youtube,dudrugs,1
youtube,dudusahan,1
youtube,due,17
youtube,dugasveño,1
youtube,dugo,12
youtube,dugong,2
youtube,dugtong,2
youtube,dugyot,1
youtube,duka,1
youtube,dukha,1
youtube,dukotan,1
youtube,dulo,2
youtube,dulot,3
youtube,duma,1
youtube,dumaan,8
youtube,dumadaan,1
youtube,dumadagan,1
youtube,dumadami,1
youtube,dumal,4
youtube,dumami,10
youtube,dumarating,1
youtube,dumating,10
youtube,dumb,1
youtube,dumi,2
youtube,dumito,1
youtube,dummy,5
youtube,dumoble,1
youtube,dunasyon,1
youtube,dungan,1
youtube,dungis,1
youtube,dungturdte,1
youtube,duo,1
youtube,duon,11
youtube,duper,1
youtube,duplication,1
youtube,durable,1
youtube,duration,1
youtube,durugin,1
youtube,durusa,1
youtube,dusaster,1
youtube,dust,1
youtube,dutae,5
youtube,dutards,1
youtube,dutarte,1
youtube,dutch,1
youtube,duterte,162
youtube,duterteland,1
youtube,dutertes,4
youtube,duterti,1
youtube,duteza,1
youtube,duty,4
youtube,duuhh,1
youtube,duwa,1
youtube,duwag,2
youtube,dwh,1
youtube,dyaan,2
youtube,dyarto,2
youtube,dyaryo,2
youtube,dying,8
youtube,dyios,1
youtube,dyn,15
youtube,dynasties,2
youtube,dynastiya,1
youtube,dynasty,7
youtube,dyos,8
youtube,dyosko,1
youtube,dyun,1
youtube,dyusko,1
youtube,ead,1
youtube,earcon,1
youtube,early,3
youtube,earner,2
youtube,earth,6
youtube,earthquake,6
youtube,earthquakes,3
youtube,earthworms,1
youtube,easier,1
youtube,easily,4
youtube,east,1
youtube,easy,6
youtube,eat,4
youtube,eating,2
youtube,eba,2
youtube,ebedinsya,2
youtube,ebentang,1
youtube,ebibigay,2
youtube,ebidencya,1
youtube,ebidensiya,1
youtube,ebidensya,16
youtube,ebidensyang,1
youtube,eboto,2
youtube,economic,5
youtube,edahilan,1
youtube,eddie,1
youtube,edi,1
youtube,edicleack,1
youtube,edsa,1
youtube,educated,4
youtube,education,8
youtube,edukasyon,1
youtube,eeeeeeeeee,1
youtube,eeictric,1
youtube,eenjoy,1
youtube,eexplain,1
youtube,effect,6
youtube,effective,5
youtube,effectiveness,3
youtube,effects,2
youtube,effort,3
youtube,efforts,3
youtube,efore,1
youtube,egay,1
youtube,ego,1
youtube,ehem,1
youtube,ehh,9
youtube,ehhh,2
youtube,eih,1
youtube,either,6
youtube,ejercito,3
youtube,ejk,2
youtube,ekaw,3
youtube,ekonomiya,1
youtube,eksena,2
youtube,eksperto,1
youtube,ekulong,2
youtube,ekut,1
youtube,elders,1
youtube,eleandro,1
youtube,elect,3
youtube,elected,3
youtube,election,25
youtube,elections,2
youtube,electric,3
youtube,eleksiyon,1
youtube,eleksyon,12
youtube,elektrika,3
youtube,elementary,2
youtube,elements,2
youtube,elevate,2
youtube,elevated,2
youtube,elevation,4
youtube,elevations,2
youtube,elicsyon,1
youtube,eligal,1
youtube,eliminate,1
youtube,eliminated,1
youtube,elition,1
youtube,elitism,1
youtube,elizaldy,1
youtube,else,4
youtube,ema,1
youtube,embankments,1
youtube,embarassment,1
youtube,embarrassing,1
youtube,embestaga,2
youtube,embestigahan,1
youtube,embezzling,2
youtube,embistigahan,1
youtube,embistigasyon,1
youtube,embodying,1
youtube,eme,2
youtube,emlpoyees,1
youtube,emmm,1
youtube,emotional,5
youtube,emotions,5
youtube,empathy,2
youtube,empeachment,2
youtube,empire,1
youtube,empleados,1
youtube,empleyado,6
youtube,employ,1
youtube,employed,2
youtube,employee,5
youtube,employees,6
youtube,empluwensya,1
youtube,empmoyee,1
youtube,empowered,2
youtube,empowering,1
youtube,emptive,1
youtube,empty,1
youtube,emvolve,1
youtube,enaantok,1
youtube,encourage,1
youtube,encroachment,1
youtube,end,13
youtube,endeavor,1
youtube,ended,1
youtube,ending,6
youtube,endless,2
youtube,endorso,1
youtube,enduring,1
youtube,ene,1
youtube,enemy,2
youtube,enforcer,1
youtube,eng,8
youtube,engagement,1
youtube,engerner,1
youtube,engineer,35
youtube,engineering,8
youtube,engineers,19
youtube,english,16
youtube,engnr,2
youtube,engr,43
youtube,engrr,1
youtube,engrs,2
youtube,engyanyo,1
youtube,enitine,1
youtube,enjoy,9
youtube,enjoyed,1
youtube,enjoyeternal,1
youtube,enjoying,2
youtube,enlist,2
youtube,eno,1
youtube,enough,13
youtube,enrich,2
youtube,enroll,1
youtube,ensek,2
youtube,ensoroimhod,1
youtube,ensure,5
youtube,ensuring,2
youtube,enterview,1
youtube,entire,6
youtube,entirely,1
youtube,entitlement,1
youtube,entrance,1
youtube,entry,1
youtube,env0lved,1
youtube,environment,3
youtube,environmental,3
youtube,envistigar,1
youtube,envok,1
youtube,envolve,2
youtube,envy,1
youtube,enyo,1
youtube,eorker,1
youtube,epakolonh,1
youtube,epal,5
youtube,epatawag,1
youtube,epek,4
youtube,epekto,5
youtube,ephesians,1
youtube,epic,2
youtube,epis,1
youtube,episode,12
youtube,episodes,2
youtube,equal,3
youtube,equally,2
youtube,equipment,1
youtube,equipments,6
youtube,equipped,1
youtube,equivalent,1
youtube,era,4
youtube,erap,1
youtube,erc,1
youtube,eregasyons,1
youtube,eric,1
youtube,erizaldy,1
youtube,erment,1
youtube,eroplano,2
youtube,err,1
youtube,error,1
youtube,ers,1
youtube,erwin,20
youtube,esali,1
youtube,escape,6
youtube,escodero,2
youtube,escrep,2
youtube,escudero,16
youtube,escudeto,2
youtube,eskol,4
youtube,eskuwater,1
youtube,eskwela,1
youtube,esp,6
youtube,español,1
youtube,especially,13
youtube,esposes,1
youtube,essence,2
youtube,essential,2
youtube,establishment,1
youtube,estafa,1
youtube,estate,1
youtube,este,4
youtube,esteem,1
youtube,estimate,1
youtube,estimating,1
youtube,estorya,1
youtube,estrada,41
youtube,estratehiya,1
youtube,estudyante,1
youtube,etc,19
youtube,etcetera,1
youtube,etchusera,1
youtube,eternal,1
youtube,etong,3
youtube,etplano,1
youtube,etrada,1
youtube,eudela,1
youtube,europe,1
youtube,european,2
youtube,evacuate,1
youtube,evacuation,1
youtube,evading,1
youtube,evasion,2
youtube,evedensya,4
youtube,even,33
youtube,event,1
youtube,events,2
youtube,eventual,1
youtube,eventually,2
youtube,ever,15
youtube,eversince,4
youtube,every,36
youtube,everybody,1
youtube,everyday,3
youtube,everymonth,1
youtube,everyone,9
youtube,everything,10
youtube,everytime,1
youtube,everywhere,2
youtube,evidence,16
youtube,evidences,1
youtube,evidensya,1
youtube,evil,21
youtube,evildoers,1
youtube,evilworks,1
youtube,evolved,1
youtube,ewan,12
youtube,ewn,1
youtube,examination,2
youtube,example,4
youtube,examples,1
youtube,excellence,1
youtube,excellent,2
youtube,except,1
youtube,exchange,1
youtube,excited,1
youtube,exciting,2
youtube,exclude,1
youtube,excuse,6
youtube,excuses,3
youtube,executed,1
youtube,execution,3
youtube,executive,3
youtube,exempt,1
youtube,exemption,1
youtube,exeption,1
youtube,exhausted,4
youtube,exist,3
youtube,existential,1
youtube,expect,9
youtube,expected,1
youtube,expenditures,1
youtube,expense,1
youtube,expenses,2
youtube,experience,3
youtube,experienced,1
youtube,experiences,1
youtube,experiencing,3
youtube,experto,1
youtube,experts,2
youtube,explain,11
youtube,explained,1
youtube,explains,1
youtube,explanation,4
youtube,explanations,1
youtube,explenation,1
youtube,exploit,2
youtube,explosion,4
youtube,expose,8
youtube,exposed,9
youtube,exposing,3
youtube,express,2
youtube,expressways,1
youtube,exsperto,1
youtube,extened,1
youtube,extent,4
youtube,exterior,1
youtube,extra,2
youtube,extracted,1
youtube,extraction,1
youtube,extravagant,1
youtube,extreme,3
youtube,extremely,2
youtube,eyak,4
youtube,eye,7
youtube,eyed,1
youtube,eyes,9
youtube,eying,1
youtube,f00d,1
youtube,f16,1
youtube,face,17
youtube,facilities,1
youtube,facility,1
youtube,facing,2
youtube,fact,12
youtube,factor,1
youtube,factory,2
youtube,facts,7
youtube,faculty,2
youtube,faelan,1
youtube,faikure,1
youtube,fail,1
youtube,failed,6
youtube,failure,3
youtube,fair,5
youtube,fairness,2
youtube,fairy,1
youtube,faith,8
youtube,fake,22
youtube,fakenews,1
youtube,faker,1
youtube,fall,9
youtube,false,1
youtube,falsehood,2
youtube,falsifying,1
youtube,fam,1
youtube,famas,2
youtube,fame,1
youtube,families,9
youtube,family,43
youtube,familya,1
youtube,famous,1
youtube,fanatiko,1
youtube,fanilies,1
youtube,fanish,1
youtube,fantastic,1
youtube,far,5
youtube,farm,4
youtube,farme,1
youtube,farmers,2
youtube,fast,4
youtube,fate,1
youtube,father,6
youtube,fathers,2
youtube,fault,2
youtube,fav,1
youtube,favor,5
youtube,favorite,1
youtube,favoritism,1
youtube,favour,1
youtube,fcking,2
youtube,fcps,1
youtube,fear,5
youtube,fearless,3
youtube,feasted,1
youtube,feather,3
youtube,feature,3
youtube,featuring,1
youtube,federal,1
youtube,fee,2
youtube,feed,2
youtube,feeling,12
youtube,feelings,2
youtube,feels,2
youtube,fefeature,1
youtube,fellow,7
youtube,felt,1
youtube,female,1
youtube,fences,1
youtube,fernandez,4
youtube,ferrer,2
youtube,fictitious,1
youtube,fidel,1
youtube,field,1
youtube,fields,1
youtube,fifth,1
youtube,fight,5
youtube,fighting,1
youtube,figures,1
youtube,file,5
youtube,filed,2
youtube,files,3
youtube,filing,1
youtube,filipina,1
youtube,filipinas,3
youtube,filipino,71
youtube,filipinos,41
youtube,filipinosegat,2
youtube,fill,1
youtube,filled,1
youtube,final,2
youtube,finally,3
youtube,finance,1
youtube,financial,1
youtube,financially,1
youtube,find,11
youtube,finding,1
youtube,finds,3
youtube,fines,2
youtube,finest,1
youtube,finger,1
youtube,fingers,2
youtube,finish,4
youtube,finished,3
youtube,fiona,1
youtube,fir,1
youtube,fire,3
youtube,fired,1
youtube,fireng,1
youtube,firing,17
youtube,firm,4
youtube,firmly,1
youtube,firms,2
youtube,first,21
youtube,firstly,1
youtube,fish,6
youtube,fishes,2
youtube,fishing,1
youtube,fitting,1
youtube,fix,2
youtube,fixable,1
youtube,flash,4
youtube,flashflood,5
youtube,flaws,1
youtube,flight,1
youtube,fllodcontrol,2
youtube,fllow,1
youtube,fload,2
youtube,floating,3
youtube,flock,2
youtube,flocks,1
youtube,floodcontrol,7
youtube,flooded,3
youtube,flooding,13
youtube,floodings,1
youtube,floods,10
youtube,floof,2
youtube,floood,1
youtube,floor,1
youtube,flooring,1
youtube,florencio,1
youtube,flores,1
youtube,florida,2
youtube,floring,1
youtube,flourish,1
youtube,flow,2
youtube,flowchart,1
youtube,flunder,1
youtube,flung,1
youtube,flush,1
youtube,fly,1
youtube,focus,15
youtube,focusing,1
youtube,folks,1
youtube,follow,7
youtube,followed,1
youtube,following,7
youtube,fondo,1
youtube,food,9
youtube,foods,2
youtube,fool,1
youtube,fooled,2
youtube,fools,1
youtube,foor,2
youtube,forbes,3
youtube,forbid,3
youtube,force,3
youtube,forces,2
youtube,fore,1
youtube,forehead,2
youtube,foreibgner,2
youtube,foreign,9
youtube,foreigner,4
youtube,foreigners,2
youtube,foreseen,1
youtube,forest,1
youtube,forests,1
youtube,forever,5
youtube,forfeit,2
youtube,forfeits,1
youtube,forfeiture,1
youtube,forget,3
youtube,forgive,4
youtube,forgiven,3
youtube,forgiveness,5
youtube,forgiving,1
youtube,forgot,1
youtube,form,2
youtube,forman,2
youtube,former,19
youtube,forms,1
youtube,formula,1
youtube,formulated,1
youtube,forrien,1
youtube,forthwith,4
youtube,forum,1
youtube,forward,7
youtube,fossil,2
youtube,fot,1
youtube,foul,1
youtube,found,5
youtube,foundation,2
youtube,four,1
youtube,fourth,1
youtube,fpj,5
youtube,fpred,1
youtube,fprrd,2
youtube,frame,1
youtube,framed,1
youtube,franchise,1
youtube,francis,1
youtube,franklin,1
youtube,frankly,1
youtube,fraud,4
youtube,freakin,1
youtube,freash,1
youtube,freddie,2
youtube,free,17
youtube,freedom,4
youtube,freeze,11
youtube,friend,6
youtube,friends,2
youtube,friendship,1
youtube,fro,1
youtube,front,1
youtube,frustrating,3
youtube,frustration,1
youtube,fttm,1
youtube,fucking,4
youtube,fuel,3
youtube,fuerte,1
youtube,fufo,1
youtube,fugitive,3
youtube,fujitora,1
youtube,full,20
youtube,fully,2
youtube,fun,1
youtube,function,1
youtube,functioning,2
youtube,functions,5
youtube,fund,7
youtube,funded,1
youtube,funder,1
youtube,funding,1
youtube,funds,32
youtube,funeral,2
youtube,funerals,1
youtube,funeraria,2
youtube,funny,3
youtube,furthermore,1
youtube,future,14
youtube,fvcked,1
youtube,fvergood,1
youtube,gaa,1
youtube,gaagad,1
youtube,gaano,2
youtube,gaanong,1
youtube,gaba,3
youtube,gabaan,2
youtube,gabayan,10
youtube,gabayankayolagi,1
youtube,gabi,8
youtube,gabinete,1
youtube,gabyan,4
youtube,gadgets,1
youtube,gafawin,1
youtube,gagaan,1
youtube,gagabay,2
youtube,gagagastos,1
youtube,gagago,1
youtube,gagaling,9
youtube,gagamitin,1
youtube,gagampanan,1
youtube,gaganapin,1
youtube,gaganda,2
youtube,gagantihan,1
youtube,gagara,1
youtube,gagastohin,1
youtube,gagastos,2
youtube,gagastusin,4
youtube,gagawa,23
youtube,gagawan,1
youtube,gagawen,1
youtube,gagawin,38
youtube,gagawing,2
youtube,gago,1
youtube,gagong,1
youtube,gagongtaoyan,1
youtube,gagonh,1
youtube,gaguhan,1
youtube,gaguhin,1
youtube,gagung,2
youtube,gaguooo,1
youtube,gahaman,25
youtube,gahamang,2
youtube,gain,2
youtube,gained,2
youtube,gaing,2
youtube,gaining,1
youtube,gains,1
youtube,galamay,4
youtube,galang,2
youtube,galaw,3
youtube,galawa,1
youtube,galawan,1
youtube,galawang,2
youtube,galawin,2
youtube,galeng,2
youtube,galing,115
youtube,galing2,1
youtube,galingan,5
youtube,galingmagsalta,2
youtube,galir,1
youtube,galit,52
youtube,gambler,2
youtube,game,2
youtube,gamhanan,1
youtube,gamin,1
youtube,gamit,13
youtube,gamitan,1
youtube,gamitin,10
youtube,gamiting,1
youtube,gamot,3
youtube,gana,3
youtube,ganahan,1
youtube,ganan,1
youtube,ganang,2
youtube,ganap,1
youtube,ganda,14
youtube,gang,6
youtube,gangan,1
youtube,gani,1
youtube,ganib,1
youtube,ganid,26
youtube,ganito,41
youtube,ganiton,1
youtube,ganitong,24
youtube,gano,1
youtube,ganon,17
youtube,ganong,1
youtube,ganonon,1
youtube,ganoon,11
youtube,ganoong,2
youtube,ganti,1
youtube,ganting,1
youtube,ganto,2
youtube,gantong,1
youtube,gantung,6
youtube,ganung,1
youtube,ganya,1
youtube,ganyandin,1
youtube,ganyang,10
youtube,ganyankc,1
youtube,ganyng,1
youtube,garabe,1
youtube,garahe,1
youtube,garand,1
youtube,garapal,2
youtube,garapalan,3
youtube,garapalang,1
youtube,garapalat,1
youtube,garbage,2
youtube,garbe,1
youtube,garcia,9
youtube,gardo,1
youtube,gas,2
youtube,gasino,1
youtube,gasoline,1
youtube,gastos,9
youtube,gastusin,7
youtube,gatas,2
youtube,gatasan,2
youtube,gate,2
youtube,gateway,2
youtube,gathering,1
youtube,gathers,1
youtube,gatrabaho,2
youtube,gave,5
youtube,gaw,1
youtube,gawa,57
youtube,gawa2,4
youtube,gawagawa,2
youtube,gawain,18
youtube,gawaing,2
youtube,gawan,6
youtube,gawang,2
youtube,gaway,1
youtube,gawein,2
youtube,gawi,2
youtube,gawin,49
youtube,gawing,17
youtube,gaya,25
youtube,gayahin,8
youtube,gcash,2
youtube,gddamay,2
youtube,gdp,1
youtube,geatay,1
youtube,geberno,1
youtube,geezzzz,1
youtube,geh,1
youtube,gen,4
youtube,genawa,2
youtube,general,4
youtube,generally,1
youtube,generasyon,2
youtube,generation,8
youtube,generations,3
youtube,geneses,1
youtube,genius,2
youtube,gensan,1
youtube,genuinely,1
youtube,geographical,1
youtube,ger,2
youtube,gera,1
youtube,gerahin,1
youtube,germany,1
youtube,gerville,1
youtube,geseca,1
youtube,gestapo,2
youtube,get,36
youtube,getae,1
youtube,gets,4
youtube,getting,9
youtube,gevie,1
youtube,ggawa,1
youtube,ggawin,1
youtube,ggwin,2
youtube,ghapon,1
youtube,ghosh,1
youtube,ghost,81
youtube,ghosts,3
youtube,gianamit,1
youtube,giatay,1
youtube,gibain,1
youtube,giboto,1
youtube,gid,1
youtube,gift,3
youtube,gifted,1
youtube,gigibain,1
youtube,gigil,8
youtube,gigisa,1
youtube,gigisahin,2
youtube,gigising,1
youtube,gihakut,2
youtube,gihan,2
youtube,gihapon,2
youtube,gikohang,1
youtube,gilid,6
youtube,gilingin,1
youtube,gimmick,1
youtube,gin,2
youtube,gina,2
youtube,ginagago,6
youtube,ginagalingan,1
youtube,ginagalugad,1
youtube,ginagamit,10
youtube,ginagampanan,1
youtube,ginaganyan,1
youtube,ginagastos,2
youtube,ginagataan,1
youtube,ginagawa,46
youtube,ginagawaa,1
youtube,ginagawang,6
youtube,ginagiit,2
youtube,ginalaw,1
youtube,ginamit,8
youtube,ginampanan,1
youtube,ginastos,5
youtube,ginatasn,1
youtube,ginatilan,1
youtube,ginawa,102
youtube,ginawaan,1
youtube,ginawang,15
youtube,gineer,2
youtube,ginggoy,2
youtube,ginhawa,1
youtube,ginigipit,2
youtube,ginigisa,5
youtube,ginipit,1
youtube,ginisa,1
youtube,ginogoodtime,1
youtube,ginoo,2
youtube,ginorakot,1
youtube,ginosto,1
youtube,ginta,1
youtube,ginto,3
youtube,ginugol,1
youtube,ginugulay,1
youtube,ginugulo,1
youtube,ginugutom,2
youtube,ginusto,4
youtube,gipatago,1
youtube,gipit,3
youtube,gipuy,1
youtube,gira,1
youtube,girls,1
youtube,gisa,2
youtube,gisahin,3
youtube,gisang,1
youtube,gising,16
youtube,gisng,1
youtube,gitna,4
youtube,gity,1
youtube,giv,2
youtube,give,24
youtube,given,5
youtube,gives,5
youtube,giving,4
youtube,giwna,2
youtube,giyera,1
youtube,glad,1
youtube,glit,2
youtube,global,5
youtube,globalwarming,1
youtube,gloria,2
youtube,glorify,1
youtube,glory,2
youtube,gma7,2
youtube,gmc,1
youtube,gmit,1
youtube,gnang,1
youtube,gnewe,1
youtube,gngamit,1
youtube,gngwa,3
youtube,gngwang,1
youtube,gnito,1
youtube,gnitong,3
youtube,gnun,1
youtube,gnwang,1
youtube,gnyan,1
youtube,gnyang,2
youtube,gnyn,3
youtube,go3,2
youtube,goal,1
youtube,goat,2
youtube,gob,2
youtube,gobelno,1
youtube,gobernador,3
youtube,gobernance,2
youtube,goberno,21
youtube,gobernor,2
youtube,goberyerno,1
youtube,gobierno,7
youtube,gobiernotama,1
youtube,gobinador,3
youtube,gobirnong,1
youtube,gobirnor,1
youtube,gobiyerno,3
youtube,gobryeno,2
youtube,gobyarno,2
youtube,gobyern,1
youtube,gobyerno,240
youtube,gobyernong,5
youtube,gobyernoniilan,1
youtube,gobyero,1
youtube,gobyierno,3
youtube,godbles,2
youtube,godbless,7
youtube,godblesse,1
youtube,godblessing,2
youtube,godfather,2
youtube,godinyou,1
youtube,godliness,1
youtube,godlovehumanity,1
youtube,gods,1
youtube,goes,7
youtube,gold,4
youtube,golden,5
youtube,gomagawa,1
youtube,gone,1
youtube,gong,1
youtube,gongdi,1
youtube,gonggong,3
youtube,gongratulations,1
youtube,gonna,5
youtube,goo,1
youtube,goodbye,1
youtube,goodluck,7
youtube,goodluckgoodday,2
youtube,goods,3
youtube,goodwill,1
youtube,goosebumps,3
youtube,goring,1
youtube,gosh,4
youtube,gospel,1
youtube,gost,4
youtube,got,16
youtube,gotesa,2
youtube,goto,2
youtube,gotrestblng,1
youtube,gotten,2
youtube,gou,2
youtube,gov,40
youtube,goveirno,2
youtube,goverment,5
youtube,governador,3
youtube,governance,9
youtube,governant,1
youtube,governing,1
youtube,government,161
youtube,governments,16
youtube,governmetn,1
youtube,governo,21
youtube,governor,19
youtube,govierno,3
youtube,govmt,1
youtube,govt,35
youtube,govyerno,5
youtube,goyerno,1
youtube,gozto,1
youtube,gpt,2
youtube,grabb,1
youtube,grabbing,1
youtube,grabee,5
youtube,grabeee,4
youtube,grabeeee,6
youtube,grabeh,6
youtube,grabeha,1
youtube,grabeng,9
youtube,grabi,20
youtube,grabibg,1
youtube,grabih,1
youtube,grabiiiih,1
youtube,grabing,3
youtube,grace,6
youtube,gracias,1
youtube,grade,4
youtube,graduate,2
youtube,graduates,1
youtube,graft,4
youtube,grand,2
youtube,grandma,1
youtube,grandstanding,2
youtube,granted,3
youtube,granting,1
youtube,graph,2
youtube,grave,5
youtube,graveh,1
youtube,gravehh,1
youtube,gravi,1
youtube,gravity,1
youtube,grbe,1
youtube,grbeh,1
youtube,grbi,2
youtube,great,10
youtube,greater,1
youtube,greatest,1
youtube,greatly,1
youtube,greed,4
youtube,greediness,1
youtube,greedy,8
youtube,green,3
youtube,grijaldo,2
youtube,gripo,1
youtube,gro,1
youtube,grocery,1
youtube,gropo,1
youtube,gropong,1
youtube,gross,7
youtube,ground,9
youtube,groundwater,1
youtube,group,10
youtube,groups,2
youtube,grrrr,3
youtube,grupo,8
youtube,gsis,1
youtube,gsto,2
youtube,guantanamo,2
youtube,guard,3
youtube,guato,1
youtube,gubat,1
youtube,guberno,1
youtube,gubierno,1
youtube,gubirno,1
youtube,gubyerno,13
youtube,gud,5
youtube,gudna,1
youtube,guen,1
youtube,guerrero,1
youtube,guess,1
youtube,guguho,1
youtube,gugulo,1
youtube,gugustuhin,1
youtube,guidance,3
youtube,guide,6
youtube,guided,5
youtube,guides,3
youtube,guilt,19
youtube,guilty,55
youtube,guinness,1
youtube,guirereo,2
youtube,guisahin,1
youtube,gujlo,2
youtube,gulat,3
youtube,gulatan,2
youtube,gulf,1
youtube,gulfstream,1
youtube,gullas,1
youtube,gullible,2
youtube,gulo,11
youtube,gulong,2
youtube,gulpe,1
youtube,guluhin,1
youtube,gumagamit,1
youtube,gumagana,4
youtube,gumagawa,19
youtube,gumagaya,1
youtube,gumalaw,4
youtube,gumana,1
youtube,gumanap,1
youtube,gumanda,2
youtube,gumastos,4
youtube,gumawa,60
youtube,gumawang,2
youtube,gumising,5
youtube,gumuguho,2
youtube,gumugulo,1
youtube,gumuho,1
youtube,gung,1
youtube,gungong,2
youtube,guni,2
youtube,guo,5
youtube,gurami,1
youtube,gus2,2
youtube,gusali,3
youtube,gusgusin,1
youtube,gusting,2
youtube,gusto,99
youtube,gustong,27
youtube,gustonyawalamaherap,1
youtube,gustooo,1
youtube,gutesa,3
youtube,guteza,33
youtube,gutezs,2
youtube,gutezw,1
youtube,gutisa,2
youtube,gutiza,2
youtube,gutom,8
youtube,guy,14
youtube,guyz,1
youtube,gverno,2
youtube,gvernor,1
youtube,gvmnt,1
youtube,gvt,1
youtube,gwa,4
youtube,gwapaks,1
youtube,gwapo,2
youtube,gwen,6
youtube,gwendolyn,1
youtube,gya,1
youtube,gyahin,2
youtube,gyera,2
youtube,gyo,1
youtube,gyod,2
youtube,gysto,1
youtube,gyud,7
youtube,haaaa,1
youtube,haaaay,1
youtube,haaaays,1
youtube,haaay,3
youtube,haaayyy,1
youtube,haahha,1
youtube,haay,1
youtube,haba,6
youtube,habang,69
youtube,habangbuhay,1
youtube,habit,2
youtube,habitat,2
youtube,habngang,1
youtube,habol,1
youtube,habulin,8
youtube,hagdan,1
youtube,haggang,1
youtube,hagonoy,6
youtube,hague,3
youtube,hagupit,3
youtube,hah,1
youtube,hahabol,1
youtube,hahabulin,2
youtube,hahah,1
youtube,hahaha,88
youtube,hahahah,6
youtube,hahahaha,22
youtube,hahahahaa,1
youtube,hahahahah,1
youtube,hahahahaha,8
youtube,hahahahahaha,4
youtube,hahahahahahaha,1
youtube,hahahahahahahahaha,1
youtube,hahahahahha,1
youtube,hahahahha,2
youtube,hahahahhaa,1
youtube,hahahahhha,1
youtube,hahahha,1
youtube,hahakot,1
youtube,hahalungkat,1
youtube,hahamhahahahhaahha,2
youtube,hahanap,1
youtube,hahanapan,2
youtube,hahanapin,1
youtube,hahara,1
youtube,haharap,1
youtube,haharsngin,1
youtube,hahat,1
youtube,hahatol,2
youtube,hahatulan,1
youtube,hahawak,3
youtube,hahay,2
youtube,hahayaan,3
youtube,hahaysss,1
youtube,hahhaha,2
youtube,hahit,1
youtube,haighschool,1
youtube,hail,1
youtube,hairman,1
youtube,haisst,1
youtube,haist,5
youtube,hakbang,1
youtube,hakutin,2
youtube,hala,3
youtube,halaaaaa,1
youtube,halaga,14
youtube,halagang,1
youtube,halah,1
youtube,halal,1
youtube,halalan,2
youtube,halaman,2
youtube,halang,7
youtube,halata,53
youtube,halatado,5
youtube,halatadong,3
youtube,halatang,52
youtube,halatng,1
youtube,haligi,1
youtube,halimaw,2
youtube,halip,3
youtube,halis,1
youtube,hall,3
youtube,halong,4
youtube,halos,47
youtube,halosbibili,1
youtube,hambog,3
youtube,hambugan,2
youtube,hamming,1
youtube,hamon,1
youtube,hamor,2
youtube,hampas,2
youtube,hamunin,1
youtube,han,5
youtube,hanana,1
youtube,hanap,1
youtube,hanapan,2
youtube,hanapbuhay,3
youtube,hanapin,4
youtube,hanay,2
youtube,hand,6
youtube,handa,3
youtube,handaan,3
youtube,handang,2
youtube,handcuff,1
youtube,handcuffed,2
youtube,handle,6
youtube,handled,2
youtube,handling,1
youtube,handog,1
youtube,hands,3
youtube,hanep,3
youtube,hang,3
youtube,hanga,9
youtube,hangal,4
youtube,hangang,12
youtube,hangarin,1
youtube,hangat,4
youtube,hangga,8
youtube,hanggan,2
youtube,hangganan,3
youtube,hanggang,75
youtube,hanggat,16
youtube,hanggng,1
youtube,hangin,4
youtube,hanging,2
youtube,hangtud,1
youtube,hanting,2
youtube,hantongan,2
youtube,hao,1
youtube,hapin,1
youtube,hapit,2
youtube,happen,13
youtube,happened,12
youtube,happening,14
youtube,happens,3
youtube,happy,6
youtube,harang,1
youtube,harangaron,1
youtube,harangin,1
youtube,harap,23
youtube,harapan,9
youtube,harapang,2
youtube,harapharapan,1
youtube,harapin,8
youtube,harass,2
youtube,hard,14
youtube,hardest,1
youtube,hardware,1
youtube,hardworking,1
youtube,haresco,1
youtube,hari,5
youtube,harm,2
youtube,harming,1
youtube,haron,1
youtube,harry,1
youtube,hart,1
youtube,haruhay,1
youtube,harvey,1
youtube,hatag,2
youtube,hatak,1
youtube,hatchalua,1
youtube,hate,1
youtube,hati,4
youtube,hati2x,1
youtube,hatian,2
youtube,hatihati,3
youtube,hatihatian,2
youtube,hatihtinalang,2
youtube,hatol,14
youtube,hatolan,1
youtube,hats,1
youtube,hatul,1
youtube,hatulan,7
youtube,hatyss,1
youtube,haunting,1
youtube,haup,2
youtube,haven,2
youtube,hawak,17
youtube,hawakan,2
youtube,hay,31
youtube,haya,1
youtube,hayaan,11
youtube,hayaang,5
youtube,hayagang,1
youtube,hayahay,5
youtube,hayan,2
youtube,haynako,1
youtube,haynko,2
youtube,hayok,2
youtube,hayop,28
youtube,hays,8
youtube,hayss,3
youtube,haysss,1
youtube,hayssssssssss,1
youtube,haysssst,2
youtube,hayssttt,1
youtube,hayst,2
youtube,hayuf,1
youtube,hayup,14
youtube,hayuuup,2
youtube,hayy,2
youtube,hayysss,1
youtube,hayyssss,1
youtube,hayyys,2
youtube,hayyyysss,1
youtube,hayyyyys,1
youtube,hayyyyyy,1
youtube,hayyyyyyyyyysssssst,1
youtube,hayz,4
youtube,hbang,1
youtube,hbd,1
youtube,he3,1
youtube,head,6
youtube,heads,1
youtube,healed,2
youtube,health,6
youtube,healthcare,2
youtube,healthy,6
youtube,hear,6
youtube,heard,1
youtube,hearings,7
youtube,hearsay,1
youtube,heart,14
youtube,heartbreaking,3
youtube,hearting2,1
youtube,hearts,3
youtube,heat,3
youtube,heavenly,1
youtube,heavily,5
youtube,heavy,15
youtube,hebrews,1
youtube,hehearing,1
youtube,heheh,1
youtube,hehehe,8
youtube,hehehehe,3
youtube,heidi,4
youtube,heinous,3
youtube,held,3
youtube,helicopters,4
youtube,hell,2
youtube,hellicopter,1
youtube,hello,3
youtube,hellooooo,1
youtube,hells,1
youtube,helmet,2
youtube,help,34
youtube,helper,1
youtube,helping,2
youtube,helps,1
youtube,hemuon,1
youtube,hen,2
youtube,hende,2
youtube,hendi,1
youtube,henerasyon,4
youtube,henry,12
youtube,heriinh,1
youtube,heritage,1
youtube,hernandez,37
youtube,hero,6
youtube,hersay,2
youtube,hes,2
youtube,hesus,2
youtube,heto,1
youtube,hettsora,1
youtube,hey,1
youtube,hhe,2
youtube,hhesrtaches,1
youtube,hhhhahahahahhahahaha,1
youtube,hhinto,1
youtube,hhirap,1
youtube,hhupa,1
youtube,hibawa,1
youtube,hiblood,1
youtube,hidden,2
youtube,hide,9
youtube,hiding,5
youtube,hiede,1
youtube,hige,1
youtube,high,19
youtube,higher,8
youtube,highest,6
youtube,highlands,1
youtube,highlight,2
youtube,highly,2
youtube,highway,6
youtube,highways,10
youtube,higit,13
youtube,higop,1
youtube,hihihi,1
youtube,hihinge,1
youtube,hihingi,3
youtube,hihinhi,1
youtube,hihinto,1
youtube,hihirap,14
youtube,hihirp,1
youtube,hihiya,1
youtube,hikuting,1
youtube,hil,1
youtube,hilarious,1
youtube,hilig,8
youtube,hiling,1
youtube,hilingin,1
youtube,hills,4
youtube,himalay,1
youtube,himamala,1
youtube,himde,1
youtube,himto,2
youtube,hin,4
youtube,hina,1
youtube,hinahanap,3
youtube,hinaharang,2
youtube,hinaharap,2
youtube,hinahawakan,1
youtube,hinahayaan,4
youtube,hinahayaang,1
youtube,hinaing,1
youtube,hinarang,1
youtube,hinatid,2
youtube,hinay,2
youtube,hinayaang,1
youtube,hinayopak,1
youtube,hinayupak,4
youtube,hinayupakz,1
youtube,hind,4
youtube,hinda,1
youtube,hinde,56
youtube,hindibkay,2
youtube,hindii,2
youtube,hindrance,1
youtube,hinehingal,1
youtube,hinfi,1
youtube,hinge,1
youtube,hingi,1
youtube,hinhiram,1
youtube,hinihiling,3
youtube,hinihingal,1
youtube,hinihinging,1
youtube,hinihintay,3
youtube,hininga,2
youtube,hinrp,1
youtube,hint,1
youtube,hintayin,8
youtube,hinto,2
youtube,hintuturo,4
youtube,hinugay,1
youtube,hinuhugot,1
youtube,hinukuha,1
youtube,hinusgahan,1
youtube,hipoin,4
youtube,hirapkauo,2
youtube,hire,5
youtube,hiring,3
youtube,hirit,2
youtube,hirnandes,2
youtube,history,16
youtube,historya,1
youtube,hit,3
youtube,hitman,1
youtube,hiwalay,1
youtube,hiya,37
youtube,hiyaan,2
youtube,hiyang,7
youtube,hlata,2
youtube,hmm,1
youtube,hmmm,1
youtube,hmmmm,1
youtube,hnahanap,1
youtube,hnap,1
youtube,hnd,45
youtube,hnde,3
youtube,hndi,54
youtube,hnggang,2
youtube,hnggng,2
youtube,hobyerno,1
youtube,hodinyouloveyouresself,1
youtube,hoi,5
youtube,hold,10
youtube,holding,1
youtube,holds,2
youtube,holdup,1
youtube,hole,1
youtube,holiday,2
youtube,holistic,1
youtube,holland,2
youtube,holy,6
youtube,homawak,2
youtube,home,11
youtube,homelessness,1
youtube,homes,4
youtube,homework,1
youtube,homicide,1
youtube,hon,1
youtube,honda,1
youtube,honest,8
youtube,honestly,1
youtube,hong,1
youtube,hongkong,1
youtube,honorable,5
youtube,honorables,2
youtube,honteveros,1
youtube,honteviros,1
youtube,hontiveros,3
youtube,hontivirus,5
youtube,hook,1
youtube,hope,36
youtube,hopefully,4
youtube,hopeless,4
youtube,hopia,1
youtube,hoping,4
youtube,hor,6
youtube,hora,1
youtube,horrible,1
youtube,horses,1
youtube,hospital,5
youtube,hospitals,2
youtube,hot,2
youtube,hotbed,1
youtube,hotel,1
youtube,hotels,1
youtube,hour,2
youtube,hours,2
youtube,house,33
youtube,household,1
youtube,houses,8
youtube,housing,2
youtube,however,1
youtube,hoy,24
youtube,hoyyyy,2
youtube,hrap,1
youtube,hsy0p,1
youtube,huag,5
youtube,huagahan,1
youtube,hubak,1
youtube,hucos,1
youtube,hudas,3
youtube,hudikatura,1
youtube,hugas,5
youtube,huge,8
youtube,huh,3
youtube,huhudasin,1
youtube,huhuhu,1
youtube,huhukay,1
youtube,huhulaan,1
youtube,huhusga,2
youtube,hukayan,1
youtube,hukayin,2
youtube,hukoman,1
youtube,hule,2
youtube,huli,25
youtube,hulihan,1
youtube,hulihin,5
youtube,hum7sga,1
youtube,humabol,1
youtube,humagupit,1
youtube,humahakot,1
youtube,humahalo,1
youtube,humahanga,1
youtube,humaharap,1
youtube,humahawak,4
youtube,humahawsk,1
youtube,human,8
youtube,humanap,1
youtube,humanity,2
youtube,humans,2
youtube,humantong,1
youtube,humarap,6
youtube,humatol,3
youtube,humawak,2
youtube,humble,2
youtube,humihinge,1
youtube,humihingi,6
youtube,humikayat,1
youtube,humina,1
youtube,humingi,11
youtube,huminto,1
youtube,humirit,2
youtube,humiwalay,1
youtube,humpay,2
youtube,humuhupa,1
youtube,humupa,1
youtube,humusga,1
youtube,hunayupak,1
youtube,hundreds,1
youtube,hunt,1
youtube,hunting,1
youtube,hupa,1
youtube,hurado,2
youtube,hurricane,1
youtube,hurricanes,1
youtube,hurting,1
youtube,hus,1
youtube,husgado,3
youtube,husgahan,2
youtube,hustisya,13
youtube,hustisyaaaa,1
youtube,hustler,1
youtube,husto,9
youtube,hustsya,1
youtube,huwagmatakot,1
youtube,huy,1
youtube,huyyyy,1
youtube,hwag,11
youtube,hwg,2
youtube,hyahay,2
youtube,hype,1
youtube,hypocrisy,1
youtube,hypocrites,2
youtube,hypocritong,1
youtube,hysss,2
youtube,hzd,2
youtube,iabalik,1
youtube,iabolis,2
youtube,iacknowledge,1
youtube,ialam,1
youtube,iam,6
youtube,iaudit,2
youtube,iba,103
youtube,ibaba,2
youtube,ibabalik,1
youtube,ibabtumitira,2
youtube,ibagsak,3
youtube,ibahagi,1
youtube,ibak,1
youtube,ibalik,78
youtube,ibalita,1
youtube,iban,1
youtube,ibang,110
youtube,ibanpang,1
youtube,ibasul,1
youtube,ibat,5
youtube,ibaun,1
youtube,ibayad,1
youtube,ibbgay,1
youtube,ibebenta,1
youtube,ibedensya,3
youtube,ibeninta,1
youtube,ibenta,5
youtube,ibestigahan,1
youtube,ibgay,1
youtube,ibi,1
youtube,ibibigay,7
youtube,ibibintang,2
youtube,ibidencya,4
youtube,ibidensya,3
youtube,ibidinsya,2
youtube,ibig,27
youtube,ibigay,18
youtube,ibigsahin,2
youtube,ibinababa,2
youtube,ibinajagi,1
youtube,ibinawas,2
youtube,ibinayad,2
youtube,ibinibigay,4
youtube,ibinigay,4
youtube,ibinili,1
youtube,ibinoboto,2
youtube,ibinoto,14
youtube,ibinta,1
youtube,ibinubulsa,1
youtube,ibinuking,1
youtube,ibirit,2
youtube,ibitay,6
youtube,ibitin,3
youtube,iblame,1
youtube,iblik,2
youtube,ibng,1
youtube,ibnigay,1
youtube,iboboto,11
youtube,iboto,32
youtube,ibubulgar,1
youtube,ibubulsa,2
youtube,ibubuno,1
youtube,ibuhus,1
youtube,ibuking,1
youtube,ibulgar,4
youtube,ibulok,1
youtube,ibulsa,3
youtube,ibunton,1
youtube,ibuto,1
youtube,icacasino,1
youtube,icc,16
youtube,icheck,2
youtube,ico,1
youtube,iconic,2
youtube,icontempt,1
youtube,iconvert,1
youtube,icorrupt,1
youtube,id0l,1
youtube,idaan,1
youtube,idadami,1
youtube,idadawit,2
youtube,idagdag,2
youtube,idamay,5
youtube,idawit,2
youtube,idea,2
youtube,ideas,1
youtube,idedepensa,1
youtube,identical,1
youtube,identify,1
youtube,identity,1
youtube,ideretso,1
youtube,ididiin,4
youtube,idiin,8
youtube,idinamay,2
youtube,idinawit,1
youtube,idinawut,1
youtube,idiot,1
youtube,idiots,1
youtube,iditalye,1
youtube,iditing,2
youtube,idle,1
youtube,idolize,1
youtube,idolized,1
youtube,idolizing,1
youtube,idolo,1
youtube,idugtong,2
youtube,iencourage,1
youtube,ifamay,1
youtube,ifile,2
youtube,iforward,2
youtube,ifreeze,1
youtube,ifugao,1
youtube,igalang,3
youtube,iginigiit,1
youtube,igit,1
youtube,iglap,2
youtube,iglesia,2
youtube,igmnorante,1
youtube,ignorance,1
youtube,ignore,1
youtube,ignored,3
youtube,ignoring,1
youtube,ihahatol,1
youtube,ihalal,1
youtube,ihanap,1
youtube,iharap,2
youtube,ihayag,1
youtube,ihe,1
youtube,ihinto,2
youtube,ihiwalay,1
youtube,iho,2
youtube,ihulog,3
youtube,iialan,2
youtube,iibabaw,1
youtube,iibng,2
youtube,iidolo,1
youtube,iikot,1
youtube,iilan,5
youtube,iilang,1
youtube,iimbestiga,4
youtube,iimbestigahan,4
youtube,iimbestigstion,1
youtube,iimbisdiga,1
youtube,iimbistiga,9
youtube,iimbistigahan,2
youtube,iimbitahan,1
youtube,iingat,4
youtube,iingatan,2
youtube,iingay,2
youtube,iinit,2
youtube,iinvestigate,1
youtube,iisa,7
youtube,iisang,4
youtube,iisip,7
youtube,iisipan,1
youtube,iisipin,9
youtube,iisqng,2
youtube,iiwanan,4
youtube,iiwas,1
youtube,iiyak,3
youtube,iiza,2
youtube,ika,5
youtube,ikabubuti,2
youtube,ikae,2
youtube,ikakalat,1
youtube,ikakamatay,1
youtube,ikakasaya,1
youtube,ikalat,2
youtube,ikalawa,1
youtube,ikalawang,1
youtube,ikaliligtas,2
youtube,ikang,1
youtube,ikanta,5
youtube,ikarga,1
youtube,ikaso,2
youtube,ikauunlad,3
youtube,ikintal,2
youtube,iko,1
youtube,ikokolong,1
youtube,ikolong,11
youtube,ikompara,1
youtube,ikonomiya,1
youtube,ikontrol,1
youtube,ikot,31
youtube,iksw,2
youtube,ikukulong,5
youtube,ikullng,1
youtube,ikulong,96
youtube,ikurakot,1
youtube,ikutin,1
youtube,ikwenta,1
youtube,il0g,1
youtube,ilaag,1
youtube,ilaan,1
youtube,ilaban,5
youtube,ilabas,10
youtube,ilaga,1
youtube,ilagay,10
youtube,ilaha,2
youtube,ilalaban,1
youtube,ilalagay,1
youtube,ilalahad,1
youtube,ilalim,8
youtube,ilan,10
youtube,ilang,47
youtube,ilantad,2
youtube,ilapat,1
youtube,ilatag,1
youtube,ilaw,3
youtube,ilaya,1
youtube,ilibing,1
youtube,iligan,1
youtube,iligaw,4
youtube,iligtas,3
youtube,iligtaz,1
youtube,ilihis,7
youtube,ilikas,2
youtube,ililibing,3
youtube,ililihis,2
youtube,ililipat,1
youtube,ilipat,7
youtube,ilistro,1
youtube,ilit,2
youtube,ilito,1
youtube,ill,2
youtube,illallaah,1
youtube,illegal,10
youtube,illigality,1
youtube,illnesses,1
youtube,ilocos,5
youtube,ilog,27
youtube,iloilo,12
youtube,ilokano,1
youtube,ilokos,1
youtube,ilonggo,1
youtube,ilubog,1
youtube,ilukluk,2
youtube,imaginary,1
youtube,imagine,19
youtube,imbakan,1
youtube,imbeciles,1
youtube,imbes,6
youtube,imbesigahan,2
youtube,imbesriga2,1
youtube,imbestegahan,1
youtube,imbestiga,17
youtube,imbestigadyon,1
youtube,imbestigahan,23
youtube,imbestigahen,1
youtube,imbestigan,1
youtube,imbestigastion,6
youtube,imbestigasyon,36
youtube,imbestigasyong,3
youtube,imbestigathieves,1
youtube,imbestigation,6
youtube,imbetiga,1
youtube,imbetigasyon,2
youtube,imbinto,4
youtube,imbis,7
youtube,imbistagahan,2
youtube,imbistegasyon,2
youtube,imbistgasyon,1
youtube,imbistiga,11
youtube,imbistigahan,22
youtube,imbistigahin,4
youtube,imbistigastion,1
youtube,imbistigasyo,2
youtube,imbistigasyon,18
youtube,imbistigasyun,1
youtube,imbistigation,1
youtube,imbornal,1
youtube,imbunal,1
youtube,imburnal,2
youtube,imee,1
youtube,imelda,1
youtube,immediate,1
youtube,immediatelly,4
youtube,immigration,3
youtube,immunity,3
youtube,imo,1
youtube,imong,2
youtube,imonitor,1
youtube,impact,4
youtube,impacto,1
youtube,impacts,1
youtube,impakto,1
youtube,impartial,2
youtube,impeach,2
youtube,impeachment,10
youtube,imperfect,1
youtube,imperno,3
youtube,impesa,1
youtube,impierno,3
youtube,impietno,1
youtube,impiyerno,4
youtube,implement,4
youtube,implementation,1
youtube,implemented,3
youtube,implementor,1
youtube,implicate,2
youtube,implicated,4
youtube,implies,1
youtube,impluwensya,1
youtube,important,5
youtube,importante,4
youtube,importation,3
youtube,imposible,4
youtube,imposibleng,2
youtube,imposobleng,1
youtube,impossible,6
youtube,impossibleng,1
youtube,impostor,1
youtube,impotent,1
youtube,imprastraktura,1
youtube,impressed,1
youtube,impressive,2
youtube,imprison,1
youtube,imprisoned,4
youtube,imprisonment,5
youtube,improvements,1
youtube,impsoble,1
youtube,impyerno,4
youtube,imvestiga,4
youtube,imvestigation,1
youtube,imvok,1
youtube,imvolb,1
youtube,ina,21
youtube,inaabangan,1
youtube,inaabot,2
youtube,inaaksyunan,1
youtube,inaangking,1
youtube,inaanounce,1
youtube,inaaral,1
youtube,inaasahan,1
youtube,inaawa,1
youtube,inaawas,1
youtube,inaayos,4
youtube,inabot,2
youtube,inabswelto,1
youtube,inaksyonan,1
youtube,inambakan,1
youtube,inamin,4
youtube,inamo,1
youtube,inang,7
youtube,inanod,2
youtube,inapaikot,1
youtube,inaudit,1
youtube,inawayan,1
youtube,inayos,2
youtube,inbestegasyon,1
youtube,inbestiga,2
youtube,inbestigar,1
youtube,inbistiga,2
youtube,inc,5
youtube,incarcerated,2
youtube,inches,2
youtube,includes,2
youtube,including,8
youtube,income,2
youtube,incompetent,3
youtube,inconsistencies,1
youtube,increaasing,1
youtube,increases,1
youtube,incremenation,1
youtube,incriminating,1
youtube,incrimination,1
youtube,incumbent,1
youtube,inday,7
youtube,inde,2
youtube,indeed,1
youtube,indefferent,2
youtube,independence,2
youtube,independent,7
youtube,indi,4
youtube,india,1
youtube,indications,1
youtube,indict,2
youtube,indie,1
youtube,indiekona,1
youtube,indigenous,4
youtube,indirectly,1
youtube,individual,2
youtube,individuals,10
youtube,indonesia,7
youtube,indonesian,1
youtube,indorso,1
youtube,industry,1
youtube,ineffective,4
youtube,ineffectivity,1
youtube,inexcusable,1
youtube,inexcusation,1
youtube,inexposed,1
youtube,infact,2
youtube,infainess,1
youtube,infairness,2
youtube,influence,7
youtube,influential,3
youtube,info,1
youtube,information,2
youtube,informative,3
youtube,informed,1
youtube,infra,2
youtube,infrastructure,9
youtube,infrastructures,1
youtube,infuriating,2
youtube,ing,1
youtube,ingat,15
youtube,ingatan,2
youtube,ingay,3
youtube,inggit,2
youtube,ingnr,1
youtube,ingon,1
youtube,ingst,1
youtube,inhabit,1
youtube,inheritance,2
youtube,inhuman,1
youtube,ini,2
youtube,iniatas,1
youtube,iniimbestigahan,4
youtube,iniimbistigahan,2
youtube,iniimbistighan,1
youtube,iniimbita,1
youtube,iniisip,4
youtube,iniiwas,3
youtube,iniiyak,1
youtube,inilagay,1
youtube,inilahad,2
youtube,inilikas,1
youtube,inililigaw,1
youtube,inililihis,9
youtube,inimbatahan,2
youtube,inimbita,1
youtube,inimibestigahan,1
youtube,ining,1
youtube,ininterview,2
youtube,inipit,1
youtube,iniquities,1
youtube,inis,3
youtube,inisip,6
youtube,init,2
youtube,initan,1
youtube,initiate,1
youtube,initiator,2
youtube,iniubos,1
youtube,iniwan,2
youtube,injection,2
youtube,injinir,2
youtube,inland,1
youtube,inner,2
youtube,innocence,1
youtube,innocent,12
youtube,innyo,2
youtube,inoforo,2
youtube,inomin,2
youtube,inoopen,1
youtube,inooverdesign,2
youtube,inosent,1
youtube,inosente,7
youtube,inprisonment,1
youtube,inprobmint,1
youtube,inquiries,2
youtube,inquiry,2
youtube,insakto,2
youtube,insert,5
youtube,insertan,2
youtube,insertion,11
youtube,insertions,4
youtube,inshaallah,2
youtube,inside,1
youtube,insik,2
youtube,insisting,1
youtube,inspect,2
youtube,inspection,3
youtube,inspectionin,1
youtube,inspector,1
youtube,inspeksyon,1
youtube,inspirational,1
youtube,inspructraction,1
youtube,instan,1
youtube,instead,13
youtube,institution,4
youtube,institutional,1
youtube,institutions,1
youtube,instraktura,1
youtube,instructed,1
youtube,instruction,1
youtube,instructora,1
youtube,instructors,1
youtube,instrument,2
youtube,insubordinztion,1
youtube,insurance,2
youtube,intawon,1
youtube,integrated,1
youtube,integrity,7
youtube,intel,1
youtube,intended,1
youtube,intense,3
youtube,intensity,4
youtube,intensyon,1
youtube,intention,1
youtube,intentionally,2
youtube,interact,1
youtube,interbyuhin,2
youtube,interconnected,2
youtube,interes,5
youtube,interesado,3
youtube,interest,6
youtube,interests,2
youtube,internal,7
youtube,international,8
youtube,internet,4
youtube,interpol,4
youtube,interpretations,2
youtube,interrogate,1
youtube,interrogation,1
youtube,intervention,1
youtube,interview,11
youtube,interviewed,1
youtube,interviewer,1
youtube,interviewhin,1
youtube,interviewing,1
youtube,intetution,2
youtube,intimidate,2
youtube,intindihin,2
youtube,intndhn,1
youtube,introvert,1
youtube,intsik,4
youtube,intu,1
youtube,inulit,1
youtube,inumpisahan,1
youtube,inuna,2
youtube,inutang,2
youtube,inutil,1
youtube,inuto,2
youtube,inutusan,2
youtube,inuubos,2
youtube,inuulit,1
youtube,inuulol,1
youtube,inuuna,9
youtube,inuurungan,1
youtube,inuutusan,1
youtube,inventisgahan,1
youtube,invest,1
youtube,investiga,3
youtube,investigasyon,1
youtube,investigate,25
youtube,investigated,2
youtube,investigatiga,1
youtube,investigating,8
youtube,investigation,26
youtube,investigations,11
youtube,investigative,2
youtube,investigator,1
youtube,investigators,2
youtube,investors,1
youtube,invetigations,2
youtube,invistagation,1
youtube,invistigasyon,1
youtube,invite,4
youtube,invited,3
youtube,invitigation,1
youtube,invoke,2
youtube,invokved,1
youtube,involve,27
youtube,involved,64
youtube,involvement,6
youtube,involvements,2
youtube,involves,6
youtube,involving,1
youtube,inyoha,1
youtube,inyong,28
youtube,inyung,2
youtube,ions,1
youtube,ipa,11
youtube,ipaanod,1
youtube,ipabalik,4
youtube,ipabasa,2
youtube,ipabitay,1
youtube,ipabura,1
youtube,ipadal,1
youtube,ipag,5
youtube,ipagamit,1
youtube,ipagawa,4
youtube,ipagbili,2
youtube,ipagdasal,3
youtube,ipagi,1
youtube,ipagkatiwala,1
youtube,ipagkukulong,1
youtube,ipaglaban,5
youtube,ipaglalaban,2
youtube,ipaglalagay,1
youtube,ipagmalaki,1
youtube,ipagsigawan,1
youtube,ipagtanggol,3
youtube,ipagtangol,4
youtube,ipagtapat,2
youtube,ipagurgur,1
youtube,ipahukay,1
youtube,ipaimbestiga,1
youtube,ipakaen,1
youtube,ipakain,3
youtube,ipakita,8
youtube,ipakolong,1
youtube,ipakulong,25
youtube,ipal,1
youtube,ipalabas,1
youtube,ipalasap,1
youtube,ipaliwanag,2
youtube,ipamigay,2
youtube,ipamukha,1
youtube,ipanakaw,1
youtube,ipangtangol,2
youtube,ipanood,1
youtube,ipapabili,1
youtube,ipapakain,1
youtube,ipapakita,1
youtube,ipapakulong,1
youtube,ipapamana,1
youtube,ipapasa,2
youtube,ipapasemento,1
youtube,ipapatawag,2
youtube,ipapatay,1
youtube,ipasa,4
youtube,ipasok,2
youtube,ipataw,2
youtube,ipatawag,8
youtube,ipatigil,1
youtube,ipatuloy,1
youtube,ipatupad,5
youtube,ipaturo,1
youtube,ipilan,1
youtube,ipilit,3
youtube,ipinaglaban,1
youtube,ipinaglalaban,3
youtube,ipinagmamalaking,1
youtube,ipinagpaalam,2
youtube,ipinagpapasa,1
youtube,ipinagtatañgol,1
youtube,ipinahayag,1
youtube,ipinaimpeach,1
youtube,ipinangako,1
youtube,ipinangakong,1
youtube,ipinanganak,1
youtube,ipinapakita,2
youtube,ipinatawag,1
youtube,ipipilit,1
youtube,ipit,1
youtube,ipitin,1
youtube,ipon,3
youtube,ipray,2
youtube,ipunin,1
youtube,ireport,1
youtube,irepresent,1
youtube,irerespeto,1
youtube,iresito,1
youtube,irespeto,1
youtube,irikta,2
youtube,ironclad,2
youtube,ironically,1
youtube,irosin,1
youtube,irrelevant,1
youtube,irresponsableng,1
youtube,irreversible,1
youtube,irrigation,1
youtube,isa,105
youtube,isa2x,1
youtube,isaac,1
youtube,isabatas,3
youtube,isabay,1
youtube,isabela,2
youtube,isabi,2
youtube,isabilla,1
youtube,isabja,1
youtube,isading,1
youtube,isagot,1
youtube,isahin,2
youtube,isaiah,2
youtube,isaisahin,1
youtube,isakay,1
youtube,isalang,5
youtube,isalba,2
youtube,isali,7
youtube,isama,25
youtube,isasabit,1
youtube,isasagawa,1
youtube,isasagot,2
youtube,isasalang,1
youtube,isasali,2
youtube,isat,1
youtube,isauli,4
youtube,isda,8
youtube,isesemento,1
youtube,ishare,1
youtube,isigaw,4
youtube,isinagaws,1
youtube,isinalaysay,1
youtube,isinama,2
youtube,isinasali,1
youtube,isinasangjot,2
youtube,isinilang,2
youtube,isiningit,1
youtube,isinisisi,3
youtube,isiniwalat,2
youtube,isinugal,2
youtube,isinukha,1
youtube,isinulat,4
youtube,isip,33
youtube,isipan,5
youtube,isipin,19
youtube,isisi,8
youtube,isisisi,2
youtube,isisiwalat,2
youtube,isispisip,1
youtube,isissieslat,2
youtube,isiwalat,7
youtube,isko,3
youtube,isla,13
youtube,island,16
youtube,islands,4
youtube,isn,5
youtube,iso,1
youtube,isol,1
youtube,isole,1
youtube,isoli,4
youtube,isosoli,2
youtube,ispalto,3
youtube,israel,3
youtube,iss,1
youtube,issuance,1
youtube,issue,56
youtube,issued,2
youtube,issues,11
youtube,ist,1
youtube,istudyante,1
youtube,isuli,2
youtube,isulong,3
youtube,isunod,2
youtube,isuot,1
youtube,isuwalat,2
youtube,isyo,1
youtube,isyu,9
youtube,isyung,2
youtube,itaas,9
youtube,itabi,2
youtube,itaga,1
youtube,itaglay,4
youtube,itago,1
youtube,itaili,1
youtube,italy,1
youtube,itanong,3
youtube,itapon,1
youtube,itatag,1
youtube,itatago,2
youtube,itatalaga,1
youtube,itatama,1
youtube,itatambak,1
youtube,itatanong,2
youtube,itatayo,2
youtube,itayo,2
youtube,item,2
youtube,itemized,2
youtube,items,1
youtube,itigil,10
youtube,itinalaga,1
youtube,itinatago,1
youtube,itinatambak,1
youtube,itinawid,1
youtube,itinayong,1
youtube,itinuloy,2
youtube,itinuro,1
youtube,itinutulak,1
youtube,ititira,2
youtube,itlog,2
youtube,itobg,1
youtube,itokhang,1
youtube,iton,3
youtube,itongmga,1
youtube,itoro,2
youtube,itoy,5
youtube,itsura,3
youtube,itturong,1
youtube,itulong,3
youtube,ituloy,6
youtube,itumba,4
youtube,ituro,5
youtube,itutulong,2
youtube,ituwid,2
youtube,iunfollow,1
youtube,iuntog,1
youtube,iuupo,1
youtube,ivideo,1
youtube,iwahig,2
youtube,iwan,3
youtube,iwanan,3
youtube,iwas,7
youtube,iyak,16
youtube,iyang,3
youtube,iyi,2
youtube,iyo,27
youtube,iyong,26
youtube,iyun,3
youtube,iyung,1
youtube,jaan,4
youtube,jablu,2
youtube,jack,2
youtube,jacket,3
youtube,jackpot,1
youtube,jacob,1
youtube,jada,1
youtube,jail,36
youtube,jailed,3
youtube,jailtime,1
youtube,jakasuhan,1
youtube,jalikasan,1
youtube,japan,19
youtube,japanese,6
youtube,jasicca,1
youtube,jaunting,1
youtube,jaycee,1
youtube,jayi,1
youtube,jaypee,2
youtube,jeep,1
youtube,jeepney,1
youtube,jeffrey,1
youtube,jenggay,2
youtube,jenggoy,2
youtube,jengoy,4
youtube,jeseca,1
youtube,jesica,9
youtube,jess,6
youtube,jessica,71
youtube,jessicca,2
youtube,jessika,1
youtube,jesu,1
youtube,jesucristo,1
youtube,jesus,47
youtube,jet,3
youtube,jets,1
youtube,jewelries,1
youtube,jews,1
youtube,jica,1
youtube,jika,1
youtube,jindi,1
youtube,jinfineyakitaeewan,1
youtube,jinggey,1
youtube,jinggoy,97
youtube,jingkot,6
youtube,jingoy,11
youtube,jinky,6
youtube,jkana,1
youtube,jmjk8,1
youtube,jml,1
youtube,job,41
youtube,jobs,4
youtube,joel,25
youtube,john,2
youtube,join,3
youtube,jojo,1
youtube,joke,9
youtube,joking,1
youtube,jollibee,2
youtube,jomar,1
youtube,jorge,2
youtube,jose,3
youtube,josel,1
youtube,joseph,4
youtube,josko,2
youtube,journalism,4
youtube,journalist,8
youtube,journalists,1
youtube,journey,1
youtube,jowil,2
youtube,joys,1
youtube,juan,6
youtube,jud,10
youtube,judas,1
youtube,judge,3
youtube,judgement,1
youtube,juiceco,1
youtube,juiceko,1
youtube,julious,1
youtube,jumpstart,1
youtube,junior,3
youtube,juntis,1
youtube,jurisdiction,2
youtube,jusko,7
youtube,juskoo,1
youtube,juskooo,1
youtube,juskoooo,1
youtube,juskopo,2
youtube,jusme,1
youtube,jusmeee,1
youtube,jusmio,2
youtube,justice,34
youtube,justices,1
youtube,justified,1
youtube,justify,1
youtube,justiis,1
youtube,justiz,1
youtube,ka6,1
youtube,kaaaa,1
youtube,kaabang,2
youtube,kaagad,12
youtube,kaalaman,3
youtube,kaalyado,11
youtube,kaalyadong,1
youtube,kaalyansa,1
youtube,kaasar,1
youtube,kaatiiwaaliiian,1
youtube,kaawa,4
youtube,kaawaan,1
youtube,kaawaawa,1
youtube,kaayo,11
youtube,kaba,5
youtube,kabababayan,2
youtube,kababain,1
youtube,kababayan,39
youtube,kababayans,2
youtube,kababyan,2
youtube,kabado,4
youtube,kabadong,2
youtube,kabaga,2
youtube,kabahan,3
youtube,kabahayan,3
youtube,kabahen,1
youtube,kabalang,1
youtube,kabalbalan,1
youtube,kabalbalang,2
youtube,kabalo,1
youtube,kaban,88
youtube,kabanayan,1
youtube,kabaong,1
youtube,kabaro,2
youtube,kabastusan,1
youtube,kabataan,7
youtube,kabayan,6
youtube,kabayaran,2
youtube,kabayo,1
youtube,kabbayn,1
youtube,kabelya,1
youtube,kabibilang,1
youtube,kabig,2
youtube,kabila,3
youtube,kabilang,6
youtube,kabilya,1
youtube,kabinipisyo,1
youtube,kabiniti,1
youtube,kabisado,4
youtube,kabli,1
youtube,kaboboto,2
youtube,kabolohan,1
youtube,kabuhay,1
youtube,kabuhayan,4
youtube,kabulastugan,2
youtube,kabundokan,2
youtube,kabundukan,8
youtube,kabus,1
youtube,kabuset,1
youtube,kabutihan,3
youtube,kabutihang,2
youtube,kabwisit,1
youtube,kada,5
youtube,kadala,1
youtube,kadaladala,3
youtube,kadalasan,1
youtube,kadamay,2
youtube,kadami2,1
youtube,kadato,1
youtube,kadedepensa,1
youtube,kademonyohan,2
youtube,kadenang,1
youtube,kadin,1
youtube,kadiri,1
youtube,kadituta,1
youtube,kaen,1
youtube,kagad,1
youtube,kagagawan,10
youtube,kagagohan,2
youtube,kagaguhan,5
youtube,kagahaman,1
youtube,kagalanggalang,2
youtube,kagamitan,1
youtube,kagandahan,2
youtube,kagawad,2
youtube,kagaya,12
youtube,kagigil,3
youtube,kaginhawaan,1
youtube,kaginhawahan,1
youtube,kagrabe,1
youtube,kagubatan,3
youtube,kaguluhan,1
youtube,kaha,1
youtube,kahalagahan,2
youtube,kahanga,2
youtube,kahangalan,1
youtube,kahantungan,1
youtube,kahapon,2
youtube,kaharap,1
youtube,kaharapin,2
youtube,kaharian,2
youtube,kahat,1
youtube,kahayupan,1
youtube,kahet,2
youtube,kahihiyan,11
youtube,kahiladman,1
youtube,kahilig,1
youtube,kahilingan,1
youtube,kahir,1
youtube,kahirapan,4
youtube,kahiya,2
youtube,kahon,2
youtube,kahoy,12
youtube,kahuy,1
youtube,kai,3
youtube,kaibahan,1
youtube,kaibigan,2
youtube,kaikaibigan,2
youtube,kaila,1
youtube,kailagan,1
youtube,kailaliman,1
youtube,kailan,23
youtube,kailang,1
youtube,kailangan,74
youtube,kailangang,6
youtube,kailanman,1
youtube,kailgan,1
youtube,kailngan,2
youtube,kain,9
youtube,kainin,1
youtube,kainis,3
youtube,kais,1
youtube,kaisa,3
youtube,kaisi,1
youtube,kaka,11
youtube,kakaawa,3
youtube,kakabakasyon,1
youtube,kakabili,2
youtube,kakaboto,1
youtube,kakagayan,1
youtube,kakaharapin,1
youtube,kakahinatnan,1
youtube,kakahiya,7
youtube,kakainin,2
youtube,kakakaisa,1
youtube,kakakoskos,2
youtube,kakalampag,1
youtube,kakalito,1
youtube,kakalungkot,1
youtube,kakamali,1
youtube,kakamipii,1
youtube,kakampi,8
youtube,kakandidato,1
youtube,kakanta,1
youtube,kakapal,27
youtube,kakapalan,1
youtube,kakapaliwanag,1
youtube,kakaperahan,1
youtube,kakapitan,1
youtube,kakasali,2
youtube,kakasihan,1
youtube,kakasohan,2
youtube,kakasuhan,4
youtube,kakatakot,1
youtube,kakatotohanan,1
youtube,kakayanin,4
youtube,kakayod,1
youtube,kakilala,2
youtube,kakilalang,1
youtube,kakistocracy,1
youtube,kakopalan,1
youtube,kakosa,2
youtube,kaksuhan,1
youtube,kakulangan,1
youtube,kakumsaba,1
youtube,kakuntsaba,2
youtube,kakupas,2
youtube,kakurakot,1
youtube,kakurapan,1
youtube,kakutsaba,4
youtube,kakuyaw,1
youtube,kakwarry,1
youtube,kakwenta,1
youtube,kala,19
youtube,kalaban,16
youtube,kalabasan,2
youtube,kalabaw,1
youtube,kaladkarin,1
youtube,kalagayan,10
youtube,kalagayang,2
youtube,kalahati,1
youtube,kalahating,1
youtube,kalahi,1
youtube,kalakalan,1
youtube,kalakaran,12
youtube,kalakarang,1
youtube,kalakarannnnn,1
youtube,kalaki,2
youtube,kalakihan,1
youtube,kalaking,1
youtube,kalakip,1
youtube,kalala,3
youtube,kalalagyan,4
youtube,kalalakihan,1
youtube,kalaliman,1
youtube,kalam,1
youtube,kalamidad,12
youtube,kalampagin,3
youtube,kalang,8
youtube,kalansing,1
youtube,kalapit,3
youtube,kalat,1
youtube,kalatoy,1
youtube,kalatoylatoy,2
youtube,kalawang,1
youtube,kalawangin,1
youtube,kalbaryo,3
youtube,kalbo,8
youtube,kalbohin,1
youtube,kalbong,4
youtube,kalbuhin,1
youtube,kaldero,1
youtube,kalerki,1
youtube,kalidad,1
youtube,kaligayan,2
youtube,kaligtasan,7
youtube,kalihim,2
youtube,kalikasan,15
youtube,kalilimutan,1
youtube,kalimot,1
youtube,kalimotan,1
youtube,kalimutan,2
youtube,kalinaw,1
youtube,kalinawan,1
youtube,kaliwat,6
youtube,kalkalubam,1
youtube,kalla,1
youtube,kalmado,1
youtube,kaloka,2
youtube,kaloko,2
youtube,kalokohan,11
youtube,kalokuhan,1
youtube,kalooban,2
youtube,kalookan,1
youtube,kalsada,34
youtube,kaltas,1
youtube,kaltasan,1
youtube,kalugod2,1
youtube,kalukuhan,3
youtube,kalulu,1
youtube,kaluluwa,19
youtube,kaluluwang,1
youtube,kalungkutan,1
youtube,kalunos,1
youtube,kaluoy,1
youtube,kalusin,1
youtube,kaluwalhatian,2
youtube,kalyado,1
youtube,kalye,3
youtube,kama,4
youtube,kamag,6
youtube,kamagank,1
youtube,kamahalan,1
youtube,kamakamag,1
youtube,kamalamalahang,1
youtube,kamalasan,2
youtube,kamali,2
youtube,kamalian,3
youtube,kamara,2
youtube,kamatayan,9
youtube,kamay,20
youtube,kamayng,1
youtube,kame,7
youtube,kamelyo,1
youtube,kamera,2
youtube,kami,79
youtube,kaming,28
youtube,kamo,5
youtube,kamonggay,1
youtube,kamot,1
youtube,kampanya,1
youtube,kampi,1
youtube,kampon,3
youtube,kamu,2
youtube,kamukha,2
youtube,kamulatan,1
youtube,kamuti,4
youtube,kan,2
youtube,kana,85
youtube,kanal,6
youtube,kanalng,1
youtube,kanan,5
youtube,kananakaw,1
youtube,kanang,7
youtube,kandautal,1
youtube,kandidato,2
youtube,kang,74
youtube,kangkongan,1
youtube,kangkongresman,1
youtube,kanilang,40
youtube,kanilng,1
youtube,kanina,3
youtube,kanino,6
youtube,kanipis,1
youtube,kaniya,3
youtube,kano,3
youtube,kanputang,1
youtube,kanq,1
youtube,kanta,4
youtube,kanto,2
youtube,kanus,2
youtube,kaoban,1
youtube,kapa,19
youtube,kapabayaan,1
youtube,kapagwala,1
youtube,kapahamakan,2
youtube,kapakanan,8
youtube,kapaki,1
youtube,kapakinabangan,1
youtube,kapal,52
youtube,kapalan,2
youtube,kapalaran,2
youtube,kapalit,9
youtube,kapalpakan,1
youtube,kapamilya,1
youtube,kapanahunan,1
youtube,kapang,3
youtube,kapangyarihan,8
youtube,kapani,5
youtube,kapanipaniwala,2
youtube,kapareha,1
youtube,kaparin,1
youtube,kaparte,1
youtube,kapartido,1
youtube,kaparusahan,1
youtube,kapasir,2
youtube,kapatawaran,2
youtube,kapated,1
youtube,kapatid,15
youtube,kapayapaan,1
youtube,kape,2
youtube,kaperahan,2
youtube,kapg,1
youtube,kapighatian,1
youtube,kapinoyans,1
youtube,kapirang,1
youtube,kapirangot,1
youtube,kapit,6
youtube,kapitan,1
youtube,kapitbahay,1
youtube,kapobre,1
youtube,kapos,2
youtube,kapoy,6
youtube,kapulisan,2
youtube,kapusakal,1
youtube,kapuson,1
youtube,kapwa,39
youtube,kara,5
youtube,karagatan,6
youtube,karakot,1
youtube,karamehan,1
youtube,karamihan,12
youtube,karampot,2
youtube,karangyaan,2
youtube,karaniwan,1
youtube,karantahan,1
youtube,karapat,4
youtube,karapatan,7
youtube,karapatang,3
youtube,karatig,2
youtube,karayom,1
youtube,karen,3
youtube,karera,1
youtube,karesperespeto,1
youtube,kareton,1
youtube,kargado,2
youtube,karin,7
youtube,karma,25
youtube,karmahin,5
youtube,karmina,2
youtube,karmoleta,2
youtube,karomatan,1
youtube,karoon,2
youtube,karsada,3
youtube,karumadumal,1
youtube,karumal,3
youtube,karun,1
youtube,karuon,1
youtube,kas,1
youtube,kasabay,1
youtube,kasabihan,1
youtube,kasabwat,47
youtube,kasagutan,2
youtube,kasagwat,1
youtube,kasakiman,19
youtube,kasakit,2
youtube,kasakitvsikang,1
youtube,kasal,2
youtube,kasalan,1
youtube,kasalanan,45
youtube,kasalanana,2
youtube,kasalananan,1
youtube,kasalann,1
youtube,kasale,1
youtube,kasali,13
youtube,kasaliman,2
youtube,kasalukuyan,3
youtube,kasalukuyang,4
youtube,kasama,79
youtube,kasamaan,9
youtube,kasamahan,8
youtube,kasamaka,1
youtube,kasamang,5
youtube,kasamaninniyo,1
youtube,kasangkot,7
youtube,kasasa,2
youtube,kasawa,1
youtube,kasaysayan,3
youtube,kasaysayang,1
youtube,kasbwat,1
youtube,kase,23
youtube,kasech,1
youtube,kasesabeneya,1
youtube,kasibaan,1
youtube,kasihan,2
youtube,kasikat,1
youtube,kasing,5
youtube,kasino,2
youtube,kasinongalinga,1
youtube,kasinongalingan,2
youtube,kasinungaling,1
youtube,kasinungalingan,24
youtube,kasiyahan,2
youtube,kaso,74
youtube,kasohan,2
youtube,kasong,2
youtube,kastto,1
youtube,kasuhan,28
youtube,kasuka,1
youtube,kasulatan,1
youtube,kasumpa,1
youtube,kasundalohan,1
youtube,kasunod,2
youtube,kaswapangan,2
youtube,kasya,6
youtube,kataastaasan,1
youtube,katabi,15
youtube,katagala,1
youtube,katahimikan,1
youtube,katakawan,3
youtube,katakot,2
youtube,katakutan,5
youtube,katalaga,1
youtube,katalino,1
youtube,katalinoan,1
youtube,katalinuhan,2
youtube,katamaran,1
youtube,katangahan,1
youtube,katanungan,3
youtube,katao,1
youtube,katapang,1
youtube,katapangan,2
youtube,katapat,1
youtube,katapatan,3
youtube,kataposan,2
youtube,katapusan,12
youtube,katapusang,3
youtube,katarantaduhan,2
youtube,katarungan,2
youtube,katatapos,1
youtube,kataungan,1
youtube,katawa,1
youtube,katawan,3
youtube,katawatawa,1
youtube,kati,1
youtube,katibay,1
youtube,katibayan,5
youtube,katigasan,1
youtube,katino,1
youtube,katipunan,1
youtube,katiwalaan,4
youtube,katiwalian,26
youtube,katiwaliang,1
youtube,katiwatiwala,1
youtube,katolad,2
youtube,katong,1
youtube,katotohan,2
youtube,katotohanan,50
youtube,katotohanang,1
youtube,katotohonan,1
youtube,katubigan,1
youtube,katulad,32
youtube,katulong,1
youtube,katunayan,2
youtube,katunayang,2
youtube,katunga,2
youtube,katungkulan,4
youtube,katuparan,1
youtube,katutsaba,2
youtube,katutuhanan,5
youtube,katuturan,2
youtube,katuwiran,1
youtube,katwiran,2
youtube,kauban,1
youtube,kaufman,2
youtube,kaugnayan,1
youtube,kaukolan,1
youtube,kaulumol,1
youtube,kaulunan,1
youtube,kaung,4
youtube,kaunting,1
youtube,kausap,13
youtube,kautal,1
youtube,kautuwaan,1
youtube,kavibes,1
youtube,kaw,8
youtube,kawala,2
youtube,kawalanghiyaan,1
youtube,kawalng,1
youtube,kawanats,2
youtube,kawang,1
youtube,kawaqa,1
youtube,kawat,4
youtube,kawatab,1
youtube,kawatan,92
youtube,kawawa,107
youtube,kawawang,25
youtube,kawayan,1
youtube,kawayanan,1
youtube,kay0,1
youtube,kay00,1
youtube,kay9,1
youtube,kayabangan,1
youtube,kayagaya,1
youtube,kayak,1
youtube,kayalang,1
youtube,kayaman,5
youtube,kayamanan,6
youtube,kayang,19
youtube,kayanin,2
youtube,kayapla,2
youtube,kayat,4
youtube,kayata,1
youtube,kaydigong,1
youtube,kaying,1
youtube,kaylan,4
youtube,kaylangan,2
youtube,kayon,2
youtube,kayong,145
youtube,kayooo,1
youtube,kayoooo,1
youtube,kayoy,1
youtube,kaysa,16
youtube,kayu,13
youtube,kayung,4
youtube,kbataan,2
youtube,kbila,2
youtube,kbilang,3
youtube,kci,2
youtube,kda,1
youtube,kdin,1
youtube,kdslaman,1
youtube,keef,1
youtube,keep,20
youtube,keeping,1
youtube,keeps,3
youtube,kelan,9
youtube,kelangan,11
youtube,kelanman,1
youtube,kena,1
youtube,kenakampehan,1
youtube,kengkoy,1
youtube,kent,2
youtube,kesa,11
youtube,keso,2
youtube,keta,1
youtube,kettle,1
youtube,key,2
youtube,kgjgjhiu,1
youtube,kgya,2
youtube,khit,20
youtube,kht,3
youtube,kiboloy,1
youtube,kibuloy,1
youtube,kick,2
youtube,kickback,6
youtube,kickbacks,5
youtube,kickout,1
youtube,kidlat,8
youtube,kidnapper,2
youtube,kids,4
youtube,kikilos,5
youtube,kikita,1
youtube,kiko,6
youtube,kila,5
youtube,kila2,1
youtube,kilabot,1
youtube,kilabutan,1
youtube,kilala,9
youtube,kilalabot,1
youtube,kilan,1
youtube,kill,3
youtube,killed,4
youtube,killer,3
youtube,kilo,1
youtube,kilometro,4
youtube,kilong,1
youtube,kilos,2
youtube,kimikbak,1
youtube,kimilos,1
youtube,kimpy,2
youtube,kin,1
youtube,kinabahan,2
youtube,kinabibilangan,2
youtube,kinabukasan,5
youtube,kinahaharap,1
youtube,kinahinatnan,2
youtube,kinaiinisan,1
youtube,kinailangan,1
youtube,kinain,3
youtube,kinaiyahan,1
youtube,kinakabahan,3
youtube,kinakabahanmay,1
youtube,kinakabshan,2
youtube,kinakaharap,1
youtube,kinakailangan,2
youtube,kinakain,9
youtube,kinakalbo,2
youtube,kinakaltas,1
youtube,kinakaltasan,1
youtube,kinakampihan,2
youtube,kinakandong,1
youtube,kinakanta,2
youtube,kinakatakotan,1
youtube,kinakatay,1
youtube,kinakausap,2
youtube,kinalaban,2
youtube,kinalalagyan,1
youtube,kinalaman,6
youtube,kinalawang,1
youtube,kinalbo,2
youtube,kinalbong,1
youtube,kinamkam,1
youtube,kinang,1
youtube,kinapos,1
youtube,kinapupuntahan,1
youtube,kinasangkutan,1
youtube,kinasasangkutan,1
youtube,kinasasuhan,1
youtube,kinaso,1
youtube,kinatatakutan,2
youtube,kinausap,4
youtube,kinauukulan,1
youtube,kinauukulang,1
youtube,kinauupuan,2
youtube,kinawat,2
youtube,kinawawa,2
youtube,kinaya,3
youtube,kind,9
youtube,kinder,2
youtube,kindergarten,1
youtube,kindi,1
youtube,kinena,1
youtube,king,7
youtube,kingdom,3
youtube,kinginang,1
youtube,kings,1
youtube,kinikilingan,5
youtube,kinikita,7
youtube,kinikunan,1
youtube,kinilingan,1
youtube,kinita,6
youtube,kinkurakot,1
youtube,kinokonsinte,1
youtube,kinokonsiti,1
youtube,kinompronta,1
youtube,kinonokontra,1
youtube,kinonsinti,1
youtube,kinorakot,4
youtube,kinsa,3
youtube,kinsay,2
youtube,kinuha,9
youtube,kinuhang,2
youtube,kinukuha,5
youtube,kinukuhanan,1
youtube,kinukunsinti,1
youtube,kinukurakot,7
youtube,kinukurap,1
youtube,kinukwestyon,1
youtube,kinulong,2
youtube,kinunsinti,1
youtube,kinupit,1
youtube,kinurakot,26
youtube,kinurap,4
youtube,kirk,1
youtube,kisa,1
youtube,kita,41
youtube,kitain,1
youtube,kitang,7
youtube,kjwentang,1
youtube,kkahiya,1
youtube,kkainin,1
youtube,kkasala,1
youtube,kkasi,2
youtube,kkasuhan,1
youtube,kkayos,1
youtube,kkhering,1
youtube,kkmpi,1
youtube,kkwento,1
youtube,kkwentuhan,2
youtube,kkwestyunin,2
youtube,klang,1
youtube,klangan,2
youtube,klaring,2
youtube,klaro,13
youtube,klarong,2
youtube,klase,4
youtube,klaseng,8
youtube,klasi,2
youtube,klept,3
youtube,kleptomania,1
youtube,kler,5
youtube,kme,5
youtube,kmi,7
youtube,kming,6
youtube,kmiws,2
youtube,kmjs,16
youtube,kmo,2
youtube,kna,25
youtube,knew,5
youtube,kng,8
youtube,knila,13
youtube,knilang,1
youtube,kning,1
youtube,knlang,1
youtube,knocking,1
youtube,know,56
youtube,knowing,11
youtube,knowledge,1
youtube,knowledgeable,2
youtube,knows,6
youtube,knowthat,1
youtube,knya,3
youtube,knyang,2
youtube,kobrador,1
youtube,koha,2
youtube,kokonti,1
youtube,kolekta,2
youtube,kolng,1
youtube,kolong,5
youtube,komain,2
youtube,komampi,1
youtube,kombinasyon,1
youtube,koment,1
youtube,komento,1
youtube,komf,1
youtube,komita,1
youtube,kompanya,2
youtube,kompiskahn,1
youtube,kompletong,1
youtube,komportable,1
youtube,kompynsacr,2
youtube,komunidad,2
youtube,kon,9
youtube,kona,1
youtube,konaybans,1
youtube,kondi,4
youtube,kondisyon,2
youtube,koneksyon,2
youtube,konektado,2
youtube,konen,1
youtube,kong,104
youtube,konggerman,1
youtube,kongmagpahingaka,1
youtube,kongresista,6
youtube,kongresistang,2
youtube,kongresman,2
youtube,kongresmen,1
youtube,kongreso,12
youtube,kongresso,1
youtube,kongreto,1
youtube,kongrisman,2
youtube,kongwalassaankalilipat,1
youtube,konra,1
youtube,konsabo,2
youtube,konsensiya,4
youtube,konsensya,21
youtube,konsensyaa,1
youtube,konsenya,3
youtube,konsyensya,1
youtube,kontento,2
youtube,konti,6
youtube,konting,8
youtube,kontra,1
youtube,kontrabida,2
youtube,kontractor,3
youtube,kontractors,1
youtube,kontraksyon,1
youtube,kontraktor,12
youtube,kontrata,4
youtube,kontratista,5
youtube,kontrolado,1
youtube,konyari,1
youtube,koo,1
youtube,koooooook,1
youtube,kooperasyon,1
youtube,kopiko,2
youtube,kopo,5
youtube,koprakot,1
youtube,kopya,10
youtube,korakot,14
youtube,korakotan,1
youtube,korap,34
youtube,korapna,1
youtube,korapsyon,30
youtube,koraption,1
youtube,korapyon,1
youtube,koratong,1
youtube,korea,7
youtube,korean,1
youtube,korina,1
youtube,korrekt,2
youtube,korte,7
youtube,korup,2
youtube,korupsyon,1
youtube,korupt,4
youtube,koruption,3
youtube,koryente,2
youtube,koryenti,1
youtube,kosakot,1
youtube,kotong,1
youtube,kotse,6
youtube,kpa,15
youtube,kpag,3
youtube,kpal,2
youtube,kpangyarihan,1
youtube,kpayapaan,1
youtube,kpg,3
youtube,kpit,1
youtube,kplit,1
youtube,kredebilidad,1
youtube,kredibilidad,2
youtube,kredibility,1
youtube,kremin,1
youtube,kridibilidad,1
youtube,krime,1
youtube,krimen,2
youtube,krimeng,1
youtube,kriminal,4
youtube,kriminals,1
youtube,kristiyano,1
youtube,kristo,1
youtube,kritiko,2
youtube,ksa,2
youtube,ksabwat,3
youtube,ksakiman,1
youtube,ksalan,2
youtube,ksama,4
youtube,ksbataan,1
youtube,kse,2
youtube,ksi,9
youtube,ksjayahan,1
youtube,ksma,3
youtube,kso,2
youtube,ksy,2
youtube,ksya,1
youtube,ksys,1
youtube,ktindi,1
youtube,ktiwalian,1
youtube,ktulad,1
youtube,kuba,4
youtube,kubaga,1
youtube,kubg,2
youtube,kubo,2
youtube,kuda,3
youtube,kudeta,1
youtube,kudi,1
youtube,kudos,5
youtube,kuenta,2
youtube,kuha,1
youtube,kuhaon,2
youtube,kuko,1
youtube,kukuha,2
youtube,kukulong,1
youtube,kukunin,3
youtube,kukurakuton,1
youtube,kukurap,3
youtube,kulang,41
youtube,kulelat,1
youtube,kulembat,2
youtube,kulera,1
youtube,kulimbat,1
youtube,kulit,6
youtube,kulitin,1
youtube,kulng,1
youtube,kulngka,1
youtube,kulo,1
youtube,kulong,64
youtube,kulongan,5
youtube,kulto,1
youtube,kultura,2
youtube,kulubot,1
youtube,kulungan,26
youtube,kulyngan,1
youtube,kumabaga,1
youtube,kumag,2
youtube,kumain,8
youtube,kumakailan,1
youtube,kumakain,5
youtube,kumakalat,3
youtube,kumakampi,1
youtube,kumalaban,1
youtube,kumandidato,1
youtube,kumanta,17
youtube,kumbaga,1
youtube,kumikilos,1
youtube,kumikitid,1
youtube,kumilos,10
youtube,kumita,4
youtube,kumitil,1
youtube,kumokolong,1
youtube,kumontra,1
youtube,kumontrata,1
youtube,kumpamyan,1
youtube,kumpanya,3
youtube,kumpara,3
youtube,kumpare,1
youtube,kumpis,1
youtube,kumpiskahin,1
youtube,kumpleto,3
youtube,kumplito,2
youtube,kumubra,1
youtube,kumuha,9
youtube,kumukha,2
youtube,kumukuha,5
youtube,kumukulo,2
youtube,kumunikasyon,1
youtube,kumunistang,1
youtube,kumurakot,2
youtube,kumusta,2
youtube,kun,2
youtube,kuna,4
youtube,kundi,37
youtube,kungay,1
youtube,kungbigyan,1
youtube,kungdi,3
youtube,kungtumataelwa,1
youtube,kunin,19
youtube,kuning,1
youtube,kuno,5
youtube,kunra,1
youtube,kunsensya,4
youtube,kunsenya,2
youtube,kunsinsya,4
youtube,kunsintidor,1
youtube,kunsyensya,1
youtube,kunti,1
youtube,kuntrabeda,2
youtube,kuntsaba,1
youtube,kunukulang,2
youtube,kunwa,1
youtube,kunwari,19
youtube,kunwaring,1
youtube,kunyari,7
youtube,kunyaring,1
youtube,kupal,2
youtube,kupas,2
youtube,kurakkt,2
youtube,kurakoot,2
youtube,kurakot,199
youtube,kurakutan,3
youtube,kuralot,1
youtube,kurap,56
youtube,kurapbabawasan,1
youtube,kuraplkot,1
youtube,kurapsion,2
youtube,kurapsiyon,1
youtube,kurapsyon,22
youtube,kurapsyun,3
youtube,kurapt,3
youtube,kurapyon,2
youtube,kuratong,6
youtube,kurbata,4
youtube,kurkot,2
youtube,kurokuro,1
youtube,kurtina,2
youtube,kuryente,2
youtube,kusa,1
youtube,kuto,2
youtube,kuwarta,1
youtube,kuwenta,3
youtube,kuwento,5
youtube,kuwintang,1
youtube,kuya,11
youtube,kuyan,1
youtube,kuyugin,2
youtube,kwakkwak,1
youtube,kwaleti,1
youtube,kwari,1
youtube,kwarta,4
youtube,kwartahan,1
youtube,kwarto,1
youtube,kwawa,1
youtube,kwawang,2
youtube,kwenta,48
youtube,kwentang,10
youtube,kwento,9
youtube,kwestyunin,3
youtube,kweto,2
youtube,kwinto,2
youtube,kwnta,1
youtube,ky0,2
youtube,kya,62
youtube,kyamanan,2
youtube,kyang,2
youtube,kyng,1
youtube,kyo,44
youtube,kyong,9
youtube,kyu,7
youtube,kyung,5
youtube,laaht,1
youtube,laan,1
youtube,laanan,1
youtube,laang,5
youtube,labag,3
youtube,laban,27
youtube,labanan,1
youtube,labas,1
youtube,labasan,3
youtube,labing,1
youtube,labir,1
youtube,labis,1
youtube,labor,8
youtube,laborer,4
youtube,laborers,1
youtube,labot,2
youtube,lacaon,1
youtube,lack,9
youtube,lacking,1
youtube,lacs,1
youtube,lacson,78
youtube,lacsona,1
youtube,lacsoncongratulation,2
youtube,lacsoncongratulion,2
youtube,ladrones,1
youtube,lady,3
youtube,lag,1
youtube,laga,2
youtube,laganap,2
youtube,lagat,1
youtube,lagay,10
youtube,lagayan,2
youtube,lage,3
youtube,lagging,1
youtube,lagi,28
youtube,lagim,2
youtube,laging,22
youtube,laglag,1
youtube,laglagan,10
youtube,lagman,1
youtube,lagot,5
youtube,lagpas,1
youtube,lagtaas,1
youtube,laguna,3
youtube,lagyan,13
youtube,lahar,1
youtube,lahatin,1
youtube,lahi,2
youtube,lahing,1
youtube,laht,2
youtube,lain,3
youtube,lakas,17
youtube,lakayen,1
youtube,laki,43
youtube,laking,2
youtube,lala,6
youtube,lalabanan,1
youtube,lalabas,8
youtube,lalagyan,1
youtube,lalake,1
youtube,lalaki,5
youtube,lalaking,4
youtube,lalala,1
youtube,lalanas,2
youtube,lalantad,2
youtube,lalaot,1
youtube,lalapwason,1
youtube,lalaruaan,2
youtube,lalawigan,4
youtube,lalay,2
youtube,lalaya,1
youtube,lalayas,1
youtube,lalayo,1
youtube,lalim,4
youtube,lalo,84
youtube,lalona,3
youtube,lalong,18
youtube,lalu,4
youtube,lalung,1
youtube,lam,2
youtube,laman,19
youtube,lamb,4
youtube,lamborghini,2
youtube,lamborgihni,1
youtube,lamesa,4
youtube,lami,1
youtube,lamia,1
youtube,lamlam,1
youtube,lamna,2
youtube,lamsng,1
youtube,lamut,1
youtube,lan,4
youtube,lana,2
youtube,land,11
youtube,landbank,3
youtube,landslide,5
youtube,landslides,1
youtube,langb,1
youtube,langg,1
youtube,langgg,1
youtube,langis,2
youtube,langit,8
youtube,langitt,1
youtube,langtakot,1
youtube,langtayong,1
youtube,language,4
youtube,langya,1
youtube,lanipga,1
youtube,lansangan,1
youtube,lantad,2
youtube,lantaran,1
youtube,lantarang,1
youtube,lao,1
youtube,lapad,3
youtube,lapastangan,1
youtube,lapid,6
youtube,lapitan,2
youtube,lapse,1
youtube,lapses,2
youtube,lara,1
youtube,larangan,1
youtube,large,5
youtube,largely,1
youtube,laro,3
youtube,laru,2
youtube,lasi,1
youtube,lasing,1
youtube,lason,4
youtube,last,14
youtube,lasting,1
youtube,lastog,2
youtube,lata,1
youtube,latakutan,2
youtube,late,6
youtube,latelive,2
youtube,lately,1
youtube,later,2
youtube,latigo,1
youtube,lato,1
youtube,latoy,1
youtube,lau,1
youtube,laugh,1
youtube,laughing,4
youtube,laughtrip,1
youtube,laundered,2
youtube,lavish,1
youtube,law,74
youtube,lawa,1
youtube,lawak,2
youtube,laway,4
youtube,lawig,1
youtube,lawmakers,8
youtube,lawmaking,1
youtube,laws,7
youtube,lawson,1
youtube,lawyer,22
youtube,lawyering,1
youtube,lawyers,4
youtube,lawyets,1
youtube,laya,4
youtube,layer,1
youtube,laying,3
youtube,laylayan,4
youtube,layo,2
youtube,lazatin,1
youtube,lbo,2
youtube,lead,2
youtube,leader,34
youtube,leaders,28
youtube,leadership,4
youtube,leaderw,1
youtube,leading,1
youtube,leads,6
youtube,leaf,1
youtube,league,1
youtube,leak,1
youtube,lean,1
youtube,learn,6
youtube,learned,2
youtube,learning,2
youtube,least,15
youtube,leave,8
youtube,leaves,2
youtube,leaving,2
youtube,lebaat,1
youtube,lebel,1
youtube,lechon,2
youtube,led,1
youtube,lee,1
youtube,leeg,7
youtube,left,6
youtube,legacy,18
youtube,legal,7
youtube,legally,3
youtube,legislate,1
youtube,legislation,5
youtube,legislative,1
youtube,legit,4
youtube,leila,1
youtube,leima,1
youtube,leksyon,1
youtube,lend,2
youtube,leni,2
youtube,leody,1
youtube,leptospirosis,4
youtube,lesencya,1
youtube,less,5
youtube,lesser,1
youtube,lesson,3
youtube,lessons,1
youtube,let,56
youtube,letanya,2
youtube,letche,2
youtube,lethal,2
youtube,lets,7
youtube,letse,2
youtube,letter,4
youtube,letting,2
youtube,level,10
youtube,levels,1
youtube,leverage,1
youtube,leyte,1
youtube,lga,2
youtube,lgay,1
youtube,lge,1
youtube,lgu,8
youtube,lha,1
youtube,lhat,15
youtube,lht,12
youtube,liability,1
youtube,liable,4
youtube,liaison,1
youtube,liar,6
youtube,liars,2
youtube,lib,4
youtube,libanan,1
youtube,libingan,1
youtube,libo,8
youtube,libong,3
youtube,libre,5
youtube,libreng,3
youtube,libro,1
youtube,license,4
youtube,licine,1
youtube,lider,4
youtube,lie,10
youtube,lier,1
youtube,lies,12
youtube,lieyer,2
youtube,life,50
youtube,lifestyle,2
youtube,lifetime,3
youtube,lifevest,1
youtube,ligalize,1
youtube,light,2
youtube,ligoy,3
youtube,ligtas,6
youtube,lihim,1
youtube,lihis,3
youtube,liig,1
youtube,liit,2
youtube,likas,2
youtube,likely,2
youtube,likes,3
youtube,likewise,2
youtube,likha,1
youtube,likod,27
youtube,lili,1
youtube,liligtas,2
youtube,lilikas,2
youtube,lilingdol,1
youtube,lilinisin,1
youtube,lilipas,1
youtube,lilipat,1
youtube,lilitisin,1
youtube,limalaki,1
youtube,limampong,2
youtube,limang,8
youtube,limasin,1
youtube,limit,1
youtube,limitahan,1
youtube,limited,2
youtube,limot,4
youtube,limpak,12
youtube,linabag,1
youtube,linaw,8
youtube,lindol,13
youtube,line,5
youtube,liner,1
youtube,lines,2
youtube,lingayen,1
youtube,linggo,4
youtube,lingkod,3
youtube,linis,2
youtube,linisin,2
youtube,linked,5
youtube,linkod,5
youtube,linolokonyo,2
youtube,linta,1
youtube,lintiii,1
youtube,lintik,1
youtube,lionel,1
youtube,lipa,2
youtube,lipana,2
youtube,lipat,5
youtube,lipunan,4
youtube,liquidation,1
youtube,lisa,1
youtube,lisanin,2
youtube,lisensiya,1
youtube,lisensy,1
youtube,lisensya,8
youtube,lisenya,1
youtube,lisincia,1
youtube,lisod,1
youtube,list,18
youtube,lista,4
youtube,listahan,3
youtube,listbsila,1
youtube,listen,3
youtube,listeners,1
youtube,listening,3
youtube,listing,1
youtube,lists,6
youtube,lisud,1
youtube,literal,2
youtube,literally,1
youtube,literature,1
youtube,litis,1
youtube,litisin,1
youtube,lito,5
youtube,litong,1
youtube,little,4
youtube,liv,14
youtube,lived,1
youtube,livelihood,1
youtube,livelihoods,1
youtube,lives,11
youtube,livestream,1
youtube,living,10
youtube,liwaliwag,1
youtube,liwanagin,2
youtube,liza,2
youtube,lkas,1
youtube,llag6an,1
youtube,llaza,1
youtube,lletsi,2
youtube,lllll,1
youtube,llsh,1
youtube,lmng,1
youtube,lngg,1
youtube,lo0,1
youtube,load,2
youtube,loan,2
youtube,loaned,2
youtube,loans,2
youtube,lobat,1
youtube,lobot,1
youtube,local,13
youtube,location,5
youtube,logar,1
youtube,logging,2
youtube,logic,2
youtube,logmok,1
youtube,loko,1
youtube,lokohan,5
youtube,lokohin,2
youtube,lola,2
youtube,lolo,2
youtube,lolokahan,1
youtube,loloko,3
youtube,lolokohan,1
youtube,lolokuhan,1
youtube,lols,2
youtube,lomotang,1
youtube,long,31
youtube,longa,2
youtube,longer,4
youtube,longstanding,1
youtube,loob,51
youtube,look,26
youtube,looked,1
youtube,looking,10
youtube,looks,1
youtube,loose,1
youtube,loots,1
youtube,looy,1
youtube,lopez,2
youtube,lord,82
youtube,lorezo,1
youtube,lorf,1
youtube,los,9
youtube,lose,1
youtube,loslos,4
youtube,losot,3
youtube,loss,2
youtube,lost,1
youtube,lot,8
youtube,lots,2
youtube,lotto,1
youtube,loud,1
youtube,louie,1
youtube,louis,1
youtube,louisiana,1
youtube,lounge,2
youtube,love,17
youtube,loveblessall,1
youtube,lovely,1
youtube,loving,4
youtube,low,6
youtube,lower,1
youtube,lowers,1
youtube,loyalist,1
youtube,loyalista,6
youtube,lozartan,1
youtube,lpaq,1
youtube,lqng,1
youtube,lto,1
youtube,lubak,2
youtube,lubhang,1
youtube,lubid,7
youtube,lubog,21
youtube,lubusan,1
youtube,lucas,1
youtube,lucia,1
youtube,lucifer,1
youtube,luck,7
youtube,lucky,3
youtube,luestro,2
youtube,lufet,1
youtube,lugakon,1
youtube,lugar,82
youtube,lugmok,3
youtube,lugur,1
youtube,luhestro,1
youtube,luho,6
youtube,luhod,1
youtube,luigar,1
youtube,luisito,2
youtube,luistre,1
youtube,luistro,48
youtube,luko,2
youtube,lukohin,1
youtube,luksa,2
youtube,luku,2
youtube,lul,1
youtube,lulamon,1
youtube,lulobog,1
youtube,lulubog,8
youtube,lulusaw,1
youtube,lulusong,1
youtube,lulusot,2
youtube,lumaban,4
youtube,lumabas,24
youtube,lumaganap,1
youtube,lumaki,5
youtube,lumala,1
youtube,lumalaban,6
youtube,lumalabas,6
youtube,lumalakad,1
youtube,lumalakas,1
youtube,lumalaki,4
youtube,lumalala,1
youtube,lumalangoy,4
youtube,lumamon,1
youtube,lumang,4
youtube,lumapit,3
youtube,lumawak,1
youtube,lumayas,5
youtube,lumayasa,1
youtube,lumie,1
youtube,lumiit,1
youtube,lumikas,2
youtube,lumilihis,1
youtube,lumindol,1
youtube,lumindul,2
youtube,lumipas,2
youtube,lumipat,2
youtube,lumitaw,3
youtube,lumo,1
youtube,lumobo,2
youtube,lumobog,1
youtube,lumotin,1
youtube,lumubog,7
youtube,lumubogbyan,1
youtube,lumubugnasana,2
youtube,lumulobog,1
youtube,lumulubo,2
youtube,lumulubog,8
youtube,lumuluha,2
youtube,lumulusot,1
youtube,lumulutang,1
youtube,lumusong,1
youtube,lumustay,1
youtube,luneta,3
youtube,lung,5
youtube,lungga,1
youtube,lungkot,14
youtube,lungsod,2
youtube,lunop,1
youtube,lunorin,1
youtube,lunos,1
youtube,luob,2
youtube,luoy,1
youtube,luoy2x,1
youtube,lupa,55
youtube,lupang,2
youtube,lupat,1
youtube,lupet,2
youtube,lupit,4
youtube,lusak,1
youtube,lusot,14
youtube,lustay,6
youtube,lustayin,2
youtube,lusubin,2
youtube,lutang,3
youtube,lutas,1
youtube,luwang,1
youtube,lux,1
youtube,luxury,16
youtube,luzon,12
youtube,lyf,1
youtube,lying,4
youtube,ma2loyan,1
youtube,maaapakan,1
youtube,maaari,3
youtube,maaaring,2
youtube,maaasahan,3
youtube,maaatim,1
youtube,maaawa,2
youtube,maaayos,1
youtube,maabotan,1
youtube,maabswelto,4
youtube,maacquit,1
youtube,maaga,2
youtube,maagap,1
youtube,maaksiyunan,1
youtube,maalis,5
youtube,maaliskayo,2
youtube,maamong,1
youtube,maangmangaan,1
youtube,maapektuhan,1
youtube,maari,1
youtube,maaring,4
youtube,maasahan,2
youtube,maatake,2
youtube,maawa,31
youtube,maawain,1
youtube,maayo,1
youtube,maayos,44
youtube,maayu,1
youtube,maayus,2
youtube,mababa,2
youtube,mababago,2
youtube,mababait,1
youtube,mababalewala,3
youtube,mababalik,3
youtube,mababang,11
youtube,mababatas,1
youtube,mababawasan,1
youtube,mababawe,1
youtube,mababawi,2
youtube,mababayaran,1
youtube,mabagal,1
youtube,mabago,2
youtube,mabaho,2
youtube,mabait,6
youtube,mabaklas,2
youtube,mabalacat,1
youtube,mabalik,2
youtube,mabanggit,2
youtube,mabangis,1
youtube,mabangongot,1
youtube,mabantayan,2
youtube,mabantot,1
youtube,mabaon,2
youtube,mabasa,2
youtube,mabawas,1
youtube,mabawasan,15
youtube,mabawi,9
youtube,mabayad,1
youtube,mabayaran,1
youtube,mabibigyan,2
youtube,mabibili,1
youtube,mabibisto,1
youtube,mabibitay,2
youtube,mabigat,7
youtube,mabigay,2
youtube,mabigyan,4
youtube,mabilang,2
youtube,mabilango,1
youtube,mabilis,8
youtube,mabilisan,1
youtube,mabisa,1
youtube,mabisang,1
youtube,mabitay,5
youtube,mabora,1
youtube,mabote,1
youtube,mabu,1
youtube,mabubuhay,1
youtube,mabubuhi,1
youtube,mabubuking,1
youtube,mabubulgar,2
youtube,mabubulilyaso,1
youtube,mabubulok,2
youtube,mabubunyag,1
youtube,mabuhat,2
youtube,mabuhay,34
youtube,mabuko,2
youtube,mabulok,1
youtube,mabulsa,2
youtube,mabungi,1
youtube,mabunyag,6
youtube,mabuo,2
youtube,mabura,2
youtube,mabusay,2
youtube,mabuti,37
youtube,mabuting,1
youtube,macabebe,2
youtube,macapagal,1
youtube,macapaggal,1
youtube,machines,1
youtube,macoconvict,1
youtube,macoleta,3
youtube,macontrol,1
youtube,macos,1
youtube,mad,1
youtube,madaanan,2
youtube,madadagdagan,1
youtube,madadala,3
youtube,madadamay,1
youtube,madadawit,1
youtube,madadaya,1
youtube,madakpan,1
youtube,madala,2
youtube,madalas,3
youtube,madaldal,2
youtube,madali,8
youtube,madalian,1
youtube,madaliin,1
youtube,madaling,11
youtube,madalit,1
youtube,madam,18
youtube,madamay,5
youtube,madame,1
youtube,madami,25
youtube,madaming,8
youtube,madanasan,1
youtube,madaraya,1
youtube,made,25
youtube,madera,1
youtube,madeup,2
youtube,madidiin,2
youtube,madiin,1
youtube,madinig,1
youtube,madisgrasya,1
youtube,madiskarte,1
youtube,madismiss,1
youtube,madre,1
youtube,madrona,1
youtube,madudukot,1
youtube,madulas,4
youtube,madumi,2
youtube,maduming,2
youtube,madyadong,1
youtube,maebalik,1
youtube,maeestroke,1
youtube,maelabas,2
youtube,maepal,1
youtube,maestermind,1
youtube,maewasan,2
youtube,mafe,2
youtube,mafia,11
youtube,mafigure,1
youtube,maga,3
youtube,magaan,1
youtube,magagalet,1
youtube,magagaling,2
youtube,magagalit,1
youtube,magagamit,2
youtube,magaganap,2
youtube,magaganda,1
youtube,magagandang,3
youtube,magagara,1
youtube,magagarang,2
youtube,magagawa,19
youtube,magaklas,1
youtube,magalang,1
youtube,magalaw,1
youtube,magalimg,2
youtube,magaling,29
youtube,magalingskayo,1
youtube,magalit,10
youtube,magalo,1
youtube,magalong,52
youtube,magamit,4
youtube,maganda,27
youtube,magandang,12
youtube,magara,1
youtube,magarang,2
youtube,magasawa,1
youtube,magasawang,1
youtube,magawa,15
youtube,magawan,2
youtube,magawang,2
youtube,magaya,1
youtube,magbabago,1
youtube,magbabayad,2
youtube,magbago,2
youtube,magbagong,2
youtube,magbalik,3
youtube,magbanat,2
youtube,magbantay,1
youtube,magbayad,15
youtube,magbbgy,1
youtube,magbenta,1
youtube,magbibintang,1
youtube,magbigay,11
youtube,magbigti,1
youtube,magbilang,2
youtube,magbili,1
youtube,magbiroy,1
youtube,magbitaw,2
youtube,magbitiw,3
youtube,magbroadcast,1
youtube,magbubumyi,1
youtube,magbuhis,1
youtube,magbukas,2
youtube,magbunganga,1
youtube,magbutuhan,2
youtube,magcolekta,1
youtube,magcorrupt,1
youtube,magdabi,1
youtube,magdahilan,1
youtube,magdala,4
youtube,magdaleno,1
youtube,magdasal,2
youtube,magdassal,1
youtube,magdecler,1
youtube,magdesesyon,2
youtube,magdesisyon,1
youtube,magdulot,3
youtube,magdusa,1
youtube,magets,1
youtube,magexpose,1
youtube,magfocus,2
youtube,maggaggawa,1
youtube,maggastos,1
youtube,maggawa,2
youtube,maghanap,5
youtube,maghanda,3
youtube,maghangan,1
youtube,maghatid,2
youtube,maghightide,1
youtube,maghihikayat,1
youtube,maghihirap,1
youtube,maghintay,1
youtube,maghirap,4
youtube,maghkano,1
youtube,maghusga,2
youtube,magic,2
youtube,magigiba,1
youtube,magiging,15
youtube,magigising,1
youtube,magimbestiga,2
youtube,magimbistiga,2
youtube,maging,76
youtube,magingat,1
youtube,maginhawang,1
youtube,maginhebit,1
youtube,maginterfere,1
youtube,magising,4
youtube,magisip,1
youtube,magisising,1
youtube,magiting,1
youtube,magka,7
youtube,magkaganyan,2
youtube,magkaintindihan,1
youtube,magkaisa,6
youtube,magkaka,4
youtube,magkakaibigan,1
youtube,magkakakutsaba,1
youtube,magkakaron,1
youtube,magkakaroon,2
youtube,magkakasabwat,4
youtube,magkakasakit,2
youtube,magkakasama,1
youtube,magkakutsaba,1
youtube,magkamali,6
youtube,magkamaling,1
youtube,magkamatayan,2
youtube,magkanda,2
youtube,magkandarapa,1
youtube,magkangmatay,1
youtube,magkano,23
youtube,magkanoyan,2
youtube,magkanu,2
youtube,magkapatid,1
youtube,magkapera,2
youtube,magkaron,2
youtube,magkaroon,10
youtube,magkasakit,3
youtube,magkasundo,1
youtube,magkatabi,2
youtube,magkatotoo,1
youtube,magkaunagyan,1
youtube,magkolaps,1
youtube,magkontrahan,1
youtube,magkumpadre,1
youtube,magkunwari,1
youtube,magla2kas,2
youtube,maglaan,1
youtube,maglagay,2
youtube,maglakas,2
youtube,maglalabas,1
youtube,maglalakas,2
youtube,maglalbs,1
youtube,magliligtas,1
youtube,maglqntad,2
youtube,magluklok,1
youtube,maglusong,1
youtube,magmahal,1
youtube,magmahalan,1
youtube,magmali,1
youtube,magmamalinis,2
youtube,magmamana,1
youtube,magmamartilyo,1
youtube,magmukang,2
youtube,magna,1
youtube,magnakaw,29
youtube,magnan,2
youtube,magnanakao,1
youtube,magnanakaw,244
youtube,magnanakawnasaloobnang,1
youtube,magnate,1
youtube,magnda,1
youtube,magno,3
youtube,magpa,6
youtube,magpagawa,2
youtube,magpaikot,1
youtube,magpakahilom,1
youtube,magpakamatay,1
youtube,magpakasasa,1
youtube,magpakatanga,1
youtube,magpakatotoo,1
youtube,magpakita,2
youtube,magpakulong,1
youtube,magpala,1
youtube,magpale,1
youtube,magpalit,1
youtube,magpaliwanag,4
youtube,magpangalan,1
youtube,magpanggap,1
youtube,magpapa,1
youtube,magpapabago,2
youtube,magpapagawa,1
youtube,magpapakandahirap,1
youtube,magpapakasasa,2
youtube,magpapakita,1
youtube,magpapalubog,3
youtube,magpapataas,1
youtube,magpapatunay,1
youtube,magparusa,2
youtube,magpasalamat,3
youtube,magpatalo,1
youtube,magpatupad,3
youtube,magpawis,1
youtube,magpayaman,2
youtube,magpinsan,1
youtube,magprosper,2
youtube,magprotesta,1
youtube,magpyansa,1
youtube,magpymn,2
youtube,magraot,1
youtube,magrarally,2
youtube,magresign,11
youtube,magsaba,2
youtube,magsabe,1
youtube,magsabi,8
youtube,magsalita,27
youtube,magsama,1
youtube,magsasabi,5
youtube,magsasabing,1
youtube,magsasaka,4
youtube,magsasakang,1
youtube,magsasalita,3
youtube,magsasama,2
youtube,magsaya,1
youtube,magseserve,1
youtube,magshabu,1
youtube,magsilbing,1
youtube,magsilipatan,1
youtube,magsimula,1
youtube,magsinungaling,3
youtube,magsipag,1
youtube,magsipagalis,1
youtube,magsipagbaba,1
youtube,magsisi,4
youtube,magsisilbi,2
youtube,magsiwalat,1
youtube,magso,1
youtube,magsorry,1
youtube,magsory,1
youtube,magsosorry,1
youtube,magsugal,1
youtube,magsugo,1
youtube,magsumite,1
youtube,magsuporta,1
youtube,magtae,1
youtube,magtagal,2
youtube,magtagalog,3
youtube,magtaka,2
youtube,magtama,1
youtube,magtanda,1
youtube,magtanim,4
youtube,magtanong,14
youtube,magtantrums,1
youtube,magtanung,1
youtube,magtapat,1
youtube,magtatagal,1
youtube,magtataka,1
youtube,magtatakipan,1
youtube,magtatanong,3
youtube,magtattanong,1
youtube,magtayo,3
youtube,magtigrabe,1
youtube,magtiis,1
youtube,magtinda,1
youtube,magtitiwala,1
youtube,magtiwala,2
youtube,magtoro,1
youtube,magtrabaho,4
youtube,magtrabho,1
youtube,magtulungan,4
youtube,magtumbas,1
youtube,magturo,2
youtube,magturuan,4
youtube,magtutulak,1
youtube,magtutuloy,1
youtube,magulang,3
youtube,magulo,5
youtube,magunaw,1
youtube,magutang,1
youtube,magwala,1
youtube,magwaldas,1
youtube,magwitness,1
youtube,magyabang,1
youtube,magyari,3
youtube,magñanakaw,1
youtube,mahaba,3
youtube,mahabagin,1
youtube,mahabang,1
youtube,mahabol,1
youtube,mahal,33
youtube,mahala,1
youtube,mahalaga,7
youtube,mahalen,1
youtube,mahalkitaneya,1
youtube,mahanap,1
youtube,maharlika,2
youtube,mahatulan,2
youtube,maherap,3
youtube,mahhirap,1
youtube,mahigit,1
youtube,mahigpit,1
youtube,mahihina,1
youtube,mahihira,1
youtube,mahihirap,33
youtube,mahihirapan,1
youtube,mahihita,1
youtube,mahihiya,1
youtube,mahihrap,1
youtube,mahilig,9
youtube,mahimbing,1
youtube,mahina,8
youtube,mahinang,6
youtube,mahindian,2
youtube,mahinto,2
youtube,mahirap,80
youtube,mahiya,47
youtube,mahrap,2
youtube,mahuanay,2
youtube,mahuhuling,1
youtube,mahuli,10
youtube,mahusay,2
youtube,maiawasang,1
youtube,maiba,1
youtube,maibabalik,3
youtube,maibalik,19
youtube,maibalita,1
youtube,maibintang,2
youtube,maiboto,1
youtube,maibuka,1
youtube,maid,1
youtube,maigi,4
youtube,maiging,1
youtube,maiharap,1
youtube,maiiba,1
youtube,maiibalik,1
youtube,maiibibigay,1
youtube,maiintindihan,1
youtube,maiiwan,2
youtube,mailand,1
youtube,mailigtas,2
youtube,mailipat,1
youtube,maimbestegahan,1
youtube,maimbestigahan,5
youtube,maimbistigahan,2
youtube,maimpeach,2
youtube,maimpluwencia,2
youtube,main,9
youtube,mainam,1
youtube,maine,2
youtube,maingay,1
youtube,mainit,5
youtube,mainland,3
youtube,mainly,4
youtube,mainstream,4
youtube,maintenance,1
youtube,mainterview,2
youtube,maintindihan,6
youtube,mainvestigate,1
youtube,maipakulong,3
youtube,maipaliwanag,1
youtube,maipalusot,1
youtube,maiparating,2
youtube,maipasa,2
youtube,maipatayo,1
youtube,maipit,2
youtube,maisaayos,1
youtube,maisali,3
youtube,maisama,3
youtube,maisasalba,1
youtube,maisip,2
youtube,maisipan,1
youtube,maisiwalat,2
youtube,maisplice,1
youtube,maisulong,2
youtube,maitago,1
youtube,maitapon,1
youtube,maitatago,1
youtube,maitilong,1
youtube,maitindihan,1
youtube,maituloy,2
youtube,maituro,2
youtube,maituturo,1
youtube,maivalita,1
youtube,maiwan,2
youtube,maiwasan,6
youtube,maiwasanga,1
youtube,maiwsan,1
youtube,maiyak,1
youtube,major,6
youtube,majority,6
youtube,maka,25
youtube,makaabot,2
youtube,makaahon,1
youtube,makaalis,1
youtube,makabangon,3
youtube,makabawi,3
youtube,makabayad,2
youtube,makabayan,6
youtube,makabigkas,2
youtube,makabili,3
youtube,makabuo,1
youtube,makadahilanang,1
youtube,makagagawa,1
youtube,makagago,1
youtube,makagawa,1
youtube,makahanap,1
youtube,makaharap,1
youtube,makahawak,1
youtube,makahinda,1
youtube,makain,7
youtube,makaintimdi,1
youtube,makaintindi,2
youtube,makainvest,1
youtube,makaka,5
youtube,makakaaalam,1
youtube,makakagalaw,1
youtube,makakahelp,1
youtube,makakain,5
youtube,makakaitindi,1
youtube,makakaiwas,1
youtube,makakalaya,7
youtube,makakaligtas,1
youtube,makakalimutam,2
youtube,makakalusot,2
youtube,makakapag,2
youtube,makakapal,5
youtube,makakapasok,1
youtube,makakaranas,1
youtube,makakarating,2
youtube,makakarma,1
youtube,makakasuhan,2
youtube,makakatakbo,2
youtube,makakatulog,1
youtube,makakatulong,5
youtube,makakausap,1
youtube,makakauwi,2
youtube,makakita,1
youtube,makaknakaw,1
youtube,makakuha,4
youtube,makalaban,2
youtube,makalabas,3
youtube,makalabaw,1
youtube,makalaya,2
youtube,makalbo,1
youtube,makalimutan,4
youtube,makalipat,2
youtube,makalkal,2
youtube,makaloto,1
youtube,makalusot,5
youtube,makamit,1
youtube,makamura,1
youtube,makapag,12
youtube,makapagmulti,1
youtube,makapagnakaw,1
youtube,makapagpadala,1
youtube,makapagpatayo,1
youtube,makapagsasabi,1
youtube,makapagtago,1
youtube,makapal,3
youtube,makapangurakot,1
youtube,makapangyarihan,3
youtube,makapaniwala,3
youtube,makapanloko,1
youtube,makapasok,9
youtube,makapatay,2
youtube,makapit,2
youtube,makapwesto,2
youtube,makaranas,3
youtube,makarating,3
youtube,makarma,4
youtube,makasagasa,1
youtube,makasagot,7
youtube,makasalan,1
youtube,makasalanan,1
youtube,makasarili,3
youtube,makasuhan,9
youtube,makatakas,3
youtube,makatakbo,1
youtube,makatanggsl,1
youtube,makatao,2
youtube,makatarungan,1
youtube,makati,1
youtube,makatingin,9
youtube,makatulo,1
youtube,makatulog,1
youtube,makatulong,5
youtube,makatylong,2
youtube,makaupo,1
youtube,makauwi,2
youtube,makawala,1
youtube,makaya,1
youtube,make,17
youtube,maker,1
youtube,makers,1
youtube,makialam,1
youtube,makibaka,1
youtube,makig,2
youtube,makikinabang,2
youtube,makikinig,2
youtube,makikipag,1
youtube,makikisama,1
youtube,makikita,14
youtube,makikitang,2
youtube,makilala,2
youtube,makilomg,1
youtube,makinabang,2
youtube,making,9
youtube,makinig,5
youtube,makipag,2
youtube,makipagcoordinate,1
youtube,makisama,1
youtube,makisawsaw,1
youtube,makita,19
youtube,makitang,1
youtube,makitid,1
youtube,makkarating,1
youtube,makkita,1
youtube,makkorakot,1
youtube,makobeta,1
youtube,makokolekta,1
youtube,makokolong,3
youtube,makolet,1
youtube,makoleta,2
youtube,makolong,5
youtube,makonsensiya,2
youtube,makonsensya,10
youtube,makonsya,1
youtube,makoy,1
youtube,maku,1
youtube,makuha,9
youtube,makukoha,1
youtube,makukong,1
youtube,makukuha,1
youtube,makukuhang,1
youtube,makukulong,46
youtube,makuletttka,1
youtube,makulit,3
youtube,makulita,1
youtube,makulong,89
youtube,makululong,2
youtube,makumbinsi,1
youtube,makunse,2
youtube,makunsensya,1
youtube,makuntento,2
youtube,makurakot,3
youtube,makurakut,1
youtube,makuyog,2
youtube,malabanan,1
youtube,malabo,3
youtube,malabon,4
youtube,malabong,1
youtube,malacanan,1
youtube,malacanang,4
youtube,malacanian,1
youtube,malacaniang,1
youtube,malacanyang,5
youtube,malacañang,2
youtube,malacsnang,1
youtube,malagay,1
youtube,malaglag,2
youtube,malakanyang,13
youtube,malakas,6
youtube,malaki,15
youtube,malakihan,2
youtube,malakihang,3
youtube,malaking,41
youtube,malakinpa,1
youtube,malala,5
youtube,malalakararan,1
youtube,malalakas,3
youtube,malalaki,4
youtube,malalaking,21
youtube,malalaman,8
youtube,malalambot,1
youtube,malalang,2
youtube,malalim,5
youtube,malalo,1
youtube,malaman,26
youtube,malamang,16
youtube,malambit,1
youtube,malambot,1
youtube,malamig,3
youtube,malamng,1
youtube,malang,1
youtube,malantad,1
youtube,malapit,15
youtube,malapiy,1
youtube,malasakit,11
youtube,malau,1
youtube,malawak,6
youtube,malawakan,1
youtube,malawakang,1
youtube,malay,1
youtube,malaya,6
youtube,malayang,2
youtube,malayo,3
youtube,malayong,1
youtube,malaysia,1
youtube,maldicion,1
youtube,male,1
youtube,maleta,3
youtube,mali,55
youtube,maliban,2
youtube,malibu,1
youtube,maligoy,1
youtube,maligtas,5
youtube,malihis,3
youtube,maliit,11
youtube,malikigayang,1
youtube,maliliit,7
youtube,malilimutan,1
youtube,malilinis,3
youtube,malilipatan,1
youtube,malinaw,26
youtube,maling,14
youtube,malingaw,1
youtube,malinis,13
youtube,malinisan,2
youtube,malinlang,1
youtube,malinow,1
youtube,malipat,1
youtube,malipatam,1
youtube,malita,2
youtube,maliwanag,14
youtube,maliwanagan,4
youtube,malkas,2
youtube,mall,2
youtube,mallubog,1
youtube,maloloko,3
youtube,malolos,4
youtube,malolubog,1
youtube,malou,1
youtube,malubha,2
youtube,maluha,1
youtube,malulungkot,2
youtube,malulunod,1
youtube,malumanay,2
youtube,malun0d,1
youtube,malungkot,5
youtube,malunod,7
youtube,malupit,2
youtube,malustay,1
youtube,malusutan,1
youtube,malversation,2
youtube,mamadali,2
youtube,mamahal,5
youtube,mamalilis,1
youtube,mamalinis,1
youtube,mamamahala,1
youtube,mamamatay,7
youtube,mamamayan,28
youtube,mamamayang,5
youtube,mamamayans,1
youtube,mamando,1
youtube,mamangmaangan,1
youtube,mamantala,1
youtube,mamartilyohin,1
youtube,mamarunong,2
youtube,mamatai,1
youtube,mamatay,50
youtube,mamaya,2
youtube,mamayan,13
youtube,mamayanan,2
youtube,mamayang,8
youtube,mambabatas,12
youtube,mambatas,1
youtube,mambubudol,2
youtube,mambudol,1
youtube,mamdarambong,1
youtube,mamen,1
youtube,mamg,1
youtube,mamga,8
youtube,mami,1
youtube,mamihasa,2
youtube,mamiligro,1
youtube,maminaw,1
youtube,mammayan,1
youtube,mamuhanan,1
youtube,mamuhay,1
youtube,mamuno,3
youtube,mana,4
youtube,managed,2
youtube,management,4
youtube,manager,6
youtube,managit,2
youtube,managot,56
youtube,managut,1
youtube,manaha,1
youtube,manahimik,1
youtube,manakaw,3
youtube,manakot,1
youtube,manaksak,1
youtube,manalangin,2
youtube,manalig,1
youtube,manalita,1
youtube,manalo,7
youtube,mananagot,13
youtube,mananagut,4
youtube,mananahimik,2
youtube,mananaig,5
youtube,mananakaw,5
youtube,mananakawan,1
youtube,mananakoy,1
youtube,mananalaw,1
youtube,mananalo,4
youtube,mananalu,1
youtube,mananatili,1
youtube,manang,3
youtube,manatili,1
youtube,mandarambong,5
youtube,mandating,1
youtube,mandatory,3
youtube,mandaue,1
youtube,mando,2
youtube,manduruga,1
youtube,mandurugas,2
youtube,mang,18
youtube,manga,18
youtube,mangagamit,2
youtube,mangagawa,1
youtube,mangagawang,1
youtube,mangahas,1
youtube,mangakuralkoy,1
youtube,mangalaga,1
youtube,mangamatay,3
youtube,manganganib,2
youtube,mangangasiwa,1
youtube,mangawat,2
youtube,mangga,1
youtube,manggagawa,8
youtube,manggawa,1
youtube,manggrob,1
youtube,manghearing,1
youtube,manghilabot,2
youtube,manghinayang,1
youtube,manghingi,2
youtube,manghiram,1
youtube,mangibang,1
youtube,mangikil,1
youtube,mangipapiilit,1
youtube,mangipin,1
youtube,mangisda,1
youtube,mangisdskung,1
youtube,mangiyak,1
youtube,mangkulekta,4
youtube,mangmang,6
youtube,mangnakaw,1
youtube,mangnanakaw,2
youtube,mango,1
youtube,mangolecta,1
youtube,mangopya,2
youtube,mangorakot,3
youtube,mangotong,1
youtube,mangroves,2
youtube,mangryayari,1
youtube,mangtanom,1
youtube,mangulo,1
youtube,mangungurakot,1
youtube,manguntrata,1
youtube,mangurakot,12
youtube,mangurap,2
youtube,mangutang,2
youtube,mangyare,4
youtube,mangyari,15
youtube,mangyaya,1
youtube,mangyayare,2
youtube,mangyayari,35
youtube,mangyqyari,1
youtube,manhood,1
youtube,manhunt,1
youtube,manila,17
youtube,manilip,2
youtube,manindigan,1
youtube,maningil,3
youtube,maninindigan,1
youtube,maniniwala,16
youtube,maniobra,1
youtube,manipis,2
youtube,manipulate,1
youtube,manipulative,3
youtube,manipulators,1
youtube,manirahan,1
youtube,manisi,1
youtube,maniwala,30
youtube,maniwla,3
youtube,manlang,9
youtube,manlng,1
youtube,manloko,1
youtube,manloloko,2
youtube,manlolokong,1
youtube,manluluko,1
youtube,mannaig,1
youtube,manngurakot,1
youtube,mannix,1
youtube,manok,2
youtube,manongkolan,1
youtube,manood,6
youtube,manpower,3
youtube,mansion,3
youtube,mansions,3
youtube,manslaughter,1
youtube,mansnalong,1
youtube,mansyon,1
youtube,mantala,2
youtube,mantika,1
youtube,manual,1
youtube,manuel,1
youtube,manupula,1
youtube,manuud,1
youtube,many,43
youtube,manyari,2
youtube,manyayari,2
youtube,mao,6
youtube,maoy,2
youtube,map,2
youtube,mapa,5
youtube,mapaamin,2
youtube,mapaapmura,1
youtube,mapabagsak,1
youtube,mapabuti,1
youtube,mapagawa,3
youtube,mapaggawa,2
youtube,mapagkakatiwalaan,2
youtube,mapagkasya,1
youtube,mapagkatiwalaan,1
youtube,mapagmatyag,2
youtube,mapagmhal,1
youtube,mapagpalang,2
youtube,mapagsamantala,5
youtube,mapagtakpan,4
youtube,mapagtiis,1
youtube,mapagtuloy,1
youtube,mapagtuunan,1
youtube,mapahinga,1
youtube,mapaikot,2
youtube,mapakali,2
youtube,mapakinabangan,2
youtube,mapakinggan,1
youtube,mapakita,1
youtube,mapakulong,2
youtube,mapalabas,1
youtube,mapalad,1
youtube,mapalitan,1
youtube,mapalugi,1
youtube,mapamarisan,1
youtube,mapanagot,9
youtube,mapangahas,1
youtube,mapanirang,1
youtube,mapanlamang,1
youtube,mapanlinglang,2
youtube,mapanood,2
youtube,mapansin,5
youtube,mapanuod,1
youtube,mapanuri,1
youtube,mapapa,3
youtube,mapapabilis,1
youtube,mapapakinabangan,4
youtube,mapapako,1
youtube,mapapala,1
youtube,mapapalabas,1
youtube,mapapalitan,1
youtube,mapapamura,4
youtube,mapapanagot,3
youtube,mapapaniwala,1
youtube,mapaparusahan,1
youtube,mapaparusahang,1
youtube,mapapatunayan,3
youtube,mapara,1
youtube,maparusahan,13
youtube,maparushan,1
youtube,mapasa,3
youtube,mapasok,3
youtube,mapasuko,1
youtube,mapatalsik,1
youtube,mapatawad,4
youtube,mapatawag,4
youtube,mapatay,5
youtube,mapatinayan,1
youtube,mapatunatan,1
youtube,mapatunayan,4
youtube,mapatunayang,1
youtube,mapatupad,1
youtube,mapatutungohan,1
youtube,mapauwi,2
youtube,mapepera,1
youtube,mapgmatyag,1
youtube,mapigilan,1
youtube,mapili,1
youtube,mapilitan,2
youtube,mapipintasan,1
youtube,maplaflatten,1
youtube,mapoint,1
youtube,mapoproyetahan,2
youtube,mappanagot,1
youtube,maprotektahan,3
youtube,mapunan,1
youtube,mapunta,4
youtube,mapuntahan,3
youtube,mapupuno,1
youtube,mapupunta,1
youtube,mapupuntahan,1
youtube,mapupura,1
youtube,mapuputukan,1
youtube,maq,1
youtube,marahas,2
youtube,marahil,2
youtube,maralita,3
youtube,maramdaman,2
youtube,marameng,1
youtube,marami,55
youtube,maraming,90
youtube,maramingsaoanay,1
youtube,maramu,2
youtube,maranasan,3
youtube,marangal,4
youtube,marangya,1
youtube,maranhal,1
youtube,maraning,1
youtube,marapat,1
youtube,marating,1
youtube,marble,1
youtube,marc0leta,1
youtube,marcbeta,2
youtube,marcelta,1
youtube,marco,10
youtube,marcobeta,18
youtube,marcobita,1
youtube,marcolang,1
youtube,marcole,1
youtube,marcolecta,1
youtube,marcolekta,4
youtube,marcoleta,296
youtube,marcoletakke,1
youtube,marcolete,1
youtube,marcoleters,1
youtube,marcolets,2
youtube,marcolit,1
youtube,marcolita,29
youtube,marcolitainc,1
youtube,marcolits,1
youtube,marcolta,1
youtube,marcos,132
youtube,marcoses,1
youtube,marcotraicionero,1
youtube,marcoz,1
youtube,marcubeta,4
youtube,marculeta,4
youtube,marculeya,1
youtube,marculita,2
youtube,marculitta,1
youtube,marcus,1
youtube,marcy,1
youtube,marelocate,1
youtube,marepeat,1
youtube,maresolba,1
youtube,margarita,1
youtube,marginalized,2
youtube,marijuana,1
youtube,marikina,2
youtube,marilao,1
youtube,marinduque,1
youtube,marine,4
youtube,marines,6
youtube,marinig,4
youtube,marining,2
youtube,mario,2
youtube,maririnig,1
youtube,marites,5
youtube,marivic,1
youtube,mark,5
youtube,market,3
youtube,markit,1
youtube,markobeta,1
youtube,markolekta,7
youtube,markoleta,1
youtube,markoletasahearing,1
youtube,markolikta,2
youtube,markoz,1
youtube,marks,1
youtube,markubeta,13
youtube,markulekta,2
youtube,markuletttttt,1
youtube,markulita,3
youtube,markuryente,2
youtube,markus,1
youtube,marlenebrillserna,1
youtube,marmaleta,2
youtube,marolita,2
youtube,maron,2
youtube,mars,1
youtube,marsh,1
youtube,marshes,1
youtube,marten,1
youtube,marteyoha,1
youtube,martial,6
youtube,martilyo,4
youtube,martilyohon,2
youtube,martilyuhin,2
youtube,martin,61
youtube,martine,2
youtube,martinromualdez,1
youtube,martires,4
youtube,martirez,1
youtube,marumi,1
youtube,marunong,14
youtube,marvin,1
youtube,marvoleta,2
youtube,marvos,1
youtube,marygrace,1
youtube,maryosep,2
youtube,masa,3
youtube,masabi,4
youtube,masabihan,1
youtube,masabihin,1
youtube,masabilis,1
youtube,masabing,1
youtube,masado,1
youtube,masagot,6
youtube,masahol,2
youtube,masakit,4
youtube,masaksihan,1
youtube,masakyan,1
youtube,masalang,1
youtube,masalita,1
youtube,masama,14
youtube,masamang,10
youtube,masampahan,1
youtube,masampolan,2
youtube,masampulan,1
youtube,masang,3
youtube,masangkot,2
youtube,masantol,2
youtube,masarap,5
youtube,masasabe,1
youtube,masasabi,14
youtube,masasagasaan,1
youtube,masasagot,1
youtube,masasaktan,2
youtube,masasalanta,1
youtube,masasama,2
youtube,masasamang,1
youtube,masasandalan,1
youtube,masasangkot,1
youtube,masasarap,5
youtube,masasayang,2
youtube,masauli,2
youtube,masawata,1
youtube,masaya,9
youtube,masayahin,2
youtube,masayang,3
youtube,masbate,1
youtube,mashol,2
youtube,masibang,1
youtube,masigot,1
youtube,masilaw,1
youtube,masilip,1
youtube,masimulan,1
youtube,masipag,1
youtube,masira,2
youtube,masisi,2
youtube,masisiba,2
youtube,masisibak,2
youtube,masisilaw,1
youtube,masisira,1
youtube,masiyahan,1
youtube,maski,4
youtube,masmalawak,1
youtube,masmaraming,1
youtube,maso,1
youtube,masochistic,1
youtube,masolusyonan,1
youtube,masolusyunan,2
youtube,mason,2
youtube,masses,1
youtube,massilip,1
youtube,massive,3
youtube,mastemind,1
youtube,master,11
youtube,mastermind,39
youtube,masterminds,1
youtube,masturmind,1
youtube,masugid,1
youtube,masugpo,3
youtube,masunod,1
youtube,masunog,1
youtube,masure,1
youtube,masusukol,1
youtube,masusunod,1
youtube,masuwerte,1
youtube,masyado,20
youtube,masyadong,15
youtube,masydong,1
youtube,mat,1
youtube,mata,11
youtube,mataas,24
youtube,matabil,2
youtube,matagal,31
youtube,matagalang,1
youtube,matagot,2
youtube,matai,1
youtube,matakaw,2
youtube,matakit,1
youtube,matakot,36
youtube,matakpan,1
youtube,matakut,1
youtube,matali,1
youtube,matalino,14
youtube,matalinong,3
youtube,matalot,1
youtube,matamaan,2
youtube,matambakan,2
youtube,matami,1
youtube,matamis,1
youtube,matanda,4
youtube,matandang,3
youtube,matanggal,3
youtube,mataohan,1
youtube,matapang,12
youtube,matapos,30
youtube,matataas,9
youtube,matatakasan,1
youtube,matatakaw,5
youtube,matatakot,2
youtube,matatakotwhat,1
youtube,matatalino,4
youtube,matatalinong,2
youtube,matatamaan,1
youtube,matatamis,1
youtube,matatanda,1
youtube,matatandang,1
youtube,matatanggal,1
youtube,matatapang,1
youtube,matatapat,2
youtube,matatapos,18
youtube,matauhan,3
youtube,matay,2
youtube,matayakaw,1
youtube,matayuan,1
youtube,matenong,1
youtube,mateo,1
youtube,material,2
youtube,materiales,2
youtube,materialis,1
youtube,materials,6
youtube,maternity,2
youtube,materyales,2
youtube,math,2
youtube,mathematically,1
youtube,matibay,13
youtube,matic,2
youtube,matigas,2
youtube,matigil,6
youtube,matimatija,1
youtube,matimbang,2
youtube,matindi,7
youtube,matinding,3
youtube,mating,1
youtube,matingding,1
youtube,matinik,1
youtube,matino,7
youtube,matinong,8
youtube,matira,2
youtube,matirang,2
youtube,matitibag,1
youtube,matitibay,3
youtube,matitigil,1
youtube,matitikman,1
youtube,matitinong,4
youtube,matitira,4
youtube,matogonan,1
youtube,matombok,2
youtube,mator,1
youtube,matotoo,1
youtube,matrial,1
youtube,mattaas,1
youtube,matter,6
youtube,matters,1
youtube,matthew,2
youtube,mattpos,2
youtube,matubig,4
youtube,matugunan,1
youtube,matuklasan,2
youtube,matukoy,1
youtube,matulad,3
youtube,matuldukan,1
youtube,matuliq,1
youtube,matulog,1
youtube,matulogan,2
youtube,matuloy,2
youtube,matulungan,7
youtube,matuluyan,1
youtube,matupad,2
youtube,matuto,10
youtube,matutulog,1
youtube,matutulungan,1
youtube,matutumbok,1
youtube,matutunaw,3
youtube,matututuhsn,1
youtube,matuyo,1
youtube,matyugi,2
youtube,mau,1
youtube,maubos,5
youtube,maulit,3
youtube,maungkat,1
youtube,maunlad,4
youtube,maupo,1
youtube,maupong,1
youtube,mausoleum,1
youtube,mauubos,3
youtube,mauulit,6
youtube,mauuna,1
youtube,mauuwi,1
youtube,mauwi,2
youtube,mawala,30
youtube,mawalan,2
youtube,mawalana,1
youtube,mawalang,2
youtube,mawalay,1
youtube,mawawala,4
youtube,mawawalan,2
youtube,mawawla,3
youtube,mawiwindan,1
youtube,max,3
youtube,maxado,1
youtube,maximo,1
youtube,maximum,1
youtube,maxx,2
youtube,maya,4
youtube,mayabang,1
youtube,mayaman,28
youtube,mayamanin,1
youtube,mayamankasi,1
youtube,mayan,1
youtube,mayayabang,1
youtube,mayayaman,7
youtube,mayayamang,1
youtube,maybe,9
youtube,mayg,1
youtube,mayiha,1
youtube,maykasalanan,2
youtube,maykaya,1
youtube,maylag,1
youtube,maylasakit,1
youtube,maynakaugaliaan,1
youtube,maynila,3
youtube,maynilapbbm,1
youtube,mayon,1
youtube,mayor,92
youtube,mayors,11
youtube,maypagmamahal,1
youtube,mayron,3
youtube,mayroong,4
youtube,mayyos,1
youtube,mañana,1
youtube,mbatang,1
youtube,mbawi,1
youtube,mbuti,1
youtube,mdam,1
youtube,mdiin,2
youtube,mean,9
youtube,meaning,4
youtube,meaningful,1
youtube,means,11
youtube,measure,1
youtube,measurement,1
youtube,measures,3
youtube,measuring,4
youtube,media,30
youtube,medical,5
youtube,medium,1
youtube,medya,2
youtube,medyas,1
youtube,medyo,4
youtube,meeeeeeeen,1
youtube,meeting,4
youtube,meetings,1
youtube,mega,2
youtube,mekus,2
youtube,mema,3
youtube,member,4
youtube,members,10
youtube,membership,1
youtube,meme,3
youtube,memeltdown,1
youtube,memory,1
youtube,men,4
youtube,menace,1
youtube,mendiola,1
youtube,mendoza,16
youtube,menistro,1
youtube,menora,1
youtube,mensaheng,1
youtube,mentally,4
youtube,mention,12
youtube,mentioned,7
youtube,mentioning,1
youtube,mentions,1
youtube,mepuso,1
youtube,meralco,2
youtube,meralcoletta,1
youtube,mercoleta,2
youtube,mercy,2
youtube,mere,1
youtube,meriam,2
youtube,mero,2
youtube,meron,61
youtube,merong,6
youtube,merun,3
youtube,mesa,1
youtube,meser,1
youtube,mess,2
youtube,message,2
youtube,messages,1
youtube,messiah,1
youtube,metal,1
youtube,metathron,2
youtube,meters,1
youtube,meting,1
youtube,metro,7
youtube,mey,2
youtube,mfa,3
youtube,mgaibinoto,1
youtube,mgakakaswabwat,1
youtube,mgakapal,8
youtube,mgakurakot,1
youtube,mgalit,1
youtube,mgamukhang,1
youtube,mganasa,1
youtube,mganda,3
youtube,mgapili,2
youtube,mgapolitiko,1
youtube,mgayayari,2
youtube,mgbabayad,1
youtube,mgbayad,1
youtube,mgdedecide,1
youtube,mggwa,1
youtube,mghandle,1
youtube,mgkalapit,1
youtube,mgkapera,1
youtube,mgkruon,1
youtube,mgkwento,2
youtube,mgnakaw,2
youtube,mgnanakaw,7
youtube,mgnanakw,1
youtube,mgnda,3
youtube,mgnnakaw,2
youtube,mgnnkw,1
youtube,mgpaatayan,1
youtube,mgq,1
youtube,mgsalita,2
youtube,mgspluk,2
youtube,mgtagal,1
youtube,mgtrabaho,1
youtube,mha,2
youtube,mhigpit,1
youtube,mhiya,1
youtube,mia,1
youtube,michael,4
youtube,mid,1
youtube,middleman,1
youtube,mideast,1
youtube,midia,3
youtube,midle,1
youtube,midwest,1
youtube,miembro,2
youtube,mieyembro,1
youtube,might,3
youtube,mighty,2
youtube,miguel,1
youtube,mike,1
youtube,milagro,1
youtube,militant,1
youtube,militar,2
youtube,military,1
youtube,mill,1
youtube,million,49
youtube,millionaire,2
youtube,millionaires,1
youtube,milliones,3
youtube,millions,24
youtube,millon,2
youtube,milyo,1
youtube,milyon,21
youtube,milyones,3
youtube,milyong,5
youtube,milyons,1
youtube,minabuti,1
youtube,minadali,1
youtube,minahal,4
youtube,minahan,2
youtube,minalas,1
youtube,minaliit,1
youtube,minamadali,1
youtube,minamagic,1
youtube,minamandohan,2
youtube,mind,15
youtube,mindanao,16
youtube,minded,2
youtube,mindfully,1
youtube,mindoro,6
youtube,minds,2
youtube,mindset,5
youtube,mine,1
youtube,minemenos,1
youtube,miners,1
youtube,minimize,1
youtube,minimized,2
youtube,minimum,1
youtube,mining,8
youtube,minings,2
youtube,minion,1
youtube,minister,1
youtube,minor,1
youtube,minority,6
youtube,mins,2
youtube,minsa,1
youtube,minsan,8
youtube,minulto,1
youtube,minumungkahi,1
youtube,minumura,1
youtube,minumutya,1
youtube,minus,1
youtube,minutes,3
youtube,miranda,1
youtube,miriam,4
youtube,miron,1
youtube,misamis,1
youtube,miser,1
youtube,miserable,1
youtube,misery,3
youtube,misguide,1
youtube,misinformation,1
youtube,misis,4
youtube,misleading,1
youtube,mismo,34
youtube,mismoang,1
youtube,mismong,12
youtube,mismu,1
youtube,miss,16
youtube,missed,1
youtube,missing,3
youtube,mission,1
youtube,mistake,2
youtube,mistakes,1
youtube,mistizong,1
youtube,mistresses,1
youtube,mit,2
youtube,mitigate,1
youtube,mitigation,2
youtube,miva,1
youtube,mixing,1
youtube,mizmo,1
youtube,mjm,1
youtube,mka,4
youtube,mkahawak,1
youtube,mkakagalaw,1
youtube,mkakatulong,1
youtube,mkarating,1
youtube,mkasagot,1
youtube,mkasarili,2
youtube,mkasohan,1
youtube,mkatapos,2
youtube,mkatikim,1
youtube,mkg,2
youtube,mkgkitaboying,2
youtube,mkita,4
youtube,mkkulong,3
youtube,mklong,2
youtube,mkpagppatsyo,1
youtube,mkpg,1
youtube,mkpgtanong,1
youtube,mkukulong,2
youtube,mkulong,1
youtube,mlaman,2
youtube,mlayo,1
youtube,mli,1
youtube,mlinis,1
youtube,mlkas,1
youtube,mlki,2
youtube,mllman,1
youtube,mlman,1
youtube,mlmn,1
youtube,mloho,1
youtube,mlungkot,2
youtube,mlunod,1
youtube,mmamayan,1
youtube,mmatay,1
youtube,mmayan,1
youtube,mmhalin,2
youtube,mmm,8
youtube,mmmayan,2
youtube,mmmjn,1
youtube,mmmyan,1
youtube,mmmyang,1
youtube,mmtay,1
youtube,mmyan,2
youtube,mnagot,1
youtube,mnalo,1
youtube,mnga,3
youtube,mngulikta,1
youtube,mniwala,1
youtube,moa,3
youtube,moah,1
youtube,mobilize,2
youtube,mockha,8
youtube,mockhang,8
youtube,mode,1
youtube,model,2
youtube,modern,2
youtube,modernization,1
youtube,modernized,1
youtube,modmod,1
youtube,modus,2
youtube,mog,3
youtube,moh,1
youtube,mohalatang,2
youtube,moka,1
youtube,mokha,6
youtube,molang,2
youtube,mole,1
youtube,mom,1
youtube,moment,4
youtube,momg,1
youtube,momoy,1
youtube,mon,1
youtube,mona,8
youtube,monalang,1
youtube,monang,1
youtube,monday,1
youtube,mondo,3
youtube,money,71
youtube,mongoloids,1
youtube,mongoloy,1
youtube,monies,2
youtube,monitor,2
youtube,monitored,2
youtube,monopolizing,1
youtube,monopoly,1
youtube,monpaba,1
youtube,monsters,2
youtube,monte,2
youtube,monterrazas,1
youtube,month,6
youtube,monthly,2
youtube,months,9
youtube,monumento,1
youtube,monuments,1
youtube,monyo,2
youtube,mood,4
youtube,mopa,1
youtube,moral,9
youtube,morality,2
youtube,morally,3
youtube,moreblesing,2
youtube,moreee,2
youtube,moreno,4
youtube,moro,19
youtube,moron,1
youtube,mosamot,2
youtube,mostly,3
youtube,mother,4
youtube,motibo,1
youtube,motivate,1
youtube,motivator,2
youtube,motivo,1
youtube,motorcycle,2
youtube,motug,1
youtube,mountain,6
youtube,mountains,2
youtube,mouth,3
youtube,mouths,1
youtube,move,6
youtube,moved,1
youtube,movement,2
youtube,movie,3
youtube,movies,1
youtube,moving,1
youtube,mpa,1
youtube,mpag,1
youtube,mpalad,1
youtube,mpapatangna,1
youtube,mpgsamantala,1
youtube,mqa,1
youtube,mqgtatanong,1
youtube,mrami,1
youtube,mrinig,1
youtube,msabe,1
youtube,msasakripisyo,1
youtube,msg,1
youtube,msgt,2
youtube,msigawan,1
youtube,msisiba,1
youtube,mska,1
youtube,mski,1
youtube,mslacsnang,1
youtube,msmo,1
youtube,msng,1
youtube,mspanagot,1
youtube,msrami,1
youtube,mtabunan,1
youtube,mtalino,2
youtube,mtalo,1
youtube,mtaming,1
youtube,mtindi,1
youtube,mtpng,2
youtube,mttapos,1
youtube,much,25
youtube,mucho,1
youtube,mud,4
youtube,mudo,1
youtube,muha,1
youtube,muhammad,1
youtube,muka,13
youtube,mukahang,1
youtube,mukang,5
youtube,mukhang,25
youtube,muks,1
youtube,mula,36
youtube,mulat,2
youtube,muli,3
youtube,muling,4
youtube,mulla,2
youtube,multa,2
youtube,multi,9
youtube,multiple,5
youtube,multiplied,1
youtube,multo,2
youtube,multuhin,1
youtube,mumar,2
youtube,mumukha,2
youtube,mumulan,1
youtube,mumulat,1
youtube,mumura,1
youtube,muna,62
youtube,munang,6
youtube,munayan,1
youtube,mundo,40
youtube,mundong,1
youtube,mung,1
youtube,mungo,1
youtube,muni,1
youtube,municipal,9
youtube,municipyo,1
youtube,munisipyo,1
youtube,munispyo,1
youtube,munti,1
youtube,muntinlipa,1
youtube,mura,7
youtube,murag,2
youtube,murahin,1
youtube,murang,2
youtube,murder,4
youtube,murderer,1
youtube,murderers,1
youtube,must,36
youtube,mut,1
youtube,mutabang,1
youtube,mva,2
youtube,mvamulhanv,1
youtube,mya,1
youtube,mylifeidcrydtallclear,1
youtube,myo,2
youtube,myron,1
youtube,mysterious,1
youtube,mzda,1
youtube,n0nsence,1
youtube,naa,10
youtube,naaa,1
youtube,naaapektuhan,2
youtube,naaapi,1
youtube,naaatim,1
youtube,naaawa,2
youtube,naaayon,1
youtube,naaayun,1
youtube,naabutan,1
youtube,naagnas,1
youtube,naaksidente,1
youtube,naakusaan,1
youtube,naalala,9
youtube,naambunan,1
youtube,naamoy,1
youtube,naanod,2
youtube,naapektuhan,2
youtube,naarami,1
youtube,naasar,1
youtube,naawa,17
youtube,naay,4
youtube,naayon,1
youtube,naayos,1
youtube,naayudahan,1
youtube,naba,5
youtube,nabababiy,1
youtube,nababago,1
youtube,nababaha,1
youtube,nababaliwala,2
youtube,nababanggit,4
youtube,nababangit,2
youtube,nababansagang,2
youtube,nababawi,1
youtube,nababayaran,3
youtube,nabago,1
youtube,nabaha,1
youtube,nabahaan,2
youtube,nabalangkas,1
youtube,nabang,2
youtube,nabanggit,9
youtube,nabangit,5
youtube,nabaon,2
youtube,nabasa,2
youtube,nabawi,1
youtube,nabibigyan,1
youtube,nabibili,1
youtube,nabibisto,2
youtube,nabibitay,4
youtube,nabigay,1
youtube,nabigyan,5
youtube,nabili,1
youtube,nabisto,2
youtube,nabobola,1
youtube,nabreafing,2
youtube,nabubuhay,6
youtube,nabubulol,1
youtube,nabubulunanyangkausapmp,1
youtube,nabubunyag,1
youtube,nabudol,1
youtube,nabuko,3
youtube,nabukong,1
youtube,nabulag,1
youtube,nabulok,1
youtube,nabulonan,1
youtube,nabwasan,1
youtube,nabwibwisit,1
youtube,nacocontempt,2
youtube,nacorrupt,1
youtube,nadadaan,1
youtube,nadadala,1
youtube,nadadamay,2
youtube,nadagdagan,2
youtube,nadamay,2
youtube,nadambong,1
youtube,nadapat,1
youtube,nadatu,1
youtube,nadedemanda,1
youtube,nadidiin,3
youtube,nadin,1
youtube,nadiscover,1
youtube,nadiskobre,1
youtube,nadn,1
youtube,nadocumentary,1
youtube,naduling,1
youtube,naeengot,1
youtube,nagaaprove,1
youtube,nagaapula,2
youtube,nagaaral,1
youtube,nagaaway,1
youtube,nagabogado,1
youtube,nagagalit,6
youtube,nagagamit,2
youtube,nagaganap,7
youtube,nagagawa,5
youtube,nagagawang,1
youtube,nagahanap,1
youtube,nagamit,3
youtube,naganap,3
youtube,naganip,1
youtube,nagapprove,1
youtube,nagasalita,1
youtube,nagastos,2
youtube,nagawa,22
youtube,nagawang,2
youtube,nagba,1
youtube,nagbabago,3
youtube,nagbabakasyon,1
youtube,nagbabanta,1
youtube,nagbabayad,17
youtube,nagbago,4
youtube,nagbaha,3
youtube,nagbayad,1
youtube,nagbbyad,2
youtube,nagbibigay,3
youtube,nagbibinta,1
youtube,nagbigay,5
youtube,nagbobotohan,1
youtube,nagbulgar,1
youtube,nagbulsa,1
youtube,nagbungkag,1
youtube,nagbunyag,2
youtube,nagbutas,1
youtube,nagbuwis,3
youtube,nagchecheck,1
youtube,nagcicivil,1
youtube,nagdaan,2
youtube,nagdaang,2
youtube,nagdala,1
youtube,nagdarambong,1
youtube,nagdawit,1
youtube,nagdeklara,1
youtube,nagdimula,2
youtube,nagdrama,1
youtube,nagduda,2
youtube,nagdudulot,3
youtube,nagdudusa,6
youtube,nagdulot,2
youtube,nagdurusa,4
youtube,nagdusa,2
youtube,nagesing,1
youtube,nagflaunt,1
youtube,naggutom,1
youtube,naghahanap,2
youtube,naghahangad,1
youtube,naghalo,1
youtube,naghappy,1
youtube,naghehearing,1
youtube,nagheherap,1
youtube,naghhihirap,1
youtube,naghihearing,1
youtube,naghihikahos,1
youtube,naghihintay,2
youtube,naghihirap,44
youtube,naghihirapap,1
youtube,naghilum,1
youtube,naghirap,1
youtube,naghugas,1
youtube,nagiging,11
youtube,nagigising,1
youtube,nagiikot,1
youtube,nagiimbestiga,2
youtube,nagiimbistiga,2
youtube,nagiingay,2
youtube,nagiinvestigate,1
youtube,nagiisip,1
youtube,nagimbestiga,2
youtube,naging,56
youtube,nagisa,1
youtube,nagisip,1
youtube,nagka,4
youtube,nagkabukingan,1
youtube,nagkabulol,1
youtube,nagkadarapa,2
youtube,nagkaganon,1
youtube,nagkaganun,1
youtube,nagkaganyan,1
youtube,nagkahulian,1
youtube,nagkaka,1
youtube,nagkakabayaran,1
youtube,nagkakadakuba,2
youtube,nagkakaintindihan,1
youtube,nagkakampihan,1
youtube,nagkakanda,1
youtube,nagkakaroon,3
youtube,nagkakasakit,1
youtube,nagkakaso,2
youtube,nagkalat,3
youtube,nagkaleptospirosis,1
youtube,nagkalesensya,1
youtube,nagkamal,4
youtube,nagkamali,5
youtube,nagkamli,1
youtube,nagkandamatay,1
youtube,nagkaron,1
youtube,nagkaroon,7
youtube,nagkasala,4
youtube,nagkataon,1
youtube,nagkatsunami,2
youtube,nagkkaidad,1
youtube,nagkkamali,1
youtube,nagkos,1
youtube,nagkukunwaring,1
youtube,nagkukurakot,2
youtube,nagkulang,1
youtube,nagkumbinse,1
youtube,naglaan,1
youtube,naglabasan,2
youtube,naglalakad,4
youtube,naglalansis,1
youtube,naglapag,1
youtube,naglilinis,2
youtube,naglilista,1
youtube,nagloklok,1
youtube,naglolokohan,1
youtube,nagluklok,1
youtube,naglulubugan,1
youtube,naglulukohan,1
youtube,nagmalinis,1
youtube,nagmamaangmaangan,1
youtube,nagmamadali,2
youtube,nagmamagaling,2
youtube,nagmamahal,3
youtube,nagmamalasakit,1
youtube,nagmamalinis,1
youtube,nagmimistulan,1
youtube,nagmula,1
youtube,nagnakaw,20
youtube,nagnanakaw,16
youtube,nagnanakawan,1
youtube,nagnananakaw,1
youtube,nagpa,1
youtube,nagpabudol,1
youtube,nagpagamit,2
youtube,nagpakasaya,2
youtube,nagpakit,1
youtube,nagpakita,4
youtube,nagpalabas,2
youtube,nagpalake,1
youtube,nagpalaki,1
youtube,nagpalit,1
youtube,nagpamedia,1
youtube,nagpangalan,3
youtube,nagpapagawa,1
youtube,nagpapagulo,1
youtube,nagpapahiram,1
youtube,nagpapahirap,3
youtube,nagpapaka,2
youtube,nagpapakamatay,3
youtube,nagpapakapagod,1
youtube,nagpapakasarap,1
youtube,nagpapakasasa,1
youtube,nagpapakasaya,1
youtube,nagpapakita,6
youtube,nagpapaliwanag,1
youtube,nagpapalusot,1
youtube,nagpapansin,1
youtube,nagpapapawis,2
youtube,nagpaparty,2
youtube,nagpaparusa,2
youtube,nagpapasasa,4
youtube,nagpapasuhol,1
youtube,nagpapatawa,1
youtube,nagpapatunay,1
youtube,nagpapayaman,4
youtube,nagpaplano,1
youtube,nagpasa,2
youtube,nagpasakop,1
youtube,nagpasarap,1
youtube,nagpasasa,3
youtube,nagpasimono,1
youtube,nagpasimuno,3
youtube,nagpatuloy,1
youtube,nagpi2lit,1
youtube,nagppalusot,1
youtube,nagprocure,1
youtube,nagprovide,1
youtube,nagpunta,2
youtube,nagpuputol,1
youtube,nagrally,1
youtube,nagre,1
youtube,nagreact,1
youtube,nagrelease,1
youtube,nagrereklamo,1
youtube,nagresulta,1
youtube,nagsabi,4
youtube,nagsabing,1
youtube,nagsabwatan,2
youtube,nagsadabi,1
youtube,nagsalita,11
youtube,nagsampa,1
youtube,nagsasabi,9
youtube,nagsasabing,2
youtube,nagsasabuwatan,1
youtube,nagsasabwatan,2
youtube,nagsasahod,1
youtube,nagsasakripisyo,3
youtube,nagsasalita,2
youtube,nagsasawa,2
youtube,nagsasayang,7
youtube,nagset,1
youtube,nagsi,2
youtube,nagsimula,12
youtube,nagsimulang,1
youtube,nagsisikap,1
youtube,nagsisilbi,2
youtube,nagsisimula,2
youtube,nagsisinungalin,2
youtube,nagsisinungaling,16
youtube,nagsisipag,1
youtube,nagsisisi,2
youtube,nagsisunungaling,1
youtube,nagsiwalat,2
youtube,nagsorry,1
youtube,nagspeak,1
youtube,nagssbing,1
youtube,nagsulputang,1
youtube,nagsumbong,1
youtube,nagsusugal,1
youtube,nagtabon,1
youtube,nagtagal,1
youtube,nagtago,1
youtube,nagtagumpay,1
youtube,nagtaka,2
youtube,nagtalo,1
youtube,nagtanggal,1
youtube,nagtanim,1
youtube,nagtanong,2
youtube,nagtatabun,1
youtube,nagtatago,4
youtube,nagtataka,5
youtube,nagtatanga,1
youtube,nagtatanong,9
youtube,nagtatapon,1
youtube,nagtatawanan,1
youtube,nagtatkip,1
youtube,nagtatrabaho,5
youtube,nagtayuan,1
youtube,nagtetext,2
youtube,nagtitiis,8
youtube,nagtitipon2,1
youtube,nagtrabaho,1
youtube,nagtrateabaho,1
youtube,nagtratrabaho,1
youtube,nagttiis,2
youtube,nagtumpok,2
youtube,nagturo,2
youtube,nagturuan,2
youtube,nagtuturo,2
youtube,nagtuturuaanbat,1
youtube,nagtuturuan,2
youtube,nagu2tom,1
youtube,nagugotom,4
youtube,nagugutom,4
youtube,naguho,1
youtube,nagulat,7
youtube,nagumpisa,2
youtube,nagungurakot,1
youtube,naguulam,1
youtube,naguusap,1
youtube,nagvolunteer,1
youtube,nagwawaldas,2
youtube,nagwawalis,3
youtube,nagwelding,1
youtube,nah,4
youtube,nahahawi,1
youtube,nahahayblad,1
youtube,nahalal,1
youtube,nahalata,3
youtube,nahalin,2
youtube,nahhatulan,1
youtube,nahhh,1
youtube,nahhhh,1
youtube,nahiging,2
youtube,nahihighblood,1
youtube,nahihirapan,4
youtube,nahihirapang,1
youtube,nahihiya,10
youtube,nahingi,2
youtube,nahirapan,2
youtube,nahitabo,1
youtube,nahiya,9
youtube,nahiyang,1
youtube,nahoman,2
youtube,nahubaran,1
youtube,nahuhulog,2
youtube,nahuhusgahan,1
youtube,nahuli,7
youtube,nahulog,1
youtube,naibabahagi,1
youtube,naibalik,1
youtube,naibaon,1
youtube,naibigay,1
youtube,naibili,1
youtube,naiboto,1
youtube,naibulsa,2
youtube,naiimbestigahan,1
youtube,naiinip,2
youtube,naiinis,3
youtube,naiintindahan,1
youtube,naiintindhan,1
youtube,naiintindihan,2
youtube,naiipalan,1
youtube,naiipit,2
youtube,naiisip,9
youtube,naiistorbo,1
youtube,naiiwasan,2
youtube,naiiyak,3
youtube,nailabas,1
youtube,nailahad,1
youtube,nailed,1
youtube,nainbold,2
youtube,nainis,2
youtube,naintindihan,1
youtube,naipakulong,1
youtube,naipatayo,1
youtube,naipit,2
youtube,naipon,1
youtube,naipondar,1
youtube,naipong,1
youtube,naipwesto,1
youtube,nais,2
youtube,naisaad,2
youtube,naisampa,4
youtube,naisip,11
youtube,naisiwalat,2
youtube,naitago,1
youtube,naitiro,1
youtube,naitulong,4
youtube,naitutulong,2
youtube,naiwan,3
youtube,naiwas,1
youtube,naiyak,4
youtube,najud,1
youtube,nak,5
youtube,naka,69
youtube,nakaabang,1
youtube,nakababad,1
youtube,nakabarong,1
youtube,nakabi,2
youtube,nakabigay,1
youtube,nakaburi,1
youtube,nakaelevator,1
youtube,nakagagalit,1
youtube,nakagawa,1
youtube,nakahanda,2
youtube,nakahanger,1
youtube,nakaharang,1
youtube,nakahiga,1
youtube,nakaiyak,1
youtube,nakaka,20
youtube,nakakaahon,2
youtube,nakakaalam,4
youtube,nakakaaliw,1
youtube,nakakaantok,1
youtube,nakakaawa,9
youtube,nakakabit,1
youtube,nakakabiti,1
youtube,nakakabobo,1
youtube,nakakadiri,2
youtube,nakakadismaya,1
youtube,nakakadismayang,1
youtube,nakakadurog,1
youtube,nakakagalaw,1
youtube,nakakagalit,24
youtube,nakakaganito,1
youtube,nakakagawa,3
youtube,nakakaghiya,1
youtube,nakakagigil,17
youtube,nakakagulat,2
youtube,nakakahilo,1
youtube,nakakahiya,29
youtube,nakakain,1
youtube,nakakainis,7
youtube,nakakainit,1
youtube,nakakaintindi,2
youtube,nakakairita,1
youtube,nakakaiyak,29
youtube,nakakaiyal,1
youtube,nakakakilabot,2
youtube,nakakakilala,1
youtube,nakakakita,1
youtube,nakakakiyak,1
youtube,nakakakuha,1
youtube,nakakalasing,1
youtube,nakakalaya,1
youtube,nakakalimutan,1
youtube,nakakaloka,1
youtube,nakakalulang,1
youtube,nakakalungkot,18
youtube,nakakalungot,1
youtube,nakakalunod,1
youtube,nakakalusot,2
youtube,nakakamatay,1
youtube,nakakangitngit,1
youtube,nakakapag,1
youtube,nakakapaghinala,1
youtube,nakakapagod,2
youtube,nakakapagsisi,1
youtube,nakakapagtaka,2
youtube,nakakapagtrabayo,2
youtube,nakakapamura,1
youtube,nakakapang,1
youtube,nakakapanggaiti,1
youtube,nakakapanglumo,3
youtube,nakakapasok,1
youtube,nakakapikon,1
youtube,nakakaputang,2
youtube,nakakasakit,1
youtube,nakakasama,2
youtube,nakakasawa,3
youtube,nakakasira,1
youtube,nakakasuahan,1
youtube,nakakasuhan,2
youtube,nakakasuka,6
youtube,nakakasukang,2
youtube,nakakatakas,1
youtube,nakakatakot,4
youtube,nakakatangap,2
youtube,nakakatanggap,1
youtube,nakakatawa,4
youtube,nakakatawang,3
youtube,nakakatindig,1
youtube,nakakatulog,6
youtube,nakakatulong,2
youtube,nakakautal,1
youtube,nakakawala,1
youtube,nakakawindang,1
youtube,nakakayamot,1
youtube,nakakiyak,1
youtube,nakaklimutan,1
youtube,nakakpanghinayang,1
youtube,nakakuha,2
youtube,nakakulong,6
youtube,nakalaan,2
youtube,nakalagay,1
youtube,nakalalula,1
youtube,nakalap,1
youtube,nakalaya,1
youtube,nakalayas,1
youtube,nakalbo,1
youtube,nakalimutan,1
youtube,nakalubog,1
youtube,nakalusot,2
youtube,nakamais,1
youtube,nakamit,1
youtube,nakan,1
youtube,nakangiti,2
youtube,nakapag,1
youtube,nakapagbigay,1
youtube,nakapagsalita,1
youtube,nakapagtaka,1
youtube,nakapagtataka,1
youtube,nakapagtrabaho,1
youtube,nakapangalan,1
youtube,nakapasa,1
youtube,nakapenitrate,1
youtube,nakapikit,1
youtube,nakapipinsalang,1
youtube,nakapirma,1
youtube,nakapunta,1
youtube,nakapuwesto,2
youtube,nakaraan,7
youtube,nakaraang,5
youtube,nakaranas,2
youtube,nakararami,1
youtube,nakararaming,1
youtube,nakasaad,1
youtube,nakasagot,1
youtube,nakasanayan,1
youtube,nakaso,1
youtube,nakasohan,1
youtube,nakasuhan,2
youtube,nakasulat,2
youtube,nakatago,1
youtube,nakatanggap,3
youtube,nakatatanda,2
youtube,nakatatanggap,2
youtube,nakataya,4
youtube,nakatayo,2
youtube,nakatingga,3
youtube,nakatira,3
youtube,nakatirik,1
youtube,nakatungo,1
youtube,nakaugat,1
youtube,nakaupo,22
youtube,nakaupong,3
youtube,nakaw,94
youtube,nakawala,2
youtube,nakawan,29
youtube,nakawin,3
youtube,nakawing,1
youtube,nakay,2
youtube,nakayo,3
youtube,nakayong,3
youtube,nakayuko,1
youtube,naki,2
youtube,nakikiapagtagpo,1
youtube,nakikibang,1
youtube,nakikinabang,10
youtube,nakikinanang,1
youtube,nakikinig,5
youtube,nakikipaglaban,1
youtube,nakikiparte,2
youtube,nakikisama,1
youtube,nakikita,23
youtube,nakikurap,1
youtube,nakinabang,14
youtube,nakinabangan,1
youtube,nakipag,1
youtube,nakipagcooparate,2
youtube,nakipagdeal,1
youtube,nakipagtalo,1
youtube,nakisali,1
youtube,nakisama,1
youtube,nakita,14
youtube,nakitang,2
youtube,nakitil,1
youtube,nakka,1
youtube,nakkaahiya,2
youtube,nakkaawa,1
youtube,nakkaawang,1
youtube,nakkahiya,2
youtube,nakkaiyak,1
youtube,nakkatuwa,2
youtube,nakkulong,1
youtube,nakming,1
youtube,nako,24
youtube,nakokonsensya,1
youtube,nakokorap,1
youtube,nakolekta,2
youtube,nakonsensya,2
youtube,nakontento,4
youtube,nakow,2
youtube,nakpagtapos,1
youtube,naku,54
youtube,nakuha,7
youtube,nakuhanan,1
youtube,nakukuha,3
youtube,nakukuhang,2
youtube,nakukukong,1
youtube,nakukulo,1
youtube,nakukulong,45
youtube,nakulang,1
youtube,nakulimbat,6
youtube,nakulong,37
youtube,nakumbinse,1
youtube,nakuntento,1
youtube,nakupo,1
youtube,nakurakot,9
youtube,nakurap,1
youtube,nakuuu,1
youtube,nakw,1
youtube,nakylam,2
youtube,nala,1
youtube,nalagas,1
youtube,nalagay,1
youtube,nalahat,3
youtube,nalakayakot,1
youtube,nalaktawan,2
youtube,nalalagyan,1
youtube,nalalaman,7
youtube,nalaman,8
youtube,nalanag,1
youtube,nalayo,1
youtube,naligwak,2
youtube,nalihis,1
youtube,naliligaw,2
youtube,naliligo,1
youtube,nalilink,1
youtube,nalilito,1
youtube,nalito,1
youtube,nalng,5
youtube,nalokona,1
youtube,nalolongkot,2
youtube,nalubog,2
youtube,nalugi,1
youtube,nalula,1
youtube,nalulubog,4
youtube,nalulungkot,11
youtube,nalulunod,4
youtube,nalulunok,1
youtube,nalulutas,4
youtube,nalumos,1
youtube,nalungkot,1
youtube,nalungkut,1
youtube,nalunod,4
youtube,nalusong,1
youtube,nalustay,2
youtube,nalusub,2
youtube,nalzng,2
youtube,namagkasya,1
youtube,namam,1
youtube,namamahala,4
youtube,namamalayan,1
youtube,namamangka,1
youtube,namamanipulate,1
youtube,namamatay,9
youtube,namamayani,1
youtube,namamuhunan,1
youtube,namang,37
youtube,namann,1
youtube,namaraming,1
youtube,namatay,32
youtube,namatayan,5
youtube,namay,1
youtube,namayagpag,4
youtube,nambubudol,1
youtube,name,34
youtube,named,2
youtube,namen,3
youtube,names,7
youtube,namihasa,1
youtube,namimigay,1
youtube,namimili,1
youtube,namiminuno,1
youtube,namimiss,1
youtube,namn,21
youtube,namo,6
youtube,namomo,1
youtube,nampangulo,1
youtube,namu,2
youtube,namulubi,1
youtube,namumungad,1
youtube,namumuno,19
youtube,namunga,1
youtube,nan,14
youtube,nana,1
youtube,nanadyan,1
youtube,nanag,2
youtube,nanagkaron,1
youtube,nanagot,5
youtube,nanahimik,3
youtube,nanaig,2
youtube,nanaisin,1
youtube,nanakaw,60
youtube,nanakawan,3
youtube,nanakawin,7
youtube,nanalo,7
youtube,nanam,1
youtube,nanamam,2
youtube,nanaman,24
youtube,nanamin,1
youtube,nananagot,3
youtube,nananaig,1
youtube,nananakot,2
youtube,nananaman,1
youtube,nanang,2
youtube,nanangyare,1
youtube,nanankaw,1
youtube,nananman,1
youtube,nanatili,2
youtube,nanawagan,1
youtube,nanay,3
youtube,nandadamay,1
youtube,nandaya,1
youtube,nandidilik,1
youtube,nandito,2
youtube,nandiyan,2
youtube,nandoon,2
youtube,nandyan,12
youtube,nanga,1
youtube,nangaaway,1
youtube,nangaling,1
youtube,nangangahulugan,1
youtube,nangangailan,1
youtube,nangangailangan,3
youtube,nanganganib,3
youtube,nangangarap,1
youtube,nangari,1
youtube,nangbulsa,1
youtube,nangdambong,1
youtube,nanggagagaling,1
youtube,nanggaling,3
youtube,nanggugulo,3
youtube,nanghihinge,1
youtube,nanghihingi,4
youtube,nanghinge,1
youtube,nangkokorakot,1
youtube,nangongopya,2
youtube,nangorakot,1
youtube,nangu2rakot,1
youtube,nangugurakot,1
youtube,nanguha,1
youtube,nangumpisal,1
youtube,nangungontrata,1
youtube,nangungurakot,6
youtube,nangungutang,1
youtube,nangurakot,4
youtube,nangyare,6
youtube,nangyari,32
youtube,nangyayare,2
youtube,nangyayari,41
youtube,nangyayaring,1
youtube,nangyyri,1
youtube,naningil,1
youtube,naninira,3
youtube,naniniwala,31
youtube,naniwala,3
youtube,nanjan,5
youtube,nanlamang,1
youtube,nanlokoko,1
youtube,nannga,1
youtube,nanonood,6
youtube,nanood,1
youtube,nanskaw,1
youtube,nanunongkulan,1
youtube,nanunuhol,1
youtube,nanunungkulan,1
youtube,nanunuod,1
youtube,nanyan,1
youtube,nanyare,1
youtube,nanyayari,1
youtube,naol,1
youtube,naootat,1
youtube,napa,3
youtube,napabalik,2
youtube,napabayaan,1
youtube,napag,2
youtube,napagbigyan,1
youtube,napaghahandaan,2
youtube,napaghandaan,2
youtube,napahalagahan,1
youtube,napahayup,1
youtube,napahiya,2
youtube,napaka,19
youtube,napakabagal,1
youtube,napakabait,1
youtube,napakabastos,1
youtube,napakabobong,1
youtube,napakabugok,1
youtube,napakadaming,1
youtube,napakadaminh,1
youtube,napakadunong,1
youtube,napakaguilty,1
youtube,napakahaba,2
youtube,napakalai,1
youtube,napakalake,1
youtube,napakalaki,2
youtube,napakalakimg,1
youtube,napakalaking,3
youtube,napakalakinoa,1
youtube,napakalalaking,3
youtube,napakalayo,1
youtube,napakaliit,1
youtube,napakalinaw,2
youtube,napakalines,1
youtube,napakalinis,4
youtube,napakaliwanag,1
youtube,napakamot,2
youtube,napakamura,1
youtube,napakanta,1
youtube,napakaraming,3
youtube,napakasakit,3
youtube,napakasinungaling,4
youtube,napakatanga,1
youtube,napakawalang,2
youtube,napakayaman,7
youtube,napakulong,1
youtube,napala,2
youtube,napalaki,1
youtube,napalawak,1
youtube,napalitan,4
youtube,napanagot,3
youtube,napangalanan,2
youtube,napanood,5
youtube,napansin,5
youtube,napanuod,1
youtube,napapadidiin,1
youtube,napapag,2
youtube,napapagtakpan,1
youtube,napapahimas,1
youtube,napapaikot,2
youtube,napapalibutan,1
youtube,napapalitan,1
youtube,napapalutan,1
youtube,napapamura,1
youtube,napapanagot,3
youtube,napapanood,3
youtube,napapansin,3
youtube,napaparosahan,1
youtube,napaparusahan,4
youtube,napapatayuan,1
youtube,napapaunta,1
youtube,naparaming,1
youtube,naparusahan,1
youtube,napatay,2
youtube,napatonayan,1
youtube,napatunayan,3
youtube,napatuyan,2
youtube,napawalang,1
youtube,napeperwisyo,2
youtube,napilit,1
youtube,napilitan,2
youtube,napilitqn,1
youtube,napinahihirapan,1
youtube,napinangggawa,1
youtube,napinsala,1
youtube,napipilitan,1
youtube,naplano,1
youtube,napo,13
youtube,napoles,9
youtube,napong,1
youtube,napota,1
youtube,napsunod,2
youtube,napunduhan,1
youtube,napuno,1
youtube,napunta,19
youtube,napupuna,2
youtube,napupuno,1
youtube,napupunta,17
youtube,napuputol,1
youtube,napuro,1
youtube,napurwisyo,1
youtube,naputol,2
youtube,naramdaman,1
youtube,naranadan,1
youtube,naranasan,4
youtube,naranasn,2
youtube,nararamdaamng,1
youtube,nararamdam,2
youtube,nararanadan,1
youtube,nararanasan,3
youtube,nararapat,8
youtube,narating,1
youtube,nareceive,1
youtube,nared,1
youtube,naren,1
youtube,narin,14
youtube,narinig,6
youtube,naririport,1
youtube,naritira,3
youtube,narito,1
youtube,nariyan,1
youtube,narration,3
youtube,narratives,1
youtube,narrowed,1
youtube,narrowing,1
youtube,nasaan,30
youtube,nasabi,2
youtube,nasadlak,2
youtube,nasagot,1
youtube,nasalanta,10
youtube,nasaligan,1
youtube,nasan,3
youtube,nasapawan,1
youtube,nasasaad,2
youtube,nasasakupan,4
youtube,nasasangkot,1
youtube,nasasarapan,2
youtube,nasasayang,3
youtube,nasawi,1
youtube,nasayang,4
youtube,nasi,2
youtube,nasikmura,2
youtube,nasilaw,1
youtube,nasimot,1
youtube,nasinasabi,1
youtube,nasira,3
youtube,nasiraan,1
youtube,nasirang,1
youtube,nasisikmura,7
youtube,nasisilaw,2
youtube,nasisira,1
youtube,nasisisi,1
youtube,nasod,2
youtube,nasohan,1
youtube,nasosolusyunan,1
youtube,nasstress,1
youtube,nasubaybayan,1
youtube,nasubrahan,1
youtube,nasusuhulan,1
youtube,nasweldo,1
youtube,nat,1
youtube,nata,1
youtube,natabunan,1
youtube,nataga,2
youtube,natakbo,1
youtube,natako,2
youtube,natakot,18
youtube,natalo,1
youtube,natamaan,3
youtube,natambakan,2
youtube,natanga,1
youtube,natangay,1
youtube,natanggal,1
youtube,natanggap,2
youtube,natanong,1
youtube,natapalan,1
youtube,natapos,5
youtube,natapus,1
youtube,nataranta,3
youtube,natatakot,21
youtube,natatalo,1
youtube,natatapalan,1
youtube,natatapos,6
youtube,natatawa,10
youtube,natatwa,1
youtube,natawa,5
youtube,naten,7
youtube,nathan,1
youtube,nati,1
youtube,natigil,1
youtube,nating,34
youtube,natingga,1
youtube,nation,9
youtube,national,13
youtube,nationbuilding,1
youtube,nations,8
youtube,nationwide,4
youtube,natira,3
youtube,natitiis,2
youtube,natitira,3
youtube,natitirang,5
youtube,natlouy,1
youtube,nato,18
youtube,natong,1
youtube,natoto,1
youtube,natrabaho,1
youtube,nattakot,2
youtube,natu,1
youtube,natukladan,2
youtube,natulong,1
youtube,natuloy,1
youtube,natural,16
youtube,nature,8
youtube,naturingan,1
youtube,naturuan,6
youtube,natuto,3
youtube,natutu,1
youtube,natutulog,6
youtube,natutunaw,1
youtube,natututo,1
youtube,natututu,2
youtube,natutuwa,1
youtube,natutuyu,2
youtube,natuutulog,1
youtube,natuwa,1
youtube,naubos,2
youtube,nauku,2
youtube,naulit,1
youtube,naumpisahan,1
youtube,nauna,4
youtube,naunahan,1
youtube,naunos,2
youtube,naunsa,1
youtube,naupo,3
youtube,nausulat,2
youtube,nautakan,1
youtube,nauubos,1
youtube,nauuhaw,3
youtube,nauulul,2
youtube,nauuna,2
youtube,nauunawaan,1
youtube,nauupo,2
youtube,nauwi,1
youtube,nauzubillah,1
youtube,navlang,1
youtube,navotas,7
youtube,navotasss,1
youtube,navoteno,1
youtube,navy,1
youtube,navyan,1
youtube,nawa,18
youtube,nawala,12
youtube,nawalan,6
youtube,nawalana,1
youtube,nawalang,4
youtube,nawasak,1
youtube,nawawala,5
youtube,nawawalang,2
youtube,naway,3
youtube,nawng,1
youtube,nawog,1
youtube,nawong,4
youtube,nay,5
youtube,nayan,56
youtube,nayang,1
youtube,nayayari,1
youtube,nayn,4
youtube,nayung,1
youtube,nañg,2
youtube,nba,2
youtube,nbaha,1
youtube,nbha,1
youtube,nbi,4
youtube,nbt,1
youtube,nbudol,1
youtube,nbuhasan,1
youtube,ncr,1
youtube,ndadamay,1
youtube,ndawit,2
youtube,nde,4
youtube,ndi,12
youtube,ndnka,1
youtube,near,2
youtube,nearby,1
youtube,neatherlands,1
youtube,necessary,3
youtube,need,44
youtube,needed,8
youtube,needs,10
youtube,nefarious,1
youtube,negative,6
youtube,negligence,11
youtube,negligent,2
youtube,negosyante,2
youtube,negosyo,4
youtube,negotiable,1
youtube,negros,2
youtube,negusyante,2
youtube,neighborhood,4
youtube,neighboring,1
youtube,nela,2
youtube,neo,1
youtube,nep,1
youtube,nepal,11
youtube,nepo,9
youtube,nepobaby,1
youtube,nepotism,1
youtube,nerbiyos,1
youtube,nervous,2
youtube,net,1
youtube,netflix,2
youtube,netherlands,3
youtube,netizen,1
youtube,netizens,2
youtube,neto,4
youtube,netong,1
youtube,netting,6
youtube,networks,1
youtube,neutral,5
youtube,neutrality,1
youtube,never,23
youtube,new,48
youtube,news,17
youtube,next,21
youtube,neya,2
youtube,ngaang,1
youtube,ngag,1
youtube,ngak,3
youtube,ngala,2
youtube,ngalin,1
youtube,ngaling,2
youtube,ngaming,1
youtube,ngana,1
youtube,ngang,4
youtube,nganga,1
youtube,ngani,2
youtube,ngano,1
youtube,nganon,2
youtube,nganong,2
youtube,ngaon,1
youtube,ngato,1
youtube,ngaun,30
youtube,ngaung,1
youtube,ngawa,1
youtube,ngawngaw,2
youtube,ngawngawngawmum,1
youtube,ngayob,1
youtube,ngayong,8
youtube,ngayun,20
youtube,ngayung,2
youtube,ngayuon,1
youtube,ngayuuuunnn,1
youtube,ngbaayad,1
youtube,ngbago,1
youtube,ngbansa,1
youtube,ngbawas,1
youtube,ngbibgigay,2
youtube,ngbibigay,1
youtube,ngbtaing,1
youtube,ngbuwis,1
youtube,ngcc,1
youtube,ngdaan,1
youtube,ngdedemand,2
youtube,ngek,2
youtube,ngets,1
youtube,ngfocus,1
youtube,ngga,3
youtube,nghhirap,1
youtube,nghihirap,4
youtube,nghirap,3
youtube,ngiimbztga,1
youtube,ngipen,1
youtube,ngita,1
youtube,ngiting,2
youtube,ngiwi,1
youtube,ngiyak,1
youtube,ngkagulio,1
youtube,ngkakagulo,1
youtube,ngkamaling,1
youtube,ngkasala,1
youtube,ngkavan,2
youtube,ngkron,1
youtube,ngmamando,1
youtube,ngmangga,1
youtube,ngnakaw,2
youtube,ngorakot,1
youtube,ngpapahirap,1
youtube,ngpapapel,1
youtube,ngpapayaman,1
youtube,ngpartner,1
youtube,ngpasasa,2
youtube,ngpasimuno,2
youtube,ngpskasasa,1
youtube,ngrarally,1
youtube,ngsabi,2
youtube,ngsalita,2
youtube,ngsimula,1
youtube,ngsocial,1
youtube,ngssabi,1
youtube,ngssinungalin,2
youtube,ngstart,1
youtube,ngtamasa,1
youtube,ngtatanong,1
youtube,ngtatatrabaho,1
youtube,ngttanong,2
youtube,ngttrabho,1
youtube,ngtuturo,1
youtube,ngumangawa,1
youtube,ngumpisa,1
youtube,ngunit,6
youtube,ngunitmas,1
youtube,ngyari,7
youtube,ngyayare,1
youtube,ngyayari,4
youtube,ngyn,5
youtube,ngyon,3
youtube,ngyyari,2
youtube,ngyyring,1
youtube,nha,1
youtube,nhiya,1
youtube,nia,18
youtube,niang,1
youtube,nicanor,1
youtube,nice,11
youtube,nid,1
youtube,nidisregard,1
youtube,nie,1
youtube,nigeria,1
youtube,night,1
youtube,nigosyo,1
youtube,nigros,2
youtube,nikamu,1
youtube,nilagay,3
youtube,nilaglag,2
youtube,nilait,1
youtube,nilakihan,1
youtube,nilalaan,1
youtube,nilalaban,1
youtube,nilalagay,4
youtube,nilalahat,2
youtube,nilalamot,1
youtube,nilalang,4
youtube,nilalangaw,1
youtube,nilallagay,1
youtube,nilamatan,1
youtube,nilang,60
youtube,nilastay,1
youtube,nili2his,2
youtube,niligaw,2
youtube,niligtas,2
youtube,nilihis,2
youtube,nililihis,4
youtube,nililinis,1
youtube,nililinlang,1
youtube,nililipat,1
youtube,nililishi,2
youtube,nililista,1
youtube,nililitis,1
youtube,nililitratuhan,1
youtube,nilindol,1
youtube,nilinlang,2
youtube,nilipad,1
youtube,niliwanag,2
youtube,niloko,1
youtube,nilolok,2
youtube,niloloko,12
youtube,nilukluk,1
youtube,niluluko,2
youtube,nilulunod,3
youtube,nilulustay,4
youtube,niluluto,1
youtube,nilunog,1
youtube,nilustay,2
youtube,niluto,1
youtube,nimal,2
youtube,nimas,1
youtube,nimin,1
youtube,nimo,3
youtube,nimong,1
youtube,nimu,1
youtube,nimyo,3
youtube,nin,1
youtube,nina,9
youtube,ninakaw,90
youtube,ninakawan,4
youtube,ninakwan,1
youtube,ninanakaw,30
youtube,ninanakawan,1
youtube,ninananakw,1
youtube,ning,5
youtube,ninikaw,1
youtube,nininakaw,1
youtube,ninio,2
youtube,ninja,1
youtube,ninoy,1
youtube,ninyoikulong,1
youtube,ninyong,12
youtube,ninyu,2
youtube,nire,1
youtube,nireport,2
youtube,nirereport,2
youtube,nirvis,1
youtube,nitong,15
youtube,nitongs,1
youtube,niu,10
youtube,niw,1
youtube,niyang,16
youtube,niyi,2
youtube,niyong,9
youtube,niyotakot,1
youtube,niño,1
youtube,nja,1
youtube,nka,11
youtube,nkaaupo,1
youtube,nkababad,1
youtube,nkabwisit,1
youtube,nkadikit,2
youtube,nkakaalam,1
youtube,nkakabahala,1
youtube,nkakabahalang,1
youtube,nkakabuwisit,1
youtube,nkakagigil,2
youtube,nkakahagas,1
youtube,nkakahiya,3
youtube,nkakainis,2
youtube,nkakaintinde,1
youtube,nkakaiyak,3
youtube,nkakalibot,1
youtube,nkakalungkot,1
youtube,nkakapanglumo,1
youtube,nkakasawa,1
youtube,nkakataas,1
youtube,nkakatakot,1
youtube,nkalipas,1
youtube,nkapasok,1
youtube,nkaraan,1
youtube,nkasubaybay,2
youtube,nkasulat,2
youtube,nkatengga,1
youtube,nkaupo,7
youtube,nkaw,1
youtube,nkawala,1
youtube,nkawan,1
youtube,nkayo,1
youtube,nkikigaya,1
youtube,nkikinabang,1
youtube,nkikipaglaban,1
youtube,nkikita,1
youtube,nkikknabang,1
youtube,nkilala,1
youtube,nkinabang,1
youtube,nkinbng,2
youtube,nkisali,1
youtube,nkisama,1
youtube,nkita,3
youtube,nkka,2
youtube,nkkabit,1
youtube,nkkaiyak,1
youtube,nkkapag,1
youtube,nkkatawa,1
youtube,nkkatulog,1
youtube,nkkaumay,1
youtube,nkkbwesut,1
youtube,nkkita,2
youtube,nkklong,1
youtube,nko,4
youtube,nkokolong,1
youtube,nkpagpayaman,1
youtube,nku,12
youtube,nkuha,2
youtube,nkukulong,1
youtube,nkukurakot,1
youtube,nkulimbat,4
youtube,nkulong,2
youtube,nkurapp,1
youtube,nla,21
youtube,nlalagyan,1
youtube,nlalaman,2
youtube,nlang,12
youtube,nlex,1
youtube,nlng,35
youtube,nmang,5
youtube,nmatay,1
youtube,nmin,11
youtube,nmmatay,1
youtube,nmmn,1
youtube,nmn,86
youtube,nmo,3
youtube,nnadyn,1
youtube,nnakaw,1
youtube,nnaman,1
youtube,nnamang,1
youtube,nngyayari,1
youtube,nnkaw,3
youtube,nnmn,3
youtube,nnyo,2
youtube,nobody,3
youtube,noel,1
youtube,noh,8
youtube,nohh,1
youtube,noise,1
youtube,nolulustay,2
youtube,nominated,3
youtube,non,8
youtube,nonakaw,1
youtube,none,3
youtube,nong,5
youtube,nonongkolan,1
youtube,nonoy,2
youtube,nonsense,3
youtube,noo,3
youtube,nood,1
youtube,noodles,1
youtube,noong,29
youtube,noot,1
youtube,nora,1
youtube,norm,1
youtube,normal,10
youtube,normalize,2
youtube,normally,2
youtube,normarmal,1
youtube,norte,5
youtube,north,3
youtube,northbill,1
youtube,notary,4
youtube,notaryo,4
youtube,note,3
youtube,nothing,26
youtube,notice,4
youtube,noticed,1
youtube,nov2025,1
youtube,novela,1
youtube,nowhere,1
youtube,noynoy,2
youtube,npa,3
youtube,npaka,3
youtube,npakadali,1
youtube,npakahirap,1
youtube,npakalinis,1
youtube,npakatuso,1
youtube,npakulong,1
youtube,npapakinabangan,1
youtube,npk,2
youtube,npka,1
youtube,npkagandang,1
youtube,npo,4
youtube,npod,1
youtube,nppaligiran,1
youtube,nppinta,1
youtube,nppnta,1
youtube,npponta,1
youtube,nrin,1
youtube,nro,1
youtube,nsa,23
youtube,nsaan,3
youtube,nsan,1
youtube,nskakagigil,1
youtube,nskakatakot,2
youtube,nsman,1
youtube,nsmn,1
youtube,nssbi,1
youtube,ntin,13
youtube,nting,2
youtube,ntn,1
youtube,nto,2
youtube,nttakot,2
youtube,nttkot,1
youtube,ntutupad,1
youtube,nuclear,5
youtube,nuh,1
youtube,nuisance,2
youtube,number,8
youtube,numbering,1
youtube,numbers,5
youtube,numero,1
youtube,nun,12
youtube,nunakaw,1
youtube,nung,63
youtube,nuns,1
youtube,nuod,1
youtube,nuon,8
youtube,nuong,6
youtube,nurse,1
youtube,nuts,2
youtube,nutthislifeiseternal,1
youtube,nuvali,1
youtube,nuwan,2
youtube,nuyan,1
youtube,nvo,1
youtube,nwala,1
youtube,nxa,1
youtube,nxt,2
youtube,ny0,1
youtube,nyang,20
youtube,nyn,1
youtube,nyon,2
youtube,nyona,3
youtube,nyong,40
youtube,nyonng,1
youtube,nyopa,2
youtube,nyp,1
youtube,nyu,25
youtube,nyuna,1
youtube,nyunang,1
youtube,nyung,1
youtube,oapfo,1
youtube,oara,1
youtube,oath,2
youtube,obando,1
youtube,obligado,1
youtube,obligasyon,1
youtube,obliged,1
youtube,obliterated,1
youtube,obob,6
youtube,obos,1
youtube,obserbahan,1
youtube,observe,1
youtube,obstruction,1
youtube,obstuctionist,1
youtube,obtain,2
youtube,obvious,20
youtube,obviously,14
youtube,obvs,1
youtube,occidental,5
youtube,occur,1
youtube,ocg,1
youtube,oda,1
youtube,odet,2
youtube,odette,2
youtube,odr,1
youtube,offecial,1
youtube,offense,3
youtube,offer,2
youtube,offering,1
youtube,offical,3
youtube,office,10
youtube,officer,3
youtube,offices,3
youtube,official,23
youtube,officials,72
youtube,offs,1
youtube,ofgicer,1
youtube,oficials,1
youtube,often,5
youtube,ofw,15
youtube,oga,1
youtube,ogag,1
youtube,ogfour,1
youtube,ogok,2
youtube,ohh,7
youtube,oiiii,1
youtube,oil,1
youtube,oilkba,1
youtube,oinagbubulsa,1
youtube,okay,9
youtube,okey,3
youtube,okiribit,2
youtube,okmom,1
youtube,okra,1
youtube,okro,1
youtube,oktobre,2
youtube,oky,2
youtube,old,14
youtube,olo,1
youtube,olol,3
youtube,omangkon,1
youtube,omb,1
youtube,ombad,1
youtube,ombadsman,1
youtube,ombs,1
youtube,ombudohh,1
youtube,ombudolman,1
youtube,ombudolsman,1
youtube,ombudsman,37
youtube,ombusdman,1
youtube,omeng,2
youtube,onanomalous,1
youtube,ondoy,2
youtube,one,74
youtube,oneness,1
youtube,ones,2
youtube,oneself,2
youtube,ongoing,6
youtube,online,3
youtube,onlybin,2
youtube,onsaon,1
youtube,onset,3
youtube,onti,1
youtube,onwards,2
youtube,oodt,1
youtube,ook,1
youtube,oot,2
youtube,opav,1
youtube,open,7
youtube,opener,1
youtube,openly,1
youtube,opens,1
youtube,operate,1
youtube,operation,5
youtube,operator,1
youtube,opesyal,2
youtube,opesyales,1
youtube,ophir,4
youtube,opinion,10
youtube,opinions,4
youtube,opisina,1
youtube,opisyal,37
youtube,opisyales,1
youtube,opisyals,1
youtube,opportunities,4
youtube,opportunity,2
youtube,opposition,1
youtube,oppressor,1
youtube,option,2
youtube,optional,1
youtube,opurtunidad,1
youtube,ora,3
youtube,oras,40
youtube,orchestrated,1
youtube,ordenary,1
youtube,ordenaryong,1
youtube,order,9
youtube,ordinary,2
youtube,ordinaryo,2
youtube,ordinaryong,7
youtube,ordirnaryong,2
youtube,oreintal,2
youtube,orendain,1
youtube,organisasyon,1
youtube,organizations,2
youtube,organize,1
youtube,organized,5
youtube,oridinary,1
youtube,orient,1
youtube,oriental,1
youtube,original,7
youtube,orley,4
youtube,orly,7
youtube,orlyguteza,2
youtube,ospital,3
youtube,otak,2
youtube,otal,2
youtube,otat,1
youtube,oth,1
youtube,others,8
youtube,otherwise,7
youtube,otoko,2
youtube,otoridad,1
youtube,otosan,1
youtube,otro,1
youtube,ought,2
youtube,oumutok,1
youtube,outcome,2
youtube,outrage,1
youtube,outside,4
youtube,outsource,1
youtube,outstanding,1
youtube,overbearing,1
youtube,overcapacity,1
youtube,overcoming,2
youtube,overdevelopment,1
youtube,overdoze,1
youtube,overdue,1
youtube,overhaul,3
youtube,overhauling,2
youtube,overluping,1
youtube,overpass,1
youtube,overprice,1
youtube,overpriced,1
youtube,oversight,1
youtube,overthrow,2
youtube,overwhelm,1
youtube,overwhelmed,2
youtube,overwhelming,1
youtube,ovp,3
youtube,owned,3
youtube,owner,11
youtube,owners,1
youtube,owning,2
youtube,owns,1
youtube,oyy,2
youtube,oñoc,1
youtube,p0litik0,1
youtube,p10,2
youtube,p26,8
youtube,p33,2
youtube,p3nalty,1
youtube,p500,2
youtube,p51,1
youtube,paa,1
youtube,paaaa,1
youtube,paajo,1
youtube,paako,1
youtube,paalagaan,1
youtube,paalam,3
youtube,paalis,1
youtube,paalisin,2
youtube,paanan,1
youtube,paanong,1
youtube,paanu,1
youtube,paaralan,2
youtube,paawa,4
youtube,paba,1
youtube,pababa,4
youtube,pababain,2
youtube,pababalikbalik,1
youtube,pababayaan,1
youtube,pabagsakin,4
youtube,pabahain,1
youtube,pabahay,6
youtube,pabakasyon,1
youtube,pabalik,2
youtube,pabalit,1
youtube,pabanguhin,1
youtube,pabasa,1
youtube,pabaya,3
youtube,pabayaan,1
youtube,pabelly,1
youtube,pabida,1
youtube,pabonus,1
youtube,pabor,4
youtube,paborito,2
youtube,pacc,5
youtube,pacheck,1
youtube,pacific,1
youtube,pacifico,1
youtube,packs,1
youtube,paconstruct,1
youtube,pad,1
youtube,padami,2
youtube,pader,2
youtube,padilla,7
youtube,padin,6
youtube,padreno,1
youtube,padrino,1
youtube,padugo,1
youtube,paepal,1
youtube,pafree,1
youtube,pagaaral,1
youtube,pagaaralan,1
youtube,pagabaha,1
youtube,pagaganahin,1
youtube,pagalingan,1
youtube,pagalitain,1
youtube,pagamit,1
youtube,pagan,1
youtube,pagandahain,1
youtube,pagapapatupad,1
youtube,pagasa,1
youtube,pagawa,6
youtube,pagbaba,4
youtube,pagbabago,10
youtube,pagbabaha,1
youtube,pagbabaligtad,1
youtube,pagbabalik,1
youtube,pagbabanta,2
youtube,pagbabarilin,3
youtube,pagbabasa,2
youtube,pagbabatuhin,1
youtube,pagbabawas,2
youtube,pagbabayad,3
youtube,pagbabayaran,1
youtube,pagbaha,19
youtube,pagbasa,2
youtube,pagbayad,1
youtube,pagbayaran,2
youtube,pagbayarin,7
youtube,pagbbalik,1
youtube,pagbbibitayin,1
youtube,pagbibigay,1
youtube,pagbibigyan,2
youtube,pagbigyan,2
youtube,pagbili,1
youtube,pagbinaba,1
youtube,pagbintangan,1
youtube,pagboboto,2
youtube,pagboto,5
youtube,pagbubunyag,1
youtube,pagbunyag,1
youtube,pagce,1
youtube,pagdataing,1
youtube,pagdating,5
youtube,pagdawit,2
youtube,pagdeliver,2
youtube,pagdinig,3
youtube,pagdududa,1
youtube,pagdumating,1
youtube,pagdurusa,1
youtube,page,4
youtube,pagenoon,1
youtube,pages,2
youtube,pagfocusan,1
youtube,paggagawa,1
youtube,paggalaw,3
youtube,paggamit,1
youtube,pagganyan,1
youtube,paggawa,1
youtube,pagguho,1
youtube,paggulo,3
youtube,paghahangad,1
youtube,paghalungkat,2
youtube,paghandaang,2
youtube,paghatihatian,1
youtube,paghihirap,5
youtube,paghuhukom,1
youtube,paghusga,1
youtube,pagiging,4
youtube,pagiimbestiga,1
youtube,pagiimbistiga,1
youtube,pagka,8
youtube,pagkagahaman,1
youtube,pagkain,9
youtube,pagkaka,1
youtube,pagkakabawe,1
youtube,pagkakagawa,3
youtube,pagkakaintindi,1
youtube,pagkakaisahan,1
youtube,pagkakakilala,1
youtube,pagkakakitaan,1
youtube,pagkakakulong,3
youtube,pagkakalong,2
youtube,pagkakamali,2
youtube,pagkakasala,1
youtube,pagkakatiwalaan,1
youtube,pagkamal,1
youtube,pagkamatay,2
youtube,pagkanta,3
youtube,pagkasinongaling,2
youtube,pagkatao,1
youtube,pagkatapos,6
youtube,pagkatunaw,1
youtube,pagkawala,1
youtube,pagkolong,1
youtube,pagkondena,1
youtube,pagkuha,5
youtube,pagkulong,1
youtube,pagkwestyon,2
youtube,paglabas,1
youtube,paglagay,1
youtube,paglalahad,4
youtube,paglaruan,3
youtube,paglilimas,1
youtube,paglobo,1
youtube,paglubog,7
youtube,paglustay,1
youtube,pagmahirap,2
youtube,pagmakulong,1
youtube,pagmamagaling,1
youtube,pagmamahal,2
youtube,pagmamay,1
youtube,pagmay,3
youtube,pagmimina,3
youtube,pagmomokha,1
youtube,pagmumukha,6
youtube,pagmumura,1
youtube,pagna,2
youtube,pagnagiba,1
youtube,pagnahuli,1
youtube,pagnakawan,1
youtube,pagnalaman,1
youtube,pagnamatay,1
youtube,pagnanakaw,59
youtube,pagnanasa,1
youtube,pagnannakaw,1
youtube,pagnasa,2
youtube,pagnnakaw,1
youtube,pagod,10
youtube,pagong,2
youtube,pagpa,1
youtube,pagpag,1
youtube,pagpalagay,1
youtube,pagpalain,5
youtube,pagpapagawa,3
youtube,pagpapahirap,2
youtube,pagpapakasasa,1
youtube,pagpapalaganap,1
youtube,pagpapalain,1
youtube,pagpapalit,1
youtube,pagpapaliwanag,1
youtube,pagpapanggap,1
youtube,pagpapasarap,1
youtube,pagpapatayin,3
youtube,pagpapirma,1
youtube,pagpatupad,1
youtube,pagpiga,1
youtube,pagpili,1
youtube,pagpupulibi,1
youtube,pagpupulong,1
youtube,pagpuputol,1
youtube,pagputak,1
youtube,pagputol,1
youtube,pagsabihan,2
youtube,pagsagot,1
youtube,pagsalitain,1
youtube,pagsamasamahin,2
youtube,pagsandok,2
youtube,pagsasaad,2
youtube,pagsasabi,2
youtube,pagsasalita,1
youtube,pagsilbihan,1
youtube,pagsiningil,1
youtube,pagsira,1
youtube,pagsisihan,2
youtube,pagsisinungaling,1
youtube,pagsisira,1
youtube,pagsisisihan,1
youtube,pagsisiwalat,1
youtube,pagsiwalat,2
youtube,pagsoli,2
youtube,pagsosoli,1
youtube,pagsunog,2
youtube,pagsuotin,1
youtube,pagtaaas,1
youtube,pagtaas,6
youtube,pagtabon,1
youtube,pagtakpan,12
youtube,pagtalakay,1
youtube,pagtalunan,1
youtube,pagtambak,2
youtube,pagtanggap,1
youtube,pagtanggol,3
youtube,pagtanong,1
youtube,pagtatabon,3
youtube,pagtatahi,1
youtube,pagtatambak,1
youtube,pagtatanong,1
youtube,pagtatapon,1
youtube,pagtawa,2
youtube,pagtawid,1
youtube,pagtayo,1
youtube,pagtingin,1
youtube,pagtoonan,1
youtube,pagttanong,2
youtube,pagtulog,1
youtube,pagtulong,1
youtube,pagtutruso,1
youtube,pagtutulak,1
youtube,pagtuturo,2
youtube,pagtuunan,3
youtube,pagud,2
youtube,pagukulan,2
youtube,pagulo,8
youtube,pagunlad,1
youtube,pagusapan,3
youtube,pagusto,1
youtube,paguumpisahan,1
youtube,paguusig,1
youtube,pagwalang,1
youtube,pagwawakas,1
youtube,pahabain,1
youtube,pahalagahan,1
youtube,pahalata,1
youtube,pahamak,1
youtube,paharapin,2
youtube,pahawakin,1
youtube,pahayag,4
youtube,pahihirapan,1
youtube,pahingi,1
youtube,pahinood,1
youtube,pahinoon,1
youtube,pahinto,2
youtube,pahintulot,3
youtube,pahiram,1
youtube,pahirap,4
youtube,pahirapan,2
youtube,pahiya,1
youtube,pahmumukha,1
youtube,pahuli,1
youtube,paid,11
youtube,paiimbestigahan,1
youtube,paikot,10
youtube,paikot2x,1
youtube,paikutin,3
youtube,paimbestigahan,1
youtube,pain,2
youtube,painful,2
youtube,paipalan,1
youtube,paita,1
youtube,paiyak2,1
youtube,paka,4
youtube,pakagawa,1
youtube,pakain,2
youtube,pakainutil,1
youtube,pakalat,1
youtube,pakan,2
youtube,pakana,2
youtube,pakaon,1
youtube,pakapalan,1
youtube,pakasiguro,2
youtube,pakat,2
youtube,pakawala,3
youtube,pakay,3
youtube,pakaya,2
youtube,pake,4
youtube,pakealam,1
youtube,pakenabang,1
youtube,paki,10
youtube,pakiaalam,1
youtube,pakialam,9
youtube,pakialaman,2
youtube,pakibangit,2
youtube,pakibilisan,1
youtube,pakiboto,1
youtube,pakidagdag,1
youtube,pakikinggan,1
youtube,pakikipag,1
youtube,pakikisama,1
youtube,pakilo,1
youtube,pakinabang,4
youtube,pakinggan,4
youtube,pakiot,1
youtube,pakiramdam,3
youtube,pakita,3
youtube,pakitignan,1
youtube,pakiusap,1
youtube,pako,1
youtube,pakontrata,1
youtube,pakpak,1
youtube,paktay,1
youtube,pakukuhanin,1
youtube,pakulong,4
youtube,pakundangang,1
youtube,palabas,13
youtube,palabasin,2
youtube,palabaz,2
youtube,palace,1
youtube,palad,1
youtube,palagay,10
youtube,palagi,15
youtube,palaging,9
youtube,palaisdaan,2
youtube,palak,2
youtube,palakad,1
youtube,palakasan,1
youtube,palakasin,2
youtube,palala,1
youtube,palalayain,1
youtube,palalimin,1
youtube,palambutin,1
youtube,palang,38
youtube,palasa,1
youtube,palasyo,5
youtube,palataya,1
youtube,palawan,2
youtube,palay,4
youtube,paldo,6
youtube,paldo2x,1
youtube,palengke,2
youtube,paletan,2
youtube,palibhasa,4
youtube,paligid,1
youtube,paligiran,1
youtube,paligoy,2
youtube,paligoy2x,1
youtube,paligoyligoy,1
youtube,palikasin,1
youtube,paliliwanag,2
youtube,palinlang,2
youtube,palipas,2
youtube,palipat,1
youtube,palistine,1
youtube,palit,1
youtube,palitada,1
youtube,palitan,15
youtube,palitaw,1
youtube,paliwanag,3
youtube,palng,2
youtube,palo,1
youtube,paloko,1
youtube,paloma,2
youtube,palpak,25
youtube,paltan,1
youtube,paltos,1
youtube,palubog,4
youtube,palusot,12
youtube,palusutan,2
youtube,pam,4
youtube,pamahala,1
youtube,pamahalaan,16
youtube,pamahalan,1
youtube,pamahayan,1
youtube,pamalo,1
youtube,pamamagitan,4
youtube,pamamahala,2
youtube,pamamaraan,6
youtube,paman,2
youtube,pamanagitan,1
youtube,pamapanga,1
youtube,pamaresan,1
youtube,pamarisan,9
youtube,pamaskong,1
youtube,pamati,1
youtube,pambansang,3
youtube,pambihira,4
youtube,pambili,4
youtube,pamela,1
youtube,pamg,1
youtube,pamilia,2
youtube,pamilya,77
youtube,pamilyang,12
youtube,pampagawa,1
youtube,pampagulo,2
youtube,pampakapal,1
youtube,pampalipas,1
youtube,pampam,1
youtube,pampang,1
youtube,pampanga,6
youtube,pampublikong,1
youtube,pamukhain,1
youtube,pamumuhay,4
youtube,pamumuliktika,1
youtube,pamumulitika,1
youtube,pamumulituka,1
youtube,pamumulsa,1
youtube,pamumuno,4
youtube,pamunuang,1
youtube,pan,1
youtube,panagotim,1
youtube,panagutan,1
youtube,panagutin,13
youtube,panahom,1
youtube,panahon,88
youtube,panahong,1
youtube,panainin,1
youtube,panakot,2
youtube,panaleta,1
youtube,panalo,3
youtube,pananagutan,4
youtube,pananakot,4
youtube,pananalita,2
youtube,pananalota,2
youtube,pananampalataya,2
youtube,pananaw,1
youtube,panandaliang,1
youtube,panangdalian,1
youtube,panangga,1
youtube,panapon,2
youtube,panasilip,2
youtube,panatag,1
youtube,panatang,1
youtube,panawagan,1
youtube,panay,11
youtube,pancho,1
youtube,pandagdag,1
youtube,pandaraya,3
youtube,pandemic,3
youtube,pandesal,1
youtube,panel,1
youtube,pang,119
youtube,pangaasinan,1
youtube,pangako,4
youtube,pangakuhan,1
youtube,pangalagaan,1
youtube,pangalan,31
youtube,pangalanan,3
youtube,pangalawamobahay,1
youtube,pangalawang,2
youtube,pangandaman,1
youtube,pangangailangan,5
youtube,panganib,2
youtube,pangarap,6
youtube,pangasinan,6
youtube,pangawat,3
youtube,pangcasino,1
youtube,pangenoon,1
youtube,panggatong,1
youtube,panggobuerno,2
youtube,panggolo,1
youtube,panggulo,10
youtube,panghabang,1
youtube,panghanapbuhay,1
youtube,panghinaan,2
youtube,pangiibbistiga,1
youtube,pangil,1
youtube,pangilinan,3
youtube,panginoon,29
youtube,panginoong,4
youtube,panginuon,2
youtube,panginuonkasamaniyo,1
youtube,pangit,6
youtube,pangita,1
youtube,pangitingiti,1
youtube,pangkaraniwang,2
youtube,pangkurakot,1
youtube,pangmag,1
youtube,pangmatagalang,1
youtube,pangnakukulong,1
youtube,pangolo,1
youtube,pangongorakot,1
youtube,pangongurakot,1
youtube,pangotana,1
youtube,pangrarap,1
youtube,pangsugal,1
youtube,pangtanggi,2
youtube,pangtulong,1
youtube,pangugurakot,1
youtube,pangulo,46
youtube,pangulon,2
youtube,pangulong,5
youtube,pangunahan,1
youtube,pangunahing,1
youtube,pangungulimbat,1
youtube,pangunguna,1
youtube,pangungurakot,15
youtube,pangungutang,2
youtube,pangyarihan,1
youtube,pangyayari,3
youtube,pangyayaring,1
youtube,panibagong,2
youtube,panic,1
youtube,panigurado,2
youtube,panindigan,1
youtube,paningin,1
youtube,paninidigan,1
youtube,paninira,5
youtube,paninisisi,1
youtube,paniniwala,2
youtube,panira,4
youtube,panis,1
youtube,paniwala,5
youtube,paniwalaan,2
youtube,panlenlang,2
youtube,panlilinlang,1
youtube,panloloko,4
youtube,panluluko,1
youtube,panong,2
youtube,panoodin,1
youtube,panoorin,8
youtube,panootin,1
youtube,panpilo,1
youtube,pansamantalang,1
youtube,pansariling,4
youtube,pansin,22
youtube,pansinin,2
youtube,pansitan,2
youtube,pantakip,1
youtube,pantan,2
youtube,pantay,2
youtube,pantaytayolahat,1
youtube,panty,1
youtube,panu,6
youtube,panukalang,1
youtube,panungkulan,1
youtube,panuod,1
youtube,panuodin,1
youtube,panuorim,1
youtube,panuorin,2
youtube,papa,5
youtube,papaangat,1
youtube,papaano,5
youtube,papaanu,1
youtube,papadala,1
youtube,papagalitan,1
youtube,papaganda,1
youtube,papagawa,2
youtube,papagod,1
youtube,papahihirap,1
youtube,papahirap,3
youtube,papaikutin,1
youtube,papaimbistigahan,1
youtube,papakabulag,1
youtube,papakahirap,2
youtube,papakasuhan,1
youtube,papakinggan,1
youtube,papala,3
youtube,papalamig,1
youtube,papalit,1
youtube,papalitan,1
youtube,papalpitate,2
youtube,papalubog,1
youtube,papanagutin,1
youtube,papangit,1
youtube,papaniwala,1
youtube,papaniwalaan,2
youtube,papano,7
youtube,papanobumabawi,2
youtube,papansin,3
youtube,papansinin,2
youtube,papanu,1
youtube,papapatalo,1
youtube,paparating,1
youtube,paparusa,2
youtube,paparusahan,1
youtube,papasa,1
youtube,papasarap,1
youtube,papasko,1
youtube,papasok,5
youtube,papasugal,1
youtube,papataasan,1
youtube,papatay,5
youtube,papatayan,2
youtube,papatayin,5
youtube,papatol,1
youtube,papatungohan,2
youtube,papatupad,1
youtube,papayag,1
youtube,papayagan,2
youtube,papayagang,1
youtube,papayaman,1
youtube,papel,7
youtube,paper,3
youtube,papers,2
youtube,papirma,1
youtube,papogi,4
youtube,papogilng,2
youtube,papotok,1
youtube,paprating,1
youtube,papunta,8
youtube,paquitao,2
youtube,par,2
youtube,paraaan,1
youtube,paraan,29
youtube,paragon,1
youtube,paramatakpan,2
youtube,paramdam,1
youtube,paramg,1
youtube,paranoid,1
youtube,parati,1
youtube,parating,4
youtube,pardoned,2
youtube,pare,10
youtube,parehas,6
youtube,pareho,14
youtube,parehong,1
youtube,paren,2
youtube,parents,1
youtube,parepare,2
youtube,pareparehas,4
youtube,parepareho,2
youtube,parin,54
youtube,paring,4
youtube,pariparihas,1
youtube,paris,2
youtube,park,6
youtube,parked,1
youtube,parking,1
youtube,parliament,1
youtube,parliamentary,1
youtube,parlor,1
youtube,paro,2
youtube,parosa,1
youtube,part,22
youtube,parte,5
youtube,parted,1
youtube,parti,2
youtube,partial,1
youtube,partially,1
youtube,participants,1
youtube,participation,1
youtube,particularly,1
youtube,partido,1
youtube,parties,3
youtube,partihan,2
youtube,partisipasyon,2
youtube,partner,1
youtube,partnership,2
youtube,parts,2
youtube,party,23
youtube,partylist,8
youtube,parurusahan,3
youtube,parusa,24
youtube,parusahan,9
youtube,parusang,3
youtube,pas,1
youtube,pasa,2
youtube,pasabogan,1
youtube,pasada,1
youtube,pasagdahan,1
youtube,pasagutin,1
youtube,pasahod,1
youtube,pasalamat,5
youtube,pasalamatan,3
youtube,pasanginlan,1
youtube,pasara,1
youtube,pasarap,3
youtube,pasasa,1
youtube,pasay,11
youtube,pasensya,3
youtube,pasig,7
youtube,pasigaw,1
youtube,pasikot,3
youtube,pasikot2,2
youtube,pasimono,1
youtube,pasimuno,5
youtube,pasin,2
youtube,pasko,2
youtube,paslit,1
youtube,pasmado,1
youtube,pasok,5
youtube,paspas,1
youtube,pass,3
youtube,passed,3
youtube,passers,1
youtube,passes,1
youtube,passport,4
youtube,past,8
youtube,paste,2
youtube,pastilan,1
youtube,pasunorin,1
youtube,pasuutin,2
youtube,pasyal2,1
youtube,pasyente,1
youtube,pat,1
youtube,pataas,1
youtube,pataba,1
youtube,patagalin,1
youtube,patahimikin,2
youtube,patakaran,1
youtube,patalino,1
youtube,patalsikin,3
youtube,patalsiking,1
youtube,patambakan,1
youtube,patapusin,2
youtube,patas,16
youtube,pataw,1
youtube,patawa,7
youtube,patawad,1
youtube,patawan,1
youtube,patawid,1
youtube,patay,19
youtube,patayan,4
youtube,patayin,13
youtube,patayu,2
youtube,patayuan,1
youtube,pate,2
youtube,patek,2
youtube,pathetic,6
youtube,paths,1
youtube,pati,96
youtube,patibong,2
youtube,patibsa,1
youtube,patient,1
youtube,patingin,2
youtube,patinuan,1
youtube,patitinag,1
youtube,patiwarik,3
youtube,patnubayan,1
youtube,patong,3
youtube,patos,1
youtube,patrick,1
youtube,patrol,1
youtube,patubig,3
youtube,patugtugin,1
youtube,patuloy,21
youtube,patuluy,1
youtube,patunay,3
youtube,patunayan,4
youtube,patunayang,1
youtube,patungo,2
youtube,patunguhan,1
youtube,patutungohan,1
youtube,patutunguhan,1
youtube,patuyan,2
youtube,patyon,1
youtube,paubaya,1
youtube,paul,2
youtube,pauli,1
youtube,paulit,27
youtube,paulit2,2
youtube,pauliy,1
youtube,paulo,1
youtube,paunlarin,2
youtube,paunti,3
youtube,pauto,1
youtube,pauuwiin,1
youtube,pauwe,1
youtube,pauwein,1
youtube,pauwiin,7
youtube,pawang,7
youtube,pawis,8
youtube,pawn,1
youtube,pay,15
youtube,payabangan,1
youtube,payagan,11
youtube,payagang,1
youtube,payak,1
youtube,payakap,1
youtube,payaman,1
youtube,payamanin,2
youtube,payan,3
youtube,payapa,1
youtube,payback,1
youtube,payer,3
youtube,payers,7
youtube,paying,2
youtube,payment,1
youtube,payo,2
youtube,payout,2
youtube,pba,1
youtube,pbbm,66
youtube,pbbmm,1
youtube,pbili,2
youtube,pcab,4
youtube,pcg,2
youtube,pcig,1
youtube,pco,1
youtube,pdaf,7
youtube,pdap,1
youtube,pdlya,1
youtube,peace,3
youtube,peaceful,2
youtube,pearl,1
youtube,pearly,1
youtube,pede,3
youtube,peede,1
youtube,peeping,2
youtube,peesident,1
youtube,peeve,3
youtube,peg,1
youtube,peke,4
youtube,pekeng,3
youtube,pelikula,5
youtube,pelote,1
youtube,peluka,4
youtube,pelukq,1
youtube,penag,2
youtube,penalize,1
youtube,penalties,1
youtube,penalty,62
youtube,penanty,1
youtube,penaty,1
youtube,pension,1
youtube,pensyon,6
youtube,peo,2
youtube,peoples,5
youtube,pepermahan,1
youtube,pepito,1
youtube,pepsi,4
youtube,per,7
youtube,pera,482
youtube,pera2,1
youtube,perang,19
youtube,perceived,2
youtube,percent,9
youtube,percentage,6
youtube,percy,4
youtube,pere,1
youtube,perehas,1
youtube,perfect,10
youtube,perform,1
youtube,period,5
youtube,perma,3
youtube,permanent,1
youtube,permanenteng,2
youtube,permission,3
youtube,permit,6
youtube,peror,1
youtube,perpetrators,3
youtube,perpetually,1
youtube,perra,3
youtube,persecute,1
youtube,persecuted,1
youtube,persistence,1
youtube,person,26
youtube,personal,11
youtube,personalities,1
youtube,personality,1
youtube,personally,1
youtube,personnel,1
youtube,persons,3
youtube,personzlly,1
youtube,perte,1
youtube,peru,10
youtube,perverse,1
youtube,perwisyo,4
youtube,peslak,1
youtube,peso,10
youtube,pesos,27
youtube,peste,3
youtube,pesteng,1
youtube,pesti,1
youtube,pet,3
youtube,peta,2
youtube,peter,1
youtube,peter1,1
youtube,petron,1
youtube,pets,1
youtube,pff,1
youtube,pfool,1
youtube,pgbbago,1
youtube,pgbbicita,1
youtube,pghahatian,1
youtube,pghipos,1
youtube,pgkababa,1
youtube,pgkakataong,1
youtube,pgkawat,1
youtube,pgkurakot,2
youtube,pglaban,1
youtube,pgllhad,2
youtube,pgmasdan,1
youtube,pgmumukha,1
youtube,pgtatanggol,2
youtube,pharmally,1
youtube,phas,1
youtube,phase,1
youtube,phil,6
youtube,philgeps,1
youtube,philhealth,5
youtube,philheatlh,1
youtube,philip,2
youtube,philippinas,1
youtube,philippine,19
youtube,philippines,116
youtube,phillip,2
youtube,phillipine,1
youtube,phillipines,4
youtube,phillippined,1
youtube,phils,2
youtube,phlhealth,1
youtube,photos,2
youtube,php,4
youtube,physical,1
youtube,physically,6
youtube,pianglalaban,1
youtube,pianpatupad,1
youtube,piatos,2
youtube,piattos,1
youtube,pibabayaan,1
youtube,picc,1
youtube,pichi,4
youtube,pick,2
youtube,pictures,3
youtube,pide,1
youtube,piece,1
youtube,pieces,2
youtube,pier,1
youtube,pigain,2
youtube,piggy,2
youtube,pigil,2
youtube,pigilan,1
youtube,pigsa,1
youtube,piipino,1
youtube,pikon,1
youtube,piktyur,1
youtube,pila,1
youtube,pilar,1
youtube,pilate,1
youtube,pilato,1
youtube,pili,4
youtube,piliinong,2
youtube,piliipinas,1
youtube,pilikula,1
youtube,pilinas,4
youtube,piling,2
youtube,pilipilit,1
youtube,pilipimas,1
youtube,pilipinas,276
youtube,pilipino,187
youtube,pilipinong,8
youtube,pilipinos,5
youtube,piliplno,2
youtube,pilipno,1
youtube,pilippines,1
youtube,pilit,20
youtube,pilitician,1
youtube,pilitin,1
youtube,pilitmong,1
youtube,pilopinas,1
youtube,pin,2
youtube,pina,13
youtube,pinaaresto,1
youtube,pinaasa,2
youtube,pinababango,1
youtube,pinabalik,2
youtube,pinabasa,2
youtube,pinabayaan,2
youtube,pinaconstruck,1
youtube,pinadala,4
youtube,pinadami,1
youtube,pinaextend,2
youtube,pinag,53
youtube,pinagaan,1
youtube,pinagaarala,1
youtube,pinagaaralan,1
youtube,pinagagawa,1
youtube,pinagawa,1
youtube,pinagbibigyan,1
youtube,pinagbintangan,1
youtube,pinagbobola,1
youtube,pinagdadaanan,2
youtube,pinaggagagawa,2
youtube,pinaggagawa,5
youtube,pinaghandana,1
youtube,pinaghati,1
youtube,pinaghatian,1
youtube,pinaghatihatian,2
youtube,pinaghihirapan,1
youtube,pinaghirapan,2
youtube,pinaghirapang,1
youtube,pinagiinitan,1
youtube,pinagkakaabalahan,2
youtube,pinagkakaitaan,1
youtube,pinagkakaloob,2
youtube,pinagkakatiwalaan,1
youtube,pinagkakitaan,4
youtube,pinagkatiwala,1
youtube,pinagkatiwalaan,3
youtube,pinagkatiwalan,1
youtube,pinaglaanan,2
youtube,pinaglaban,2
youtube,pinaglakaisahan,2
youtube,pinaglalaban,2
youtube,pinaglalaruan,1
youtube,pinagloloko,2
youtube,pinagluluko,2
youtube,pinaglumaan,1
youtube,pinagmalaki,1
youtube,pinagmulan,3
youtube,pinagnanakaw,2
youtube,pinagpapaguran,4
youtube,pinagpapaliwanag,1
youtube,pinagpapatay,1
youtube,pinagpipilitan,1
youtube,pinagpuputol,1
youtube,pinagsamang,1
youtube,pinagsasabi,9
youtube,pinagsasalita,1
youtube,pinagsusugal,2
youtube,pinagtakpan,2
youtube,pinagtatakpan,11
youtube,pinagtatanggol,1
youtube,pinagtatangol,1
youtube,pinagtatawanan,2
youtube,pinagtutulongang,1
youtube,pinagugulo,1
youtube,pinagusapan,3
youtube,pinaguusapan,4
youtube,pinagyayabang,1
youtube,pinahahab,2
youtube,pinahahaba,2
youtube,pinahinto,1
youtube,pinahiram,1
youtube,pinahirapan,2
youtube,pinaiikot,1
youtube,pinaimbistigahan,1
youtube,pinairal,1
youtube,pinaka,35
youtube,pinakabinabahang,1
youtube,pinakabossing,2
youtube,pinakaguilty,2
youtube,pinakaharang,1
youtube,pinakaki,2
youtube,pinakamababa,3
youtube,pinakamabigat,1
youtube,pinakamabilis,1
youtube,pinakamadali,1
youtube,pinakamadaming,1
youtube,pinakamagaling,1
youtube,pinakamalakas,2
youtube,pinakamalaki,2
youtube,pinakamalaking,2
youtube,pinakamalke,1
youtube,pinakamaraming,1
youtube,pinakamasarap,1
youtube,pinakamataas,5
youtube,pinakamatinding,1
youtube,pinakanakinabang,1
youtube,pinakataas,2
youtube,pinakikinggan,1
youtube,pinakmataas,1
youtube,pinakpan,1
youtube,pinaksin,2
youtube,pinakulong,1
youtube,pinalalabas,2
youtube,pinalalayas,1
youtube,pinalano,1
youtube,pinalayas,1
youtube,pinaligiran,1
youtube,pinaling,1
youtube,pinalitan,8
youtube,pinamigay,1
youtube,pinangakoan,2
youtube,pinangalanan,7
youtube,pinanganak,1
youtube,pinangangalandakan,1
youtube,pinangbili,2
youtube,pinanggalingan,1
youtube,pinanglalagay,1
youtube,pinangtatalo,2
youtube,pinaniwalaan,1
youtube,pinanonood,1
youtube,pinanood,1
youtube,pinansin,1
youtube,pinantambak,1
youtube,pinapa,4
youtube,pinapaalis,1
youtube,pinapaamin,2
youtube,pinapaanod,1
youtube,pinapadahod,1
youtube,pinapagawa,5
youtube,pinapahaba,1
youtube,pinapahirapan,3
youtube,pinapahiya,1
youtube,pinapaik,1
youtube,pinapaikot,6
youtube,pinapakaen,2
youtube,pinapakain,4
youtube,pinapakinabangan,1
youtube,pinapakita,1
youtube,pinapalabas,1
youtube,pinapalaki,2
youtube,pinapalayas,1
youtube,pinapanagot,1
youtube,pinapanalangin,1
youtube,pinapanigan,1
youtube,pinapaniwala,2
youtube,pinapaniwalaan,1
youtube,pinapanood,2
youtube,pinapansin,2
youtube,pinapanuod,1
youtube,pinapanuodnnalang,1
youtube,pinaparusahan,1
youtube,pinapasa,1
youtube,pinapasagot,1
youtube,pinapasahod,1
youtube,pinapasweldo,2
youtube,pinapatag,1
youtube,pinapatagal,2
youtube,pinapatalo,4
youtube,pinapatapon,1
youtube,pinapataw,1
youtube,pinapatawag,1
youtube,pinapatay,6
youtube,pinapatibay,1
youtube,pinapatnubayan,2
youtube,pinapatulan,1
youtube,pinapayagan,1
youtube,pinaplano,2
youtube,pinapqnganak,1
youtube,pinarusahan,1
youtube,pinas,99
youtube,pinasa,2
youtube,pinasahod,1
youtube,pinasaringan,1
youtube,pinaskil,1
youtube,pinasok,3
youtube,pinataas,1
youtube,pinatag,1
youtube,pinatagal,2
youtube,pinatalo,3
youtube,pinatanggal,1
youtube,pinatapos,1
youtube,pinatatagal,6
youtube,pinatawg,1
youtube,pinatay,6
youtube,pinatayo,1
youtube,pinatong,2
youtube,pinattalo,2
youtube,pinatubo,1
youtube,pinatuloy,2
youtube,pinatunayan,1
youtube,pinaupo,1
youtube,pinauuwi,1
youtube,pinayagan,1
youtube,pindala,1
youtube,pinermahan,1
youtube,ping,34
youtube,pingloloko,1
youtube,pingpingpingpingping,1
youtube,pinikula,1
youtube,pinili,7
youtube,pinilit,2
youtube,pinipigilan,2
youtube,pinipigilang,2
youtube,pinipile,1
youtube,pinipilit,7
youtube,pinirmahan,2
youtube,pinitik,1
youtube,pink,2
youtube,pinkamaraming,1
youtube,pinklawan,2
youtube,pinky,10
youtube,pino,2
youtube,pinohonan,1
youtube,pinono,1
youtube,pinoprotecta,1
youtube,pinoproteksyoan,2
youtube,pinoprotektahan,9
youtube,pinoy,37
youtube,pinoys,1
youtube,pinpointed,1
youtube,pinpuntahan,2
youtube,pinrotektahan,2
youtube,pinsa,1
youtube,pinsan,24
youtube,pintora,1
youtube,pintura,1
youtube,pinuno,5
youtube,pinuponduhan,1
youtube,pinuprotectahan,1
youtube,pinupuntahan,1
youtube,pinupush,2
youtube,pinuputol,5
youtube,pinush,1
youtube,pinutol,4
youtube,pinzan,1
youtube,pipigil,1
youtube,pipigilan,1
youtube,pipikit,1
youtube,pipirma,1
youtube,pira,23
youtube,pirata,1
youtube,pirma,5
youtube,piro,11
youtube,piru,1
youtube,pisan,1
youtube,piso,6
youtube,piss,1
youtube,pissed,1
youtube,pisti,2
youtube,pitik,1
youtube,pity,1
youtube,pka,1
youtube,pki,1
youtube,pkialam,3
youtube,pkinabang,1
youtube,pkingina,1
youtube,pks,1
youtube,pla,31
youtube,place,10
youtube,placed,1
youtube,places,2
youtube,plad,1
youtube,plag,1
youtube,plagi,2
youtube,plaguing,1
youtube,plains,2
youtube,plan,5
youtube,planado,1
youtube,planes,1
youtube,planet,2
youtube,plang,4
youtube,planggana,1
youtube,planing,1
youtube,planned,2
youtube,planner,2
youtube,planning,12
youtube,plano,10
youtube,planohin,1
youtube,planong,1
youtube,plans,2
youtube,plants,1
youtube,planu,1
youtube,planuhan,1
youtube,plastic,4
youtube,plate,1
youtube,plating,1
youtube,play,9
youtube,playing,3
youtube,plaza,2
youtube,pleaase,1
youtube,please,49
youtube,pleasing,1
youtube,plenaryo,1
youtube,plight,1
youtube,plipino,1
youtube,plitan,1
youtube,plitn,1
youtube,plng,1
youtube,plood,2
youtube,ploreda,1
youtube,plot,4
youtube,plsss,1
youtube,plsssss,1
youtube,plu,1
youtube,plunder,24
youtube,plunderers,1
youtube,plundering,2
youtube,plus,20
youtube,ply,1
youtube,plz,2
youtube,pmbili,1
youtube,pmilya,2
youtube,pnagmamalke,1
youtube,pnagtatrabahuhan,1
youtube,pnahon,2
youtube,pnb,1
youtube,png,4
youtube,pngalan,2
youtube,pnginoon,2
youtube,pngyuari,2
youtube,pnhon,1
youtube,pnn,1
youtube,pnoy,2
youtube,pnp,5
youtube,pobre,1
youtube,poc,1
youtube,pockets,1
youtube,poe,2
youtube,pogi,8
youtube,pogo,4
youtube,poh,11
youtube,poide,1
youtube,point,19
youtube,pointed,1
youtube,pointing,4
youtube,points,3
youtube,pokitko,1
youtube,pol,3
youtube,pol2x,1
youtube,polder,2
youtube,pole,1
youtube,police,4
youtube,policians,1
youtube,policies,2
youtube,policy,3
youtube,polido,1
youtube,poliko,2
youtube,polillo,1
youtube,politic,1
youtube,political,22
youtube,politically,2
youtube,politician,17
youtube,politicians,64
youtube,politicisns,1
youtube,politico,6
youtube,politics,9
youtube,politika,16
youtube,politiko,84
youtube,politikong,13
youtube,politiks,1
youtube,politko,1
youtube,polong,1
youtube,poloyico,1
youtube,polpol,2
youtube,polpolitiko,2
youtube,polution,1
youtube,pomabor,1
youtube,pond,1
youtube,pondo,54
youtube,pondohan,2
youtube,pondong,2
youtube,pong,28
youtube,ponta,2
youtube,pontious,1
youtube,ponto,1
youtube,poor,20
youtube,poorest,2
youtube,poorman,1
youtube,poprotektahan,2
youtube,populasyon,3
youtube,population,2
youtube,por,2
youtube,poraiyento,1
youtube,pork,6
youtube,porket,1
youtube,porma,2
youtube,poro,14
youtube,poros,2
youtube,porsento,2
youtube,porsentong,1
youtube,porsyento,6
youtube,portion,3
youtube,posas,1
youtube,posible,1
youtube,posibleng,1
youtube,posisyon,10
youtube,position,12
youtube,positions,4
youtube,positive,2
youtube,poso,1
youtube,posonegro,1
youtube,possessions,1
youtube,possibility,2
youtube,possible,11
youtube,possiblebkasi,1
youtube,post,5
youtube,poste,1
youtube,poster,1
youtube,posti,1
youtube,posts,2
youtube,pot,1
youtube,potah,2
youtube,potahan,2
youtube,potang,3
youtube,potanginang,1
youtube,potol,1
youtube,pour,2
youtube,poverty,2
youtube,power,43
youtube,powerful,7
youtube,powerless,2
youtube,powers,1
youtube,pp0p,1
youtube,ppagamot,1
youtube,ppantay,2
youtube,ppesos,2
youtube,ppl,6
youtube,pplano,2
youtube,ppnta,2
youtube,pprd,1
youtube,ppsok,1
youtube,pptawa,1
youtube,ppunta,1
youtube,ppygan,2
youtube,pra,54
youtube,practical,5
youtube,practice,1
youtube,pradject,1
youtube,praise,2
youtube,prang,5
youtube,pray,36
youtube,prayer,5
youtube,prayers,6
youtube,praying,6
youtube,prc,1
youtube,prcing,1
youtube,prd,1
youtube,pre,5
youtube,preach,1
youtube,precdent,1
youtube,precedente,1
youtube,precent,2
youtube,precise,1
youtube,prediksyon,1
youtube,prej,1
youtube,prejudgement,2
youtube,prejudicial,1
youtube,premises,1
youtube,premium,1
youtube,prenutiktahan,1
youtube,prep,1
youtube,preparation,2
youtube,preparationof,2
youtube,prepare,4
youtube,prepared,4
youtube,pres,10
youtube,presdint,1
youtube,presedente,5
youtube,present,9
youtube,presentation,2
youtube,presented,1
youtube,presi,1
youtube,presided,1
youtube,president,92
youtube,presidente,59
youtube,presidenteng,2
youtube,presidenti,2
youtube,presidential,2
youtube,presidenting,1
youtube,presiding,1
youtube,presidinti,1
youtube,presidknte,1
youtube,presinte,2
youtube,preso,2
youtube,presohan,1
youtube,press,2
youtube,presscon,5
youtube,pressing,1
youtube,pressure,1
youtube,pressuring,1
youtube,presyo,5
youtube,pretend,1
youtube,pretended,1
youtube,pretending,1
youtube,pretense,1
youtube,pretentious,1
youtube,prevail,3
youtube,prevails,1
youtube,prevent,1
youtube,prevented,2
youtube,previous,10
youtube,price,6
youtube,priced,1
youtube,priceless,2
youtube,pricing,2
youtube,pride,2
youtube,priests,1
youtube,prime,1
youtube,prin,1
youtube,princes,1
youtube,principal,1
youtube,prinoprotectahan,1
youtube,prinoprotektahan,2
youtube,prior,3
youtube,prioritize,3
youtube,prioritized,4
youtube,priority,3
youtube,prised,2
youtube,prisedent,3
youtube,prisedente,1
youtube,priso2,1
youtube,prison,9
youtube,privacy,2
youtube,privadong,1
youtube,privat,1
youtube,private,13
youtube,privatized,1
youtube,privet,1
youtube,privilege,3
youtube,prize,1
youtube,prng,1
youtube,pro,14
youtube,proactive,2
youtube,prob,1
youtube,probe,1
youtube,probinsiya,3
youtube,probinsya,9
youtube,proble,1
youtube,problem,12
youtube,problema,55
youtube,problemang,1
youtube,problems,6
youtube,problima,1
youtube,procedure,4
youtube,proceed,3
youtube,process,14
youtube,procurememts,1
youtube,procurement,3
youtube,prodject,1
youtube,producer,1
youtube,product,2
youtube,production,1
youtube,profession,2
youtube,professional,3
youtube,professionalism,1
youtube,professionals,2
youtube,profit,6
youtube,profitab,1
youtube,profound,2
youtube,program,15
youtube,programa,1
youtube,programs,3
youtube,progreso,1
youtube,progress,5
youtube,prohikto,1
youtube,proj,2
youtube,projector,1
youtube,projekt,1
youtube,projieck,1
youtube,projik,2
youtube,prok,1
youtube,proliferated,1
youtube,prolonged,1
youtube,promise,3
youtube,promises,3
youtube,promotor,2
youtube,prone,3
youtube,pronouncement,1
youtube,pronto,1
youtube,proof,12
youtube,proofs,2
youtube,propaganda,1
youtube,proper,8
youtube,properly,1
youtube,properties,9
youtube,property,4
youtube,propesiya,1
youtube,propesyun,1
youtube,proponent,3
youtube,proponents,3
youtube,proportion,1
youtube,proposal,2
youtube,propped,2
youtube,proprietor,1
youtube,proprietorship,2
youtube,proproject,1
youtube,proprotwktahan,1
youtube,prosecute,3
youtube,prosecuting,1
youtube,prosecution,1
youtube,prosecutors,1
youtube,proseso,5
youtube,prosesso,3
youtube,prospective,1
youtube,prospers,1
youtube,protect,35
youtube,protected,5
youtube,protecting,5
youtube,protection,42
youtube,protectionan,1
youtube,protections,1
youtube,protector,5
youtube,protectors,1
youtube,proteksyon,13
youtube,proteksyonan,1
youtube,protektado,9
youtube,protektahan,25
youtube,protektion,1
youtube,protekxon,1
youtube,protest,4
youtube,protesta,3
youtube,protested,1
youtube,protesting,2
youtube,protests,1
youtube,protiksiyon,1
youtube,proud,15
youtube,prov,1
youtube,prove,2
youtube,proved,2
youtube,proven,6
youtube,proverbs,8
youtube,proves,1
youtube,provide,1
youtube,provided,1
youtube,province,11
youtube,provinces,1
youtube,provincia,1
youtube,provincial,2
youtube,provinve,1
youtube,proyecto,2
youtube,proyekto,32
youtube,prq,1
youtube,prrd,8
youtube,prrdd,1
youtube,prrsidente,1
youtube,prsident,2
youtube,prublima,1
youtube,psalm,6
youtube,pssst,2
youtube,psychological,2
youtube,psywarbmskulong,1
youtube,pti,6
youtube,publicity,2
youtube,publicitylang,1
youtube,publicized,1
youtube,publicly,1
youtube,publico,1
youtube,publiko,8
youtube,publima,2
youtube,published,1
youtube,pucha,2
youtube,pud,5
youtube,puere,1
youtube,puesto,2
youtube,pugad,2
youtube,pugaro,2
youtube,pugita,1
youtube,puhonan,2
youtube,puhunam,1
youtube,puhunan,3
youtube,pukin,1
youtube,puking,1
youtube,pukpukin,1
youtube,pulang2x,1
youtube,pulbiron,1
youtube,pulido,5
youtube,pulitico,1
youtube,pulitika,6
youtube,pulitiko,40
youtube,pulitikong,5
youtube,pulitko,1
youtube,pulitzer,1
youtube,pulong,5
youtube,pulos,2
youtube,pulubi,1
youtube,pulutin,2
youtube,pumabor,1
youtube,pumalakpak,2
youtube,pumalit,1
youtube,pumalpak,1
youtube,pumangga,1
youtube,pumantay,1
youtube,pumapalakpaz,1
youtube,pumapasok,1
youtube,pumapatay,1
youtube,pumapayag,1
youtube,pumasa,1
youtube,pumasok,11
youtube,pumatay,3
youtube,pumayag,7
youtube,pumili,4
youtube,pumiperma,1
youtube,pumipigil,1
youtube,pumirma,12
youtube,pumoprotekta,1
youtube,pumping,3
youtube,pumunta,5
youtube,pumuwesto,1
youtube,pun0,1
youtube,puna,1
youtube,pundasyon,2
youtube,pundo,15
youtube,punish,1
youtube,punished,6
youtube,punishing,1
youtube,punishment,3
youtube,puno,26
youtube,punong,10
youtube,punot,2
youtube,punpasweldo,1
youtube,punta,5
youtube,puntahan,6
youtube,punto,1
youtube,punyemas,3
youtube,punyeta,4
youtube,puon,1
youtube,puongkaykapal,1
youtube,pupet,1
youtube,puppet,4
youtube,puppets,2
youtube,pupunta,5
youtube,pupuntahan,2
youtube,pupuntiryahin,1
youtube,pupurihin,2
youtube,pupwede,3
youtube,pura,1
youtube,pure,2
youtube,purge,1
youtube,purobkayo,1
youtube,purong,1
youtube,puros,4
youtube,purpose,13
youtube,purposed,4
youtube,purposes,1
youtube,pursue,2
youtube,puru,6
youtube,purus,1
youtube,pusakal,2
youtube,pusangina,1
youtube,push,3
youtube,pusher,1
youtube,pusit,1
youtube,puso,28
youtube,pusong,9
youtube,pusoy,1
youtube,pustahan,1
youtube,put,16
youtube,putangene,1
youtube,putanginang,2
youtube,putcha,1
youtube,puti,2
youtube,putik,5
youtube,putin,4
youtube,putla,1
youtube,putol,14
youtube,putragis,1
youtube,putting,4
youtube,putul,1
youtube,putulin,5
youtube,puwede,2
youtube,puwedeng,2
youtube,puwesto,6
youtube,puyat,2
youtube,pwd,3
youtube,pwde,6
youtube,pwdeng,1
youtube,pwding,2
youtube,pwdng,1
youtube,pwe,2
youtube,pwede,55
youtube,pwedeng,15
youtube,pwedi,3
youtube,pweding,6
youtube,pwee,1
youtube,pweeee,1
youtube,pweeeee,1
youtube,pwesto,31
youtube,pwnilyanya,1
youtube,pwra,2
youtube,pwude,1
youtube,pyestahan,1
youtube,pyoyekto,1
youtube,pág,2
youtube,qaqc,1
youtube,qlng,1
youtube,qng,7
youtube,quad,1
youtube,quadcom,2
youtube,quadrofulohok,1
youtube,quadruple,2
youtube,qualifications,1
youtube,qualified,2
youtube,quality,11
youtube,quarrying,1
youtube,quartered,1
youtube,queation,3
youtube,queen,1
youtube,queso,2
youtube,question,25
youtube,questionable,3
youtube,questionin,1
youtube,questioning,12
youtube,questionon,1
youtube,questions,11
youtube,quezon,12
youtube,quiapo,1
youtube,quiboloy,2
youtube,quimbo,1
youtube,quirante,2
youtube,quo,1
youtube,quote,4
youtube,quoting,1
youtube,qusgdgg,1
youtube,racketeeering,1
youtube,radio,2
youtube,raffle,2
youtube,raffy,16
youtube,rags,1
youtube,ragyud,1
youtube,raid,1
youtube,rain,5
youtube,rainfall,2
youtube,raise,1
youtube,raised,2
youtube,raising,1
youtube,raket,1
youtube,rakot,1
youtube,rakrsting,1
youtube,rallies,1
youtube,ralling,1
youtube,rally,19
youtube,ralph,2
youtube,raman,1
youtube,ramdam,4
youtube,ramon,2
youtube,ramos,3
youtube,rampant,2
youtube,rampat,1
youtube,ramsack,2
youtube,ran,1
youtube,ranas,1
youtube,random,1
youtube,rang,2
youtube,ranggo,1
youtube,ranging,2
youtube,rank,2
youtube,ranking,2
youtube,ranting,1
youtube,rants,1
youtube,rap,1
youtube,rapist,2
youtube,rapod,1
youtube,rason,3
youtube,rasullullah,1
youtube,rat,1
youtube,rates,2
youtube,rather,12
youtube,rating,1
youtube,rational,2
youtube,rattle,1
youtube,ray,2
youtube,rbelasyun,1
youtube,reach,2
youtube,reachable,1
youtube,reaching,1
youtube,reaction,4
youtube,read,4
youtube,reads,1
youtube,ready,4
youtube,real,23
youtube,realidad,2
youtube,realities,1
youtube,reality,2
youtube,realize,2
youtube,realized,1
youtube,realizing,1
youtube,reap,2
youtube,reaquqear,1
youtube,reason,16
youtube,reasoned,1
youtube,rebelasyun,2
youtube,rebolto,1
youtube,rebolusyon,1
youtube,rebroadcast,1
youtube,rebuilding,1
youtube,recall,1
youtube,receipt,1
youtube,receipts,2
youtube,receive,1
youtube,received,3
youtube,receives,2
youtube,receiving,2
youtube,recently,5
youtube,recieve,1
youtube,recipient,1
youtube,reckoning,1
youtube,reclaim,1
youtube,reclaimation,1
youtube,reclaimed,2
youtube,reclamation,3
youtube,recognizeyouresselfe,1
youtube,recomemded,1
youtube,recommend,1
youtube,recommendation,2
youtube,recommendations,2
youtube,record,8
youtube,records,4
youtube,recovery,2
youtube,recruit,1
youtube,recta,1
youtube,rectify,1
youtube,recto,2
youtube,red,4
youtube,redeem,1
youtube,reduce,1
youtube,reels,2
youtube,refer,1
youtube,referral,1
youtube,reflection,1
youtube,reforestation,1
youtube,refrain,1
youtube,refuge,1
youtube,refurbished,1
youtube,refuse,2
youtube,refused,2
youtube,regard,2
youtube,regarding,4
youtube,regardless,3
youtube,regards,2
youtube,regime,1
youtube,region,6
youtube,regional,2
youtube,regions,3
youtube,register,2
youtube,regular,6
youtube,regularity,1
youtube,regulation,3
youtube,regulations,2
youtube,rehab,1
youtube,rehabilitation,3
youtube,rehas,2
youtube,rehearse,1
youtube,rehiyon,1
youtube,reign,1
youtube,rekado,1
youtube,rekindle,1
youtube,reklamo,8
youtube,rekto,1
youtube,relation,2
youtube,relative,2
youtube,relaxing,2
youtube,release,11
youtube,released,2
youtube,relevant,3
youtube,relief,3
youtube,relieve,1
youtube,religion,1
youtube,religions,1
youtube,religious,2
youtube,religiously,1
youtube,relihiyon,1
youtube,relinquish,1
youtube,relo,1
youtube,relocate,7
youtube,relocated,1
youtube,relocation,6
youtube,remade,1
youtube,remain,1
youtube,remains,1
youtube,remedy0,1
youtube,remember,12
youtube,remilla,2
youtube,remind,2
youtube,reminder,2
youtube,reminding,1
youtube,remittance,2
youtube,remolla,1
youtube,remorse,2
youtube,remove,1
youtube,remover,2
youtube,remualdes,1
youtube,remualdez,1
youtube,remualla,3
youtube,remula,3
youtube,remulia,2
youtube,remulla,95
youtube,remullia,3
youtube,ren,3
youtube,renowned,2
youtube,rent,1
youtube,rep,28
youtube,repair,3
youtube,reparations,1
youtube,repeat,2
youtube,repeatedly,1
youtube,repeating,1
youtube,repeats,1
youtube,repent,7
youtube,repentant,3
youtube,repenting,2
youtube,replace,1
youtube,replaced,2
youtube,repleksyon,2
youtube,report,9
youtube,reported,3
youtube,reportedly,1
youtube,reporting,2
youtube,reports,7
youtube,represent,3
youtube,representathieves,4
youtube,representative,3
youtube,representatives,9
youtube,reproach,1
youtube,reptilians,2
youtube,republic,3
youtube,reputable,1
youtube,reputasyon,1
youtube,reputation,3
youtube,request,1
youtube,requested,1
youtube,require,2
youtube,required,1
youtube,requirement,3
youtube,requirements,1
youtube,requiring,1
youtube,requirments,1
youtube,rereklamo,2
youtube,reresign,1
youtube,rereview,1
youtube,rescue,3
youtube,rescues,3
youtube,research,3
youtube,researched,1
youtube,reserve,2
youtube,reservoir,2
youtube,reshuffling,1
youtube,resibo,1
youtube,residences,1
youtube,resident,3
youtube,residente,7
youtube,residenting,1
youtube,residents,7
youtube,resigh,1
youtube,resign,34
youtube,resigned,3
youtube,resigning,1
youtube,resigns,1
youtube,resilience,2
youtube,resilient,4
youtube,resolution,2
youtube,resolve,5
youtube,resolved,1
youtube,reson,1
youtube,resorts,1
youtube,resource,10
youtube,resourceful,1
youtube,resources,4
youtube,respect,3
youtube,respeto,3
youtube,respito,1
youtube,respond,1
youtube,respondeat,1
youtube,responsable,1
youtube,response,3
youtube,responsibilidad,2
youtube,responsibility,6
youtube,responsibilties,2
youtube,responsible,8
youtube,responsiblity,1
youtube,resposibilidad,2
youtube,rest,2
youtube,restitution,9
youtube,restoration,1
youtube,restore,2
youtube,restroom,1
youtube,resulosyon,1
youtube,result,5
youtube,resulta,12
youtube,resulted,5
youtube,resulting,1
youtube,results,7
youtube,retained,1
youtube,retired,4
youtube,retirement,2
youtube,retokada,1
youtube,retoke,1
youtube,return,14
youtube,returned,1
youtube,returning,1
youtube,revamped,1
youtube,reveal,2
youtube,revealed,3
youtube,revelation,6
youtube,revetment,1
youtube,review,2
youtube,revilla,14
youtube,revoke,1
youtube,revolt,2
youtube,revolusyin,1
youtube,revolution,4
youtube,revolutionary,1
youtube,reward,3
youtube,reyes,3
youtube,reyna,1
youtube,reynante,1
youtube,rezedevest,2
youtube,rfid,1
youtube,rhe,1
youtube,ribg,1
youtube,rice,1
youtube,rich,14
youtube,richer,1
youtube,riches,5
youtube,richest,4
youtube,rid,1
youtube,ride,2
youtube,ridon,2
youtube,rigging,1
youtube,right,29
youtube,righteous,3
youtube,righteousness,2
youtube,rightfully,2
youtube,righthand,1
youtube,rightly,1
youtube,rights,10
youtube,rikta,2
youtube,riligion,1
youtube,rillo,1
youtube,rindi,2
youtube,rinesbakan,1
youtube,ring,11
youtube,rinig,2
youtube,rip,1
youtube,riparian,1
youtube,ririnig,1
youtube,risa,5
youtube,rise,2
youtube,risk,3
youtube,risks,1
youtube,risolba,1
youtube,rito,3
youtube,rivals,1
youtube,river,11
youtube,riverbanks,1
youtube,rivers,2
youtube,riyadh,1
youtube,rizal,5
youtube,roa,2
youtube,road,7
youtube,roads,5
youtube,roadways,1
youtube,rob,1
youtube,robbed,1
youtube,robes,1
youtube,robin,4
youtube,robinhood,5
youtube,robn,1
youtube,robredo,1
youtube,robust,1
youtube,rock,8
youtube,rocks,6
youtube,rod,1
youtube,rodante,3
youtube,rodrigo,4
youtube,rogelio,2
youtube,rojo,1
youtube,role,3
youtube,roles,2
youtube,romaldaz,2
youtube,romaldes,5
youtube,romaldez,1
youtube,roman,1
youtube,romaukdes,1
youtube,romauldes,2
youtube,romauldez,2
youtube,romblon,2
youtube,romouldez,5
youtube,romuadez,1
youtube,romuakldez,1
youtube,romual,1
youtube,romualdas,1
youtube,romualdass,1
youtube,romualdaz,2
youtube,romualdes,16
youtube,romualdez,133
youtube,romulades,2
youtube,romuladez,2
youtube,romulo,1
youtube,romwaldes,1
youtube,romwaldez,1
youtube,ron,4
youtube,ronaldreagan,2
youtube,rondain,11
youtube,rood,1
youtube,room,3
youtube,roon,2
youtube,root,2
youtube,rooted,4
youtube,rootedly,1
youtube,roque,1
youtube,rorok,1
youtube,rosa,8
youtube,rosary,1
youtube,rot,3
youtube,rotten,2
youtube,rotting,2
youtube,roughly,1
youtube,round,3
youtube,roundness,2
youtube,roven,1
youtube,roy,1
youtube,rrupt,3
youtube,rruption,1
youtube,rub,1
youtube,rubbish,1
youtube,ruby,1
youtube,rude,1
youtube,rudy,1
youtube,ruin,1
youtube,ruining,1
youtube,rule,3
youtube,rules,2
youtube,rumaaldas,2
youtube,rumagasa,1
youtube,rumal,1
youtube,rumaldes,1
youtube,rumaldez,2
youtube,rumanas,4
youtube,rumualdes,5
youtube,rumualdez,8
youtube,run,16
youtube,running,2
youtube,runs,2
youtube,rush,2
youtube,russia,3
youtube,russias,1
youtube,rust,2
youtube,ruussia,1
youtube,ruy,1
youtube,ryikto,1
youtube,résignation,1
youtube,saakin,1
youtube,saamin,2
youtube,saaming,1
youtube,saammin,1
youtube,saan,65
youtube,saan2,2
youtube,saang,2
youtube,saankalilipat,1
youtube,saatin,1
youtube,sab,1
youtube,saba,4
youtube,sabagay,3
youtube,saban,1
youtube,sabat,3
youtube,sabay,11
youtube,sabayan,2
youtube,sabeehin,1
youtube,sabehan,2
youtube,sabehin,1
youtube,sabhin,3
youtube,sabihan,1
youtube,sabihin,85
youtube,sabihing,3
youtube,sabin,1
youtube,sabit,2
youtube,sabit2,2
youtube,sabivil,1
youtube,sablay,1
youtube,sablayan,2
youtube,sabog,1
youtube,sabong,1
youtube,sabongiro,2
youtube,sabotage,4
youtube,sabotanting,2
youtube,sabulakan,1
youtube,sabungeros,1
youtube,sabuwatan,2
youtube,sabwat,1
youtube,sabwatan,33
youtube,sabwats,1
youtube,sacpersyo,1
youtube,sacrficial,1
youtube,sacrifice,2
youtube,sacrifices,2
youtube,sacrificial,3
youtube,sad,27
youtube,sadami,1
youtube,sadly,3
youtube,sadness,1
youtube,sadya,2
youtube,sadyang,9
youtube,safe,41
youtube,safeguard,2
youtube,safer,2
youtube,safety,16
youtube,sag,1
youtube,saga,3
youtube,sagana,1
youtube,sagario,1
youtube,sagit,1
youtube,saglit,2
youtube,sagot,35
youtube,sagotan,1
youtube,sagotin,1
youtube,sagum,1
youtube,sagut,3
youtube,sagutan,3
youtube,sagutin,1
youtube,sahig,2
youtube,sahod,28
youtube,sahud,7
youtube,sai,1
youtube,sailang,1
youtube,saimong,2
youtube,sainpyerno,1
youtube,saint,1
youtube,saints,1
youtube,sainyo,9
youtube,saith,1
youtube,saiyo,2
youtube,saka,14
youtube,sakalam,1
youtube,sakali,4
youtube,sakaling,1
youtube,sakana,1
youtube,sakanilang,1
youtube,sakaniya,4
youtube,sakanya,1
youtube,sake,1
youtube,sakim,25
youtube,sakit,10
youtube,saklap,2
youtube,saknila,1
youtube,sako,1
youtube,sakong,1
youtube,sakop,4
youtube,sakosako,1
youtube,sakpan,2
youtube,sakrepisyado,1
youtube,sakrepisyo,1
youtube,sakripisyo,1
youtube,sakripisyong,2
youtube,saksakan,2
youtube,saksi,3
youtube,saktan,2
youtube,sakto,2
youtube,sakuna,11
youtube,sakyan,1
youtube,sal,2
youtube,sala,23
youtube,salahat,1
youtube,salahula,1
youtube,salakay,1
youtube,salalaho,1
youtube,salalay,1
youtube,salam,1
youtube,salamatsainniyo,2
youtube,salanan,1
youtube,salapi,18
youtube,salarin,4
youtube,salary,2
youtube,salasay,4
youtube,salat,2
youtube,salay,2
youtube,salaysay,32
youtube,salde,1
youtube,saldico,1
youtube,saldy,13
youtube,sali,3
youtube,salin,2
youtube,salinlahi,1
youtube,salita,59
youtube,salitang,4
youtube,sally,1
youtube,saln,4
youtube,salot,17
youtube,salpi,1
youtube,salsal,1
youtube,saludo,16
youtube,salut,1
youtube,salute,46
youtube,salvation,5
youtube,sama,29
youtube,samabayanan,1
youtube,samahan,2
youtube,samanga,1
youtube,samanta,1
youtube,samantala,15
youtube,samantalang,28
youtube,samantlang,2
youtube,samar,5
youtube,samasama,1
youtube,samba,1
youtube,sambahin,1
youtube,sambayanan,16
youtube,sambayanang,7
youtube,samga,4
youtube,samin,13
youtube,saming,1
youtube,samining,1
youtube,samok,2
youtube,samot,3
youtube,sampal,1
youtube,sampalin,2
youtube,sample,3
youtube,sampo,3
youtube,sampolan,1
youtube,sampong,3
youtube,sampu,1
youtube,sampulan,1
youtube,sampung,3
youtube,samsamin,2
youtube,samuel,1
youtube,san,21
youtube,sanagassasinate,1
youtube,sananaman,1
youtube,sanang,9
youtube,sanapoles,2
youtube,sanay,13
youtube,sandali,1
youtube,sandata,1
youtube,sandigan,3
youtube,sandiganbayan,2
youtube,sando,1
youtube,sandro,1
youtube,sane,1
youtube,sang,1
youtube,sanga,2
youtube,sangay,8
youtube,sangayon,2
youtube,sangdamukan,1
youtube,sangga,1
youtube,sangkatutak,1
youtube,sangkot,89
youtube,sangre,1
youtube,sanhi,6
youtube,sanitation,1
youtube,sankot,2
youtube,sansunod,1
youtube,sansy,1
youtube,santa,3
youtube,santiagobagtas,1
youtube,santo,2
youtube,santos,1
youtube,sanv,1
youtube,sapa,3
youtube,sapag,1
youtube,sapagkat,2
youtube,sapat,21
youtube,sapatos,1
youtube,sapera,2
youtube,sapolan,1
youtube,sapukin,1
youtube,sapul,1
youtube,saputi,1
youtube,sara,52
youtube,sarabosing,1
youtube,sarado,1
youtube,sarah,22
youtube,sarap,28
youtube,sarap2,1
youtube,sardinas,1
youtube,sardines,3
youtube,sari,5
youtube,sarile,1
youtube,sarili,45
youtube,sariling,20
youtube,sarilinya,1
youtube,sarisariling,2
youtube,sarli,1
youtube,sarsuela,2
youtube,sarswela,3
youtube,sasa,2
youtube,sasabe,1
youtube,sasabi,3
youtube,sasabihin,25
youtube,sasabing,1
youtube,sasabit,1
youtube,sasabwatan,1
youtube,sasagot,2
youtube,sasagutin,1
youtube,sasahurin,2
youtube,sasakop,1
youtube,sasakupin,1
youtube,sasakyan,18
youtube,sasali,2
youtube,sasalita,2
youtube,sasarap,1
youtube,sasasahan,1
youtube,sasskya,1
youtube,satan,4
youtube,satanas,14
youtube,satellites,2
youtube,satin,7
youtube,satingin,2
youtube,satsat,2
youtube,sau,9
youtube,saudi,2
youtube,saulado,4
youtube,sauli,1
youtube,save,18
youtube,saved,6
youtube,saves,1
youtube,savi,1
youtube,savibang,2
youtube,saving,1
youtube,savior,2
youtube,saviour,5
youtube,saw,1
youtube,sawa,6
youtube,sax,1
youtube,say,16
youtube,saya,10
youtube,sayad,1
youtube,sayamg,2
youtube,sayang,44
youtube,sayanng,2
youtube,sayin,1
youtube,saying,7
youtube,says,4
youtube,saysay,2
youtube,sayu,5
youtube,sbhin,6
youtube,sbi,2
youtube,sbihin,1
youtube,scaaaaared,1
youtube,scale,4
youtube,scam,14
youtube,scamer,1
youtube,scammer,1
youtube,scammers,1
youtube,scandal,8
youtube,scandals,1
youtube,scandslous,1
youtube,scapegoat,1
youtube,scapegoating,1
youtube,scare,2
youtube,scared,3
youtube,scenario,1
youtube,scene,1
youtube,scenes,1
youtube,schedule,1
youtube,scholars,1
youtube,school,22
youtube,schooling,1
youtube,schools,3
youtube,scientific,1
youtube,scientists,1
youtube,scoop,1
youtube,scope,1
youtube,scream,1
youtube,screen,3
youtube,scrift,4
youtube,scrip,2
youtube,script,29
youtube,scripted,32
youtube,scrutiny,8
youtube,scumbag,1
youtube,sea,6
youtube,seared,2
youtube,season,4
youtube,seasonal,1
youtube,seated,1
youtube,seawall,3
youtube,sec,23
youtube,second,4
youtube,secret,6
youtube,secretary,17
youtube,secrete,1
youtube,secretly,1
youtube,secsingson,1
youtube,sector,2
youtube,sectoral,1
youtube,secure,1
youtube,secured,1
youtube,security,7
youtube,see,29
youtube,seeeet,1
youtube,seeing,2
youtube,seek,1
youtube,seeking,4
youtube,seems,3
youtube,seen,2
youtube,seet,1
youtube,seftv,1
youtube,segi,1
youtube,segig,2
youtube,segurado,1
youtube,seguridad,1
youtube,seguro,1
youtube,sekretong,3
youtube,selda,1
youtube,selective,6
youtube,self,8
youtube,selfish,5
youtube,selos,1
youtube,sementado,1
youtube,semento,5
youtube,semi,3
youtube,sempling,1
youtube,sempre,1
youtube,sen,162
youtube,senad0,1
youtube,senado,83
youtube,senadong,1
youtube,senador,135
youtube,senadorna,2
youtube,senadorobo,1
youtube,senadors,1
youtube,senadp,2
youtube,senateflix,2
youtube,senatong,4
youtube,senatongs,1
youtube,send,14
youtube,sendekato,5
youtube,sendor,2
youtube,sends,2
youtube,senete,1
youtube,senetor,1
youtube,sengoy,1
youtube,senhor,4
youtube,senior,1
youtube,seniors,1
youtube,seniour,1
youtube,sense,10
youtube,sensya,1
youtube,sent,3
youtube,sentence,7
youtube,sentenced,2
youtube,sentor,1
youtube,sentri,1
youtube,senyas,2
youtube,separate,2
youtube,separated,1
youtube,ser,7
youtube,serbisyo,7
youtube,sergeant,2
youtube,serious,9
youtube,seriously,2
youtube,seriousness,1
youtube,servant,4
youtube,servants,2
youtube,serve,8
youtube,served,6
youtube,server,1
youtube,service,6
youtube,services,4
youtube,serving,2
youtube,serye,2
youtube,seryoso,1
youtube,seryosohin,2
youtube,seryosong,1
youtube,sesenyas,3
youtube,session,3
youtube,set,11
youtube,setup,1
youtube,several,1
youtube,severe,5
youtube,severely,1
youtube,severity,2
youtube,sewerage,1
youtube,seyempre,1
youtube,sgt,4
youtube,sha,5
youtube,shabu,1
youtube,shaddai,1
youtube,shadow,2
youtube,shall,4
youtube,shalom,1
youtube,shame,25
youtube,shameful,2
youtube,shameless,4
youtube,shamp,1
youtube,shaped,1
youtube,share,6
youtube,shared,1
youtube,shed,1
youtube,sheep,1
youtube,sheer,1
youtube,shell,1
youtube,shelter,1
youtube,shelters,1
youtube,shempre,1
youtube,sher,2
youtube,shi,1
youtube,ship,3
youtube,shirk,4
youtube,shirt,1
youtube,shit,3
youtube,shitty,1
youtube,shock,3
youtube,shocker,1
youtube,shocking,5
youtube,shoot,4
youtube,short,7
youtube,shortlist,1
youtube,shot,3
youtube,shots,1
youtube,shoukd,3
youtube,shoulders,1
youtube,shouldn,3
youtube,shouldnt,3
youtube,shouldve,1
youtube,show,17
youtube,showing,1
youtube,showman,1
youtube,shown,2
youtube,shows,5
youtube,shukran,1
youtube,shunga,1
youtube,shut,4
youtube,shuta,1
youtube,sia,1
youtube,siao,1
youtube,sibak,1
youtube,sibasabi,2
youtube,sibb,1
youtube,siberia,2
youtube,siblings,1
youtube,sibugay,1
youtube,sibuyan,1
youtube,sick,2
youtube,sickens,2
youtube,sidacate,2
youtube,side,7
youtube,sided,6
youtube,sideline,2
youtube,sides,2
youtube,sidihin,1
youtube,siding,1
youtube,siempre,2
youtube,sierra,1
youtube,sieze,1
youtube,siga,3
youtube,sigaw,2
youtube,sigawan,1
youtube,sigbzture,1
youtube,sige,13
youtube,sigeg,1
youtube,sigi,3
youtube,sign,4
youtube,signal,1
youtube,signatory,2
youtube,signature,3
youtube,signatures,2
youtube,signed,3
youtube,significant,3
youtube,sigon,1
youtube,sigoro,1
youtube,sigurado,13
youtube,siguradong,7
youtube,sigurafo,2
youtube,sigurong,1
youtube,sijoel,2
youtube,sikap,1
youtube,sikat,7
youtube,sikilin,1
youtube,sikmura,6
youtube,sikot,3
youtube,sikskikan,1
youtube,sila2,2
youtube,silabasan,1
youtube,silang,67
youtube,silangnagpahirap,1
youtube,silay,3
youtube,silbe,1
youtube,silbeng,2
youtube,silbi,11
youtube,silbing,2
youtube,silence,5
youtube,silent,2
youtube,silid,1
youtube,silip,2
youtube,silng,2
youtube,silver,2
youtube,silway,1
youtube,silya,3
youtube,sim,2
youtube,simbahan,2
youtube,simentado,1
youtube,simento,1
youtube,similar,2
youtube,simo,1
youtube,simot,1
youtube,simple,10
youtube,simpleng,10
youtube,simplle,1
youtube,simply,4
youtube,simula,18
youtube,simulan,3
youtube,sin,10
youtube,sin0ng,1
youtube,sina,14
youtube,sinabe,5
youtube,sinabihan,2
youtube,sinacrfice,2
youtube,sinado,2
youtube,sinador,8
youtube,sinadsbi,2
youtube,sinadya,3
youtube,sinagad,2
youtube,sinakop,1
youtube,sinalanta,1
youtube,sinalita,2
youtube,sinangayonan,2
youtube,sinapit,1
youtube,sinasabi,55
youtube,sinasabing,2
youtube,sinasadya,2
youtube,sinasagot,3
youtube,sinasahod,1
youtube,sinasahuran,1
youtube,sinasakop,1
youtube,sinasakripisyong,1
youtube,sinasama,1
youtube,sinasampahan,1
youtube,sinasavi,1
youtube,sinasayang,1
youtube,sinasbi,2
youtube,sinasubmit,1
youtube,sinayang,1
youtube,since,24
youtube,sincere,3
youtube,sincerely,1
youtube,sincerity,2
youtube,sindi,1
youtube,sindicate,1
youtube,sindikado,1
youtube,sindikato,36
youtube,sinful,2
youtube,sing2x,1
youtube,singapore,8
youtube,singaporean,2
youtube,singaw,1
youtube,singbigat,1
youtube,singilin,1
youtube,single,6
youtube,singsing,1
youtube,singson,9
youtube,singsong,1
youtube,sinilangan,3
youtube,sinimento,1
youtube,sinimple,2
youtube,sinira,3
youtube,sinisi,1
youtube,sinisigaw,1
youtube,sinisindak,1
youtube,sinisira,3
youtube,sinisiraan,1
youtube,sinisisi,2
youtube,sinisiwalat,1
youtube,siniwakat,2
youtube,siniwalat,1
youtube,sink,3
youtube,sinkado,1
youtube,sinner,2
youtube,sino2,1
youtube,sino2x,1
youtube,sinoli,1
youtube,sinolo,1
youtube,sinomang,2
youtube,sinong,9
youtube,sinongaling,9
youtube,sinood,1
youtube,sins,8
youtube,sinsabi,3
youtube,sinsabing,1
youtube,sinsali,1
youtube,sinsamantala,1
youtube,sinseridad,1
youtube,sinses,1
youtube,sintunado,2
youtube,sinu,3
youtube,sinubstandard,1
youtube,sinugaling,3
youtube,sinuhulan,2
youtube,sinuli,1
youtube,sinuman,1
youtube,sinumang,1
youtube,sinumbong,2
youtube,sinumpaan,5
youtube,sinumpaang,6
youtube,sinun,1
youtube,sinundan,1
youtube,sinungaking,2
youtube,sinungaling,67
youtube,sinungalingan,1
youtube,sinungalinhmg,2
youtube,sinungsking,1
youtube,sinunod,1
youtube,sinunog,1
youtube,sinuong,2
youtube,sinuportahan,1
youtube,sinusubaybayan,1
youtube,sinusuka,1
youtube,sinusumpa,1
youtube,sinusunod,2
youtube,sinusunog,3
youtube,sinusuong,1
youtube,sinusupalpal,1
youtube,sinusuportahan,1
youtube,sinusurrender,1
youtube,sinusweldo,1
youtube,sinyas,2
youtube,sip,6
youtube,sipain,1
youtube,sipon,2
youtube,sipsip,1
youtube,siquijor,1
youtube,sira,18
youtube,siraan,5
youtube,siraen,1
youtube,sirain,2
youtube,sirang,3
youtube,siraulo,2
youtube,sisen,1
youtube,sisi,11
youtube,sisigaw,1
youtube,sisihan,1
youtube,sisihin,13
youtube,sisikat,1
youtube,sisilip,1
youtube,sisingaw,3
youtube,sisingson,1
youtube,sisinongaling,1
youtube,sisinungaling,2
youtube,sisiper,1
youtube,sisirain,6
youtube,sisisabi,2
youtube,sisishin,1
youtube,sisisi,3
youtube,sisisihin,1
youtube,sison,1
youtube,sistem,1
youtube,sistema,17
youtube,sistemang,1
youtube,sistematikong,2
youtube,sistemikong,1
youtube,sister,2
youtube,sistima,2
youtube,sistimatikong,2
youtube,sitcoms,1
youtube,site,5
youtube,sitio,1
youtube,situation,3
youtube,sitwasyon,6
youtube,siwalat,1
youtube,siwasyon,1
youtube,sixihin,1
youtube,siyang,17
youtube,siyempre,2
youtube,ska,3
youtube,ski,1
youtube,skilled,1
youtube,skills,1
youtube,skin,4
youtube,skip,2
youtube,skm,1
youtube,sknya,1
youtube,skol,1
youtube,skul,1
youtube,sla,3
youtube,slam,1
youtube,slamat,1
youtube,slamt,2
youtube,slater,5
youtube,slcantaraat,2
youtube,sleep,4
youtube,sleeping,1
youtube,slex,1
youtube,slide,1
youtube,slides,1
youtube,slita,1
youtube,slmt,1
youtube,slot,3
youtube,slow,4
youtube,small,8
youtube,smantlang,3
youtube,smart,2
youtube,smc,1
youtube,smell,2
youtube,smga,6
youtube,smh,2
youtube,smni,1
youtube,smoke,3
youtube,smokescreen,1
youtube,smooth,1
youtube,smple,1
youtube,sna,16
youtube,snaa,2
youtube,snang,3
youtube,snappy,2
youtube,snatcher,1
youtube,snatchers,1
youtube,sng,8
youtube,snippet,1
youtube,sno,2
youtube,snow,1
youtube,snyo,1
youtube,sobra,37
youtube,sobra2x,2
youtube,sobrang,53
youtube,sobrng,1
youtube,social,8
youtube,societal,1
youtube,society,6
youtube,soell,1
youtube,soft,1
youtube,soho,31
youtube,sojo,3
youtube,solar,1
youtube,sold,1
youtube,soldi,1
youtube,soldier,2
youtube,soldiers,2
youtube,sole,3
youtube,solely,1
youtube,solid,15
youtube,solosyonan,1
youtube,solousyon,1
youtube,solusyon,7
youtube,solusyonan,1
youtube,solution,16
youtube,solutions,1
youtube,solve,2
youtube,solved,1
youtube,someday,2
youtube,someone,12
youtube,something,13
youtube,sometimes,5
youtube,somewhat,1
youtube,somewhere,1
youtube,son,3
youtube,sona,4
youtube,sonas,1
youtube,sonogin,2
youtube,sons,1
youtube,soon,5
youtube,sooners,1
youtube,soooo,3
youtube,soot,1
youtube,sop,7
youtube,sopot,2
youtube,sora,1
youtube,sori,4
youtube,sorry,65
youtube,sorsogon,2
youtube,sorvey,1
youtube,sory,1
youtube,sos,4
youtube,sosunod,1
youtube,soto,2
youtube,sotto,39
youtube,soul,18
youtube,souls,1
youtube,sound,4
youtube,sounds,1
youtube,soup,1
youtube,sources,2
youtube,sourdhoughs,1
youtube,sout,1
youtube,south,3
youtube,sovereign,1
youtube,sozo,1
youtube,space,2
youtube,spain,9
youtube,spalto,2
youtube,spaniard,1
youtube,spanish,4
youtube,spark,2
youtube,sparrow,1
youtube,speak,4
youtube,speaker,29
youtube,speaking,1
youtube,special,4
youtube,specialized,1
youtube,specially,3
youtube,specific,1
youtube,specifically,3
youtube,specified,1
youtube,specs,1
youtube,speculation,1
youtube,speech,2
youtube,speechless,1
youtube,speechment,1
youtube,speed,1
youtube,spell,1
youtube,spelling,1
youtube,spend,3
youtube,spending,3
youtube,spent,4
youtube,spillway,1
youtube,spirit,3
youtube,spiritu,2
youtube,spiritual,3
youtube,spit,2
youtube,split,1
youtube,spoken,1
youtube,sports,2
youtube,spot,2
youtube,spotlight,2
youtube,sprawling,1
youtube,spread,1
youtube,spreading,1
youtube,sputnik,2
youtube,squad,17
youtube,squads,1
youtube,srnate,1
youtube,ssabihin,1
youtube,ssaknyan,2
youtube,ssbhin,1
youtube,ssna,1
youtube,ssolve,1
youtube,sss,6
youtube,ssundin,1
youtube,stable,1
youtube,stadi,1
youtube,staff,6
youtube,staffs,1
youtube,stage,3
youtube,stained,1
youtube,staka,1
youtube,stake,1
youtube,stall,1
youtube,stamina,1
youtube,stand,5
youtube,standard,12
youtube,standards,4
youtube,standby,1
youtube,standing,2
youtube,standingb000yyy,1
youtube,stands,1
youtube,star,3
youtube,starring,1
youtube,start,14
youtube,started,7
youtube,starting,5
youtube,starts,1
youtube,starving,4
youtube,state,22
youtube,stated,1
youtube,statement,23
youtube,statements,1
youtube,states,3
youtube,statesments,1
youtube,statewitness,2
youtube,station,6
youtube,stations,1
youtube,statues,1
youtube,status,1
youtube,stay,5
youtube,steal,4
youtube,stealing,6
youtube,steel,1
youtube,stella,1
youtube,stench,2
youtube,step,3
youtube,stepping,4
youtube,steps,2
youtube,stew,1
youtube,stick,5
youtube,stifling,1
youtube,still,23
youtube,stimated,1
youtube,sting,1
youtube,stings,1
youtube,stint,1
youtube,sto,1
youtube,stock,2
youtube,stocked,2
youtube,stole,6
youtube,stolen,14
youtube,stone,4
youtube,stop,20
youtube,stopped,1
youtube,stopping,1
youtube,store,2
youtube,storm,5
youtube,story,2
youtube,storya,1
youtube,storytelling,1
youtube,strada,3
youtube,straight,7
youtube,stranded,1
youtube,strap,2
youtube,strategy,3
youtube,stratehiya,1
youtube,stream,1
youtube,streaming,1
youtube,street,1
youtube,streetlight,2
youtube,streets,6
youtube,stremers,1
youtube,strength,1
youtube,stress,5
youtube,stressed,2
youtube,stressful,1
youtube,strickened,2
youtube,strict,4
youtube,strike,4
youtube,strikes,2
youtube,strikto,2
youtube,striktoha,1
youtube,stripes,1
youtube,stripped,1
youtube,strong,18
youtube,stronger,1
youtube,structural,1
youtube,structure,4
youtube,structures,4
youtube,struggle,1
youtube,student,1
youtube,students,1
youtube,studied,2
youtube,studies,1
youtube,study,2
youtube,studyanteng,1
youtube,studying,2
youtube,studynte,1
youtube,stunned,4
youtube,stupid,6
youtube,stupidy,1
youtube,style,11
youtube,sub,5
youtube,subalit,2
youtube,subaybayan,1
youtube,subcontract,1
youtube,subdivision,6
youtube,subdivisions,1
youtube,subduction,1
youtube,subject,3
youtube,submerged,1
youtube,submit,1
youtube,subpoena,2
youtube,subrang,18
youtube,subsidence,1
youtube,substandar,1
youtube,substandard,15
youtube,subtitles,1
youtube,subukan,3
youtube,subways,1
youtube,success,1
youtube,successful,2
youtube,successfully,1
youtube,succumed,2
youtube,sucessfukyy,1
youtube,sucks,4
youtube,suddenly,1
youtube,suffer,6
youtube,sufferdahil,1
youtube,suffered,4
youtube,suffering,6
youtube,sufferings,1
youtube,suffers,1
youtube,sugal,1
youtube,sugapa,2
youtube,sugapang,1
youtube,sugat,1
youtube,suggestion,1
youtube,suggestions,2
youtube,suggests,4
youtube,sugo,1
youtube,sugpo,1
youtube,suho,1
youtube,suhol,3
youtube,suicide,1
youtube,suit,2
youtube,suitcases,1
youtube,suka,2
youtube,sukang,1
youtube,sukdulan,2
youtube,sukuan,1
youtube,sulidong,1
youtube,sulit,1
youtube,sulok,1
youtube,sulosion,1
youtube,sulosyon,1
youtube,sulosyonan,1
youtube,sulotion,2
youtube,sulungem,1
youtube,sulusyon,2
youtube,sulution,1
youtube,sumabay,2
youtube,sumabog,1
youtube,sumagot,12
youtube,sumalanta,3
youtube,sumama,2
youtube,sumampalataya,2
youtube,sumasabog,1
youtube,sumasagot,2
youtube,sumasakit,2
youtube,sumasali,1
youtube,sumasama,1
youtube,sumasamba,2
youtube,sumasang,2
youtube,sumawsaw,1
youtube,sumaya,1
youtube,sumbong,3
youtube,sumbungan,1
youtube,sumikap,1
youtube,sumikat,1
youtube,sumira,2
youtube,sumisigaw,3
youtube,sumisimpatya,2
youtube,sumisira,3
youtube,sumiti,1
youtube,summa,1
youtube,summarize,1
youtube,summerged,1
youtube,summon,1
youtube,sumonod,1
youtube,sumpa,2
youtube,sumpain,1
youtube,sumpungin,1
youtube,sums,1
youtube,sumsli,1
youtube,sumubok,1
youtube,sumuko,1
youtube,sumunod,7
youtube,sumusulpot,1
youtube,sumusunod,4
youtube,sun,1
youtube,sunasahod,2
youtube,sundalo,10
youtube,sundan,1
youtube,sunday,2
youtube,sundikato,1
youtube,sundin,4
youtube,sunduin,1
youtube,sunod,17
youtube,sunod2,1
youtube,sunog,3
youtube,sunogen,1
youtube,sunogin,2
youtube,sunoran,1
youtube,suntok,1
youtube,suntukan,1
youtube,suntukin,1
youtube,sunugin,14
youtube,sunuran,2
youtube,sunwest,3
youtube,supalpal,2
youtube,super,10
youtube,superior,1
youtube,superstars,1
youtube,supertyphoon,1
youtube,suporta,2
youtube,suporter,1
youtube,supplier,2
youtube,suppliers,1
youtube,support,13
youtube,supporta,2
youtube,supported,1
youtube,supporter,3
youtube,supporters,3
youtube,supporting,2
youtube,suppose,1
youtube,supposed,2
youtube,supreme,2
youtube,sur,2
youtube,sure,40
youtube,surely,1
youtube,surge,4
youtube,surgery,1
youtube,surigao,2
youtube,suriin,2
youtube,surprised,1
youtube,surprising,1
youtube,surrender,1
youtube,surrounded,2
youtube,surry,1
youtube,surveying,5
youtube,survivability,1
youtube,survive,2
youtube,survived,1
youtube,surviving,1
youtube,sus,7
youtube,susi,6
youtube,susme,2
youtube,susoenxion,1
youtube,suspecha,1
youtube,suspect,2
youtube,suspended,1
youtube,suspension,1
youtube,suspicious,3
youtube,susugin,1
youtube,susuhulan,1
youtube,susumpain,3
youtube,susunod,26
youtube,susunog,1
youtube,susuporta,1
youtube,susuportahan,2
youtube,sutukill,1
youtube,suut,1
youtube,suv,2
youtube,suyop,1
youtube,swak,1
youtube,swamp,1
youtube,swamps,1
youtube,swapang,2
youtube,swear,2
youtube,sweat,1
youtube,sweldo,8
youtube,sweldong,1
youtube,swept,1
youtube,swerte,2
youtube,swn,1
youtube,sword,1
youtube,sworn,3
youtube,syapa,1
youtube,syempre,10
youtube,syiempre,1
youtube,syimpre,1
youtube,sympathy,1
youtube,symptoms,1
youtube,syms,2
youtube,synchronize,1
youtube,syndicate,8
youtube,syndicated,2
youtube,syndicates,2
youtube,synonymous,2
youtube,syo,5
youtube,system,33
youtube,systema,9
youtube,systemic,6
youtube,systems,3
youtube,taal,1
youtube,taaon,1
youtube,taas,12
youtube,taasan,1
youtube,tab0g0,1
youtube,taba,5
youtube,tabang,4
youtube,tabgang,2
youtube,tabi,9
youtube,tabing,1
youtube,tabla,3
youtube,table,3
youtube,tabunan,1
youtube,tactic,2
youtube,tactics,2
youtube,tad,2
youtube,tadahelseyasaatenkitasaeya,1
youtube,tadap,2
youtube,tadtarin,1
youtube,tae,2
youtube,taega,1
youtube,tag,8
youtube,taga,47
youtube,tagahanga,2
youtube,tagai,1
youtube,tagajapan,1
youtube,tagal,26
youtube,tagal2,1
youtube,tagalinis,1
youtube,tagalog,12
youtube,tagalogin,1
youtube,tagalugin,1
youtube,tagapag,2
youtube,tagapagtanggol,3
youtube,tagayan,2
youtube,tagilid,1
youtube,tagiliran,1
youtube,tagnina,1
youtube,tagos,1
youtube,tagpi,2
youtube,tagpuan,1
youtube,tagslog,1
youtube,tagtuyo,1
youtube,tagu,1
youtube,taguan,1
youtube,tagumpay,5
youtube,tahanan,5
youtube,tahimik,13
youtube,tai,2
youtube,tailord,2
youtube,taing,3
youtube,tainted,1
youtube,tajuna,6
youtube,taka,1
youtube,takagang,1
youtube,takas,1
youtube,takbo,2
youtube,takbohan,1
youtube,take,47
youtube,taken,1
youtube,takes,2
youtube,taki,1
youtube,taking,5
youtube,takipan,1
youtube,tako,2
youtube,takot,92
youtube,takpan,7
youtube,taktik,2
youtube,taktika,1
youtube,takutan,2
youtube,takutin,3
youtube,talaaga,1
youtube,talagaa,2
youtube,talagah,2
youtube,talagang,61
youtube,talaganh,1
youtube,talagng,1
youtube,talamak,11
youtube,talampakan,4
youtube,talangka,3
youtube,talaqa,1
youtube,talga,11
youtube,talgang,1
youtube,talino,10
youtube,talisay,4
youtube,talk,10
youtube,talking,4
youtube,talks,1
youtube,tallado,1
youtube,talo,5
youtube,talsik,1
youtube,taltga,1
youtube,talunin,1
youtube,tama,139
youtube,tamaan,6
youtube,tamad,5
youtube,tamad2,1
youtube,tamang,26
youtube,tamba,15
youtube,tambak,4
youtube,tambakan,4
youtube,tambaloslos,24
youtube,tamban,3
youtube,tambo,1
youtube,tamim,2
youtube,tamis,1
youtube,tamng,2
youtube,tanan,1
youtube,tandaan,7
youtube,tandeam,2
youtube,tang,5
youtube,tanga,4
youtube,tangahan,5
youtube,tangahannga,1
youtube,tangalin,1
youtube,tangaling,1
youtube,tangalog,1
youtube,tanganamong,2
youtube,tangang,1
youtube,tangapin,2
youtube,tangayin,1
youtube,tanggal,3
youtube,tanggalan,12
youtube,tanggalin,18
youtube,tanggaling,2
youtube,tanggap,5
youtube,tanggapin,10
youtube,tanggi,5
youtube,tanggol,2
youtube,tangi,2
youtube,tangina,1
youtube,tanginang,3
youtube,tanging,6
youtube,tangkig,1
youtube,tangling,1
youtube,tango,2
youtube,tangos,1
youtube,tangu,2
youtube,tanim,1
youtube,tank,2
youtube,tanng,1
youtube,tanong,88
youtube,tantanan,3
youtube,tanung,7
youtube,tanungan,4
youtube,tanungin,10
youtube,tanunginnyo,1
youtube,taohana,1
youtube,taon,45
youtube,taon2x,1
youtube,taongbayan,6
youtube,taongbyan,1
youtube,taontaon,1
youtube,tapalan,1
youtube,tapalodo,1
youtube,tapang,9
youtube,tapat,17
youtube,tapatan,1
youtube,tapes,1
youtube,tapik,1
youtube,tapis,1
youtube,tapon,7
youtube,tapunan,1
youtube,tapus,8
youtube,tapusin,6
youtube,tarantadong,2
youtube,tarantadu,1
youtube,tarepa,2
youtube,target,5
youtube,targetin,1
youtube,targeting,1
youtube,tarlac,4
youtube,tarriela,1
youtube,tas,25
youtube,task,1
youtube,tataas,4
youtube,tatabunan,1
youtube,tatagal,3
youtube,tatahimik,2
youtube,tataka,1
youtube,tatakapa,1
youtube,tatakaw,1
youtube,tatakbo,5
youtube,tatakbong,1
youtube,tatakipan,1
youtube,tatakpan,9
youtube,tatalino,2
youtube,tatamaan,2
youtube,tatanan,1
youtube,tatang,3
youtube,tatanga,3
youtube,tatangatangahan,1
youtube,tatanong,2
youtube,tatanubgin,1
youtube,tatanungin,1
youtube,tatapang,1
youtube,tatapng,2
youtube,tatapos,2
youtube,tatatlo,1
youtube,tatawa,2
youtube,tatawagin,2
youtube,tatawid,1
youtube,tatay,26
youtube,tatayong,2
youtube,tate,1
youtube,tatlo,4
youtube,tatlong,3
youtube,tato,2
youtube,tatrabaho,1
youtube,tattabaho,2
youtube,tattay,2
youtube,tau,15
youtube,tauhan,9
youtube,taumbayan,19
youtube,taung,6
youtube,taungbayan,1
youtube,taunng,1
youtube,tawa,18
youtube,tawad,6
youtube,tawag,10
youtube,tawagan,1
youtube,tawagin,1
youtube,tawaging,3
youtube,tawanan,1
youtube,tawang,2
youtube,tawo,5
youtube,tax,77
youtube,taxes,15
youtube,taxko,1
youtube,taxpayers,10
youtube,tay,3
youtube,taya,6
youtube,tayasan,1
youtube,tayoga,1
youtube,tayon,1
youtube,tayong,47
youtube,tayoo,1
youtube,tayrabaho,1
youtube,tayu,11
youtube,tayung,1
youtube,taz,1
youtube,tdlaga,2
youtube,tdlagang,1
youtube,tea,2
youtube,teach,3
youtube,teacher,2
youtube,teachers,6
youtube,teaches,1
youtube,teaching,1
youtube,team,18
youtube,teams,2
youtube,teary,2
youtube,teatigo,2
youtube,tech,1
youtube,technic,2
youtube,technical,2
youtube,technicalities,1
youtube,technicality,1
youtube,technology,2
youtube,tectonic,1
youtube,ted,1
youtube,teemanate,1
youtube,teenager,1
youtube,tegre,1
youtube,teka,2
youtube,tele,1
youtube,telebisyon,1
youtube,telecommunication,1
youtube,telivised,1
youtube,tell,25
youtube,telling,7
youtube,tells,1
youtube,temporarily,1
youtube,temporary,3
youtube,tendensy,2
youtube,tenngin,1
youtube,tenopid,1
youtube,tent,1
youtube,teodoro,2
youtube,tera,1
youtube,teradurin,1
youtube,term,11
youtube,termino,3
youtube,terminology,1
youtube,terms,1
youtube,terrible,8
youtube,terribly,1
youtube,terrorista,2
youtube,terry,1
youtube,test,7
youtube,testament,2
youtube,testified,1
youtube,testifies,1
youtube,testify,1
youtube,testigo,14
youtube,testimonies,1
youtube,testimony,12
youtube,tetegelan,1
youtube,teteng,1
youtube,tetera,2
youtube,teves,4
youtube,tga,1
youtube,tgarito,1
youtube,tgnan,1
youtube,thankyou,3
youtube,thats,2
youtube,theft,3
youtube,theirjofeistemporsry,1
youtube,therefore,2
youtube,thetrue,1
youtube,theylive,1
youtube,theyre,1
youtube,thief,1
youtube,thier,1
youtube,thievery,1
youtube,thieves,16
youtube,thing,8
youtube,things,8
youtube,think,22
youtube,thinkg,1
youtube,thinking,3
youtube,third,2
youtube,thives,1
youtube,thor,1
youtube,though,6
youtube,thought,4
youtube,thoughtful,1
youtube,thousand,1
youtube,thousands,2
youtube,thr,2
youtube,threat,11
youtube,threatened,1
youtube,threatening,1
youtube,three,3
youtube,thron,2
youtube,throughout,2
youtube,throw,1
youtube,thrown,1
youtube,thru,3
youtube,thsnks,2
youtube,tht,4
youtube,thus,1
youtube,tianco,3
youtube,tiangco,15
youtube,tiangcong,11
youtube,tiba,6
youtube,tiba2,1
youtube,tibay,9
youtube,tibno,1
youtube,ticket,1
youtube,tide,4
youtube,tie,1
youtube,tig,2
youtube,tiga,3
youtube,tigas,1
youtube,tiger,1
youtube,tights,1
youtube,tigil,12
youtube,tigilan,7
youtube,tignan,15
youtube,tiis,4
youtube,tik,1
youtube,tikang,1
youtube,tiklop,2
youtube,tikom,2
youtube,til,1
youtube,tila,2
youtube,till,2
youtube,tilted,1
youtube,tim,1
youtube,timakbo,2
youtube,timawa,3
youtube,time,67
youtube,timeframe,1
youtube,timelapse,1
youtube,timeline,1
youtube,times,10
youtube,timing,1
youtube,timoteo,1
youtube,tin,1
youtube,tina,2
youtube,tinabihan,2
youtube,tinabijan,1
youtube,tinabunan,3
youtube,tinagal,2
youtube,tinago,3
youtube,tinaguriang,1
youtube,tinakot,6
youtube,tinakpan,1
youtube,tinalaga,1
youtube,tinali,1
youtube,tinalo,2
youtube,tinalonya,2
youtube,tinalupan,1
youtube,tinambak,1
youtube,tinambakan,6
youtube,tinan,3
youtube,tinangal,2
youtube,tinangap,1
youtube,tinanggal,1
youtube,tinanggap,3
youtube,tinanggl,1
youtube,tinanim,1
youtube,tinanong,3
youtube,tinatablan,1
youtube,tinatabunan,1
youtube,tinatago,7
youtube,tinatakot,3
youtube,tinatakpan,3
youtube,tinatakutan,2
youtube,tinatambakan,2
youtube,tinatanbak,1
youtube,tinatanggalan,1
youtube,tinatanggap,1
youtube,tinatanin,1
youtube,tinatanong,11
youtube,tinatarantado,3
youtube,tinatarget,1
youtube,tinatawag,1
youtube,tinatawagan,2
youtube,tinatawanan,2
youtube,tinatawawan,2
youtube,tinatnong,1
youtube,tinawag,5
youtube,tinawanan,1
youtube,tinayuan,1
youtube,tindahan,1
youtube,tinder,1
youtube,tindi,5
youtube,tindig,1
youtube,tinding,1
youtube,tingco,1
youtube,tinggin,2
youtube,tingin,13
youtube,tingnan,23
youtube,tingon,1
youtube,tingong,1
youtube,tingting,1
youtube,tini,2
youtube,tinigil,1
youtube,tiningnan,2
youtube,tinio,3
youtube,tinipid,4
youtube,tinirahan,1
youtube,tinitingnan,2
youtube,tinitira,3
youtube,tinitirada,1
youtube,tinitirahan,1
youtube,tinitirang,1
youtube,tino,8
youtube,tinoloy,1
youtube,tinood,4
youtube,tinotolerate,1
youtube,tinta,1
youtube,tinuloy,1
youtube,tinulungan,1
youtube,tinumbok,1
youtube,tinuod,2
youtube,tinuro,1
youtube,tinuroan,1
youtube,tinuruan,4
youtube,tinutokan,1
youtube,tinutukoy,1
youtube,tinutulangan,1
youtube,tinutulungan,2
youtube,tinutumbok,2
youtube,tinuturo,4
youtube,tinuturuan,2
youtube,tiny,2
youtube,tip,1
youtube,tipak,1
youtube,tipaklong,1
youtube,tipan,1
youtube,tipid,1
youtube,tipirin,1
youtube,tira,3
youtube,tirahan,6
youtube,tiresome,2
youtube,tirhan,3
youtube,tirik,2
youtube,tiring,1
youtube,tistigo,6
youtube,titibay,1
youtube,titigas,2
youtube,titigil,9
youtube,titigilan,1
youtube,titigilang,2
youtube,titiis,1
youtube,titindi,1
youtube,titipidin,1
youtube,titira,1
youtube,titirahin,3
youtube,titirip,1
youtube,tito,4
youtube,titser,1
youtube,tittle,1
youtube,tiwala,16
youtube,tiwali,11
youtube,tiwaling,9
youtube,tiwalis,1
youtube,tiwsli,1
youtube,tiyaga,4
youtube,tiyak,12
youtube,tiyan,1
youtube,tjhis,2
youtube,tkot,1
youtube,tlaga,24
youtube,tlagang,1
youtube,tlg,11
youtube,tlga,69
youtube,tlgang,4
youtube,tlgng,1
youtube,tlthe,1
youtube,tma,1
youtube,tmakbo,1
youtube,tnambakan,1
youtube,tngnang,1
youtube,tnignan,1
youtube,tnx,3
youtube,toaga,1
youtube,toang,2
youtube,tobby,2
youtube,tobig,2
youtube,tobogan,1
youtube,toby,27
youtube,today,15
youtube,todo,7
youtube,todos,1
youtube,toga,1
youtube,together,5
youtube,toh,8
youtube,tokes,1
youtube,tolaran,1
youtube,tolarete,2
youtube,told,2
youtube,tolfu,2
youtube,tomakbo,1
youtube,tomas,1
youtube,tomato,1
youtube,tommy,2
youtube,ton,2
youtube,tone,2
youtube,toneladang,2
youtube,tong,48
youtube,tonggresmen,2
youtube,tonggressman,2
youtube,tongits,1
youtube,tongod,2
youtube,tongresman,3
youtube,tongreso,1
youtube,tongressman,4
youtube,tongressmen,3
youtube,toni,1
youtube,tono,7
youtube,tonying,1
youtube,took,2
youtube,tools,1
youtube,tooth,1
youtube,top,10
youtube,top1,1
youtube,topad,1
youtube,topic,4
youtube,topographical,1
youtube,tops,2
youtube,tor,1
youtube,tormented,1
youtube,torre,2
youtube,torrential,1
youtube,tos,1
youtube,tota,2
youtube,total,11
youtube,totally,4
youtube,toto,7
youtube,totokan,1
youtube,totong,1
youtube,totoo,110
youtube,totoong,38
youtube,touch,4
youtube,tour,1
youtube,tour2,1
youtube,touted,1
youtube,tow,1
youtube,towa,1
youtube,toward,2
youtube,towards,2
youtube,town,6
youtube,towns,6
youtube,toyo,2
youtube,tpos,17
youtube,trabahador,1
youtube,trabaho,52
youtube,trabahong,1
youtube,trabahor,1
youtube,trabahu,2
youtube,trabahuin,1
youtube,trabho,3
youtube,trace,1
youtube,traces,1
youtube,trade,1
youtube,trafic,1
youtube,tragic,2
youtube,trahedya,2
youtube,trahedyang,1
youtube,traidor,1
youtube,trail,1
youtube,trails,2
youtube,trained,1
youtube,trains,1
youtube,traitor,1
youtube,traitors,1
youtube,trak,1
youtube,transactions,1
youtube,transcends,1
youtube,transfer,2
youtube,translation,1
youtube,transparency,10
youtube,transparent,3
youtube,trapal,1
youtube,trapo,1
youtube,trapos,1
youtube,trash,2
youtube,trato,4
youtube,tratrabaho,2
youtube,traumatizing,4
youtube,travaho,1
youtube,travel,3
youtube,traydor,2
youtube,trbaho,1
youtube,treasury,1
youtube,treat,1
youtube,treaten,1
youtube,treating,1
youtube,treatment,4
youtube,tree,3
youtube,trees,2
youtube,tremendously,1
youtube,trial,5
youtube,tried,4
youtube,trigger,1
youtube,triggered,1
youtube,trillanes,5
youtube,trillion,19
youtube,trillions,2
youtube,trillioon,1
youtube,trilyon,4
youtube,trilyon2,1
youtube,trio,2
youtube,triping,1
youtube,triple,1
youtube,trith,2
youtube,trntrabaho,1
youtube,trolls,2
youtube,tropa,5
youtube,troubled,1
youtube,trough,1
youtube,truck,4
youtube,true,19
youtube,truelly,1
youtube,truly,7
youtube,truoble,1
youtube,trust,17
youtube,trusted,2
youtube,trusts,2
youtube,trustworthy,1
youtube,truth,52
youtube,truthfulness,1
youtube,truthmustprevail,1
youtube,try,3
youtube,trying,14
youtube,tryingbto,1
youtube,tsaka,2
youtube,tshirt,1
youtube,tsk,18
youtube,tska,1
youtube,tsktsk,1
youtube,tsyolahatbuhay,1
youtube,ttanong,1
youtube,ttigas,1
youtube,ttiis,2
youtube,ttrabaho,1
youtube,ttuo,1
youtube,tubag,1
youtube,tubeg,1
youtube,tubig,81
youtube,tubigon,14
youtube,tubing,2
youtube,tubiv,1
youtube,tubo,3
youtube,tubol,10
youtube,tubuan,1
youtube,tudas,1
youtube,tuf,1
youtube,tugon,1
youtube,tugtugin,1
youtube,tugun,1
youtube,tuhod,3
youtube,tuko,1
youtube,tukod,1
youtube,tukoy,2
youtube,tukso,1
youtube,tuktok,1
youtube,tukuyin,2
youtube,tulad,40
youtube,tulaf,2
youtube,tularan,6
youtube,tulay,7
youtube,tuldokan,1
youtube,tulfi,2
youtube,tulfo,51
youtube,tulinada,1
youtube,tulisan,3
youtube,tulod,2
youtube,tulog,9
youtube,tulong,30
youtube,tulong2x,1
youtube,tulongan,1
youtube,tulongngan,1
youtube,tuloy,45
youtube,tulpo,2
youtube,tulugang,1
youtube,tulumgan,1
youtube,tulunga,1
youtube,tulungan,12
youtube,tuluyan,6
youtube,tuluyang,2
youtube,tumaas,7
youtube,tumabo,1
youtube,tumahimik,3
youtube,tumakbo,15
youtube,tumalikod,2
youtube,tumaliwas,1
youtube,tumama,1
youtube,tumangap,2
youtube,tumanggap,3
youtube,tumango,2
youtube,tumanim,1
youtube,tumapos,1
youtube,tumas,1
youtube,tumataas,4
youtube,tumataba,2
youtube,tumatagilid,1
youtube,tumatahimik,1
youtube,tumatakbo,6
youtube,tumatangap,1
youtube,tumatanggap,5
youtube,tumatanggi,1
youtube,tumatanngap,1
youtube,tumatawa,4
youtube,tumatawag,2
youtube,tumaw,1
youtube,tumayong,2
youtube,tumba,2
youtube,tumbok,2
youtube,tumbong,2
youtube,tumengen,1
youtube,tumigil,10
youtube,tumingin,1
youtube,tumino,1
youtube,tumira,7
youtube,tumitingin,2
youtube,tummolong,2
youtube,tumodas,1
youtube,tumolong,2
youtube,tumubo,1
youtube,tumulong,12
youtube,tumutok,1
youtube,tumutulo,1
youtube,tumutulong,4
youtube,tuna,2
youtube,tunaw,1
youtube,tunay,42
youtube,tunaykayonglingkudban,1
youtube,tune,1
youtube,tung,1
youtube,tunganga,1
youtube,tungaw,1
youtube,tungkol,18
youtube,tungkulin,3
youtube,tungnan,1
youtube,tungo,8
youtube,tungod,3
youtube,tunog,1
youtube,tuonan,2
youtube,tuos,1
youtube,tupa,1
youtube,tuparin,1
youtube,turn,10
youtube,turned,4
youtube,turnilyo,1
youtube,turning,1
youtube,turo,10
youtube,turpitude,1
youtube,turuan,3
youtube,turuturuan,1
youtube,tuta,13
youtube,tutal,9
youtube,tutcha,1
youtube,tutoo,2
youtube,tutor,2
youtube,tutukan,1
youtube,tutulong,3
youtube,tutulungan,2
youtube,tutunguhan,1
youtube,tutuo,4
youtube,tutuong,1
youtube,tuturo,1
youtube,tuturuan,5
youtube,tutuusin,1
youtube,tuwa,3
youtube,tuwad,1
youtube,tuwang,2
youtube,tuwing,8
youtube,tuxedo,1
youtube,tuyo,2
youtube,tuyong,1
youtube,twag,2
youtube,tweet,2
youtube,twente,2
youtube,twenty,2
youtube,twist,6
youtube,twister,3
youtube,twisting,1
youtube,twists,2
youtube,two,4
youtube,tyak,1
youtube,tyaka,1
youtube,tyan,4
youtube,tycon,1
youtube,tym,1
youtube,tyo,7
youtube,tyong,1
youtube,types,1
youtube,typhoon,16
youtube,typhoons,6
youtube,typical,1
youtube,typically,1
youtube,tyrranical,1
youtube,ubay,2
youtube,ubod,3
youtube,ubos,9
youtube,ubrahan,2
youtube,ubus,1
youtube,ufjthfhfufjthfhf,2
youtube,ugag,1
youtube,ugali,9
youtube,ugaling,4
youtube,ugat,16
youtube,ughhhh,1
youtube,ukrain,1
youtube,ukupado,1
youtube,ula,1
youtube,ulagang,1
youtube,ulan,16
youtube,ulaw,3
youtube,ulet,4
youtube,uli,12
youtube,ulit,67
youtube,ulit2,1
youtube,ulitin,5
youtube,ulo,31
youtube,ulopong,2
youtube,ultimate,3
youtube,ultimately,3
youtube,ultimo,2
youtube,ulupong,2
youtube,umaaksyon,1
youtube,umaalis,2
youtube,umaamin,2
youtube,umaangat,1
youtube,umaasa,3
youtube,umaasenso,1
youtube,umabot,4
youtube,umaction,1
youtube,umagree,1
youtube,umaksyon,2
youtube,umakting,1
youtube,umalis,14
youtube,umamin,8
youtube,umaminna,2
youtube,umangat,1
youtube,umano,1
youtube,umapal,1
youtube,umaraw,1
youtube,umarte,1
youtube,umasa,8
youtube,umasenso,2
youtube,umasta,1
youtube,umatake,1
youtube,umay,1
youtube,umayaw,2
youtube,umayon,1
youtube,umayos,1
youtube,umbadsman,1
youtube,umento,1
youtube,umepal,1
youtube,umiilaw,1
youtube,umiinom,2
youtube,umiiyak,2
youtube,umikot,2
youtube,umingay,1
youtube,umintindi,2
youtube,umiral,1
youtube,umiwas,1
youtube,umiyak,1
youtube,umoisa,1
youtube,umopo,2
youtube,umpisa,9
youtube,umpisahan,5
youtube,umubos,1
youtube,umulan,2
youtube,umunawa,1
youtube,umunlad,6
youtube,umupa,2
youtube,umupo,7
youtube,umusbong,1
youtube,umutang,2
youtube,umuulan,4
youtube,umuulit,1
youtube,umuunlad,3
youtube,umuusig,3
youtube,umuwe,2
youtube,umuwi,8
youtube,una,16
youtube,unable,2
youtube,unacceptable,2
youtube,unahan,1
youtube,unahin,14
youtube,unang,13
youtube,unawa,1
youtube,unawain,1
youtube,unbearable,3
youtube,unbecoming,1
youtube,unbothered,1
youtube,unclear,1
youtube,uncorruptable,2
youtube,uncovering,1
youtube,underemployment,1
youtube,undergo,1
youtube,underpass,1
youtube,undersecretary,2
youtube,understand,8
youtube,understanding,5
youtube,understood,1
youtube,undertaken,3
youtube,unexplained,1
youtube,unfair,5
youtube,unfinished,2
youtube,unfulfilled,1
youtube,ungab,1
youtube,ungka,1
youtube,ungkatin,1
youtube,ungmga,1
youtube,ungoy,2
youtube,uniform,1
youtube,unique,1
youtube,unit,2
youtube,unite,1
youtube,united,1
youtube,unithieves,1
youtube,universe,1
youtube,unlad,9
youtube,unless,6
youtube,unlike,2
youtube,unlikely,2
youtube,unlimited,1
youtube,unnoticed,2
youtube,unoccupied,1
youtube,unpardonable,2
youtube,unpatriotic,1
youtube,unpinned,2
youtube,unpopular,1
youtube,unprogrammed,1
youtube,unprotected,2
youtube,unsaon,1
youtube,unstable,1
youtube,unt,1
youtube,unta,4
youtube,unthinkable,1
youtube,unti,15
youtube,untill,1
youtube,unting,4
youtube,untiunting,1
youtube,untouchable,4
youtube,untouchables,1
youtube,unture,1
youtube,unveil,1
youtube,unworthiness,3
youtube,upang,13
youtube,update,4
youtube,updated,1
youtube,uphill,3
youtube,upo,18
youtube,upoin,2
youtube,upon,8
youtube,upper,1
youtube,uprobe,1
youtube,ups,4
youtube,upset,1
youtube,upto,1
youtube,urban,1
youtube,urbos,1
youtube,urge,1
youtube,urgency,1
youtube,uri,2
youtube,uroi,2
youtube,urteza,2
youtube,usa,8
youtube,usad,1
youtube,usap,10
youtube,usapan,18
youtube,usapin,7
youtube,usaping,2
youtube,usapqn,2
youtube,usd,2
youtube,use,12
youtube,usec,12
youtube,used,9
youtube,useless,6
youtube,user,1
youtube,using,3
youtube,usisa,1
youtube,usisahin,1
youtube,usok,2
youtube,usually,1
youtube,ususue,1
youtube,uswag,1
youtube,usyrudufudy75966,1
youtube,utak,26
youtube,utal,16
youtube,utang,22
youtube,utasan,1
youtube,utilize,1
youtube,uto,1
youtube,utoin,1
youtube,utong,1
youtube,utos,6
youtube,utosan,2
youtube,utqng,2
youtube,utuin,1
youtube,utusan,3
youtube,uubusin,1
youtube,uulam,2
youtube,uulan,3
youtube,uulit,1
youtube,uumpisa,1
youtube,uunahin,1
youtube,uunlad,1
youtube,uupo,2
youtube,uusad,2
youtube,uusap,5
youtube,uusapan,9
youtube,uusig,1
youtube,uutos,2
youtube,uutusan,1
youtube,uuwi,3
youtube,uwag,1
youtube,uwan,5
youtube,uwata,1
youtube,uwaya,1
youtube,uwi,5
youtube,uwian,2
youtube,uyon,1
youtube,vakit,2
youtube,valigtatun,1
youtube,valle,2
youtube,valuable,1
youtube,value,2
youtube,values,1
youtube,van,1
youtube,vangag,1
youtube,vanishing,1
youtube,vargas,1
youtube,various,2
youtube,vast,1
youtube,vat,5
youtube,vault,2
youtube,vedio,1
youtube,vehicle,1
youtube,vehicles,2
youtube,vener,1
youtube,venezuela,2
youtube,verde,2
youtube,verified,1
youtube,verify,2
youtube,verrry,1
youtube,verse,2
youtube,version,2
youtube,versus,1
youtube,veryberybeutifull,1
youtube,vetayen,1
youtube,via,3
youtube,viber,2
youtube,vic,3
youtube,vicco,2
youtube,vice,3
youtube,vico,28
youtube,victim,8
youtube,victima,1
youtube,victimized,1
youtube,victims,6
youtube,videos,4
youtube,vietnam,2
youtube,view,2
youtube,viewed,2
youtube,viewers,2
youtube,viewing,1
youtube,vigilant,1
youtube,vigilante,2
youtube,vilanueva,1
youtube,villa,1
youtube,villafuerte,2
youtube,village,1
youtube,villanueva,29
youtube,villar,15
youtube,villars,1
youtube,vince,9
youtube,violated,2
youtube,violating,2
youtube,violation,1
youtube,violenteng,1
youtube,vip,6
youtube,viral,1
youtube,virtue,1
youtube,virtues,2
youtube,virus,2
youtube,visaya,2
youtube,visayans,1
youtube,visayas,9
youtube,vise,1
youtube,visit,2
youtube,visyas,1
youtube,vlog,1
youtube,voice,1
youtube,voices,1
youtube,volition,1
youtube,volume,2
youtube,volunteer,1
youtube,vontractor,1
youtube,vote,10
youtube,voted,5
youtube,voters,10
youtube,voting,3
youtube,voto,1
youtube,vountarily,1
youtube,vowed,1
youtube,vudeo,1
youtube,vulnerabilities,1
youtube,vulnerable,2
youtube,w0w,1
youtube,waah,1
youtube,wading,1
youtube,wagas,2
youtube,wage,1
youtube,wagka,2
youtube,wagkalimotan,1
youtube,wagkana,2
youtube,wagkang,2
youtube,wagkayo,4
youtube,wagna,1
youtube,wagnalang,2
youtube,wagnang,2
youtube,wah,1
youtube,wahahaha,1
youtube,wahhhh,1
youtube,waist,2
youtube,wait,8
youtube,waiting,4
youtube,wak2,1
youtube,wakang,2
youtube,wakas,1
youtube,wakasan,2
youtube,wake,8
youtube,waked,4
youtube,wakwak,1
youtube,walain,2
youtube,walaka,1
youtube,walalang,2
youtube,walaligoy,1
youtube,walaman,1
youtube,walamayaman,1
youtube,walana,2
youtube,walanghiya,9
youtube,walanghiyang,2
youtube,walangvproyekto,1
youtube,walangya,1
youtube,walanh,1
youtube,walasyang,1
youtube,walay,2
youtube,waldas,5
youtube,walis,1
youtube,walk,2
youtube,walking,2
youtube,walks,1
youtube,wall,2
youtube,wallang,1
youtube,wallet,1
youtube,walls,2
youtube,walng,17
youtube,walnghiya,2
youtube,wanaman,2
youtube,wang,1
youtube,want,21
youtube,wanted,5
youtube,wanting,1
youtube,wants,8
youtube,waowao,1
youtube,war,3
youtube,waray,1
youtube,wards,2
youtube,warming,2
youtube,warning,1
youtube,warrant,15
youtube,warranty,4
youtube,warrior,2
youtube,wars,4
youtube,wasak,3
youtube,wasalam,1
youtube,washed,1
youtube,wasn,2
youtube,wasnnot,1
youtube,waste,6
youtube,wasted,1
youtube,wasting,2
youtube,wasto,1
youtube,wat,1
youtube,watched,1
youtube,watching,18
youtube,water,21
youtube,watot,1
youtube,wave,1
youtube,waving,2
youtube,wawa,1
youtube,wawakasan,1
youtube,wawao,6
youtube,way,36
youtube,ways,7
youtube,wañang,1
youtube,weah,1
youtube,weak,19
youtube,weakness,1
youtube,weaknesses,1
youtube,weal,1
youtube,wealth,10
youtube,wealths,1
youtube,weaponized,1
youtube,weapons,1
youtube,wearing,2
youtube,weather,1
youtube,weatlh,1
youtube,webare,1
youtube,webpray,2
youtube,website,3
youtube,weeakkkj,1
youtube,weee,1
youtube,weeee,1
youtube,weeh,2
youtube,week,3
youtube,weekend,2
youtube,weh,1
youtube,wehhh,1
youtube,weighing,1
youtube,weight,1
youtube,weird,3
youtube,welcome,2
youtube,welder,1
youtube,welding,1
youtube,welfare,1
youtube,well,27
youtube,wells,1
youtube,went,3
youtube,wenta,2
youtube,weren,1
youtube,west,3
youtube,western,3
youtube,wet,1
youtube,wetlands,2
youtube,wetnes,2
youtube,wettness,1
youtube,wew,2
youtube,wft,1
youtube,whatever,5
youtube,whats,1
youtube,whatsoever,1
youtube,whenever,1
youtube,wherever,1
youtube,whether,5
youtube,whining,1
youtube,whisky,1
youtube,whistleblower,1
youtube,whistleblowers,1
youtube,white,2
youtube,whitewashing,1
youtube,whoever,3
youtube,whole,19
youtube,whos,1
youtube,whose,2
youtube,whould,1
youtube,wicked,2
youtube,wide,3
youtube,widely,1
youtube,widening,2
youtube,widespread,4
youtube,widi,1
youtube,wife,2
youtube,wifi,2
youtube,wih,2
youtube,wild,1
youtube,wildfire,1
youtube,wildfires,1
youtube,willing,7
youtube,win,3
youtube,winalanghiya,1
youtube,winaldas,3
youtube,winawalang,1
youtube,winawaldas,1
youtube,wind,1
youtube,winged,1
youtube,winiwithdraw,1
youtube,winning,2
youtube,wipeout,1
youtube,wirh,1
youtube,wisdom,7
youtube,wise,1
youtube,wisely,2
youtube,wish,16
youtube,wisik,2
youtube,wit,1
youtube,withdraw,3
youtube,withdrawal,2
youtube,withholding,2
youtube,within,5
youtube,withness,1
youtube,withot,1
youtube,without,20
youtube,witnes,3
youtube,witness,53
youtube,witnesses,13
youtube,wiwelga,1
youtube,wla,56
youtube,wlaa,1
youtube,wlaang,2
youtube,wlang,47
youtube,wlanh,1
youtube,wlng,8
youtube,woes,1
youtube,wolf,1
youtube,woman,4
youtube,women,2
youtube,won,9
youtube,wonder,6
youtube,wondering,2
youtube,wont,1
youtube,wood,2
youtube,wooorstttt,1
youtube,woow,2
youtube,word,5
youtube,words,16
youtube,work,12
youtube,worked,4
youtube,workers,3
youtube,working,8
youtube,workings,1
youtube,works,22
youtube,world,26
youtube,worldwide,1
youtube,worries,1
youtube,worry,1
youtube,worse,4
youtube,worship,1
youtube,worshipping,1
youtube,worst,19
youtube,worth,8
youtube,worthy,1
youtube,woudnt,1
youtube,would,22
youtube,wouldn,4
youtube,wounds,2
youtube,wow,47
youtube,wowork,1
youtube,wowow,1
youtube,wpp,9
youtube,wps,4
youtube,wqt,1
youtube,wrath,1
youtube,write,1
youtube,written,4
youtube,wroing,1
youtube,wrong,22
youtube,wrongdoings,2
youtube,wrongs,1
youtube,wroted,1
youtube,wsdom,2
youtube,wtf,1
youtube,wuestion,1
youtube,wula,1
youtube,wyndham,1
youtube,xeleon,1
youtube,xia,1
youtube,xintenp,1
youtube,xlang,2
youtube,xmas,1
youtube,xoyrce,1
youtube,yaan,8
youtube,yaang,1
youtube,yab,1
youtube,yabang,11
youtube,yado,1
youtube,yahshua,1
youtube,yahweh,1
youtube,yakang,2
youtube,yalaga,1
youtube,yaman,19
youtube,yancissya,1
youtube,yangg,2
youtube,yani,1
youtube,yann,1
youtube,yannn,1
youtube,yansa,1
youtube,yap,1
youtube,yari,9
youtube,yarn,1
youtube,yarrnnn,2
youtube,yatang,1
youtube,yawa,7
youtube,yawaa,1
youtube,yaya,1
youtube,yayabang,1
youtube,yayama,2
youtube,yayaman,3
youtube,yayari,3
youtube,year,19
youtube,year2022,1
youtube,yearly,1
youtube,years,37
youtube,yeeesss,1
youtube,yellow,3
youtube,yelo,3
youtube,yep,1
youtube,yeqrs,2
youtube,yer,1
youtube,yern,1
youtube,yerno,1
youtube,yero,1
youtube,yes,30
youtube,yesamen,3
youtube,yeshua,1
youtube,yesrs,1
youtube,yesterday,1
youtube,yet,8
youtube,yinatakpan,1
youtube,yng,8
youtube,yogn,1
youtube,yolanda,3
youtube,yomaman,1
youtube,yon,37
youtube,yona,1
youtube,yorme,1
youtube,yoruba,1
youtube,youn,1
youtube,young,8
youtube,youtuber,1
youtube,yown,1
youtube,yrs,6
youtube,yta,1
youtube,yuko,2
youtube,yulanda,1
youtube,yumaman,10
youtube,yumayaman,3
youtube,yumuyukod,1
youtube,yun,100
youtube,yungga,1
youtube,yungtotoo,1
youtube,yuo,2
youtube,yuung,2
youtube,ywhw,1
youtube,zadly,1
youtube,zainyu,1
youtube,zakdy,2
youtube,zalde,3
youtube,zaldi,1
youtube,zaldy,238
youtube,zaldyco,3
youtube,zalut,1
youtube,zambales,1
youtube,zamboanga,2
youtube,zandro,1
youtube,zco,1
youtube,zecharia,1
youtube,zero,4
youtube,zino,1
youtube,zipline,1
youtube,zne,1
youtube,zombies,3
youtube,zone,1
youtube,zones,2
youtube,zoning,2
youtube,zonrox,2
youtube,zoom,5
youtube,ägad,1
youtube,íbig,1
youtube,ïng,2
youtube,óras,1
youtube,₱26,1
