term,freq
bayan,490
pera,486
corruption,308
marcoleta,296
pilipinas,284
corrupt,271
zaldy,250
gobyerno,247
magnanakaw,244
government,243
marcos,202
kurakot,199
discaya,191
pilipino,189
alcantara,178
duterte,172
bansa,169
sen,162
philippines,160
bbm,159
baha,156
kayong,146
president,145
tama,139
batas,137
romualdez,136
senador,136
cebu,132
billion,126
budget,126
officials,122
pang,119
buwaya,116
galing,115
contractor,114
ibang,110
totoo,110
contractors,108
kawawa,107
isa,106
iba,106
kong,104
one,103
ginawa,103
ghost,102
jinggoy,101
yun,101
mayor,99
baka,99
pinas,99
gusto,99
remulla,96
nakaw,96
ikulong,96
pati,96
city,93
maraming,93
kawatan,92
takot,92
ninakaw,90
million,89
panahon,89
sangkot,89
makulong,89
brice,88
agad,88
tanong,88
kaban,88
hahaha,88
lacson,87
nmn,86
money,85
kana,85
sabihin,85
time,84
lalo,84
politiko,84
ayaw,84
senado,83
tubig,82
dami,82
lugar,82
lord,82
country,81
law,80
filipino,80
kami,80
mahirap,80
bless,79
kasama,79
involved,78
pamilya,78
cla,78
ibalik,78
tax,77
works,76
bahay,76
maging,76
filipinos,75
kaso,75
hanggang,75
kang,74
kailangan,74
politicians,71
daming,71
jessica,71
construction,70
every,70
death,70
bulacan,69
silang,69
congress,69
tlga,69
habang,69
naka,69
bangag,68
saan,67
ulit,67
sinungaling,67
pbbm,66
nung,65
sorry,65
make,64
many,64
truth,64
martin,64
kulong,64
let,63
talagang,63
issue,62
penalty,62
muna,62
kya,62
manila,61
department,61
district,61
know,61
nilang,61
basta,61
meron,61
ombudsman,60
administration,60
house,60
years,60
problema,60
gumawa,60
nanakaw,60
full,59
water,59
coa,59
guilty,59
buong,59
salita,59
dagat,59
presidente,59
pagnanakaw,59
bago,58
even,57
marami,57
naging,57
gawa,57
new,56
funds,56
must,56
would,56
magalong,56
sinasabi,56
managot,56
hinde,56
dios,56
wla,56
nayan,56
kurap,56
hernandez,55
take,55
climate,55
pondo,55
pwede,55
mali,55
lupa,55
infrastructure,54
sobrang,54
witness,54
pinag,54
pra,54
hndi,54
parin,54
naku,54
system,53
life,53
sara,53
trabaho,53
bitay,53
halata,53
engineer,52
family,52
tulfo,52
loob,52
galit,52
halatang,52
kapal,52
protection,51
bagyo,51
investigation,50
need,50
anong,50
power,50
please,50
taon,50
araw,50
gawin,50
diyos,50
katotohanan,50
mamatay,50
national,49
commission,49
mahiya,49
basura,49
davao,48
tayong,48
anak,48
kwenta,48
tong,48
luistro,48
justice,47
could,47
media,47
pangulo,47
wlang,47
ilang,47
digong,47
taga,47
jesus,47
halos,47
kasabwat,47
wow,47
estrada,46
change,46
way,46
ginagawa,46
salute,46
makukulong,46
first,45
away,45
maayos,45
nakukulong,45
kasalanan,45
tuloy,45
hnd,45
sarili,45
safe,44
billions,44
kyo,44
sayang,44
naghihirap,44
protect,43
help,43
long,43
kanilang,43
laki,43
engr,43
among,42
former,42
political,42
kita,42
dds,42
tunay,42
bato,42
made,41
see,41
sotto,41
gov,41
dati,41
ganito,41
job,41
nangyayari,41
malaking,41
buti,41
kulang,41
year,40
highways,40
office,40
dizon,40
dating,40
mastermind,40
sure,40
bang,40
mundo,40
oras,40
tulad,40
pulitiko,40
nyong,40
already,39
list,39
case,39
jail,39
abogado,39
mabuti,39
china,39
kababayan,39
kapwa,39
dpat,39
report,38
done,38
accountability,38
right,38
hope,38
get,38
mula,38
bawat,38
big,38
opisyal,38
bat,38
gagawin,38
totoong,38
palang,38
company,37
part,37
leader,37
pinoy,37
nakulong,37
namang,37
hiya,37
yon,37
kundi,37
sobra,37
villanueva,36
speaker,36
ping,36
build,36
name,36
bitayin,36
imbestigasyon,36
matakot,36
sindikato,36
pray,36
local,35
area,35
contracts,35
flooding,35
well,35
without,35
blockchain,35
mangyayari,35
nlng,35
pinaka,35
sagot,35
govt,35
investigate,34
still,34
since,34
back,34
philippine,34
based,34
real,34
trust,34
pesos,34
always,34
proyekto,34
conscience,34
korap,34
mismo,34
resign,34
nating,34
akala,34
mabuhay,34
kalsada,34
bakal,34
river,33
data,33
state,33
look,33
congressmen,33
matagal,33
namatay,33
mahihirap,33
mahal,33
isip,33
sabwatan,33
ayan,33
guteza,33
worth,32
audit,32
much,32
point,32
bilyon,32
nangyari,32
bansang,32
buwis,32
katulad,32
buaya,32
iboto,32
bryce,32
awa,32
salaysay,32
scripted,32
top,31
keep,31
anomalous,31
independent,31
party,31
action,31
act,31
maawa,31
hay,31
ulo,31
ikot,31
bkit,31
naniniwala,31
pwesto,31
pla,31
pangalan,31
casino,31
soho,31
another,30
criminal,30
evidence,30
world,30
last,30
come,30
kaming,30
ngaun,30
maniwala,30
nasaan,30
matapos,30
korapsyon,30
tulong,30
yes,30
mawala,30
ninanakaw,30
bigyan,30
joel,29
bicol,29
secretary,29
mindanao,29
pong,29
high,29
rep,29
statement,29
vico,29
leaders,29
laban,29
nothing,29
bahala,29
noong,29
asa,29
nakakahiya,29
marcolita,29
script,29
nakakaiyak,29
panginoon,29
magaling,29
paraan,29
bata,29
magnakaw,29
nakawan,29
sama,29
typhoon,28
person,28
sarah,28
best,28
across,28
give,28
citizens,28
think,28
official,28
election,28
toby,28
maganda,28
puso,28
lagi,28
sarap,28
mamamayan,28
hayop,28
inyong,28
kasuhan,28
samantalang,28
sahod,28
mayaman,28
boying,27
cost,27
poor,27
least,27
cannot,27
bagong,27
nation,27
work,27
reports,27
question,27
shame,27
want,27
assets,27
trillion,27
katiwalian,27
involve,27
ilog,27
drama,27
magsalita,27
paulit,27
gustong,27
likod,27
kakapal,27
bulsa,27
sad,27
ibig,27
iyo,27
corporation,26
barangay,26
team,26
millions,26
ask,26
never,26
fake,26
mukhang,26
iyong,26
tagal,26
tamang,26
susunod,26
puno,26
tatay,26
malaman,26
malinaw,26
ganid,26
utak,26
kinurakot,26
kulungan,26
bayang,26
province,25
total,25
especially,25
stop,25
following,25
doj,25
plus,25
plunder,25
bonoan,25
agency,25
end,25
lawmakers,25
face,25
sec,25
day,25
daan,25
nyu,25
kawawang,25
huli,25
ipakulong,25
protektahan,25
dpt,25
gahaman,25
sakim,25
karma,25
isama,25
gaya,25
sasabihin,25
maka,25
bong,25
demonyo,25
anu,25
tell,25
palpak,25
kna,25
madami,25
tas,25
found,24
legacy,24
ferdinand,24
representative,24
alleged,24
mendoza,24
substandard,24
luzon,24
natural,24
engineering,24
around,24
due,24
believe,24
transparency,24
next,24
san,24
engineers,24
wrong,24
heavy,24
magkano,24
tingnan,24
bundok,24
hoy,24
pinsan,24
lumabas,24
diba,24
nako,24
mataas,24
nanaman,24
kasinungalingan,24
ganitong,24
tambaloslos,24
tlaga,24
parusa,24
nakakagalit,24
strong,23
current,23
show,23
along,23
problem,23
better,23
true,23
private,23
investigations,23
lubog,23
dahilan,23
utang,23
sala,23
atty,23
nakikita,23
harap,23
kailan,23
nsa,23
imbestigahan,23
gagawa,23
pira,23
kase,23
probe,22
quezon,22
body,22
development,22
structure,22
used,22
floods,22
say,22
governor,22
yaman,22
instead,22
akong,22
bayad,22
imbistigahan,22
lawyer,22
laging,22
boto,22
corruptions,22
nakaupo,22
hahahaha,22
balik,22
nagawa,22
kurapsyon,22
school,22
admin,22
pansin,22
binoto,22
areas,21
land,21
yet,21
including,21
issues,21
social,21
program,21
taumbayan,21
imagine,21
obvious,21
erwin,21
patuloy,21
governo,21
milyon,21
ina,21
binabaha,21
damay,21
namn,21
natatakot,21
bka,21
evil,21
nla,21
goberno,21
asan,21
konsensya,21
malalaking,21
sapat,21
lives,20
island,20
road,20
approved,20
building,20
agencies,20
documents,20
use,20
location,20
enough,20
non,20
different,20
level,20
japan,20
making,20
governance,20
luxury,20
deserve,20
whole,20
court,20
process,20
loria,20
run,20
called,20
guilt,20
weak,20
rally,20
worst,20
pagbaha,20
napunta,20
makita,20
ngayun,20
masyado,20
nyang,20
cya,20
pilit,20
sariling,20
khit,20
grabi,20
nakaka,20
cguro,20
kamay,20
nagnakaw,20
amg,20
tino,19
despite,19
builders,19
received,19
metro,19
questions,19
map,19
love,19
hard,19
bohol,19
contract,19
clear,19
challenge,19
save,19
mang,19
scam,19
napupunta,19
got,19
reason,19
history,19
kunwari,19
asawa,19
patay,19
etc,19
laman,19
kala,19
maibalik,19
kaluluwa,19
kayang,19
kasakiman,19
kunin,19
perang,19
gumagawa,19
isipin,19
namumuno,19
magagawa,19
moro,19
napaka,19
binigay,19
kapa,19
villar,18
safety,18
communities,18
cruz,18
cases,18
bernardo,18
escudero,18
sunwest,18
find,18
visayas,18
means,18
news,18
governments,18
focus,18
happening,18
wealth,18
often,18
programs,18
politician,18
anomalies,18
ulan,18
put,18
bidding,18
cover,18
free,18
companies,18
chairman,18
sistema,18
soul,18
sasakyan,18
sira,18
bulok,18
nato,18
marcobeta,18
amo,18
salapi,18
imbistigasyon,18
watching,18
nawa,18
gawain,18
lalong,18
tawa,18
tungkol,18
tanggalin,18
bagay,18
tsk,18
subrang,18
nia,18
nakakalungkot,18
upo,18
simula,18
manga,18
matatapos,18
usapan,18
natakot,18
ibigay,18
madam,18
linked,17
quality,17
code,17
far,17
others,17
english,17
either,17
however,17
record,17
peso,17
civil,17
information,17
damage,17
needs,17
hold,17
region,17
representatives,17
happen,17
send,17
deep,17
behind,17
blood,17
proof,17
today,17
support,17
solution,17
ebidensya,17
sunod,17
siyang,17
bumoto,17
nakakagigil,17
imbestiga,17
kumanta,17
hawak,17
die,17
lakas,17
ganon,17
salot,17
walng,17
gawing,17
tapat,17
firing,17
squad,17
nagbabayad,17
naawa,17
tpos,17
accountable,16
personal,16
master,16
scandal,16
allegations,16
violation,16
two,16
dike,16
albay,16
period,16
pwedeng,16
management,16
planning,16
previous,16
members,16
majority,16
shows,16
something,16
actually,16
old,16
families,16
future,16
countries,16
stolen,16
mind,16
becomes,16
heart,16
tiangco,16
pay,16
taxes,16
happened,16
andyan,16
obviously,16
words,16
icc,16
pamahalaan,16
nagsisinungaling,16
malamang,16
hanggat,16
ugat,16
maniniwala,16
thieves,16
gising,16
tiwala,16
sna,16
romualdes,16
nagnanakaw,16
politika,16
una,16
kalaban,16
patas,16
saludo,16
dto,16
niyang,16
sambayanan,16
wish,16
kaysa,16
utal,16
aming,16
bigay,16
iyak,16
raffy,16
10k,16
miss,16
kmjs,16
paid,15
wants,15
storm,15
read,15
pasig,15
needed,15
completed,15
months,15
vince,15
anti,15
procurement,15
henry,15
environmental,15
interview,15
release,15
major,15
open,15
cause,15
term,15
integrity,15
possible,15
scrutiny,15
comes,15
standard,15
pro,15
came,15
coming,15
owner,15
highway,15
aquino,15
dolor,15
witnesses,15
cash,15
purpose,15
return,15
start,15
kapatid,15
dhil,15
magbayad,15
ever,15
mabawasan,15
pangungurakot,15
proud,15
crocs,15
masyadong,15
malapit,15
ginawang,15
nitong,15
warrant,15
katabi,15
alisin,15
palitan,15
lhat,15
malaki,15
magiging,15
ahensya,15
tamba,15
cno,15
samantala,15
pundo,15
binaha,15
ingat,15
solid,15
unti,15
tumakbo,15
ala,15
tau,15
tignan,15
bawiin,15
mangyari,15
kpa,15
ayuda,15
ofw,15
dyn,15
magawa,15
kalikasan,15
palagi,15
living,14
biggest,14
failed,14
plan,14
file,14
single,14
multi,14
graft,14
arevalo,14
chiz,14
employees,14
mindoro,14
interest,14
address,14
group,14
given,14
community,14
systems,14
call,14
multiple,14
past,14
decision,14
illegal,14
exposed,14
account,14
food,14
won,14
makapa,14
taxpayers,14
check,14
dugo,14
boy,14
fund,14
discayas,14
curlee,14
lies,14
fact,14
bring,14
higit,14
tingin,14
trying,14
masama,14
ibinoto,14
unahin,14
sina,14
matalino,14
umalis,14
nakita,14
bida,14
du30,14
amen,14
lusot,14
hatol,14
putol,14
dalawa,14
revilla,14
maliwanag,14
hayup,14
poro,14
nakinabang,14
ama,14
masasabi,14
makikita,14
rich,14
guy,14
maling,14
testigo,14
ganda,14
satanas,14
nan,14
halaga,14
narin,14
liv,14
saka,14
sunugin,14
hihirap,14
bumaba,14
marunong,14
lungkot,14
korakot,14
pareho,14
tubigon,14
magtanong,14
held,13
prevent,13
added,13
order,13
site,13
legal,13
reyes,13
considered,13
general,13
looking,13
opinion,13
individuals,13
home,13
share,13
sense,13
turn,13
bad,13
decades,13
fraud,13
days,13
play,13
offices,13
follow,13
able,13
progress,13
regional,13
politics,13
someone,13
afraid,13
education,13
foreign,13
times,13
napoles,13
mismong,13
self,13
rather,13
carried,13
position,13
set,13
society,13
explain,13
feeling,13
credible,13
answer,13
crime,13
patayin,13
matibay,13
sige,13
napo,13
kasali,13
markubeta,13
mamayan,13
bumalik,13
sigurado,13
lindol,13
hustisya,13
palabas,13
tahimik,13
gamit,13
panagutin,13
saldy,13
attorney,13
abs,13
lagyan,13
unang,13
tuta,13
klaro,13
sisihin,13
maparusahan,13
upang,13
malakanyang,13
mananagot,13
ntin,13
ana,13
kayu,13
muka,13
sanay,13
knila,13
buhangin,13
proteksyon,13
malinis,13
politikong,13
pina,13
samin,13
isla,13
gubyerno,13
kausap,13
allegedly,12
properties,12
firm,12
caused,12
highest,12
prone,12
released,12
told,12
occidental,12
reported,12
drainage,12
actions,12
complaint,12
complaints,12
respondents,12
details,12
move,12
impact,12
denr,12
ensure,12
mean,12
main,12
international,12
present,12
records,12
mayors,12
choice,12
original,12
chat,12
impeachment,12
ground,12
post,12
leave,12
director,12
became,12
lifestyle,12
style,12
nahihiya,12
ring,12
ongoing,12
lie,12
everyone,12
bank,12
aksyon,12
threat,12
economic,12
responsible,12
sin,12
denied,12
asia,12
survey,12
chair,12
balita,12
resulta,12
nawala,12
pumirma,12
hangang,12
palusot,12
cars,12
clean,12
pamilyang,12
innocent,12
nku,12
magandang,12
questioning,12
pagtakpan,12
kaagad,12
lht,12
ndi,12
kagaya,12
katapusan,12
buking,12
tagalog,12
karamihan,12
matapang,12
arrest,12
kongreso,12
anomalya,12
sumagot,12
testimony,12
cbn,12
taas,12
kalamidad,12
administrasyon,12
ata,12
mambabatas,12
niloloko,12
tulungan,12
nun,12
makapag,12
nagsimula,12
usec,12
tumulong,12
kalakaran,12
mangurakot,12
barya,12
ewan,12
ninyong,12
aral,12
anung,12
tigil,12
mention,12
baguhin,12
tiyak,12
baboy,12
iloilo,12
tanggalan,12
camera,12
nandyan,12
nlang,12
eleksyon,12
uli,12
bumaha,12
limpak,12
kahoy,12
kontraktor,12
remember,12
episode,12
left,11
asking,11
second,11
number,11
towns,11
firms,11
inc,11
grave,11
several,11
rivers,11
place,11
inspection,11
powerful,11
later,11
falsification,11
pending,11
conduct,11
standards,11
business,11
residents,11
monday,11
forward,11
environment,11
resources,11
saying,11
fight,11
spending,11
structures,11
result,11
normal,11
resource,11
houses,11
fellow,11
congressional,11
oversight,11
rock,11
wait,11
funding,11
matter,11
singson,11
seen,11
results,11
eyes,11
room,11
widespread,11
lack,11
bilyong,11
sector,11
affected,11
higher,11
executive,11
insertions,11
things,11
children,11
allies,11
expose,11
become,11
pinky,11
kickbacks,11
cross,11
vote,11
super,11
security,11
ago,11
percent,11
simple,11
perfect,11
knowing,11
madaling,11
buwayang,11
chinese,11
binigyan,11
panay,11
mafia,11
magresign,11
nagiging,11
bend,11
animal,11
kaka,11
nka,11
pinagtatakpan,11
yabang,11
gulo,11
magbigay,11
sakuna,11
aso,11
binabasa,11
kahihiyan,11
tiangcong,11
bangus,11
nagsalita,11
freeze,11
bilis,11
rondain,11
bias,11
hwag,11
insertion,11
ipa,11
negligence,11
kalokohan,11
imbistiga,11
maliit,11
kaalyado,11
sisi,11
ikolong,11
anjan,11
boong,11
tlg,11
payagan,11
piro,11
talamak,11
dalawang,11
pumasok,11
kelangan,11
duon,11
binanggit,11
kuya,11
bayaran,11
sabay,11
nmin,11
tayu,11
ganoon,11
kaayo,11
hayaan,11
poh,11
humingi,11
mata,11
nice,11
naisip,11
jingoy,11
nepal,11
tiwali,11
iboboto,11
pasay,11
bibigyan,11
malasakit,11
bigla,11
talga,11
nalulungkot,11
silbi,11
mababang,11
kesa,11
tinatanong,11
hit,10
wake,10
showed,10
flooded,10
oriental,10
town,10
charges,10
chairperson,10
andres,10
2nd,10
malversation,10
syms,10
service,10
gross,10
ordered,10
findings,10
table,10
compliance,10
allowed,10
proposed,10
investigating,10
less,10
demand,10
technical,10
disasters,10
generation,10
global,10
collapse,10
effective,10
nature,10
nationwide,10
accounts,10
protecting,10
protected,10
went,10
within,10
created,10
serve,10
expect,10
tag,10
calling,10
partylist,10
truly,10
asked,10
rain,10
gigil,10
entire,10
small,10
young,10
pamarisan,10
mentioned,10
hearings,10
cut,10
course,10
test,10
impossible,10
digital,10
hide,10
lgu,10
upon,10
faith,10
moral,10
labor,10
human,10
garcia,10
ilalim,10
nepo,10
getting,10
makasuhan,10
rights,10
busog,10
budol,10
nasalanta,10
itigil,10
ilagay,10
ginagamit,10
panggulo,10
palagay,10
paikot,10
peru,10
bam,10
talino,10
marco,10
laglagan,10
turo,10
dumating,10
kalagayan,10
pagod,10
tumigil,10
ilabas,10
kagagawan,10
darating,10
sakit,10
gamitin,10
tubol,10
punong,10
dela,10
makonsensya,10
ganyang,10
talk,10
everything,10
ayusin,10
mahuli,10
nakikinabang,10
paki,10
buwan,10
pres,10
kwentang,10
natatawa,10
kumilos,10
dala,10
butas,10
ilan,10
dumami,10
plano,10
naa,10
posisyon,10
jud,10
tawag,10
kopya,10
pagbabago,10
sundalo,10
masamang,10
voters,10
clang,10
usap,10
tanggapin,10
gabayan,10
saya,10
syempre,10
magalit,10
simpleng,10
yumaman,10
matuto,10
pare,10
lagay,10
niu,10
great,10
boses,10
deped,10
tanungin,10
magkaroon,10
destruction,9
died,9
built,9
secured,9
took,9
destroyed,9
negros,9
though,9
side,9
services,9
conducted,9
station,9
administrative,9
commissioner,9
three,9
brought,9
straight,9
republic,9
1st,9
trading,9
status,9
awarded,9
materials,9
galang,9
riverbank,9
meanwhile,9
anyway,9
experts,9
risk,9
important,9
large,9
sea,9
says,9
example,9
pampanga,9
infra,9
systemic,9
police,9
worse,9
typhoons,9
authority,9
efforts,9
together,9
accept,9
response,9
sona,9
anyone,9
ways,9
anything,9
groups,9
victims,9
remains,9
suffer,9
finally,9
proper,9
thing,9
regarding,9
website,9
devastation,9
streets,9
pork,9
barrel,9
father,9
lead,9
pawis,9
nararapat,9
recently,9
central,9
circus,9
benefit,9
punished,9
eye,9
insert,9
protest,9
syndicate,9
roads,9
care,9
short,9
contempt,9
pulse,9
late,9
huge,9
panoorin,9
ngayong,9
tuwing,9
nations,9
bwesit,9
probinsya,9
culprit,9
fall,9
calamity,9
serious,9
pagkain,9
protektado,9
bastos,9
sinongaling,9
tatakpan,9
restitution,9
umpisa,9
uusapan,9
isyu,9
bobo,9
andaming,9
nakakaawa,9
kapalit,9
sinong,9
sau,9
joke,9
iisipin,9
maybe,9
nakurakot,9
agree,9
husto,9
tulog,9
ehh,9
kilala,9
naalala,9
makuha,9
alice,9
coz,9
abolish,9
inililihis,9
unlad,9
harapan,9
ubos,9
nabanggit,9
palaging,9
sadyang,9
parusahan,9
okay,9
sanang,9
dba,9
matataas,9
itaas,9
ksi,9
systema,9
pakialam,9
bagsak,9
nina,9
kinuha,9
kelan,9
masaya,9
namamatay,9
kasamaan,9
titigil,9
spain,9
pinagsasabi,9
manlang,9
defensor,9
nahiya,9
tibay,9
nagsasabi,9
pinoprotektahan,9
nagtatanong,9
anymore,9
prison,9
mahilig,9
hanga,9
pusong,9
kon,9
tapang,9
aaral,9
dawit,9
departments,9
akusado,9
yari,9
wpp,9
tiwaling,9
walanghiya,9
kwento,9
ugali,9
gagaling,9
mapanagot,9
tabi,9
tauhan,9
benefits,9
enjoy,9
naiisip,9
niyong,9
christ,9
kyong,9
aminin,9
makapasok,9
kind,9
aircon,9
iimbistiga,9
gastos,9
kumuha,9
kinakain,9
inuuna,9
tutal,9
kain,9
sainyo,9
kamatayan,9
los,9
grabeng,9
jesica,9
mabawi,9
municipal,9
cemento,9
descaya,9
makatingin,9
earlier,8
provinces,8
supposed,8
wide,8
recent,8
sediment,8
policy,8
press,8
aside,8
identified,8
head,8
undersecretary,8
involvement,8
probes,8
timothy,8
reform,8
presidential,8
john,8
ramos,8
topnotch,8
cabral,8
bid,8
plans,8
incorporated,8
zoom,8
presented,8
waterways,8
line,8
juan,8
rodrigo,8
disaster,8
trail,8
cycle,8
technology,8
coastal,8
ones,8
floodwaters,8
measures,8
monitoring,8
capital,8
inquiry,8
couple,8
third,8
consequences,8
internal,8
permit,8
critical,8
percentage,8
crisis,8
sabotage,8
little,8
liable,8
turned,8
posts,8
telling,8
collusion,8
effect,8
agriculture,8
earth,8
shares,8
almost,8
spent,8
kids,8
content,8
congresswoman,8
implicated,8
paper,8
pdaf,8
anger,8
whether,8
navotas,8
design,8
netting,8
dbm,8
smart,8
beyond,8
vice,8
cagayan,8
cotabato,8
although,8
korea,8
started,8
toto,8
sop,8
direct,8
nagkaroon,8
otherwise,8
solusyon,8
kitang,8
p26,8
lot,8
dumaan,8
abroad,8
terrible,8
hilig,8
botante,8
basic,8
working,8
mining,8
kabundukan,8
harapin,8
hangga,8
limang,8
ginamit,8
kakampi,8
wlng,8
kidlat,8
minsan,8
lalabas,8
kapangyarihan,8
pagulo,8
kasamahan,8
gabi,8
pilipinong,8
idiin,8
apoy,8
rumualdez,8
honest,8
client,8
victim,8
rosa,8
umuwi,8
mahina,8
bir,8
umasa,8
biglang,8
umamin,8
greedy,8
ipatawag,8
pogi,8
dying,8
dina,8
papunta,8
mamayang,8
tungo,8
nalaman,8
sangay,8
bawal,8
ipakita,8
baba,8
dada,8
libo,8
manggagawa,8
yaan,8
isda,8
gayahin,8
gutom,8
magsabi,8
linaw,8
crimes,8
bisaya,8
malalaman,8
noh,8
journalist,8
madali,8
tapus,8
kalang,8
mgakapal,8
mockha,8
mockhang,8
sinador,8
langit,8
bistado,8
kalbo,8
matinong,8
mona,8
sng,8
kng,8
hehehe,8
kaw,8
madaming,8
pagka,8
hintayin,8
basahin,8
konting,8
pinalitan,8
kumain,8
grupo,8
nuon,8
dyos,8
binibigay,8
sweldo,8
bwaya,8
hahahahaha,8
kapakanan,8
habulin,8
prrd,8
hays,8
singapore,8
sins,8
drug,8
yng,8
toh,8
asenso,8
lisensya,8
nagtitiis,8
mamga,8
buto,8
understand,8
usa,8
ari,8
bugok,8
klaseng,8
isisi,8
eng,8
lumulubog,8
lulubog,8
reklamo,8
mabilis,8
dead,8
publiko,8
proverbs,8
mmm,8
force,7
mark,7
castro,7
constructed,7
outrage,7
controversy,7
quirante,7
previously,7
coordination,7
pumping,7
particularly,7
brgy,7
lawyers,7
meaning,7
wawao,7
hagonoy,7
initial,7
immediately,7
grace,7
manager,7
joint,7
monsoon,7
leading,7
followed,7
raised,7
thursday,7
allow,7
budgets,7
near,7
david,7
block,7
recommended,7
implemented,7
payment,7
massive,7
organizations,7
directly,7
study,7
funded,7
dikes,7
tide,7
pangasinan,7
ridon,7
wednesday,7
ending,7
minority,7
duty,7
likely,7
simply,7
baguio,7
exposing,7
safeguards,7
experience,7
concrete,7
green,7
healthy,7
handle,7
relief,7
form,7
mountain,7
member,7
anomaly,7
changed,7
gen,7
involves,7
promise,7
taking,7
stay,7
whatever,7
class,7
guide,7
journalism,7
hand,7
gives,7
sign,7
transparent,7
christopher,7
amounting,7
break,7
farm,7
close,7
sub,7
accounting,7
resilient,7
aid,7
using,7
clearly,7
staff,7
ups,7
season,7
kanino,7
piso,7
kada,7
served,7
homes,7
mitigation,7
allocation,7
online,7
health,7
price,7
travel,7
secure,7
car,7
isn,7
accused,7
shall,7
begin,7
bongbong,7
legislative,7
constitution,7
accusations,7
confidence,7
tagumpay,7
buildings,7
completion,7
view,7
profit,7
doesn,7
park,7
hero,7
rallies,7
stole,7
kiko,7
pointing,7
martial,7
confidential,7
leads,7
connected,7
unless,7
special,7
longer,7
regular,7
low,7
concern,7
kickback,7
babies,7
bkt,7
facts,7
per,7
luck,7
biktima,7
dolomite,7
ilihis,7
bunga,7
ngyari,7
bahain,7
kmi,7
imbis,7
mamamatay,7
malunod,7
jusko,7
kakahiya,7
defend,7
nanalo,7
takpan,7
kanang,7
pinipilit,7
naten,7
wisdom,7
papel,7
mayayaman,7
payers,7
tulay,7
kaligtasan,7
qng,7
goes,7
inosente,7
todo,7
pauwiin,7
inday,7
willing,7
karapatan,7
siguradong,7
markolekta,7
dynasty,7
korte,7
king,7
amount,7
hiyang,7
batang,7
usapin,7
maliliit,7
kunyari,7
nkaupo,7
ding,7
pinangalanan,7
congresista,7
tandaan,7
appoint,7
pawang,7
dipa,7
nakaraan,7
kasangkot,7
sus,7
tinatago,7
bantay,7
tanung,7
kinikita,7
floodcontrol,7
laws,7
karin,7
kame,7
mahalaga,7
matino,7
umupo,7
lets,7
orly,7
gobierno,7
godbless,7
leeg,7
coruption,7
iisa,7
mgnanakaw,7
hatulan,7
nalalaman,7
sahud,7
dinala,7
nagulat,7
pumayag,7
congratulations,7
pagbayarin,7
yawa,7
repent,7
ser,7
makakalaya,7
patawa,7
makain,7
nakuha,7
ohh,7
tyo,7
nagsasayang,7
pinili,7
names,7
mabigat,7
sambayanang,7
serbisyo,7
manalo,7
isiwalat,7
nanakawin,7
nahuli,7
influence,7
tapon,7
dika,7
kabataan,7
lubid,7
papano,7
napakayaman,7
lumubog,7
halang,7
goodluck,7
matindi,7
gastusin,7
binubulsa,7
nagaganap,7
sumunod,7
tono,7
kyu,7
sentence,7
sikat,7
padilla,7
dizcaya,7
nasisikmura,7
inang,7
isali,7
indonesia,7
matulungan,7
ibibigay,7
iisip,7
iwas,7
ayos,7
relocate,7
tumaas,7
tumira,7
paglubog,7
ilipat,7
busy,7
residente,7
ordinaryong,7
satin,7
magka,7
tigilan,7
gyud,7
nakakainis,7
kinukurakot,7
mura,7
makasagot,7
revealed,6
owned,6
levels,6
pointed,6
talisay,6
sunstar,6
allan,6
led,6
nearly,6
bay,6
evaluation,6
issued,6
required,6
certificate,6
talking,6
lopez,6
four,6
expected,6
story,6
filed,6
practices,6
malolos,6
include,6
ethical,6
flagged,6
dismissed,6
michael,6
citing,6
handled,6
signed,6
searchable,6
maps,6
ecc,6
proponent,6
review,6
flow,6
presscon,6
named,6
lower,6
common,6
individual,6
rise,6
charge,6
structural,6
ineffective,6
finished,6
mostly,6
ilocos,6
norte,6
comm,6
suspension,6
fully,6
favor,6
panel,6
mamamayang,6
creation,6
page,6
necessary,6
toward,6
founder,6
coin,6
hills,6
essential,6
benjamin,6
dedicated,6
institutional,6
rainfall,6
delay,6
lost,6
limited,6
practical,6
scale,6
deo,6
auditors,6
ordinary,6
pass,6
giving,6
controversial,6
trial,6
approve,6
addressed,6
severe,6
kristine,6
declared,6
resulted,6
operation,6
wouldn,6
annual,6
3rd,6
mapa,6
thousands,6
investigative,6
videos,6
tone,6
malacañang,6
lavish,6
deleted,6
riches,6
sometimes,6
custody,6
estimated,6
tanggap,6
section,6
paghihirap,6
nababanggit,6
fair,6
retired,6
questionable,6
sound,6
doubt,6
priority,6
word,6
meters,6
revised,6
receipts,6
immediate,6
entry,6
false,6
property,6
fear,6
starting,6
legislation,6
moment,6
north,6
stand,6
luneta,6
sunday,6
organized,6
rizal,6
gaa,6
acts,6
scandals,6
del,6
sur,6
pagdating,6
research,6
gave,6
wanted,6
emotional,6
pangulong,6
malalim,6
apektado,6
breaking,6
gets,6
kakasuhan,6
semento,6
kasya,6
nawalan,6
negative,6
kming,6
subdivision,6
kanal,6
phil,6
easy,6
learn,6
gang,6
malaya,6
tanging,6
mauulit,6
rocks,6
equipments,6
physically,6
prayers,6
army,6
munang,6
malawak,6
grabeh,6
ngunit,6
nagdudusa,6
merong,6
imbes,6
mabunyag,6
lustay,6
kulit,6
tamaan,6
suffering,6
tapusin,6
ginagago,6
twist,6
hor,6
padin,6
natatapos,6
natutulog,6
babae,6
kailangang,6
pwde,6
nangyare,6
nakakasuka,6
pagmumukha,6
stealing,6
bibig,6
wonder,6
kamag,6
panu,6
cant,6
tiba,6
humarap,6
buo,6
umunlad,6
pweding,6
humihingi,6
nakakulong,6
escape,6
hear,6
useless,6
kinalaman,6
stupid,6
susi,6
namo,6
kapit,6
daldal,6
magkaisa,6
kabayan,6
adik,6
porsyento,6
pathetic,6
pti,6
puntahan,6
yrs,6
selective,6
tumatakbo,6
pinapatay,6
haba,6
puwesto,6
alipores,6
kuratong,6
tuluyan,6
bawasan,6
earthquake,6
lumalabas,6
sanhi,6
gilid,6
jess,6
month,6
kongresista,6
lists,6
liar,6
coaching,6
tistigo,6
excuse,6
secret,6
sinumpaang,6
kayamanan,6
pinatatagal,6
pensyon,6
alyado,6
mahinang,6
nagpapakita,6
magkamali,6
ibitay,6
mao,6
lumalaban,6
imbestigastion,6
imbestigation,6
ituloy,6
kapoy,6
maintindihan,6
magpa,6
tajuna,6
kotse,6
angkan,6
tirahan,6
nanonood,6
knows,6
marines,6
esp,6
sip,6
sikmura,6
corakot,6
lapid,6
narinig,6
pagkatapos,6
sbhin,6
bible,6
dimonyo,6
pinatay,6
parehas,6
luho,6
tawad,6
naturuan,6
detector,6
atleast,6
bwahaha,6
taya,6
nangungurakot,6
manood,6
mokha,6
dili,6
smga,6
kabilang,6
makabayan,6
pamamaraan,6
binulsa,6
tinakot,6
ligtas,6
taongbayan,6
andami,6
bukod,6
politico,6
kaliwat,6
pinapaikot,6
dagdag,6
inisip,6
sss,6
utos,6
puru,6
ppl,6
responsibility,6
currupt,6
mabait,6
sisirain,6
ginagawang,6
sided,6
aabutin,6
asin,6
vip,6
pangarap,6
mangmang,6
badget,6
pulitika,6
nabubuhay,6
sawa,6
grabeeee,6
jingkot,6
coverage,6
bilihin,6
ambag,6
artista,6
binoboto,6
pabahay,6
nuong,6
pagawa,6
gawan,6
obob,6
nagagalit,6
friend,6
loyalista,6
fish,6
paldo,6
malakas,6
tinambakan,6
pagtaas,6
karagatan,6
relocation,6
teachers,6
sitwasyon,6
aalis,6
problems,6
taung,6
lala,6
konti,6
happy,6
nakakatulog,6
waste,6
praying,6
gwen,6
holy,6
hahahah,6
atong,6
maiwasan,6
anumalya,6
allah,6
empleyado,6
tularan,6
revelation,6
japanese,6
proven,6
matigil,6
kinita,6
pangit,6
gantung,6
saved,6
psalm,6
iam,6
masagot,6
nakulimbat,6
jinky,6
provincial,5
bodies,5
warning,5
richest,5
tried,5
apply,5
briefing,5
friday,5
currently,5
filing,5
vowed,5
assessment,5
reach,5
constitutional,5
fire,5
sworn,5
actors,5
santos,5
five,5
bribery,5
stage,5
submit,5
rules,5
resigned,5
asawang,5
naujan,5
founded,5
specified,5
venture,5
rains,5
malabon,5
supply,5
surge,5
strict,5
included,5
proponents,5
divert,5
conference,5
patrick,5
submitted,5
recommendation,5
cathy,5
various,5
covers,5
totally,5
provide,5
reduce,5
rainwater,5
capacity,5
excess,5
described,5
consider,5
undertaken,5
releases,5
permanently,5
diversion,5
solutions,5
significant,5
tarlac,5
putting,5
impartial,5
cooperate,5
license,5
credibility,5
might,5
audits,5
step,5
masungi,5
foundation,5
worked,5
watershed,5
reached,5
headlines,5
repeatedly,5
warned,5
whistleblowers,5
visible,5
tasked,5
livelihoods,5
slow,5
week,5
ignored,5
leaving,5
tagged,5
baliuag,5
balagtas,5
explanation,5
noted,5
equipment,5
discovered,5
auditing,5
weeks,5
reporting,5
red,5
journalists,5
terms,5
vantage,5
value,5
photo,5
brother,5
sorsogon,5
extent,5
bag,5
stressed,5
mother,5
whose,5
rehabilitation,5
exchange,5
resident,5
mirandilla,5
loss,5
farmers,5
suffered,5
prepared,5
safeguard,5
businesses,5
shareholders,5
meeting,5
half,5
chief,5
receive,5
update,5
running,5
modus,5
nalulutas,5
launched,5
palay,5
shared,5
note,5
detailed,5
shameless,5
feed,5
filled,5
lubiano,5
elections,5
son,5
pet,5
approximately,5
pamumuhay,5
lingkod,5
extreme,5
elected,5
positions,5
cousin,5
iimbestiga,5
situation,5
inquiries,5
finding,5
argue,5
role,5
chance,5
network,5
leadership,5
missing,5
proposal,5
truck,5
opportunities,5
exist,5
physical,5
verified,5
internet,5
signature,5
black,5
correct,5
citizen,5
committed,5
energy,5
easily,5
greed,5
computer,5
maya,5
edsa,5
prepare,5
woman,5
hopefully,5
protesters,5
key,5
peaceful,5
outside,5
hoping,5
revolution,5
reputation,5
market,5
south,5
notice,5
barmm,5
maguindanao,5
danger,5
pagalungan,5
ahead,5
letter,5
zero,5
bridges,5
loans,5
boys,5
steal,5
connection,5
tito,5
thought,5
distrust,5
institution,5
umabot,5
klase,5
kabuhayan,5
umuulan,5
thinking,5
angry,5
kontrata,5
else,5
decide,5
balak,5
forgiveness,5
functions,5
slater,5
umpisahan,5
flashflood,5
buying,5
ipag,5
congresman,5
proseso,5
target,5
putik,5
epekto,5
nuclear,5
landslide,5
shocking,5
heavily,5
hire,5
nanagot,5
lokohan,5
prayer,5
understanding,5
voted,5
kasamang,5
ibenta,5
uwi,5
pangangailangan,5
matatakaw,5
laang,5
nalng,5
lumayas,5
blame,5
magulo,5
delaying,5
resolve,5
han,5
aralan,5
uusap,5
tang,5
kolong,5
romaldes,5
halatado,5
kinikilingan,5
uwan,5
kinabukasan,5
nagbigay,5
kila,5
makinig,5
mapansin,5
naba,5
nabigyan,5
gonna,5
pasok,5
ibat,5
madamay,5
tindi,5
babaeng,5
nong,5
grabee,5
abot,5
pilipinos,5
gobyernong,5
gud,5
masarap,5
hiding,5
den,5
bilyones,5
aware,5
numbers,5
binayad,5
sha,5
isalang,5
daang,5
medical,5
dalhin,5
makatulong,5
katakutan,5
stick,5
makaka,5
kme,5
connivance,5
ika,5
pumunta,5
idamay,5
paninira,5
hoi,5
nagagawa,5
punta,5
ban,5
culprits,5
ituro,5
vat,5
govyerno,5
dutae,5
goverment,5
employee,5
lipat,5
ikukulong,5
pulitikong,5
hulihin,5
mananakaw,5
linkod,5
pasimuno,5
huag,5
tangahan,5
alang,5
lumaki,5
milyong,5
pinakamataas,5
tatakbo,5
presedente,5
sinumpaan,5
maligtas,5
makolong,5
sendekato,5
epal,5
neutral,5
magsasabi,5
unfair,5
papa,5
mainit,5
romouldez,5
isipan,5
kuno,5
mukang,5
itoy,5
pinapagawa,5
sinabe,5
hospital,5
nak,5
pelikula,5
taba,5
maghanap,5
hayahay,5
natitirang,5
sayu,5
cnu,5
guided,5
babayaran,5
katibayan,5
pinuno,5
golden,5
nay,5
fpj,5
samar,5
emotions,5
cancer,5
kapani,5
paniwala,5
brize,5
dadalhin,5
malacanyang,5
pinaggagawa,5
tropa,5
mamahal,5
syo,5
marites,5
aamin,5
cctv,5
ahas,5
tuturuan,5
tinawag,5
nabangit,5
kara,5
buhaya,5
tawo,5
nawawala,5
tahanan,5
pulong,5
lito,5
nagkamali,5
rumualdes,5
protector,5
haist,5
nagtataka,5
kumakain,5
bonjing,5
kuwento,5
maubos,5
pre,5
ikanta,5
dikit,5
mindset,5
pirma,5
bangon,5
katutuhanan,5
bait,5
stress,5
napansin,5
hayaang,5
dna,5
kontratista,5
deretso,5
ginigisa,5
maalis,5
selfish,5
papatayin,5
karmahin,5
kopo,5
kinukuha,5
nakaraang,5
diha,5
kanan,5
pulido,5
interes,5
bayani,5
soon,5
kumukuha,5
nakikinig,5
maimbestigahan,5
comfort,5
pnp,5
kyung,5
guo,5
tanggi,5
kikilos,5
nanjan,5
curious,5
ulitin,5
makakapal,5
waldas,5
robinhood,5
pagkuha,5
lagot,5
libre,5
barong,5
customs,5
papasok,5
aba,5
siraan,5
talo,5
makakain,5
masasarap,5
mananaig,5
mapatay,5
abay,5
forever,5
ngyn,5
mandarambong,5
knew,5
nagtatrabaho,5
deserved,5
pagpalain,5
imprisonment,5
sari,5
silence,5
pagboto,5
arian,5
boaya,5
lung,5
pasalamat,5
malala,5
malungkot,5
philhealth,5
natapos,5
apo,5
saviour,5
namatayan,5
palasyo,5
hugas,5
bubong,5
kamo,5
artificial,5
bahagi,5
kasing,5
bobong,5
kaba,5
barko,5
parte,5
surveying,5
pupunta,5
nmang,5
putulin,5
dilikado,5
blessed,5
kudos,5
kler,5
peoples,5
mabitay,5
papatay,5
papaano,5
gumising,5
bumabaha,5
baricuatro,5
mapagsamantala,5
prang,5
honorable,5
trillanes,5
tumatanggap,5
galingan,5
ipatupad,5
bobotante,5
contructor,5
pud,5
pinuputol,5
ning,5
documentary,5
kagaguhan,5
risa,5
iilan,5
napanood,5
ipaglaban,5
kayaman,5
ginastos,5
pacc,5
ads,5
lalaki,5
ilaban,5
hari,5
natawa,5
tamad,5
makakatulong,5
kulongan,5
hontivirus,5
makalusot,5
dummy,5
presyo,5
salvation,5
coo,5
cavite,4
benefited,4
bagged,4
producer,4
prevented,4
deaths,4
banks,4
shown,4
sides,4
bridge,4
sources,4
claiming,4
performance,4
box,4
jire,4
carreon,4
largest,4
rest,4
certificates,4
basis,4
require,4
supposedly,4
resilience,4
violations,4
caloocan,4
mario,4
lipana,4
parts,4
suspend,4
refer,4
none,4
assistant,4
jaypee,4
bulakan,4
fail,4
affidavits,4
resolution,4
charged,4
regulations,4
noel,4
potential,4
ontingco,4
claudine,4
beam,4
initiated,4
chua,4
dots,4
type,4
meet,4
dams,4
guidelines,4
alter,4
volume,4
holds,4
manuel,4
existent,4
reminder,4
cited,4
worsened,4
engage,4
irrigation,4
includes,4
spot,4
manual,4
urban,4
certain,4
channels,4
canals,4
places,4
store,4
stored,4
soil,4
looked,4
effects,4
bulk,4
spread,4
meant,4
proceedings,4
pieces,4
bojie,4
board,4
roles,4
financial,4
chamber,4
composed,4
deputy,4
restore,4
upper,4
marikina,4
failures,4
looks,4
generational,4
stronger,4
ccc,4
alone,4
grey,4
forests,4
wetlands,4
equally,4
quarrying,4
runs,4
fewer,4
execution,4
outcome,4
continuing,4
rogelio,4
pinpointed,4
provided,4
saw,4
unfinished,4
bars,4
workers,4
database,4
amid,4
hello,4
minutes,4
ill,4
push,4
promised,4
cities,4
floodcontrolph,4
join,4
contribute,4
app,4
friends,4
zamboanga,4
becoming,4
supreme,4
concerned,4
cheap,4
rice,4
goods,4
prior,4
tied,4
promises,4
background,4
respect,4
securities,4
rising,4
drown,4
ranging,4
failure,4
intense,4
effort,4
operations,4
known,4
satellite,4
remain,4
spotlight,4
attempt,4
learned,4
handa,4
locations,4
destroy,4
netizens,4
began,4
trips,4
daughter,4
divested,4
paris,4
jacket,4
kumukulo,4
photos,4
possibility,4
managed,4
similar,4
influential,4
caught,4
advocacy,4
income,4
showing,4
perpetrators,4
officer,4
institutions,4
reality,4
complicity,4
command,4
opportunity,4
offers,4
impunity,4
judge,4
smoke,4
misuse,4
hollow,4
syndicates,4
purge,4
rot,4
overpriced,4
collapsed,4
gloria,4
delivered,4
theft,4
embankments,4
embankment,4
cement,4
corrupted,4
hidden,4
justify,4
ledger,4
verification,4
copy,4
practice,4
trigger,4
automatically,4
equal,4
semi,4
six,4
final,4
triggered,4
unit,4
auditor,4
correction,4
via,4
excuses,4
document,4
verify,4
ultimate,4
pressure,4
ensuring,4
ultimately,4
masa,4
monument,4
teach,4
protests,4
express,4
spirit,4
supporters,4
allotted,4
early,4
immigration,4
persons,4
double,4
appropriations,4
finds,4
demanding,4
tipping,4
largely,4
repair,4
assuming,4
agenda,4
relevant,4
highly,4
pulangi,4
mangudadatu,4
happens,4
cleaning,4
departamento,4
implementation,4
connive,4
rule,4
reaching,4
idea,4
allegation,4
files,4
naiwan,4
difference,4
adults,4
error,4
octa,4
acting,4
delubyo,4
pagusapan,4
invited,4
sent,4
architect,4
damages,4
likes,4
strategy,4
developed,4
points,4
hahabulin,4
complete,4
sumbong,4
didn,4
abuse,4
suggests,4
compass,4
seeking,4
freedom,4
intensity,4
pinapa,4
strike,4
invite,4
laughing,4
flash,4
kakayanin,4
waiting,4
paring,4
napaparusahan,4
tumatawa,4
magturuan,4
imprisoned,4
create,4
prioritized,4
kalbong,4
killed,4
26b,4
aftermath,4
bomb,4
explosion,4
stunned,4
buldoze,4
neighborhood,4
alike,4
mud,4
mentally,4
exhausted,4
traumatizing,4
purposed,4
mainly,4
immediatelly,4
controls,4
puros,4
patunayan,4
panloloko,4
foreigner,4
atbp,4
helicopters,4
nalunod,4
pambili,4
neto,4
murder,4
opinions,4
nagdurusa,4
unta,4
satan,4
pamumuno,4
pambihira,4
indi,4
pinaguusapan,4
nabibitay,4
marcolekta,4
panira,4
peluka,4
marculeta,4
pangako,4
kaylan,4
daig,4
iligaw,4
servant,4
lason,4
buang,4
anyare,4
saln,4
dame,4
plot,4
bulldog,4
speak,4
america,4
pagiging,4
hin,4
bagyong,4
henerasyon,4
png,4
tumutulong,4
lamb,4
disgusting,4
hind,4
impiyerno,4
dagatang,4
magtanim,4
shut,4
starving,4
pakulong,4
kriminal,4
tongressman,4
matitinong,4
criminals,4
maigi,4
pahayag,4
teves,4
passport,4
cia,4
gumalaw,4
mapatunayan,4
anywhere,4
sleep,4
magdala,4
madulas,4
abugado,4
maski,4
bahid,4
sucks,4
balls,4
coward,4
interpol,4
bicam,4
legit,4
banta,4
ngyayari,4
depensa,4
lumang,4
magpaliwanag,4
bullet,4
patayan,4
puppet,4
maunlad,4
magkakasabwat,4
percy,4
mananagut,4
lumalangoy,4
maabswelto,4
samga,4
pakinggan,4
kondi,4
ayosin,4
divine,4
namamahala,4
maaring,4
importante,4
dutertes,4
pili,4
baon,4
laya,4
phillipines,4
dumal,4
aksyonan,4
bilisan,4
appointed,4
inamin,4
iimbestigahan,4
isigaw,4
dept,4
negosyo,4
hinahayaan,4
senatong,4
men,4
credit,4
billiones,4
banggitin,4
nilalang,4
kasalukuyang,4
nalulubog,4
boung,4
ipasa,4
sakop,4
implement,4
dignidad,4
iniisip,4
baket,4
lipunan,4
malacanang,4
magkaka,4
bandang,4
forgive,4
pinadala,4
pcab,4
salarin,4
salasay,4
procedure,4
quote,4
ready,4
church,4
itaglay,4
karapat,4
kabisado,4
isinulat,4
notary,4
cuteza,4
halong,4
imbinto,4
nagtatago,4
tinuruan,4
salitang,4
saulado,4
nayn,4
tanungan,4
papogi,4
bumagyo,4
kakutsaba,4
wagkayo,4
ibidencya,4
mapatawag,4
senhor,4
peke,4
notaryo,4
nagpakita,4
orley,4
hangal,4
paglalahad,4
tatlo,4
tutuo,4
pake,4
ngang,4
kalalagyan,4
dpw,4
deay,4
language,4
buksan,4
fucking,4
written,4
pamamagitan,4
pagbaba,4
nawalang,4
magsisi,4
nagkasala,4
ibinibigay,4
imposible,4
scrift,4
konsensiya,4
pilinas,4
gabyan,4
sgt,4
pananagutan,4
evedensya,4
gawa2,4
lib,4
rumanas,4
driver,4
ayus,4
iingat,4
laway,4
mkita,4
misis,4
ibinigay,4
marine,4
pinutol,4
matanda,4
wars,4
ophir,4
waked,4
mayroong,4
sos,4
bagkus,4
mananalo,4
katiwalaan,4
banko,4
constructions,4
naay,4
npo,4
gagastusin,4
imvestiga,4
naisampa,4
commitee,4
nagpapayaman,4
binabanggit,4
moreno,4
skin,4
didikta,4
marcubeta,4
lista,4
binasa,4
bali,4
kuna,4
dimo,4
saba,4
admitting,4
birthday,4
ididiin,4
kawat,4
billon,4
pinagpapaguran,4
tinuturo,4
kumita,4
ibulgar,4
bulong,4
mapagtakpan,4
pepsi,4
sakali,4
mapatawad,4
bodots,4
pumili,4
kunsinsya,4
pinapakain,4
alala,4
nkulimbat,4
bangko,4
lalu,4
ipagtangol,4
dat,4
bgo,4
lalim,4
kabado,4
gwa,4
tiis,4
tiyaga,4
stepping,4
stone,4
touch,4
nagbago,4
tabang,4
binago,4
pabagsakin,4
magtulungan,4
pananakot,4
plang,4
hahahahahaha,4
iiwanan,4
grabeee,4
isoli,4
shoot,4
mood,4
napalitan,4
eyak,4
minahal,4
namayagpag,4
nakontento,4
bloc,4
mainstream,4
pichi,4
ninakawan,4
naiyak,4
nilulustay,4
humahawak,4
aabot,4
nanghihingi,4
mangkulekta,4
isauli,4
itumba,4
kinausap,4
tinood,4
masabi,4
corupt,4
medyo,4
nde,4
laylayan,4
iniimbestigahan,4
sumusunod,4
sundin,4
marinig,4
marangal,4
lumalaki,4
babalik,4
jengoy,4
nakataya,4
eversince,4
hopeless,4
untouchable,4
rooted,4
blind,4
sakaniya,4
impyerno,4
pinagkakitaan,4
baraha,4
ron,4
mangyare,4
hayz,4
cnasabi,4
bcz,4
tht,4
putin,4
alllll,4
loving,4
pahirap,4
imbistigahin,4
batman,4
miriam,4
aasenso,4
palubog,4
magtrabaho,4
bobon,4
nagpapasasa,4
ulet,4
hati,4
pareparehas,4
hintuturo,4
communist,4
mapapamura,4
lamesa,4
kurbata,4
treatment,4
brainwashing,4
gosh,4
naglalakad,4
kilometro,4
eskol,4
tyan,4
kamuti,4
nagkamal,4
katungkulan,4
perwisyo,4
matitira,4
nakakaalam,4
dila,4
napakalinis,4
binabayaran,4
naitulong,4
kama,4
nbi,4
nilalagay,4
bhala,4
nghihirap,4
alm,4
nililihis,4
fernandez,4
kanta,4
nagka,4
finish,4
hipoin,4
nagugotom,4
maliwanagan,4
malalaki,4
joseph,4
tanga,4
punyeta,4
baho,4
reaction,4
lalaking,4
kaawa,4
aray,4
napakasinungaling,4
nah,4
cebuano,4
loslos,4
nawong,4
baliw,4
naranasan,4
hangin,4
nko,4
sori,4
nakakatakot,4
ramdam,4
islands,4
galamay,4
lider,4
nagugutom,4
mapapakinabangan,4
epek,4
3yrs,4
wps,4
bigas,4
kinurap,4
plastic,4
inaayos,4
magamit,4
lupit,4
daapt,4
matubig,4
tataas,4
panginoong,4
unting,4
jaan,4
bldg,4
mawawala,4
tambakan,4
pansariling,4
ksama,4
tambak,4
akap,4
measuring,4
elevation,4
tumataas,4
bigat,4
kayung,4
pakinabang,4
mabigyan,4
bwisit,4
topic,4
iisang,4
gitna,4
binibigyan,4
nasasakupan,4
51b,4
gumagana,4
lalawigan,4
parating,4
spanish,4
claire,4
buwagin,4
trilyon,4
pababa,4
pam,4
intsik,4
nagsabi,4
tlgang,4
representathieves,4
fast,4
educated,4
lan,4
dswd,4
magising,4
kaung,4
gold,4
shirk,4
forthwith,4
makakuha,4
limot,4
abswelto,4
pogo,4
ugaling,4
martires,4
jobs,4
nalulunod,4
hanapin,4
hinayupak,4
lumaban,4
maghirap,4
leptospirosis,4
linggo,4
tinipid,4
masakit,4
kahirapan,4
cats,4
award,4
makalimutan,4
laborer,4
clips,4
warranty,4
cila,4
kayat,4
kwarta,4
matatalino,4
nangurakot,4
heidi,4
gumastos,4
mapunta,4
muling,4
nahihirapan,4
talampakan,4
buhusan,4
kinorakot,4
grade,4
paka,4
chosen,4
trato,4
ipagawa,4
era,4
korupt,4
makarma,4
coraption,4
kunsensya,4
gost,4
mana,4
mka,4
magsasaka,4
ipabalik,4
martilyo,4
araw2,4
nasayang,4
pabor,4
hangat,4
palibhasa,4
nauna,4
php,4
paawa,4
eat,4
nakakatawa,4
kuba,4
robin,4
lying,4
affidavit,4
ginusto,4
indigenous,4
connections,4
pinapatalo,4
este,4
bark,4
task,3
supervising,3
partnership,3
overflowing,3
located,3
listed,3
ratings,3
constructors,3
widening,3
hardest,3
activity,3
nearby,3
flows,3
raising,3
incomplete,3
quite,3
suspect,3
policies,3
university,3
creek,3
p95,3
carlo,3
seven,3
roberto,3
lots,3
moving,3
holding,3
separate,3
courts,3
slight,3
mandate,3
explained,3
helps,3
track,3
sally,3
stems,3
baliwag,3
tuesday,3
undergoing,3
prosecutors,3
indict,3
union,3
nine,3
p96,3
conglomerate,3
recommendations,3
decree,3
misconduct,3
dishonesty,3
prejudicial,3
roxas,3
undersecretaries,3
villafuerte,3
bocaue,3
transport,3
wading,3
reuters,3
radio,3
affect,3
submits,3
positive,3
reforms,3
lulusot,3
inspected,3
poorly,3
compared,3
carlos,3
appears,3
negligent,3
properly,3
walking,3
sitio,3
debris,3
recovery,3
begun,3
p17,3
catastrophe,3
factors,3
pagasa,3
remove,3
science,3
landslides,3
extensive,3
types,3
stream,3
normally,3
jica,3
floodwater,3
transportation,3
connect,3
temporarily,3
tank,3
supplies,3
erosion,3
integrated,3
describe,3
trap,3
maintenance,3
coast,3
strategies,3
inundated,3
calumpit,3
closely,3
terry,3
commitment,3
scheme,3
disclosure,3
ties,3
sandro,3
mega,3
conflict,3
matters,3
threatened,3
weaknesses,3
resort,3
operate,3
processes,3
joined,3
bureaucratic,3
pattern,3
watersheds,3
penalties,3
attention,3
privacy,3
assessments,3
withholding,3
erodes,3
undermines,3
ability,3
watchdogs,3
costs,3
opacity,3
wasted,3
entrenched,3
independence,3
functioning,3
designed,3
logging,3
forced,3
quarry,3
destructive,3
therefore,3
rigorous,3
hundreds,3
suffers,3
intended,3
respond,3
defense,3
ranking,3
lamented,3
sectors,3
weakens,3
enrich,3
oath,3
communications,3
roque,3
contracted,3
inspect,3
existing,3
sheet,3
piles,3
absence,3
relation,3
heard,3
gotten,3
endure,3
engagement,3
conducting,3
student,3
monitor,3
initiatives,3
forum,3
concerns,3
lawmaking,3
deliver,3
movement,3
visit,3
uncovered,3
forces,3
p200,3
dated,3
directive,3
fix,3
coordinator,3
difficult,3
ran,3
marks,3
boundary,3
libon,3
tropical,3
drink,3
unsolved,3
experienced,3
walls,3
gone,3
husband,3
safer,3
blamed,3
losses,3
facing,3
vulnerable,3
campaign,3
widely,3
divest,3
participating,3
biddings,3
spouse,3
registered,3
wife,3
daughters,3
vehicles,3
ramon,3
mesa,3
southwest,3
gaano,3
kalaki,3
ginagastos,3
seek,3
twenty,3
norm,3
production,3
walk,3
claim,3
expenditure,3
links,3
expensive,3
creators,3
vlogs,3
cornered,3
incorporator,3
sister,3
fendi,3
outfit,3
minsa,3
nabili,3
mayabang,3
bought,3
vlog,3
boyfriend,3
stated,3
sto,3
bataan,3
designer,3
chanel,3
sons,3
cabuhat,3
servants,3
unacceptable,3
karangyaan,3
fairness,3
certified,3
sees,3
measure,3
powers,3
balance,3
creating,3
perhaps,3
lessons,3
siphoned,3
mess,3
publicity,3
palace,3
delivers,3
grandstanding,3
rivals,3
afford,3
subpoena,3
patronage,3
networks,3
camp,3
shift,3
faces,3
lines,3
night,3
taken,3
lipa,3
fee,3
locally,3
duplicate,3
cat,3
brings,3
dredging,3
falsified,3
laundered,3
padded,3
unlike,3
beneath,3
signatures,3
transaction,3
essence,3
nodes,3
consensus,3
finance,3
disbursement,3
node,3
rely,3
allows,3
blacklisted,3
politically,3
begins,3
digitally,3
analysis,3
alerts,3
delete,3
software,3
publicly,3
tampering,3
mere,3
setup,3
specific,3
proofs,3
uploaded,3
permanent,3
dao,3
rectification,3
automatic,3
investigators,3
trace,3
sealed,3
pilot,3
pricing,3
suit,3
logic,3
proactive,3
dangerous,3
architecture,3
serves,3
cohorts,3
leaves,3
root,3
graduate,3
simbahan,3
komunidad,3
white,3
rotten,3
motorcycle,3
gathered,3
religious,3
definitely,3
anniversary,3
declaration,3
refused,3
expressed,3
placed,3
preventive,3
investigated,3
ondoy,3
ccet,3
assurance,3
collective,3
seriously,3
interests,3
campaigns,3
threatening,3
bangsamoro,3
trade,3
badly,3
takes,3
mountains,3
reinforced,3
batangas,3
healthcare,3
housing,3
nadamay,3
commit,3
develop,3
mayoral,3
apparent,3
active,3
arm,3
combined,3
arms,3
comelec,3
accomplices,3
towards,3
papers,3
courtesy,3
eventually,3
preserve,3
light,3
receiving,3
haven,3
chain,3
adult,3
tactic,3
version,3
entities,3
trusted,3
likewise,3
continued,3
emotion,3
age,3
approval,3
consistent,3
pondong,3
napala,3
noynoy,3
nagastos,3
isabela,3
speech,3
casualties,3
bags,3
poverty,3
discourse,3
warming,3
activities,3
realize,3
paying,3
helping,3
rightfully,3
silent,3
game,3
riverwall,3
fingers,3
replaced,3
tinitingnan,3
nakakuha,3
studying,3
subcontractor,3
effectiveness,3
manakaw,3
gngwa,3
guides,3
spiritual,3
depend,3
manipulative,3
incompetent,3
fuel,3
russia,3
nahalata,3
sinira,3
nobody,3
dulot,3
nsaan,3
frustrating,3
shouldn,3
napapansin,3
binigyang,3
prosesso,3
spend,3
allowance,3
nananagot,3
win,3
uulan,3
shoukd,3
guard,3
netherlands,3
prioritize,3
sirang,3
nagbaha,3
jet,3
mansion,3
forbes,3
magtayo,3
itsura,3
unbearable,3
uphill,3
nanggaling,3
kabahayan,3
pasarap,3
pasalamatan,3
halip,3
katakawan,3
kaalaman,3
regardless,3
tagapagtanggol,3
olol,3
nagpapakamatay,3
ipagtanggol,3
decided,3
govierno,3
tinatakpan,3
ksabwat,3
sesenyas,3
pangilinan,3
voting,3
ejercito,3
pagtanggol,3
hambog,3
matauhan,3
tinanong,3
sagut,3
belong,3
kabutihan,3
keeps,3
begging,3
heartbreaking,3
drowning,3
tanggal,3
session,3
sinugaling,3
namen,3
pekeng,3
boang,3
ubod,3
tatang,3
kinain,3
bagal,3
alaga,3
interesado,3
tumanggap,3
suhol,3
matandang,3
nakaupong,3
dako,3
nilulunod,3
hanep,3
bakasyon,3
kpag,3
iyang,3
catanduanes,3
hihingi,3
katapusang,3
hinihintay,3
mayron,3
iwan,3
tawaging,3
markulita,3
nanggugulo,3
maynila,3
funny,3
grrrr,3
pagpapatayin,3
anomalyang,3
laying,3
suspicious,3
maaari,3
pambansang,3
anchor,3
bulag,3
carmina,3
shit,3
uuwi,3
dmo,3
yayari,3
yellow,3
cancel,3
afp,3
makapal,3
fugitive,3
umuusig,3
napakaraming,3
ayw,3
matulad,3
war,3
rason,3
tianco,3
admit,3
tumahimik,3
bilyonaryo,3
mansions,3
career,3
feather,3
max,3
gutesa,3
alibi,3
queation,3
regions,3
born,3
choose,3
try,3
bisa,3
forget,3
blah,3
abogago,3
katawan,3
nakatanggap,3
paikutin,3
mapasa,3
sinu,3
digonyo,3
tnx,3
makokolong,3
isinisisi,3
ibagsak,3
paggulo,3
tongresman,3
nagbibigay,3
nyona,3
napakalalaking,3
maralita,3
kumpara,3
aksaya,3
conspiracy,3
buwisit,3
antayin,3
puhunan,3
nakakasawa,3
appropriation,3
offense,3
maisama,3
movie,3
anomaliya,3
santa,3
isabatas,3
makurakot,3
ngyon,3
nakayong,3
nominated,3
book,3
tinitira,3
ibidensya,3
pol,3
grabing,3
morally,3
huh,3
governador,3
napanagot,3
hahawak,3
distrito,3
congres,3
pede,3
laro,3
timawa,3
makapangyarihan,3
makabawi,3
paliwanag,3
pabaya,3
electric,3
dapt,3
nkakahiya,3
patalsikin,3
natamaan,3
mahaba,3
binubudol,3
naganap,3
strada,3
sacrificial,3
maningil,3
pagpapagawa,3
malakihang,3
nnkaw,3
clng,3
galaw,3
maleta,3
mapapatunayan,3
jailed,3
maulit,3
sabihing,3
pangalanan,3
aabuso,3
loloko,3
elect,3
iligtas,3
comitee,3
hague,3
pagdinig,3
sandigan,3
dekada,3
kukunin,3
sadly,3
perma,3
lihis,3
sasabi,3
rrupt,3
supporter,3
earthquakes,3
naupo,3
specifically,3
babaw,3
tiga,3
pagkanta,3
impierno,3
karen,3
righteous,3
gift,3
prosecute,3
tulisan,3
gusali,3
napatunayan,3
dinagdagan,3
bill,3
nakawin,3
papala,3
sumisigaw,3
pkialam,3
magpatupad,3
base,3
mandatory,3
kamalian,3
bale,3
payer,3
goosebumps,3
nonsense,3
cgurado,3
datingan,3
lalona,3
sampung,3
hatihati,3
mkkulong,3
curap,3
bullshit,3
napapanood,3
taing,3
nakayo,3
slot,3
matitibay,3
buhok,3
kumpleto,3
bro,3
sagutan,3
babayad,3
mog,3
kinsa,3
maprotektahan,3
sinsabi,3
western,3
katanungan,3
parurusahan,3
ibitin,3
patiwarik,3
kampon,3
nagpangalan,3
nanganganib,3
tatanga,3
sinilangan,3
ipagdasal,3
actual,3
nakakagawa,3
labag,3
arte,3
hehehehe,3
hinahanap,3
gobinador,3
midia,3
nakakatawang,3
biro,3
buwakanang,3
kingdom,3
corrupts,3
karumal,3
cis,3
sisisi,3
tinago,3
susumpain,3
granted,3
pagbabarilin,3
tamban,3
nmo,3
lain,3
tinan,3
kwestyunin,3
landbank,3
makabili,3
demonyong,3
naway,3
dian,3
mapasok,3
okey,3
magyari,3
prevail,3
sabagay,3
fearless,3
declare,3
almighty,3
guidance,3
mapuntahan,3
paalam,3
witnes,3
proceed,3
macoleta,3
pakawala,3
pahintulot,3
listening,3
atake,3
malihis,3
nadidiin,3
derby,3
parusang,3
cute,3
zaldyco,3
awang,3
remualla,3
pwedi,3
aha,3
tongressmen,3
bah,3
tay,3
nkita,3
binalik,3
ska,3
dasal,3
titirahin,3
gana,3
ibedensya,3
alagaan,3
saksi,3
kumakalat,3
twister,3
naninira,3
mganda,3
privilege,3
specially,3
pasensya,3
nalahat,3
naritira,3
gaba,3
remula,3
smantlang,3
hangganan,3
mangamatay,3
basa,3
perra,3
napakasakit,3
sardines,3
papansin,3
nagsasakripisyo,3
andun,3
narration,3
milyones,3
ora,3
filipinas,3
mapagawa,3
magagandang,3
star,3
alay,3
makalabas,3
sekretong,3
napa,3
kpg,3
iniiwas,3
pakay,3
iwanan,3
ikauunlad,3
ipakain,3
remullia,3
nagpasasa,3
tatlong,3
diskarte,3
pasikot,3
sikot,3
ekaw,3
lage,3
bute,3
sigi,3
silay,3
hahayaan,3
bibitayin,3
masayang,3
pinasok,3
katapatan,3
dinawit,3
kalapit,3
shouldnt,3
deciding,3
mauubos,3
pangawat,3
buhis,3
ahensiya,3
immunity,3
pictures,3
husgado,3
ililibing,3
maloloko,3
thru,3
iyun,3
convicted,3
attorneys,3
dollars,3
generations,3
scared,3
desisyon,3
naniwala,3
iiyak,3
deba,3
labasan,3
balatan,3
pupwede,3
passed,3
kuda,3
iton,3
knya,3
sabhin,3
pinatalo,3
ren,3
mawawla,3
maniwla,3
papahirap,3
ispalto,3
daoat,3
isulong,3
killer,3
masang,3
ngga,3
matanggal,3
mfa,3
70k,3
subukan,3
kai,3
natira,3
sinadya,3
ipinaglalaban,3
probinsiya,3
hall,3
cge,3
magbitiw,3
silya,3
elektrika,3
lumitaw,3
bureau,3
libreng,3
nagkalat,3
respeto,3
milliones,3
nanakawan,3
kukurap,3
shock,3
makapaniwala,3
buntot,3
haaay,3
sarswela,3
bail,3
pagmay,3
tabla,3
isko,3
nanay,3
kaisa,3
samot,3
nagbuwis,3
sumalanta,3
kalbaryo,3
kadaladala,3
igalang,3
paglaruan,3
umuunlad,3
nasasayang,3
nataranta,3
snang,3
dinig,3
imbestigasyong,3
asaan,3
vic,3
termino,3
gnitong,3
madadala,3
kbilang,3
kurakutan,3
blessings,3
contol,3
panalo,3
sla,3
lumapit,3
gobyierno,3
overhaul,3
kakaawa,3
nagmamahal,3
maisali,3
peace,3
winaldas,3
merun,3
malamig,3
mgnda,3
dinidiin,3
bigatin,3
ksma,3
hinihiling,3
mondo,3
maherap,3
dagdagan,3
ipon,3
gonggong,3
coat,3
125million,3
populasyon,3
saga,3
humatol,3
nagbabago,3
dhl,3
sali,3
ihulog,3
utusan,3
malilinis,3
card,3
80k,3
tutulong,3
ibulsa,3
lutang,3
makarating,3
sampong,3
bunuan,3
prisedent,3
magpasalamat,3
sisingaw,3
kuwenta,3
kalala,3
peste,3
kasaysayan,3
makabangon,3
kapang,3
natuto,3
mamuno,3
nauuhaw,3
kinaya,3
kalye,3
center,3
awit,3
kalukuhan,3
noo,3
handaan,3
gnyn,3
30k,3
bhay,3
rescue,3
junior,3
tuwa,3
west,3
israel,3
kungdi,3
bottom,3
congrats,3
ginto,3
ahh,3
pinagkatiwalaan,3
itulong,3
tree,3
moa,3
ship,3
napakalaking,3
patubig,3
nakatira,3
sojo,3
matutunaw,3
yelo,3
malabo,3
tubo,3
tinabunan,3
nasan,3
weird,3
angeles,3
maga,3
alis,3
nagdudulot,3
pagmimina,3
magdulot,3
reclamation,3
bakawan,3
nasira,3
matinding,3
madalas,3
malalakas,3
paggalaw,3
nangangailangan,3
nagwawalis,3
informative,3
floating,3
makasarili,3
tira,3
magulang,3
gamot,3
balat,3
maaasahan,3
sink,3
pandemic,3
tuhod,3
pagtatabon,3
pagtuunan,3
takutin,3
gobernador,3
tinatarantado,3
kalampagin,3
kagubatan,3
magkasakit,3
regulation,3
mnga,3
libong,3
malayo,3
mainland,3
temporary,3
sabat,3
everyday,3
yesamen,3
thankyou,3
tirhan,3
baryo,3
pinakamababa,3
heat,3
round,3
tungod,3
naiiyak,3
hnde,3
investiga,3
mapapa,3
jose,3
doctor,3
konsenya,3
nghirap,3
npaka,3
napapanagot,3
nabuko,3
ahahaha,3
hudas,3
zalde,3
chill,3
reward,3
subject,3
portion,3
talangka,3
tinanggap,3
hagupit,3
lesson,3
kaniya,3
nnmn,3
schools,3
hands,3
nararanasan,3
punyemas,3
deserves,3
npa,3
tinio,3
disgrace,3
ngak,3
etong,3
represent,3
bikol,3
arjo,3
crypto,3
currency,3
bumili,3
withdraw,3
pakiramdam,3
pagkakagawa,3
congreso,3
diretso,3
pangyayari,3
maranasan,3
nkakaiyak,3
yolanda,3
paunti,3
tungkulin,3
hearts,3
zombies,3
makaranas,3
maghanda,3
maibabalik,3
forgiven,3
listen,3
umaasa,3
kabila,3
heinous,3
ingay,3
legally,3
lifetime,3
muli,3
gobiyerno,3
itanong,3
misery,3
crying,3
magpapalubog,3
mangorakot,3
inis,3
bawi,3
forbid,3
playing,3
sinusunog,3
ospital,3
hala,3
turuan,3
feature,3
yumayaman,3
manpower,3
patong,3
hayss,3
sumisira,3
pagbabayad,3
kumpanya,3
screen,3
ilaw,3
bonus,3
depende,3
bayas,3
magsasalita,3
permission,3
natitira,3
punishment,3
beses,3
nagpapahirap,3
pagkakakulong,3
payan,3
pinapahirapan,3
yayaman,3
klept,3
maipakulong,3
bili,3
patunay,3
daga,3
experiencing,3
lucky,3
ulaw,3
tantanan,3
pwd,3
kht,3
bibigay,3
wasak,3
losot,3
protesta,3
constituents,3
bayaan,3
pandaraya,3
agos,3
masugpo,3
nilagay,3
tatagal,3
nakatingga,3
magno,3
ghosts,3
sapa,3
lapad,3
buhayin,3
sincere,3
nimyo,3
karapatang,3
kano,3
naiinis,3
simulan,3
pinagmulan,3
kasalukuyan,3
garapalan,3
meme,3
nakakapanglumo,3
buhos,3
kontractor,3
apilido,3
lady,3
bunganga,3
binaboy,3
koruption,3
trabho,3
bumubuto,3
importation,3
lugmok,3
kagigil,3
pumatay,3
sinisira,3
karsada,3
makatakas,3
listahan,3
sample,3
aics,3
potang,3
shot,3
kill,3
hang,3
imperno,3
pakita,3
ovp,3
tanginang,3
seawall,3
states,3
aaaa,3
aaa,3
daghan,3
mouth,3
rodante,3
pinagusapan,3
sole,3
magsinungaling,3
matalinong,3
bos,3
kabahan,3
ligoy,3
hiring,3
seems,3
siga,3
magtatanong,3
gisahin,3
kainis,3
barado,3
ambot,3
rito,3
sinasagot,3
gipit,3
mapapanagot,3
manang,3
contrata,3
nakukuha,3
nanahimik,3
mababalik,3
laguna,3
mababalewala,3
soooo,3
nagpasimuno,3
binibitay,3
whoever,3
bara,3
unworthiness,3
accepted,3
repentant,3
burdened,3
rescues,3
nagkakaroon,3
kurapt,3
offical,3
binabayad,3
2million,3
burn,3
nababayaran,3
bigger,3
kinakabahan,3
nagamit,3
kurapsyun,3
gulat,3
hontiveros,3
halatadong,3
tinatakot,3
dokumento,3
hanapbuhay,3
requirement,3
magtagalog,3
sunog,3
nimo,3
ipilit,3
parties,3
professional,3
cameras,3
mema,3
peeve,3
kanina,3
sampo,3
makulit,3
magbalik,3
onset,3
villars,2
camille,2
jairo,2
bolledo,2
explains,2
liloan,2
mandaue,2
surrounding,2
waters,2
rose,2
submerging,2
downstream,2
mananga,2
jonathan,2
requested,2
castellana,2
respectively,2
alex,2
figure,2
unsatisfactory,2
canlaon,2
repeated,2
institute,2
lahar,2
disapproved,2
lacking,2
convinced,2
coordinate,2
permits,2
p282,2
sta,2
enumerated,2
inspections,2
austria,2
volunteer,2
cajayon,2
detention,2
crackdown,2
authorities,2
handling,2
submissions,2
referrals,2
preliminary,2
counter,2
silverwolves,2
gerald,2
pacanan,2
grossly,2
officers,2
ernesto,2
maria,2
catalina,2
plaridel,2
jaime,2
rivera,2
magsakay,2
chico,2
payawal,2
bambang,2
catalyst,2
developer,2
specialist,2
street,2
eloisa,2
eight,2
dahl,2
corp,2
papayag,2
typically,2
hinges,2
eksperto,2
requirements,2
situated,2
james,2
represents,2
ruin,2
severely,2
count,2
effectively,2
methods,2
combination,2
increase,2
follows,2
traditional,2
definition,2
surges,2
dam,2
tides,2
comprehensive,2
utilize,2
wider,2
reflected,2
basins,2
scrutinize,2
flowing,2
submerged,2
reasons,2
cooperation,2
removing,2
principal,2
accumulating,2
crucial,2
residences,2
somewhere,2
easier,2
purposes,2
collected,2
household,2
substance,2
dragged,2
specialized,2
occur,2
preventing,2
forms,2
evacuation,2
costly,2
reduction,2
mitigating,2
triple,2
aspect,2
touted,2
accomplishments,2
resignation,2
accreditation,2
unexplained,2
statements,2
dozens,2
pronouncement,2
leila,2
entail,2
dozen,2
livestream,2
remark,2
legislators,2
credibly,2
acknowledging,2
fixing,2
georeserve,2
partners,2
critically,2
enabled,2
dismissal,2
captain,2
chocolate,2
neglect,2
heritage,2
delays,2
repeats,2
resorts,2
enforcement,2
initially,2
suspensions,2
slip,2
determine,2
checks,2
teeth,2
unfortunately,2
eias,2
scientists,2
negotiable,2
redirected,2
reformist,2
supported,2
careers,2
backing,2
fighting,2
departmental,2
reactive,2
relying,2
solely,2
mandated,2
strength,2
urgency,2
genuine,2
stations,2
argument,2
assumptions,2
landscape,2
absorb,2
speculation,2
executed,2
reforestation,2
investments,2
emergency,2
stood,2
survival,2
inertia,2
encroachment,2
rossana,2
fajardo,2
fao,2
fifth,2
covered,2
cracks,2
p92,2
pandi,2
steel,2
lemuel,2
michelle,2
fourth,2
amethyst,2
horizon,2
match,2
offered,2
predictably,2
memes,2
marcoses,2
thrown,2
ball,2
liveable,2
experiences,2
messages,2
updates,2
crowdsourcing,2
assign,2
organization,2
cite,2
excited,2
roadshow,2
date,2
partner,2
ateneo,2
empty,2
providing,2
reiterates,2
reaches,2
felt,2
tariff,2
petition,2
budgeting,2
validation,2
limit,2
increased,2
p100,2
changes,2
particular,2
series,2
lucrative,2
sought,2
replace,2
ombao,2
difficulty,2
believing,2
stance,2
speaking,2
partido,2
quinale,2
polangui,2
village,2
burden,2
measured,2
ortiz,2
lived,2
returned,2
belongings,2
animals,2
washed,2
fields,2
kmp,2
battered,2
pepito,2
prolonged,2
initiative,2
hhi,2
calamities,2
preparedness,2
highlights,2
reliant,2
albayanos,2
appearance,2
emphasized,2
industry,2
operates,2
ligao,2
image,2
google,2
furthermore,2
images,2
illustrate,2
cease,2
personally,2
bicolano,2
latest,2
p43,2
amendments,2
karla,2
divestment,2
wade,2
araneta,2
enhanced,2
carina,2
lisa,2
opened,2
efficiency,2
explainers,2
unscrupulous,2
spends,2
ballooning,2
woes,2
expansion,2
gradual,2
vital,2
bacolod,2
commuters,2
continuous,2
continues,2
span,2
allocated,2
skills,2
bicameral,2
suspected,2
cast,2
showcasing,2
lifestyles,2
creator,2
bhw,2
europe,2
attended,2
fashion,2
deactivated,2
posted,2
corresponding,2
wore,2
wrote,2
kumakayod,2
magpost,2
ashamed,2
centerways,2
lawrence,2
hailing,2
mini,2
dog,2
priced,2
criticism,2
cristo,2
gifted,2
favorite,2
items,2
younger,2
janet,2
flak,2
luxurious,2
hayagang,2
lubos,2
marangya,2
halal,2
opisyales,2
display,2
modest,2
referring,2
appropriate,2
extravagant,2
behavior,2
pinapakita,2
sweat,2
struggle,2
spared,2
established,2
irregularities,2
subjected,2
innocence,2
bit,2
formation,2
accountant,2
forensic,2
corrective,2
spectacle,2
overwhelm,2
venues,2
flaws,2
poured,2
mitigate,2
prosecution,2
carries,2
neutrality,2
lacks,2
noise,2
narratives,2
critics,2
authorized,2
benefitted,2
disciplined,2
stricter,2
treasury,2
thus,2
resist,2
legislate,2
nbn,2
zte,2
deal,2
exposés,2
overwhelming,2
assistance,2
prime,2
condemned,2
bold,2
symptoms,2
eroding,2
battle,2
ninoy,2
military,2
expectations,2
ended,2
commissions,2
gimmick,2
signal,2
conquer,2
bonz,2
alarm,2
revelations,2
niño,2
criticized,2
noting,2
finger,2
avoid,2
nowhere,2
mananangal,2
winged,2
parking,2
p30,2
p252,2
trimmed,2
overlapping,2
sections,2
stud,2
installations,2
p625,2
p881,2
picture,2
pockets,2
proposals,2
disbursements,2
layers,2
suppliers,2
altered,2
shell,2
chains,2
split,2
drained,2
surface,2
vouchers,2
milestones,2
premature,2
reviews,2
existed,2
capable,2
traceable,2
distributed,2
recorded,2
encrypted,2
participants,2
eliminating,2
inside,2
falsify,2
detection,2
neither,2
optional,2
convenient,2
estimates,2
identity,2
timeline,2
encoded,2
milestone,2
sensor,2
hardware,2
communication,2
capabilities,2
mathematically,2
agreement,2
tranche,2
assigned,2
uploads,2
manipulation,2
available,2
access,2
dashboard,2
identities,2
cryptographically,2
retaliation,2
perform,2
confirm,2
detect,2
offline,2
cyber,2
attach,2
₱80,2
corrected,2
legitimate,2
layer,2
autonomous,2
application,2
wallet,2
piece,2
turns,2
implications,2
burned,2
deeper,2
expense,2
roughly,2
vanish,2
payoff,2
tries,2
immune,2
valuable,2
patient,2
web,2
epicenter,2
tech,2
beneficial,2
knowledge,2
teaching,2
senior,2
gathering,2
tindig,2
coalition,2
tuguegarao,2
celebrities,2
literally,2
confined,2
wheelchair,2
cainta,2
marched,2
sectoral,2
amounts,2
outraged,2
prevailing,2
sentiment,2
subdivisions,2
surpassed,2
dee,2
organizers,2
crowd,2
estimate,2
everybody,2
voices,2
renewed,2
complicit,2
53rd,2
incumbent,2
dictator,2
backs,2
opposition,2
oro,2
butuan,2
p51,2
lose,2
livelihood,2
involving,2
allocations,2
andam,2
meetings,2
domestic,2
allotment,2
culture,2
additional,2
repairs,2
observed,2
contributing,2
misleading,2
claims,2
certainly,2
aligned,2
tagging,2
adaptation,2
sufficiency,2
incidents,2
firstly,2
branches,2
justified,2
unknown,2
scenario,2
comply,2
sake,2
core,2
arising,2
leo,2
klima,2
laudato,2
evacuate,2
geographic,2
bangmoro,2
readi,2
slowly,2
xii,2
stands,2
reduced,2
swept,2
saturday,2
mamasabulod,2
minister,2
meter,2
disrupting,2
defenseless,2
protections,2
leviste,2
removed,2
retained,2
personnel,2
p255,2
welfare,2
bypass,2
cleanup,2
inadvertently,2
adding,2
erice,2
defeated,2
aspirant,2
ranked,2
macapagal,2
published,2
srdc,2
misibis,2
ventures,2
transactions,2
r2krn,2
korean,2
reporters,2
gerrard,2
ticket,2
pretend,2
obstruction,2
adviser,2
zarate,2
bisnar,2
appointment,2
tamper,2
mahuhuli,2
memo,2
iii,2
shed,2
restraint,2
kaunting,2
glitch,2
discussing,2
skepticism,2
margin,2
tools,2
diversionary,2
draw,2
plurality,2
trustworthiness,2
addressing,2
ironically,2
percentages,2
figures,2
versus,2
frustration,2
geographical,2
notably,2
abc,2
classes,2
inflation,2
dropped,2
rating,2
schedule,2
nakalipas,2
6th,2
starts,2
criticisms,2
calls,2
mid,2
drawing,2
affects,2
inconvenience,2
guess,2
folks,2
scientific,2
irreversible,2
pollution,2
clearer,2
sheer,2
updated,2
condition,2
decade,2
translation,2
debt,2
treating,2
piel,2
p55,2
mababawasan,2
babalikan,2
blacklisting,2
haharap,2
penal,2
hahanapin,2
identify,2
interconnected,2
concepts,2
pain,2
arises,2
accordance,2
violating,2
motivator,2
viewed,2
faculty,2
distinguish,2
seared,2
interpretations,2
psychological,2
violated,2
painful,2
perceived,2
severity,2
oneself,2
overcoming,2
repenting,2
describes,2
profound,2
morality,2
empathy,2
regard,2
feelings,2
antisocial,2
remorse,2
harm,2
attack,2
ninyu,2
makakasuhan,2
ton,2
wood,2
masira,2
planned,2
nañg,2
biglaang,2
ngnakaw,2
kwawang,2
seeing,2
weeh,2
dghan,2
nililishi,2
tamng,2
sinacrfice,2
relaxing,2
paren,2
sinomang,2
recto,2
malayang,2
daloy,2
jurisdiction,2
humanity,2
population,2
poorest,2
trash,2
teams,2
siempre,2
minahan,2
strikes,2
mobilize,2
armies,2
advice,2
cheat,2
mkukulong,2
extremely,2
ayup,2
abante,2
andon,2
eroplano,2
basin,2
mangutang,2
polpolitiko,2
mins,2
hapit,2
reservoir,2
crew,2
zones,2
plains,2
space,2
keso,2
dis,2
everywhere,2
matatakot,2
damn,2
tagapag,2
tanggol,2
nagmamagaling,2
kapos,2
pasko,2
studied,2
marginalized,2
exploit,2
obtain,2
mkatapos,2
delikadesa,2
habit,2
hours,2
wasn,2
pursue,2
gusting,2
umopo,2
diablo,2
knowledgeable,2
patapusin,2
katotohan,2
pader,2
kupal,2
tae,2
mabaho,2
survive,2
circles,2
feels,2
attitude,2
kamukha,2
gihapon,2
humirit,2
soto,2
dalang,2
rereklamo,2
klasi,2
isinama,2
markolikta,2
magkamatayan,2
mababawi,2
manok,2
katarungan,2
npk,2
hnggang,2
hayy,2
romuladez,2
wrongdoings,2
itutulong,2
iniimbistigahan,2
hinaharang,2
natanggap,2
naghihintay,2
kapatawaran,2
bwah,2
nagturo,2
virus,2
humble,2
umiiyak,2
prinoprotektahan,2
eboto,2
defensive,2
pino,2
clown,2
tota,2
phils,2
defending,2
masahol,2
pasa,2
ejk,2
kritiko,2
someday,2
inner,2
matic,2
tsaka,2
sumasamba,2
tikom,2
karmina,2
bulagan,2
babaha,2
nagiimbestiga,2
ancalerts,2
pinalalabas,2
pink,2
collection,2
evasion,2
nonoy,2
covering,2
fooled,2
kaufman,2
tactics,2
mapauwi,2
tobby,2
sirain,2
bull,2
drugs,2
criminality,2
revolt,2
magkanda,2
letse,2
ultimo,2
idadawit,2
asang,2
piatos,2
patahimikin,2
magpayaman,2
flock,2
umupa,2
traydor,2
tommy,2
pagtuturo,2
inggit,2
receives,2
kick,2
piling,2
proved,2
poe,2
lieyer,2
nting,2
banal,2
kabulastugan,2
knyang,2
pigain,2
prove,2
napabalik,2
napatay,2
helmet,2
magpakita,2
quiboloy,2
gou,2
hinaharap,2
suka,2
nasasarapan,2
papatayan,2
pasikot2,2
lumipas,2
klaring,2
satingin,2
niyi,2
magla2kas,2
maramu,2
nili2his,2
pinirmahan,2
sila2,2
nagsasabwatan,2
ibinoboto,2
nakakasuhan,2
eba,2
sabuwatan,2
dal,2
hinto,2
bigtime,2
anumang,2
romualdaz,2
remilla,2
engrs,2
pinatagal,2
nyopa,2
dim,2
gobyarno,2
tina,2
makikitang,2
grand,2
administrasyong,2
polpol,2
commenting,2
regards,2
boggling,2
minds,2
myo,2
supplier,2
nagsabwatan,2
pagong,2
samsamin,2
kasunod,2
curruption,2
kuryente,2
pagna,2
dakdak,2
kabundokan,2
signatory,2
liza,2
mangurap,2
gagastos,2
budjet,2
tagpi,2
proj,2
bender,2
gate,2
ponta,2
escodero,2
opesyal,2
ibaba,2
sanga,2
envolve,2
retirement,2
magkaganyan,2
nakalusot,2
curraption,2
genius,2
syndicated,2
nakasuhan,2
pinagloloko,2
kultura,2
kasiyahan,2
makuntento,2
sapagkat,2
ipaliwanag,2
magimbistiga,2
dyaan,2
tai,2
godfather,2
ride,2
wakasan,2
mahinto,2
pick,2
hiyaan,2
mabago,2
kagawad,2
escudeto,2
panibagong,2
magaganap,2
pakain,2
palawan,2
nagumpisa,2
binuksan,2
congressm,2
bangsg,2
doings,2
mahatulan,2
ifile,2
linisin,2
nagiimbistiga,2
epic,2
smh,2
bilib,2
dedees,2
p33,2
digongnyo,2
hesus,2
wisely,2
lalay,2
gabaan,2
tulod,2
weekend,2
silng,2
nagiingay,2
dedma,2
pinapaniwala,2
presidenteng,2
awards,2
magic,2
maipit,2
magkakaroon,2
wall,2
kamalasan,2
davila,2
rampant,2
hamor,2
till,2
glory,2
mighty,2
elements,2
praise,2
makakauwi,2
makilala,2
ikaso,2
daldalan,2
1ea,2
hawakan,2
mabaklas,2
coins,2
tig,2
crane,2
mabuhat,2
suv,2
nagdimula,2
napupuna,2
natukladan,2
liwanagin,2
gutisa,2
salay,2
romauldes,2
paul,2
alinsunod,2
nasasaad,2
sinusunod,2
tendensy,2
baliin,2
karoon,2
ginagiit,2
wsdom,2
thr,2
trith,2
coavhing,2
dectatorshiop,2
abg,2
ikae,2
mgsalita,2
katunayang,2
pngyuari,2
mafe,2
madeup,2
kinabibilangan,2
mapaggawa,2
kasinongalingan,2
saksakan,2
pagkasinongaling,2
nilalahat,2
piliinong,2
roon,2
kabutihang,2
walain,2
ikintal,2
ikabubuti,2
iiza,2
pinaglaban,2
baletang,2
oktobre,2
2o24,2
twag,2
pansinin,2
presentation,2
aksahin,2
mkg,2
boycarlbfknos,2
oky,2
deg,2
mkgkitaboying,2
depotde,2
annuml,2
carl,2
congr,2
kompynsacr,2
bump,2
dugong,2
sakpan,2
planner,2
sidacate,2
fllodcontrol,2
tabgang,2
tulfi,2
binegyan,2
luku,2
luko,2
lga,2
kwinto,2
sinuhulan,2
iharap,2
pagkakalong,2
giwna,2
snaa,2
ppnta,2
gawagawa,2
gsto,2
umaminna,2
kurkot,2
walalang,2
hatihtinalang,2
sapera,2
abrod,2
hhe,2
lamna,2
ares,2
papogilng,2
alamnyoyan,2
linolokonyo,2
marcbeta,2
dehins,2
mattpos,2
lumindul,2
twente,2
ppantay,2
pantan,2
pagttanong,2
wanaman,2
nakkahiya,2
lumubugnasana,2
peeping,2
gotesa,2
nangongopya,2
lacsoncongratulation,2
lacsoncongratulion,2
latelive,2
initiator,2
malita,2
unprotected,2
nskakatakot,2
crocmualdez,2
nakakaahon,2
bomoto,2
nilolok,2
sablayan,2
maibintang,2
lastog,2
nagawang,2
pinagtatawanan,2
pinagluluko,2
panlenlang,2
cenyor,2
nakatatanda,2
nakatatanggap,2
ipasok,2
ipray,2
mantala,2
nagkakadakuba,2
karampot,2
hoyyyy,2
marolita,2
kweto,2
bintang,2
ibidinsya,2
hersay,2
chismis,2
pgtatanggol,2
dinanas,2
kredibilidad,2
anit,2
kuto,2
nakkatuwa,2
hambugan,2
ngyyari,2
duda,2
gigisahin,2
napahiya,2
snappy,2
sergeant,2
kumplito,2
sinyas,2
gulatan,2
inimbatahan,2
yarrnnn,2
gateway,2
hahanapan,2
magtagal,2
mauwi,2
escrep,2
gumawang,2
alarado,2
brave,2
sinungalinhmg,2
anny,2
nauku,2
kmiws,2
tattay,2
tatawa,2
bravery,2
mambubudol,2
soldier,2
negusyante,2
tato,2
hatag,2
bodjet,2
boo,2
chik,2
projik,2
nahoman,2
hanting,2
tongod,2
kinsay,2
naki,2
dro,2
makig,2
deha,2
orlyguteza,2
sumasang,2
acusado,2
mabanggit,2
pagdeliver,2
tanganamong,2
paquitao,2
diaz,2
atj,2
kent,2
pakibangit,2
jorge,2
sasali,2
tatawagin,2
books,2
swear,2
consciousness,2
clarong,2
claro,2
tutor,2
creased,2
forehead,2
declaimer,2
marvoleta,2
credile,2
sinadsbi,2
pagbabawas,2
mababago,2
makaabot,2
kaluwalhatian,2
welcome,2
sickens,2
offer,2
cedalla,2
imbesigahan,2
athindi,2
pagdawit,2
ibinababa,2
salin,2
binibilang,2
authorisado,2
magbukas,2
magbilang,2
naiinip,2
tiresome,2
mercoleta,2
deliber,2
diparin,2
dalawanv,2
inshaallah,2
marmaleta,2
teatigo,2
galawang,2
taktik,2
sports,2
nakahanda,2
ipaglalaban,2
nervous,2
nakylam,2
annes,2
beterano,2
katuturan,2
hirit,2
panginuon,2
iho,2
yangg,2
byani,2
gutiza,2
kahanga,2
bandilang,2
mahrap,2
kpal,2
nuwan,2
dectador,2
famas,2
awarde,2
gutezs,2
tinalonya,2
nakakagulat,2
nanaig,2
naisiwalat,2
dampotin,2
ngaling,2
lols,2
magalimg,2
mangopya,2
manilip,2
makapatay,2
accident,2
wards,2
funeral,2
freddie,2
remittance,2
funeraria,2
kurtina,2
omeng,2
pagbabanta,2
patingin,2
kaabang,2
binilang,2
toneladang,2
natutuyu,2
biyan,2
kongrisman,2
bastanti,2
nalzng,2
katolad,2
dapatgawin,2
irikta,2
iabolis,2
basement,2
condo,2
napakalinaw,2
ipinagpaalam,2
msgt,2
ainasabi,2
mklong,2
byn,2
harass,2
intimidate,2
deeds,2
pagsasaad,2
naputol,2
bwahahahaha,2
decency,2
grijaldo,2
gverno,2
mdiin,2
inuto,2
molang,2
senyas,2
bahog,2
tarantadong,2
gagung,2
enlist,2
reserve,2
boards,2
soldiers,2
philip,2
marahil,2
tinatawagan,2
mapagmatyag,2
involvements,2
tinatawawan,2
droga,2
diliver,2
markulekta,2
comotti,2
kasihan,2
pinapatnubayan,2
hysss,2
peo,2
scrip,2
generasyon,2
iksw,2
dspat,2
kapasir,2
galawin,2
hanay,2
makalaban,2
lalantad,2
halalan,2
ituwid,2
gobryeno,2
sal,2
ngkavan,2
nilihis,2
rumaldez,2
pinoproteksyoan,2
letanya,2
uroi,2
madaldal,2
mapanlinglang,2
go3,2
awan,2
nireport,2
amlc,2
withdrawal,2
bounded,2
dinideclare,2
nirereport,2
kkwestyunin,2
rush,2
itatanong,2
umikot,2
pagkwestyon,2
sinumbong,2
trio,2
sobra2x,2
tangi,2
annnn,2
inaabot,2
ihinto,2
plagi,2
pmilya,2
pnginoon,2
magsasama,2
nilinlang,2
anyan,2
gaing,2
permanenteng,2
paghandaang,2
romaldaz,2
nagtaka,2
alkantara,2
compute,2
kinakabshan,2
mamadali,2
pagbasa,2
oot,2
neya,2
buamaha,2
ibinayad,2
napakamot,2
guirereo,2
warrior,2
uncorruptable,2
reptilians,2
metathron,2
nabasa,2
tangu,2
tango,2
binsa,2
nalaktawan,2
dinagdag,2
sibasabi,2
nausulat,2
hantongan,2
kabaro,2
jack,2
nkasubaybay,2
haynko,2
imbistegasyon,2
pinaasa,2
wetnes,2
bayanihon,2
buseeettttt,2
baleleng,2
urteza,2
nabreafing,2
alias,2
kontrabida,2
magnan,2
berolisan,2
shadow,2
gma7,2
2day,2
tumango,2
bngit,2
alcntra,2
domolition,2
patibong,2
mahuanay,2
synonymous,2
tamim,2
pakasiguro,2
bagoong,2
tuyo,2
nagpaparusa,2
nakipagcooparate,2
mapoproyetahan,2
manganganib,2
dsa,2
polder,2
nkasulat,2
intetution,2
ogok,2
dagilan,2
imbistigasyo,2
matombok,2
tumbok,2
isuwalat,2
bbb,2
makunse,2
magbitaw,2
pgllhad,2
mabuko,2
matirang,2
asinso,2
maaliskayo,2
nagkukurakot,2
alledged,2
patek,2
phillip,2
thsnks,2
tatayong,2
vigilante,2
mabibitay,2
tinuturuan,2
sumisimpatya,2
pages,2
insertan,2
iditing,2
kinawat,2
masauli,2
pakaya,2
gihakut,2
carton,2
maaawa,2
ginugutom,2
naanod,2
binuboto,2
napakawalang,2
panggobuerno,2
parepare,2
sinimple,2
paparusa,2
kurakoot,2
hindii,2
pulutin,2
nahiging,2
kargado,2
tarepa,2
bilihan,2
qualified,2
itemized,2
lustayin,2
hakutin,2
pagbibigyan,2
mgkwento,2
tinabihan,2
bumango,2
lbo,2
kalatoylatoy,2
bukal,2
luob,2
jenggay,2
ngbibgigay,2
paliliwanag,2
goto,2
nkadikit,2
mulla,2
cremulla,2
remulia,2
naisaad,2
dalwa,2
bryz,2
pagnasa,2
palinlang,2
bonding,2
mapakali,2
pakialaman,2
pagbabasa,2
pinabasa,2
bondying,2
paloma,2
maasahan,2
isisiwalat,2
tandeam,2
nakangiti,2
ebibigay,2
maelabas,2
pinpuntahan,2
lletsi,2
maxx,2
makonsensiya,2
tangapin,2
alok,2
rumaaldas,2
consensiya,2
gyahin,2
panasilip,2
kasalanana,2
resposibilidad,2
babyhin,2
laru,2
pour,2
pupurihin,2
pagsiwalat,2
choosing,2
nakukuhang,2
baitan,2
siyempre,2
pinklawan,2
suporta,2
ibibintang,2
dumi,2
boyeng,2
tagayan,2
kayanin,2
panghinaan,2
maisiwalat,2
dnala,2
mainterview,2
kademonyohan,2
twists,2
katalinuhan,2
pinipigilang,2
maglqntad,2
lana,2
naliligaw,2
mabusay,2
paghalungkat,2
kabadong,2
infairness,2
tumba,2
gwapo,2
kbataan,2
cnyng,2
napsunod,2
nkinbng,2
sabit2,2
alngan,2
magpymn,2
bangayan,2
napatuyan,2
nahirapan,2
sopot,2
hurado,2
magdesesyon,2
ngsalita,2
nakakasukang,2
rindi,2
nakkaahiya,2
naipit,2
maghatid,2
hinatid,2
nagsiwalat,2
ngani,2
stocked,2
waist,2
advisable,2
foor,2
niliwanag,2
panapon,2
makabigkas,2
pananalota,2
mawalang,2
giv,2
foods,2
ramsack,2
thron,2
disipline,2
tonggresmen,2
convict,2
naaapektuhan,2
kaboboto,2
maatake,2
makatylong,2
nakakaputang,2
tjhis,2
webpray,2
minimized,2
pinatong,2
ipabasa,2
inabot,2
boboying,2
lalanas,2
hule,2
ulupong,2
magkaron,2
nagpasa,2
imong,2
domating,2
magsaba,2
ngsabi,2
romauldez,2
nataga,2
natako,2
mangagamit,2
tukoy,2
inomin,2
tubing,2
iisqng,2
terrorista,2
demonyuhan,2
distract,2
cream,2
chinita,2
pgkurakot,2
nakonsensya,2
hahatol,2
hyahay,2
tumayong,2
itabi,2
bulin,2
kanus,2
wagkana,2
kayapla,2
700k,2
dinner,2
walnghiya,2
siniwakat,2
iglap,2
parti,2
partihan,2
bowaya,2
tiklop,2
sistimatikong,2
lagayan,2
gawi,2
nababaliwala,2
nababangit,2
bul,2
acan,2
samantlang,2
pinaghatihatian,2
papalpitate,2
kakabili,2
kopiko,2
blanca,2
babakasali,2
1million,2
nagsasawa,2
kakasali,2
raffle,2
blink,2
mapakulong,2
minamandohan,2
tummolong,2
rinig,2
tinatakutan,2
nasi,2
idugtong,2
sinabihan,2
babasahin,2
oyy,2
inilahad,2
tailord,2
wih,2
mha,2
gihan,2
tumataba,2
atakihin,2
nagwawaldas,2
nahingi,2
ngpasasa,2
hospitals,2
nababansagang,2
napag,2
aminadong,2
kongresistang,2
humpay,2
pangtanggi,2
malaglag,2
pinaextend,2
maternity,2
breastfeeding,2
ufjthfhfufjthfhf,2
vault,2
balde,2
strap,2
sampalin,2
paulit2,2
mohalatang,2
ksa,2
madidiin,2
tutulungan,2
gus2,2
bankrapin,2
pagsoli,2
magarang,2
makuyog,2
hahamhahahahhaahha,2
mmyan,2
nagsi,2
aminan,2
mtalino,2
magprosper,2
masisibak,2
nabibisto,2
sarisariling,2
nabisto,2
akcantara,2
ilantad,2
kkasi,2
nahalin,2
magbagong,2
trabahu,2
nagttiis,2
hirapkauo,2
nagpakasaya,2
nattakot,2
pinakataas,2
hayuuup,2
kakuntsaba,2
pinrotektahan,2
yeqrs,2
pplano,2
pinatuloy,2
ahha,2
ipapatawag,2
repleksyon,2
sistematikong,2
amyendahan,2
wagas,2
gineer,2
idinamay,2
miembro,2
pinangakoan,2
manipis,2
maimpeach,2
naligwak,2
kabababayan,2
malakihan,2
bow,2
napapag,2
meralco,2
rates,2
nagaapula,2
fcking,2
natitiis,2
okiribit,2
niligaw,2
toang,2
yayama,2
mgayayari,2
diktahan,2
magkatabi,2
ibigsahin,2
sukdulan,2
kapanipaniwala,2
ititira,2
poprotektahan,2
sakripisyong,2
kahiya,2
ppygan,2
pinahahab,2
pinahahaba,2
masasayang,2
ilit,2
nagpapaka,2
sasa,2
kaligayan,2
paborito,2
compliant,2
magkapera,2
kagagohan,2
uusad,2
managit,2
senadorna,2
tulaf,2
porsento,2
nasabi,2
saktan,2
iingatan,2
lam,2
kaswapangan,2
diputa,2
isissieslat,2
ubrahan,2
kuntrabeda,2
beda,2
nakay,2
lumulubo,2
pagpapahirap,2
alcatra,2
nganong,2
manghilabot,2
labot,2
gatrabaho,2
maoy,2
mando,2
ungoy,2
tumbong,2
tatalino,2
mapaikot,2
mabulsa,2
ipagtapat,2
kadamay,2
aseasenso,2
marahas,2
magrarally,2
negosyante,2
kbila,2
lalaruaan,2
kinakanta,2
sintunado,2
ibirit,2
buzzer,2
bochokoy,2
piggy,2
kawanats,2
lantad,2
kahalagahan,2
nasikmura,2
sumabay,2
katapangan,2
dadasal,2
makapwesto,2
acting2,2
bawas,2
nkkita,2
kasino,2
millon,2
pinattalo,2
josko,2
matyugi,2
insakto,2
aronomondang,2
cingressista,2
nakikiparte,2
pinakabossing,2
mlki,2
iibng,2
engnr,2
derektang,2
ahahahha,2
nasisilaw,2
biyon,2
kababyan,2
payo,2
putanginang,2
tattabaho,2
tumolong,2
patungo,2
utqng,2
nagagamit,2
karatig,2
malupit,2
niligtas,2
bagman,2
titigas,2
makapit,2
pigil,2
sayanng,2
sinagad,2
inyung,2
palak,2
pakan,2
kalihim,2
kabalbalang,2
ebedinsya,2
bulsanueva,2
mtpng,2
sinuong,2
maron,2
kayon,2
aretes,2
aakssys,2
gujlo,2
mumukha,2
tdlaga,2
maramdaman,2
bitsy,2
aywan,2
wakang,2
zonrox,2
dkaya,2
rust,2
remover,2
nakakatangap,2
didstribute,2
talagaa,2
kci,2
cmpre,2
corrruption,2
sacrifices,2
ger,2
kapulisan,2
gestapo,2
magimbestiga,2
unnoticed,2
pardoned,2
indefferent,2
diminishing,2
dollar,2
earner,2
loaned,2
brazen,2
unpardonable,2
forfeit,2
payout,2
venezuela,2
tweet,2
gullible,2
binangit,2
liligtas,2
seryosohin,2
pagsisihan,2
saiyo,2
sumampalataya,2
masasaktan,2
dena,2
maewasan,2
homawak,2
sunuran,2
mahindian,2
bumawi,2
exciting,2
hen,2
consuming,2
draining,2
strickened,2
succumed,2
disease,2
lusubin,2
nalusub,2
curaption,2
kunukulang,2
sunasahod,2
sideline,2
datihan,2
ndawit,2
isyung,2
corruot,2
virtues,2
handcuffed,2
guantanamo,2
cockroach,2
spit,2
siberia,2
incarcerated,2
eating,2
reels,2
excellent,2
stench,2
rotting,2
cadaver,2
hypocrites,2
monies,2
filipinosegat,2
foreibgner,2
atep,2
propped,2
falsehood,2
jenggoy,2
iyi,2
nigros,2
oreintal,2
potahan,2
itoro,2
nainbold,2
plood,2
nagtuturo,2
mamihasa,2
injinir,2
denawit,2
jowil,2
imbistagahan,2
kaloko,2
matagot,2
tako,2
dio,2
pinaksin,2
spark,2
overthrow,2
mawawalan,2
nanag,2
papakahirap,2
saang,2
spalto,2
damayan,2
kse,2
kurakkt,2
rapist,2
kidnapper,2
dskat,2
pagsamasamahin,2
iwahig,2
pangkaraniwang,2
mamayanan,2
tanggaling,2
kuenta,2
sisisabi,2
tad,2
makikinabang,2
onlybin,2
umaalis,2
pinaggagagawa,2
ibabtumitira,2
savibang,2
ataw,2
matira,2
mangawat,2
dadaputin,2
kumukha,2
pbili,2
napakahaba,2
sayamg,2
matambakan,2
makakalimutam,2
amassed,2
nagturuan,2
nolulustay,2
uulam,2
toyo,2
binawasan,2
kakainin,2
ibinawas,2
p500,2
millionaire,2
gambler,2
nalustay,2
ilukluk,2
upoin,2
malinisan,2
godbles,2
ironclad,2
masisiba,2
kyang,2
makikinig,2
conggres,2
kinatatakutan,2
tops,2
isinugal,2
latakutan,2
ipangtangol,2
floof,2
pinangbili,2
magagarang,2
pinangtatalo,2
pinagsusugal,2
maglakas,2
ulopong,2
senadp,2
kape,2
wifi,2
teka,2
lapitan,2
pssst,2
lechon,2
lounge,2
bra,2
brainwash,2
destinasyon,2
maglalakas,2
madumi,2
kamera,2
interbyuhin,2
preso,2
load,2
umiinom,2
tolarete,2
pinapaamin,2
paunlarin,2
timakbo,2
mmmayan,2
pwra,2
babanggit,2
maine,2
dinggoy,2
masangkot,2
talagah,2
bulakenyos,2
maykasalanan,2
sinangayonan,2
spiritu,2
umayaw,2
bahag,2
pinaglakaisahan,2
nimal,2
kaharapin,2
nagtumpok,2
pinapakaen,2
mey,2
husgahan,2
pagmahirap,2
palipas,2
ben,2
magbago,2
magpapabago,2
tagahanga,2
conni,2
mumar,2
19m,2
sonogin,2
isasali,2
ade,2
pamilia,2
confess,2
wagnang,2
kunsenya,2
botata,2
prised,2
publima,2
kalabasan,2
panakot,2
nxt,2
ksalan,2
mva,2
kasaliman,2
dinulot,2
pinaglaanan,2
kawala,2
magparusa,2
ginggoy,2
akalamo,2
sabayan,2
walanghiyang,2
pusakal,2
maghusga,2
alin,2
matimbang,2
papaniwalaan,2
sinalita,2
nakitang,2
napapaikot,2
glit,2
parepareho,2
nandiyan,2
hayok,2
gina,2
mit,2
maimpluwencia,2
wagnalang,2
natututu,2
kinulong,2
kakosa,2
sputnik,2
maryosep,2
supporta,2
godblessing,2
hatihatian,2
ikaliligtas,2
prsident,2
roa,2
asaw,2
brys,2
sigurafo,2
papatungohan,2
doyan,2
corart,2
hirnandes,2
partisipasyon,2
implicate,2
magbutuhan,2
nagsisilbi,2
patuyan,2
nakapuwesto,2
biko,2
pinagtakpan,2
kakupas,2
kupas,2
pagsandok,2
agaw,2
pasin,2
vicco,2
tulpo,2
presinte,2
demoyong,2
tatapng,2
mgnakaw,2
hanggan,2
sinado,2
nakakapagtrabayo,2
sabongiro,2
medya,2
multo,2
mkasarili,2
kyamanan,2
buhy,2
magfocus,2
mmhalin,2
ssaknyan,2
ngssinungalin,2
nttakot,2
gddamay,2
gagabay,2
pagsasabi,2
abolishing,2
plundering,2
sankot,2
moreee,2
angpilipinas,2
matulogan,2
kasakit,2
umuwe,2
binuaya,2
precent,2
overhauling,2
bala,2
nadadamay,2
papanobumabawi,2
isinilang,2
matatapat,2
mgapili,2
kubo,2
puesto,2
paharapin,2
ngpasimuno,2
goveirno,2
tadap,2
malkas,2
tolfu,2
kaikaibigan,2
cuorage,2
priceless,2
kasasa,2
katutsaba,2
cyang,2
tonggressman,2
sarsuela,2
asarap,2
komain,2
akaw,2
inde,2
koha,2
pinakaguilty,2
slcantaraat,2
discays,2
nacocontempt,2
magmamalinis,2
palng,2
naglilinis,2
pngalan,2
sendor,2
magkanoyan,2
mapagpalang,2
biyaya,2
pinagkakaloob,2
600m,2
355m,2
fines,2
embezzling,2
endless,2
hell,2
corruptor,2
pugad,2
pahinto,2
himto,2
hininga,2
pág,2
pasuutin,2
bullets,2
sakto,2
kkwentuhan,2
kinalaban,2
pagud,2
sipon,2
naranasn,2
luksa,2
makauwi,2
uwian,2
saklap,2
commite,2
tirik,2
bahang,2
napeperwisyo,2
nauulul,2
pinakaki,2
connie,2
naglabasan,2
makalkal,2
beautiful,2
wearing,2
dark,2
controlsa,2
ppesos,2
sangayon,2
matabil,2
preparationof,2
tini,2
romulades,2
dinadawut,2
hindibkay,2
sinungaking,2
isinasangjot,2
ttiis,2
kaperahan,2
ïng,2
sabotanting,2
ronaldreagan,2
angmakukuha,2
piliplno,2
artistang,2
matakaw,2
chairmanand,2
sanapoles,2
nanamam,2
rezedevest,2
sijoel,2
galingmagsalta,2
empeachment,2
agkano,2
honorables,2
hahay,2
pinapalaki,2
takutan,2
kinauupuan,2
ausna,2
embestaga,2
paletan,2
bake,2
paramatakpan,2
adiong,2
nagimbestiga,2
bopols,2
mgspluk,2
otoko,2
nagdusa,2
nagkakaso,2
kso,2
pinabalik,2
sunogin,2
ngiting,2
nagkadarapa,2
kakakoskos,2
inoforo,2
kapalan,2
wew,2
apakatibay,2
ngdedemand,2
mashol,2
haysssst,2
kapalaran,2
wagkang,2
kontento,2
promotor,2
pinapasweldo,2
register,2
sim,2
tumatawag,2
nagtetext,2
nkakainis,2
dropping,2
vakit,2
gawaing,2
mangnanakaw,2
ksy,2
imburnal,2
ngek,2
nagpaparty,2
sincerity,2
bilogin,2
nalolongkot,2
naaawa,2
nagsisisi,2
pinaplano,2
mlungkot,2
patayu,2
namu,2
visaya,2
makakarating,2
puwedeng,2
plz,2
pugaro,2
gawein,2
yuo,2
makipag,2
walay,2
kabaga,2
saimong,2
malulungkot,2
napaghahandaan,2
bodol,2
overwhelmed,2
kinalbo,2
silbeng,2
binunyag,2
crooked,2
ggwin,2
kubg,2
itayo,2
magdasal,2
sumasakit,2
laganap,2
ninio,2
malalang,2
pananampalataya,2
kailngan,2
kumurakot,2
pinagkakaabalahan,2
magagaling,2
nauuna,2
surrounded,2
unlikely,2
nabahaan,2
wagka,2
tawang,2
sinasbi,2
classroom,2
genawa,2
otak,2
utosan,2
kongresman,2
binuto,2
ipamigay,2
gatas,2
napaghandaan,2
habitat,2
hahahahha,2
papagawa,2
innyo,2
tuwang,2
pumalakpak,2
nangyayare,2
torre,2
dayuhan,2
kasagutan,2
kun,2
hatian,2
tumalikod,2
abraham,2
pinakamalaki,2
pagkakamali,2
item,2
nakaranas,2
trolls,2
naunos,2
curupt,2
pananalita,2
inanod,2
naiiwasan,2
tinutulungan,2
infact,2
bugo,2
murag,2
wenta,2
nagdaan,2
magawang,2
sumira,2
maisip,2
puwede,2
changing,2
manyari,2
dapa,2
murang,2
delikado,2
nagkatsunami,2
mangroves,2
lumikas,2
lumipat,2
inutusan,2
napakalaki,2
cruise,2
sahig,2
iingay,2
kumusta,2
hanging,2
init,2
mabura,2
steps,2
kaylangan,2
pagbigyan,2
florida,2
nuts,2
bumisita,2
andito,2
amerika,2
mabibigyan,2
paalisin,2
tetera,2
multa,2
lungsod,2
pagtambak,2
likas,2
fault,2
maaaring,2
masantol,2
macabebe,2
palakasin,2
awareness,2
mabasa,2
lilikas,2
saudi,2
arabia,2
ubay,2
odet,2
sulotion,2
mamaya,2
tobig,2
buhol,2
surigao,2
mamarunong,2
garbage,2
remind,2
pinakamalakas,2
ganto,2
halimaw,2
isalba,2
tinatambakan,2
commercial,2
actionan,2
hanapan,2
kaibigan,2
pagsunog,2
langis,2
gas,2
naubos,2
pagukulan,2
lisanin,2
laking,2
elevated,2
standing,2
elevate,2
calculations,2
technic,2
elevations,2
satellites,2
calculating,2
roundness,2
planet,2
lupang,2
lawak,2
trahedya,2
magpagawa,2
ipagbili,2
banyaga,2
ikalat,2
hukayin,2
reap,2
consequence,2
magawan,2
sulusyon,2
paniniwala,2
testament,2
pcg,2
ccg,2
backup,2
umaksyon,2
transfer,2
saamin,2
dali,2
abutan,2
tuonan,2
realidad,2
mistake,2
bangka,2
angat,2
tiny,2
expenses,2
literal,2
ilikas,2
magkakasakit,2
quadcom,2
fossil,2
bulkan,2
iinit,2
gob,2
palaisdaan,2
konektado,2
ginoo,2
tuna,2
bayai,2
mall,2
sno,2
congresso,2
moreblesing,2
nanang,2
goodluckgoodday,2
aken,2
penag,2
sabehan,2
kahet,2
ilaha,2
natambakan,2
pondohan,2
dming,2
maiparating,2
dep,2
manalangin,2
70s,2
naapektuhan,2
hot,2
iconic,2
broadcaster,2
inches,2
maiwan,2
usok,2
factory,2
makakapag,2
nakakapagtaka,2
daanan,2
madaanan,2
katarantaduhan,2
wondering,2
panganib,2
kgya,2
air,2
digung,2
poliko,2
kabig,2
nakawala,2
pnoy,2
pinagnanakaw,2
iimbistigahan,2
dadaan,2
humawak,2
bilyun,2
ante,2
empowered,2
circle,2
sinisisi,2
kinakalbo,2
halaman,2
tukuyin,2
nakakalusot,2
gobernor,2
inuna,2
mabubulgar,2
lola,2
tinangal,2
papansinin,2
pnahon,2
tatamaan,2
nagtuturuan,2
isisisi,2
child,2
sends,2
european,2
foreigners,2
pride,2
beloved,2
maayus,2
swerte,2
monte,2
panigurado,2
itatago,2
puppets,2
lokohin,2
porma,2
swapang,2
pinakamalaking,2
inbestiga,2
kasal,2
anan,2
masisi,2
silbing,2
loan,2
maimbistigahan,2
protesting,2
mabaon,2
reclaimed,2
dynasties,2
ehhh,2
pupuntahan,2
door,2
hahhaha,2
pagkamatay,2
nandoon,2
naghahanap,2
trees,2
payamanin,2
pakana,2
tila,2
ordinaryo,2
iialan,2
blogger,2
idagdag,2
byan,2
d30,2
bongit,2
holland,2
aunor,2
kinakausap,2
events,2
nahuhulog,2
maliban,2
nandito,2
pisti,2
digging,2
maituro,2
makabayad,2
trails,2
inbistiga,2
mlaman,2
kanto,2
zakdy,2
prejudgement,2
huhusga,2
nkka,2
monyo,2
imbetigasyon,2
mananahimik,2
goat,2
add,2
aide,2
atayde,2
teodoro,2
romblon,2
convert,2
thats,2
delima,2
zoning,2
gnyang,2
nnyo,2
mababa,2
humans,2
delayed,2
tragic,2
presidenti,2
binabalik,2
nararamdam,2
katwiran,2
modern,2
makululong,2
bigayan,2
pwding,2
pinapanood,2
maggawa,2
inayos,2
teary,2
ddshit,2
beach,2
dmu,2
mercy,2
odette,2
letting,2
ipapasa,2
napangalanan,2
duwag,2
magagamit,2
agarang,2
panuorin,2
pangalawang,2
naitutulong,2
panong,2
kababayans,2
gahamang,2
preparation,2
maaga,2
enemy,2
imposibleng,2
kinahinatnan,2
mabigay,2
magpapakasasa,2
susme,2
fprrd,2
bending,2
nakow,2
agi,2
tinuod,2
atik,2
nilaglag,2
sadya,2
uutos,2
sbi,2
wasting,2
fishes,2
minded,2
ought,2
gungong,2
isosoli,2
trillions,2
woow,2
dilawan,2
maglagay,2
buy,2
kan,2
bbawi,2
nagdaang,2
queso,2
palengke,2
gumanda,2
owning,2
sandiganbayan,2
women,2
magturo,2
magtiwala,2
nauupo,2
makakatakbo,2
kakasohan,2
martine,2
kasohan,2
paniwalaan,2
itlog,2
responsibilidad,2
pahirapan,2
lend,2
decent,2
smell,2
comfortably,2
pucha,2
tumangap,2
ralph,2
inuubos,2
nyon,2
contactor,2
behead,2
mapakinabangan,2
kagandahan,2
bisitahin,2
sacrifice,2
katakot,2
sumama,2
gobernance,2
titigilang,2
kimpy,2
gin,2
malubha,2
direction,2
nagsasalita,2
nagdulot,2
nakalaan,2
masolusyunan,2
wlaang,2
holiday,2
refuse,2
yuung,2
nakolekta,2
iforward,2
renowned,2
responsibilties,2
invetigations,2
sasahurin,2
math,2
binay,2
lumobo,2
iniwan,2
inutang,2
matupad,2
episodes,2
avail,2
netflix,2
naibulsa,2
singaporean,2
cordillera,2
intindihin,2
mawalan,2
agwat,2
peta,2
lagim,2
harapang,2
takbo,2
pamamahala,2
ininterview,2
nagmamadali,2
teacher,2
liit,2
sabit,2
tatahimik,2
magsisilbi,2
tumitingin,2
mabantayan,2
nakakakilabot,2
isahin,2
mulat,2
11m,2
corrup,2
binisita,2
nakasulat,2
ibubulsa,2
satsat,2
sick,2
matamaan,2
skip,2
datu,2
kuhaon,2
dato,2
katunga,2
ray,2
shameful,2
impressive,2
paaralan,2
uri,2
laht,2
kinawawa,2
nganon,2
forman,2
mason,2
mabalik,2
bubunyag,2
learning,2
yakang,2
jessicca,2
acknowledge,2
kinakailangan,2
pulos,2
gumuguho,2
cam,2
rang,2
maipasa,2
maisulong,2
matigas,2
mabilang,2
suggestions,2
dine,2
papayagan,2
strikto,2
pate,2
rikta,2
anim,2
gain,2
silip,2
hwg,2
bnsa,2
laga,2
dikdikin,2
paste,2
camsur,2
anino,2
damo,2
umasenso,2
kalimutan,2
cielo,2
ngawngaw,2
diay,2
ekulong,2
fload,2
unable,2
limampong,2
mero,2
pundasyon,2
bitaying,2
highlight,2
abulug,2
jollibee,2
lethal,2
injection,2
krimen,2
grbi,2
pinapansin,2
hayyys,2
susuportahan,2
instrument,2
nto,2
korrekt,2
garapal,2
nilustay,2
salat,2
hampas,2
pababain,2
mailigtas,2
saglit,2
nakakasama,2
nagsisimula,2
mabuo,2
concentrate,2
alalahanin,2
ini,2
materyales,2
siraulo,2
normalize,2
pagtawa,2
nawawalang,2
masayahin,2
powerless,2
appeal,2
supporting,2
advocate,2
kinder,2
nabang,2
kataposan,2
bantayan,2
sumpa,2
4th,2
ferrer,2
umutang,2
dugtong,2
serye,2
tinalo,2
kurapyon,2
plaza,2
magkanu,2
saan2,2
relative,2
product,2
subalit,2
infuriating,2
nba,2
constructor,2
korup,2
insik,2
aasa,2
ngayung,2
lubak,2
militar,2
letche,2
dadami,2
klarong,2
magtaka,2
palabasin,2
usd,2
democracy,2
bote,2
charlie,2
boring,2
puti,2
nela,2
hende,2
ensek,2
par,2
paro,2
kabayaran,2
makinabang,2
isuli,2
umaamin,2
kilos,2
deputa,2
celeste,2
balitang,2
agd,2
palabaz,2
hayan,2
docs,2
walana,2
bsta,2
iblik,2
isiniwalat,2
contraction,2
kinuhang,2
nabaon,2
matuklasan,2
ipinapakita,2
pinaghirapan,2
tratrabaho,2
nalubog,2
eme,2
lupet,2
pinasa,2
mapanood,2
sugapa,2
mapagkakatiwalaan,2
sistima,2
kamara,2
quadruple,2
pure,2
binayaran,2
layo,2
nkulong,2
impeach,2
tiningnan,2
supalpal,2
marculita,2
martilyohon,2
palusutan,2
longa,2
ililihis,2
madala,2
ky0,2
tea,2
rehas,2
kinabahan,2
gyod,2
nasod,2
poros,2
otal,2
elementary,2
samahan,2
minings,2
sisinungaling,2
pagmamahal,2
uupo,2
dmi,2
kagalanggalang,2
proprietorship,2
kamali,2
makoleta,2
markuryente,2
makaintindi,2
naiintindihan,2
nakakaintindi,2
nlalaman,2
punot,2
dulo,2
usapqn,2
balit,2
stock,2
pinapatagal,2
meriam,2
tinatawanan,2
pampagulo,2
lolo,2
reveal,2
martilyuhin,2
monitored,2
gained,2
onwards,2
bulol,2
isunod,2
professionals,2
hinay,2
hlata,2
nagbbyad,2
ganang,2
makatao,2
gulong,2
nagsisinungalin,2
tatanong,2
char,2
wisik,2
koneksyon,2
handang,2
sher,2
mekus,2
brc,2
mabubulok,2
tatapos,2
koryente,2
maituloy,2
icheck,2
usaping,2
nanatili,2
kandidato,2
balahibo,2
pinagdadaanan,2
hzd,2
rank,2
ablanida,2
pabalik,2
nasadlak,2
pangulon,2
bibilhin,2
manghingi,2
gcash,2
maiiwan,2
20pesos,2
suriin,2
nagpapapawis,2
lumuluha,2
hayst,2
mangyayare,2
tinggin,2
pangungutang,2
nakakapagod,2
ordirnaryong,2
senateflix,2
bweset,2
masampolan,2
maharlika,2
masasama,2
pinupush,2
enjoying,2
gpt,2
successful,2
monsters,2
nainis,2
matay,2
ipataw,2
boc,2
streetlight,2
nakatayo,2
gawang,2
lahi,2
binaliwala,2
kurapsion,2
matatalinong,2
kaharian,2
manyayari,2
kamu,2
jablu,2
sinasabing,2
leni,2
gyera,2
tinagal,2
ingatan,2
cuz,2
nais,2
chances,2
pinipigilan,2
proyecto,2
biding,2
slamt,2
galeng,2
materiales,2
model,2
nakakadiri,2
ginigipit,2
baliktad,2
matthew,2
righteousness,2
sinful,2
healed,2
wounds,2
verse,2
trusts,2
sinner,2
savior,2
andiyan,2
padami,2
puhonan,2
santo,2
dinero,2
por,2
magbabayad,2
repeat,2
sinasadya,2
nagsasabing,2
kukuha,2
kalagayang,2
contra,2
itatayo,2
segig,2
material,2
nadagdagan,2
babago,2
pinabayaan,2
valle,2
verde,2
clapping,2
pagboboto,2
vietnam,2
banat,2
paman,2
nagbunyag,2
sentenced,2
inheritance,2
digongniyo,2
xlang,2
gatasan,2
hnggng,2
abscbn,2
makalaya,2
makakalusot,2
dinaig,2
solve,2
employed,2
kapahamakan,2
matuloy,2
kmo,2
profession,2
intentionally,2
niluluko,2
saysay,2
klangan,2
280m,2
kulembat,2
fathers,2
pansitan,2
pinaglalaban,2
blighted,2
tutoo,2
p10,2
ceo,2
invoke,2
kumag,2
linis,2
salamatsainniyo,2
ngttanong,2
50m,2
contructors,2
message,2
sasagot,2
diktar,2
kasong,2
character,2
kahapon,2
tuluyang,2
sumasagot,2
gisa,2
ambunan,2
believed,2
mapaamin,2
babawiin,2
winning,2
anxiety,2
malumanay,2
yuko,2
bantaan,2
umulan,2
monthly,2
kolekta,2
kompanya,2
kaloka,2
pwe,2
examination,2
bulaaan,2
couples,2
dyaryo,2
che,2
makalipat,2
juskopo,2
dyarto,2
deny,2
luisito,2
bulak,2
cnabi,2
luestro,2
kuyugin,2
mahusay,2
pinilit,2
diskaya,2
isabi,2
nagpunta,2
napilitan,2
bana,2
paligoy,2
ganoong,2
itinuloy,2
mapilitan,2
nakabi,2
konsabo,2
nagpagamit,2
naiipit,2
nananakot,2
wicked,2
isaiah,2
throughout,2
silver,2
liars,2
samok,2
tinutumbok,2
conting,2
scare,2
idawit,2
isasagot,2
mosamot,2
pinahirapan,2
graph,2
serving,2
clip,2
pin,2
unpinned,2
hour,2
aayusin,2
mandurugas,2
bihasa,2
kakilala,2
viewers,2
mgnnakaw,2
bwiset,2
iaudit,2
dispute,2
gagawing,2
casinos,2
nagduda,2
lamborghini,2
gaganda,2
nkuha,2
pakat,2
kahon,2
haup,2
comedy,2
kalooban,2
salary,2
guni,2
extra,2
potah,2
eksena,2
sasalita,2
waving,2
nkakagigil,2
puyat,2
ngala,2
marcolets,2
iglesia,2
insurance,2
devil,2
sigaw,2
brothers,2
statewitness,2
nakakatulong,2
maduming,2
option,2
dinadaan,2
magmukang,2
lapses,2
katunayan,2
hes,2
pagbayaran,2
rebelasyun,2
nagpalabas,2
kinakampihan,2
karmoleta,2
ampota,2
magbanat,2
kondisyon,2
rational,2
viber,2
jusmio,2
nagtanong,2
inooverdesign,2
umintindi,2
disclosed,2
manloloko,2
admitted,2
pagsabihan,2
nuisance,2
marining,2
pantay,2
dahan,2
las,1
piñas,1
motiontrade,1
christian,1
aguilar,1
uncle,1
p390,1
isagani,1
deadliest,1
sparked,1
erupted,1
doubtful,1
ranks,1
equate,1
scores,1
compostela,1
danao,1
balamban,1
claimed,1
geometric,1
proportions,1
cotcot,1
simulation,1
capitol,1
slice,1
overall,1
shanties,1
famously,1
flip,1
flopped,1
anonymity,1
nephew,1
dumanjug,1
clan,1
camansi,1
binalbagan,1
hinigaran,1
abelido,1
prominent,1
culvert,1
vallehermoso,1
rekina,1
grappling,1
kanlaon,1
volcano,1
struck,1
landfall,1
volcanology,1
seismology,1
phivolcs,1
thick,1
clouds,1
envelop,1
suspicions,1
p14,1
joy,1
belmonte,1
align,1
dale,1
perral,1
prerequisite,1
matalahib,1
mariblo,1
bypassing,1
observations,1
mendez,1
baesa,1
roadway,1
recourse,1
violators,1
mix,1
mitch,1
posting,1
warrants,1
apart,1
offenses,1
administratively,1
complication,1
recommends,1
subscribed,1
roma,1
angeline,1
rimando,1
robert,1
imperio,1
indirect,1
jesse,1
issuing,1
subpoenas,1
twelve,1
p89,1
p179,1
gene,1
ryan,1
altea,1
ruben,1
dominic,1
serrano,1
felisardo,1
casuno,1
timojen,1
sacar,1
montrexis,1
tamayo,1
juliet,1
calvo,1
dennis,1
abagon,1
lerma,1
cayco,1
friedrich,1
karl,1
camero,1
aderma,1
angelie,1
alcazar,1
cesar,1
buenaventura,1
consuelo,1
aldo,1
cao,1
anthony,1
ngo,1
p289,1
mary,1
mitzi,1
corroborating,1
irene,1
joshua,1
blitz,1
eumir,1
p72,1
magdalene,1
ericka,1
justine,1
pulls,1
raft,1
amounted,1
p52,1
jelsie,1
formerly,1
rounded,1
wendell,1
alinea,1
makakaapekto,1
outlines,1
conditions,1
installed,1
malalagay,1
eccs,1
reviewed,1
maladaptation,1
interfere,1
transferred,1
primo,1
constrict,1
velocity,1
banner,1
remiss,1
respective,1
duties,1
lawfully,1
prudently,1
disbursed,1
allgedly,1
conspired,1
facilitate,1
sixth,1
survivor,1
navigates,1
edge,1
butuanon,1
bacayan,1
stark,1
fury,1
vela,1
swaths,1
metropolitan,1
kalmaegi,1
presidents,1
fueling,1
municipalities,1
indicated,1
namely,1
unchecked,1
newscollabph,1
diverse,1
vibrant,1
discussions,1
inflict,1
controlled,1
atmospheric,1
geophysical,1
astronomical,1
defined,1
individually,1
categorizes,1
pump,1
retain,1
enhance,1
academy,1
argues,1
breaks,1
collapsing,1
conserve,1
beneficially,1
storage,1
slope,1
probably,1
defines,1
abnormal,1
progressive,1
confines,1
subsequent,1
inundation,1
accumulation,1
abundance,1
improving,1
bottoms,1
straightening,1
kinds,1
creeks,1
hubs,1
drain,1
components,1
intercepting,1
transporting,1
openings,1
drains,1
capture,1
culverts,1
pipes,1
pumps,1
gradually,1
bonifacio,1
impounding,1
electricity,1
prevention,1
applications,1
clogging,1
unattended,1
sabo,1
clog,1
currents,1
desilting,1
declogging,1
seawater,1
spilling,1
weaken,1
riverbeds,1
sloping,1
landforms,1
technologies,1
mapping,1
forecasting,1
resettlement,1
conservation,1
hispanic,1
focused,1
rendered,1
maintained,1
situations,1
inevitable,1
avoidance,1
emong,1
p309,1
accounted,1
p258,1
excluding,1
royal,1
monarch,1
samidan,1
obtained,1
nueva,1
ecija,1
saro,1
presides,1
transcripts,1
scheduled,1
afternoon,1
sale,1
questioned,1
pushing,1
committees,1
jumpstarts,1
resolutions,1
lima,1
liberal,1
objected,1
tri,1
prudent,1
bookmark,1
indispensable,1
timely,1
candor,1
gap,1
rangers,1
supports,1
witnessed,1
geologists,1
sagbayan,1
peak,1
demonstrates,1
allowing,1
unesco,1
treasure,1
messy,1
paperwork,1
proactively,1
remained,1
countless,1
reversion,1
operating,1
illegally,1
depends,1
illustrates,1
resonates,1
ceremonial,1
sanctions,1
loopholes,1
tolerate,1
fade,1
institutionalized,1
balances,1
attempts,1
shield,1
invocation,1
withhold,1
ecological,1
deeply,1
concerning,1
evaluate,1
histories,1
curtails,1
pocketed,1
prototype,1
innovators,1
delivering,1
erratic,1
unprecedented,1
unrealistic,1
intentioned,1
constrained,1
interference,1
conflicting,1
mandates,1
nationally,1
oversee,1
precedent,1
adequate,1
floodgates,1
intact,1
abstract,1
fiscal,1
degraded,1
slopes,1
destabilize,1
clogs,1
peaks,1
driving,1
shortening,1
lifespan,1
operators,1
loggers,1
speculators,1
enforceable,1
combine,1
taxpayer,1
annually,1
undermine,1
fragmented,1
inconsistent,1
tracking,1
precisely,1
backbone,1
compromised,1
falters,1
outskirts,1
valleys,1
squandered,1
curtailed,1
plenty,1
curtailing,1
inflated,1
unmonitored,1
defenses,1
embed,1
pouring,1
ann,1
dumaliang,1
limestone,1
karst,1
rehabilitate,1
portions,1
bernal,1
babes,1
appeals,1
pedro,1
corales,1
offi,1
batch,1
barriers,1
konstract,1
proceeded,1
defects,1
altogether,1
attributable,1
manatal,1
p74,1
payments,1
notices,1
disallowance,1
numerous,1
formworks,1
ephraim,1
jolo,1
mari,1
tayao,1
specifications,1
unsuitable,1
buendia,1
dalig,1
justification,1
jasmine,1
jean,1
gonzaga,1
rochelle,1
campos,1
pronouncements,1
responded,1
varying,1
degrees,1
reacted,1
throwback,1
fated,1
cynical,1
wittingly,1
publication,1
subpar,1
sites,1
ears,1
alleviate,1
worsen,1
flags,1
collecting,1
anecdotes,1
mail,1
contain,1
supplement,1
toes,1
barkada,1
pitch,1
decides,1
downloading,1
pocket,1
announce,1
ambagnatin,1
hosted,1
zamboangeños,1
civic,1
workshops,1
select,1
zamboangeño,1
youths,1
interested,1
movers,1
stomach,1
inasal,1
sponsor,1
executory,1
band,1
pause,1
flesh,1
locals,1
reflect,1
kadiwa,1
outmaneuvered,1
blow,1
columnist,1
val,1
joins,1
openbicam,1
opening,1
signatories,1
inbox,1
factsfirstph,1
newsletters,1
leaast,1
armed,1
economy,1
disclose,1
surprise,1
ocular,1
p400,1
slash,1
cap,1
p150,1
proposes,1
p75,1
p300,1
adjustments,1
mounting,1
sam,1
calleja,1
caloy,1
neophyte,1
akb,1
securing,1
marking,1
substantial,1
growth,1
inherently,1
entering,1
campaigned,1
habits,1
raises,1
38b,1
bicolana,1
gabriela,1
nica,1
scrutinizing,1
liabilities,1
originated,1
exploitative,1
cumulative,1
contradict,1
requires,1
rosaloria,1
tandem,1
rosal,1
demokratiko,1
pdp,1
detained,1
trami,1
thirsty,1
boil,1
p125,1
repaired,1
rehabilitated,1
morly,1
myrna,1
harvest,1
onslaught,1
kept,1
necks,1
grandchildren,1
roof,1
farmer,1
kilusan,1
magbubukid,1
storms,1
enteng,1
naked,1
intensified,1
vulnerability,1
agricultural,1
p403,1
granary,1
harvard,1
humanitarian,1
accustomed,1
vincenzo,1
bollettino,1
frequent,1
disconnect,1
readiness,1
inefficient,1
gravely,1
reliance,1
intersects,1
calinga,1
visibility,1
accelerating,1
hashtags,1
cal25,1
signaled,1
quarries,1
guinobatan,1
susceptibility,1
clans,1
aiding,1
backed,1
signage,1
baligang,1
spanning,1
roslyn,1
p126,1
indicates,1
patricia,1
nicole,1
elvira,1
p35,1
decreased,1
p215,1
p148,1
remaining,1
p642,1
p665,1
p445,1
p638,1
provides,1
esidents,1
magsaysay,1
blvd,1
ave,1
gaemi,1
marie,1
launch,1
detailing,1
staple,1
rainy,1
analyses,1
dives,1
discover,1
painfully,1
taun,1
proyektong,1
pangkontrol,1
gumagastos,1
colonial,1
progression,1
disappearance,1
catchment,1
dost,1
detail,1
renato,1
solidum,1
agri,1
spokesman,1
arnel,1
average,1
metric,1
tons,1
jodesz,1
gavilan,1
crops,1
disrupt,1
paralyze,1
universities,1
colleges,1
p900,1
ballooned,1
ibon,1
sonny,1
africa,1
units,1
reuploading,1
shopping,1
sprees,1
niece,1
angelica,1
natasha,1
wellness,1
slammed,1
visited,1
france,1
subscribers,1
instagram,1
clauds,1
outfits,1
brands,1
tags,1
versace,1
multicolor,1
silk,1
p170,1
olivarianne,1
ree,1
boiling,1
host,1
bianca,1
gonzalez,1
daily,1
arrogant,1
riding,1
plane,1
donor,1
walter,1
curated,1
photoshoots,1
bichon,1
pretty,1
bubble,1
boutique,1
shop,1
bichons,1
p380,1
jammy,1
incorporation,1
headquartered,1
accumulative,1
preview,1
reel,1
handbag,1
p382,1
lambasted,1
tastes,1
jeane,1
lim,1
blogs,1
tokyo,1
katanggap,1
pagpapakita,1
goodgovph,1
coby,1
indulge,1
ostentatious,1
wealthy,1
concluded,1
emulate,1
erasure,1
footprint,1
bear,1
brunt,1
pours,1
raphael,1
defiant,1
scandalous,1
ally,1
historical,1
importance,1
sitting,1
accusing,1
bravado,1
carry,1
bounds,1
expertise,1
assessing,1
inquisitive,1
dissect,1
aspects,1
conviction,1
maneuver,1
flawed,1
historically,1
produced,1
recognizes,1
thrive,1
posturing,1
pursuit,1
fallen,1
platforms,1
partisan,1
warfare,1
dysfunction,1
vividly,1
sober,1
dissection,1
prematurely,1
jousting,1
soundbites,1
conveniently,1
steering,1
distracts,1
contrast,1
profited,1
singular,1
anatomy,1
patrons,1
spin,1
reelection,1
relinquishing,1
ignores,1
lobbied,1
farcical,1
overseer,1
vested,1
muddying,1
duplicative,1
simultaneous,1
withstand,1
judicial,1
abdication,1
recognition,1
constructive,1
legislating,1
tightening,1
enacting,1
bleeding,1
establish,1
temptation,1
grandstand,1
tired,1
stalemate,1
fatigue,1
pierce,1
veil,1
unimpeded,1
prosecutor,1
reformer,1
airtight,1
sobering,1
fertilizer,1
meaningfully,1
broadband,1
referred,1
theater,1
walkouts,1
infamous,1
showcased,1
grilling,1
television,1
schemes,1
untouched,1
yielded,1
refuses,1
yield,1
obsessed,1
theatrics,1
misrepresentation,1
unwilling,1
confront,1
illusion,1
betrays,1
troubling,1
thunder,1
pivot,1
undermining,1
dominates,1
rigged,1
facilitated,1
obscured,1
seekers,1
exercise,1
neutered,1
irrelevance,1
agrava,1
assassination,1
melo,1
killings,1
sabio,1
watered,1
symbol,1
defuse,1
prosecutorial,1
nurtured,1
players,1
fearlessly,1
investigates,1
remnants,1
confronted,1
tiptoes,1
defining,1
hammer,1
smashes,1
wither,1
dusty,1
archives,1
remembered,1
cleaned,1
shielded,1
dismantle,1
stakes,1
redraw,1
engulfed,1
hangs,1
manananggal,1
resumes,1
humerlito,1
pinamalayan,1
barely,1
consultation,1
metals,1
smaller,1
sand,1
pile,1
driven,1
explainer,1
p189,1
apitong,1
elite,1
p50,1
blew,1
mythical,1
creature,1
separates,1
disqualified,1
mimaropa,1
cuts,1
engaging,1
minerals,1
failing,1
endorsed,1
p12,1
thrice,1
designs,1
boulevards,1
isidro,1
bongabong,1
mulawin,1
scrapped,1
multimedia,1
castuciano,1
₱10,1
opaque,1
manually,1
thereafter,1
logs,1
subcontracting,1
allege,1
withdrawals,1
tragedy,1
meteorological,1
clogged,1
estero,1
vanished,1
floodway,1
arrived,1
intensive,1
nonexistent,1
invisibility,1
buried,1
fabricated,1
misplaced,1
manipulated,1
familiar,1
deceit,1
renders,1
middlemen,1
computers,1
stamped,1
immutable,1
entered,1
revolutionized,1
transformative,1
discretionary,1
nurtures,1
envision,1
applying,1
cow,1
editable,1
simultaneously,1
feat,1
creates,1
prepares,1
emailed,1
copies,1
backdated,1
swapped,1
theory,1
mechanisms,1
thrives,1
fog,1
rewarded,1
procedural,1
exercised,1
visualize,1
reengineered,1
powered,1
maintains,1
geotagged,1
progresses,1
drone,1
imagery,1
iot,1
device,1
collects,1
transmitted,1
cloud,1
platform,1
hashed,1
attached,1
executing,1
fixers,1
moves,1
physics,1
hypothetical,1
₱200,1
divided,1
stages,1
₱50,1
references,1
halts,1
triggers,1
discrepancy,1
erased,1
enforced,1
embedded,1
default,1
impervious,1
ecosystem,1
accredited,1
governmental,1
ngos,1
triggering,1
alert,1
protocols,1
prevents,1
backdoor,1
sensitive,1
harassment,1
redundancy,1
backups,1
geographically,1
hacking,1
transform,1
tool,1
firewall,1
malicious,1
inputs,1
admittedly,1
entries,1
provenance,1
transparently,1
verifiable,1
corrections,1
erasing,1
machine,1
engine,1
ensures,1
actor,1
input,1
mislead,1
managing,1
enters,1
enabling,1
governs,1
stakeholders,1
recognize,1
unsigned,1
valid,1
credentials,1
accepts,1
submission,1
glance,1
stores,1
oracle,1
activates,1
oracles,1
mechanism,1
immutability,1
stays,1
appended,1
labeling,1
disputed,1
escalates,1
decentralized,1
observer,1
fraudulent,1
rolls,1
₱20m,1
freezing,1
flagging,1
interoperable,1
apis,1
programming,1
interfaces,1
instantly,1
timestamp,1
deletion,1
dpwhfloodchain,1
deters,1
builds,1
analysts,1
patterns,1
erase,1
upload,1
unerasable,1
exposes,1
utility,1
breadcrumbs,1
extend,1
scaled,1
grid,1
sophisticated,1
crumble,1
globally,1
reshaping,1
estonia,1
registries,1
georgia,1
uses,1
titles,1
forgery,1
colombia,1
alterations,1
chile,1
adopted,1
consumers,1
redemption,1
marred,1
resistance,1
executives,1
inaction,1
dwarfs,1
outlays,1
blackhole,1
savings,1
investment,1
bureaucrats,1
unaccustomed,1
automation,1
training,1
phases,1
framework,1
classify,1
admissible,1
binding,1
rewritten,1
flips,1
timestamped,1
log,1
indelible,1
coerce,1
retraction,1
empower,1
redefines,1
testimonial,1
incorruptible,1
tireless,1
autopsies,1
diagnose,1
diverges,1
transforms,1
afterthought,1
taxation,1
assume,1
canal,1
conduit,1
embedding,1
rebuild,1
portal,1
verifiably,1
₱30,1
sufficiently,1
cynicism,1
yields,1
ceases,1
rhetorical,1
mathematical,1
rollout,1
recurring,1
ideal,1
testbed,1
parallel,1
pilots,1
refine,1
collaboration,1
startups,1
academe,1
coding,1
honesty,1
dream,1
lawmaker,1
retrospective,1
seconds,1
adapt,1
forgetting,1
patiently,1
nagkaisa,1
kalipunan,1
kilusang,1
siklab,1
akbayan,1
shrine,1
indicate,1
partisanship,1
symbolize,1
idly,1
switching,1
homemade,1
placard,1
nangangagat,1
kora,1
bites,1
runners,1
bikers,1
earliest,1
shedding,1
glamour,1
indignation,1
rides,1
discounts,1
passengers,1
wheeled,1
disability,1
kilometers,1
poetically,1
nando,1
persuasions,1
unaffiliated,1
dealings,1
broken,1
condemning,1
dizzying,1
sustained,1
vigilance,1
cried,1
limits,1
coffers,1
scares,1
staging,1
lightning,1
posh,1
policontractors,1
reside,1
spokesperson,1
sentiments,1
rejected,1
sustaining,1
productively,1
primarily,1
denounce,1
endemic,1
commemorated,1
marches,1
legazpi,1
dumaguete,1
tacloban,1
marawi,1
ouster,1
paolo,1
presidency,1
constant,1
localities,1
crowdsource,1
perfected,1
deemed,1
detectable,1
doubts,1
lookout,1
laundering,1
council,1
frozen,1
quarters,1
snowball,1
rage,1
obet,1
sumayao,1
bound,1
protester,1
dies,1
crooks,1
aries,1
rufo,1
fellows,1
roland,1
iya,1
gozum,1
gemma,1
paterno,1
esmaquel,1
16th,1
exceed,1
seemed,1
ramping,1
sessions,1
p350,1
manifested,1
reference,1
featured,1
p330,1
ports,1
p216,1
retrofitting,1
variability,1
examining,1
pertain,1
notorious,1
similarities,1
influenced,1
distribution,1
greenwashing,1
decisions,1
friendly,1
mask,1
domestically,1
objectives,1
classified,1
thematic,1
inform,1
imperative,1
absurd,1
concentrated,1
sustainable,1
renewable,1
secondly,1
strengthening,1
reallotted,1
fulfill,1
tasks,1
thirdly,1
reexamined,1
provision,1
probabilistic,1
bills,1
improve,1
amending,1
upholding,1
canceling,1
dominating,1
cater,1
demands,1
algo,1
rescuers,1
p93,1
pack,1
genesis88,1
montesclaros,1
enterprises,1
eats,1
stretch,1
brink,1
crumbling,1
sever,1
arteries,1
muslim,1
swollen,1
unruly,1
shifting,1
chewed,1
dangerously,1
layog,1
sliver,1
encroaching,1
traffic,1
lane,1
crippling,1
congestion,1
route,1
lifeblood,1
sounded,1
bells,1
pleas,1
shaken,1
hollowed,1
casting,1
urgent,1
fixes,1
arrive,1
rainfalls,1
starved,1
alarming,1
esmael,1
councilor,1
salik,1
bukidnon,1
displacing,1
farmlands,1
gnawing,1
stabilize,1
abdulraof,1
macacua,1
ministers,1
swiftly,1
organic,1
ministry,1
handles,1
anxious,1
threatens,1
accelerate,1
farms,1
traders,1
corridor,1
traveling,1
versa,1
commerce,1
southern,1
ministries,1
echoed,1
dangers,1
pressed,1
unequal,1
p196,1
grant,1
stopgap,1
volunteering,1
install,1
eroded,1
rebuked,1
betrayals,1
remarks,1
string,1
favored,1
levees,1
unpaved,1
leandro,1
inspects,1
legarda,1
p15,1
assisted,1
exerted,1
adequately,1
mika,1
suansing,1
slashed,1
freed,1
mistakenly,1
rufus,1
rodriguez,1
multiphase,1
sinubukang,1
restored,1
babantayan,1
edgar,1
urgently,1
shenanigans,1
composite,1
guia,1
notable,1
eighth,1
diversified,1
tourism,1
enterprise,1
consistently,1
arroyo,1
p38,1
p28,1
sunwestville,1
realty,1
embarcadero,1
advanced,1
indicating,1
transact,1
spoke,1
length,1
finances,1
shareholder,1
candidate,1
alpha,1
omega,1
watchdog,1
pulled,1
miru,1
ultimatum,1
poll,1
george,1
options,1
slapped,1
disqualification,1
pull,1
insisted,1
ownership,1
affiliate,1
reply,1
rare,1
disturbing,1
illusions,1
errata,1
constitute,1
blatant,1
assault,1
condemnation,1
deliberate,1
concealment,1
alteration,1
occurred,1
formal,1
rene,1
uncooperative,1
arthur,1
ato,1
incident,1
magta,1
magsisira,1
directing,1
instructing,1
relating,1
urged,1
steadfast,1
uncover,1
alcanatara,1
juanito,1
panfilo,1
met,1
procedures,1
paglalaruan,1
mulling,1
magusap,1
considering,1
exercising,1
retrieved,1
categorically,1
retrieve,1
unseal,1
unsealed,1
retrieval,1
preserving,1
acknowledged,1
flooed,1
pedestrians,1
knee,1
taft,1
avenue,1
angie,1
silva,1
colluded,1
subnational,1
margins,1
dominated,1
sizable,1
pluralities,1
pollster,1
mixed,1
emerges,1
considers,1
distrusts,1
highlighted,1
avowed,1
ambivalent,1
basically,1
undecided,1
registers,1
virtually,1
indecision,1
suggest,1
declining,1
interviews,1
dominant,1
socio,1
pronounced,1
millennials,1
slightly,1
aged,1
similarly,1
topped,1
significantly,1
forty,1
suitable,1
reflects,1
preference,1
socioeconomic,1
recipients,1
designated,1
maibsan,1
ibinuhos,1
p248,1
nakuhang,1
p675,1
p612,1
p181,1
nailaan,1
paralisado,1
transportasyon,1
suspendido,1
download,1
ios,1
android,1
sumali,1
jaira,1
chay,1
hofileña,1
beth,1
frondoso,1
faustino,1
replacing,1
ambush,1
kicked,1
operandi,1
unearthed,1
invitation,1
ridden,1
requests,1
cyclone,1
crising,1
outcry,1
overlooked,1
contributed,1
mismanaged,1
welcomed,1
necessarily,1
surveys,1
harmful,1
candidates,1
relatively,1
underwhelming,1
associate,1
incompetence,1
influencers,1
flaunting,1
clothes,1
exactly,1
contrasting,1
relatable,1
losing,1
interpreted,1
reacting,1
occasional,1
drastic,1
shifts,1
temperatures,1
occurrences,1
faster,1
causing,1
developing,1
reducing,1
halfway,1
dependence,1
subsequently,1
echoes,1
polluters,1
backyard,1
concept,1
dramatic,1
behaviors,1
norms,1
secondary,1
popularity,1
skeptical,1
reactions,1
pursuits,1
machinations,1
latter,1
sooner,1
analyst,1
eyeing,1
purok,1
pipilahan,1
republika,1
evident,1
debts,1
announced,1
blacklist,1
sisiyasatin,1
palalampasin,1
sususpendihin,1
authorize,1
nakipagsabwatan,1
connived,1
disappointed,1
explaining,1
mystery,1
locating,1
suspects,1
subcontracted,1
sumusulat,1
messaged,1
aaralan,1
sinusumbong,1
sinoman,1
checking,1
sued,1
sell,1
itutuloy,1
napapabayaan,1
itinutuloy,1
neglected,1
bared,1
probing,1
maipalusot,1
pagaaralan,1
mkakatulong,1
pagaaral,1
ktulad,1
inaaral,1
mbuti,1
harang,1
mapepera,1
breadwinner,1
martirez,1
erc,1
increases,1
mideast,1
ginatasn,1
russias,1
ukrain,1
pilippines,1
aggression,1
natakbo,1
haruhay,1
lge,1
chavit,1
lumiit,1
weight,1
monterrazas,1
arrested,1
confiscated,1
funerals,1
caged,1
frankly,1
planing,1
invistigasyon,1
scene,1
imbistigasyun,1
opesyales,1
kongresso,1
ayahay,1
napakaliit,1
makitid,1
msasakripisyo,1
mmmyang,1
mmmyan,1
ngbuwis,1
trahedyang,1
ktiwalian,1
richer,1
ayalas,1
hotels,1
candies,1
naaa,1
yayabang,1
saaming,1
camarenis,1
egay,1
tallado,1
iso,1
untill,1
magtiis,1
spelling,1
dolomit,1
sisishin,1
responsiblity,1
ideas,1
sampal,1
gwendolyn,1
direksyon,1
impacts,1
treat,1
transcends,1
borders,1
honestly,1
sincerely,1
lahatin,1
isabay,1
maplaflatten,1
masisira,1
pasara,1
ipapakulong,1
wasnnot,1
centuries,1
mapagkatiwalaan,1
tutukan,1
huhudasin,1
garapalang,1
governmetn,1
gobyero,1
shots,1
goal,1
defence,1
bagyohin,1
airforce,1
refurbished,1
pinaglumaan,1
binebenta,1
humahanga,1
dugasveño,1
sewerage,1
magseserve,1
atupagin,1
antatanga,1
rehiyon,1
mapalabas,1
revetment,1
bends,1
tormented,1
gulfstream,1
drowned,1
grandma,1
maayu,1
gani,1
najud,1
nabudol,1
snippet,1
overbearing,1
torrential,1
analyze,1
nov2025,1
imprison,1
zone,1
studies,1
compounded,1
narrowed,1
constricted,1
riparian,1
deltas,1
shaped,1
ions,1
seasonal,1
narrowing,1
event,1
dungturdte,1
league,1
robbed,1
masochistic,1
denudation,1
tsktsk,1
questionin,1
minaliit,1
mahigpit,1
kinalbong,1
pipigil,1
pinagpuputol,1
mia,1
nalumos,1
nabobola,1
devastating,1
irresponsableng,1
anytime,1
pakiaalam,1
holistic,1
forest,1
babahain,1
kagrabe,1
iko,1
construct,1
offering,1
padugo,1
receipt,1
lalala,1
kakaharapin,1
famous,1
disappoint,1
ilaan,1
bywis,1
kinakatay,1
bywaya,1
namumungad,1
hunayupak,1
kapusakal,1
kinauukulang,1
konsyensya,1
mapunan,1
kasibaan,1
smooth,1
kinalawang,1
bilanguan,1
mabilango,1
wagna,1
esali,1
markoletasahearing,1
marcoletakke,1
lawyets,1
manipulate,1
defeat,1
backdoors,1
vulnerabilities,1
advantages,1
wealths,1
marcobita,1
kpit,1
tuko,1
tinatablan,1
ttigas,1
ulagang,1
kumunistang,1
reproach,1
mangyaya,1
standby,1
maepal,1
marcolitainc,1
pronto,1
babatas,1
papadala,1
matatamis,1
marculeya,1
hora,1
cmte,1
request,1
raise,1
makokolekta,1
binabago,1
kabuhay,1
kunra,1
luigar,1
walaka,1
butataka,1
bids,1
makulita,1
lumilihis,1
gnun,1
kampi,1
seguro,1
sinungsking,1
contrabidang,1
markobeta,1
ekut,1
ikutin,1
mole,1
hole,1
zino,1
pangnakukulong,1
nangaaway,1
kridibilidad,1
fvcked,1
nahhhh,1
ngkagulio,1
sugo,1
nagpapansin,1
foul,1
pretending,1
pretentious,1
belib,1
busit,1
katalaga,1
sisen,1
destabilization,1
lacaon,1
privadong,1
nasubrahan,1
konra,1
invistagation,1
douths,1
mannaig,1
iuntog,1
marcolit,1
nha,1
yinatakpan,1
marcolta,1
galawan,1
gumugulo,1
lacsona,1
lisensy,1
kasbwat,1
sinasayang,1
punpasweldo,1
pakiot,1
gago,1
lawson,1
mapakita,1
lolokahan,1
basqhin,1
gutezw,1
marcelta,1
nagpapagulo,1
tinanggal,1
duteza,1
hatak,1
hettsora,1
remolla,1
scamer,1
desmis,1
matenong,1
npakulong,1
kenakampehan,1
pakenabang,1
epatawag,1
salde,1
bagahe,1
kabastusan,1
pinatapos,1
pagkatao,1
lacs,1
sumpungin,1
inawayan,1
isinukha,1
napakabastos,1
presiding,1
missed,1
pagapapatupad,1
alagang,1
binabasang,1
pelukq,1
worry,1
moved,1
gagong,1
panggolo,1
pinakamagaling,1
marcolecta,1
laglag,1
pauto,1
nakakasakit,1
magkasundo,1
tibno,1
andyn,1
aaway,1
papapatalo,1
naghihirapap,1
kpayapaan,1
pinairal,1
samuel,1
biblia,1
mahimbing,1
namamangka,1
humuhupa,1
mapahinga,1
kalunos,1
lunos,1
panatag,1
tuyong,1
kabibilang,1
ginugol,1
ilubog,1
katahimikan,1
maririnig,1
hinaing,1
mkpg,1
conggreso,1
gugulo,1
kasinongalinga,1
taega,1
ogag,1
pabakasyon,1
intention,1
sacrficial,1
co2mment,1
naiintindahan,1
zadly,1
absolutely,1
embarrassing,1
mad,1
ego,1
disrespect,1
pawn,1
babie,1
ngaon,1
kakabakasyon,1
corner,1
suspended,1
meralcoletta,1
pangunahan,1
pahalagahan,1
katipunan,1
miguel,1
kaginhawahan,1
daigdig,1
nasawi,1
mananatili,1
mapaparusahan,1
kailaliman,1
pakikinggan,1
nakamit,1
kalaliman,1
asupre,1
nagpapatawa,1
pagiimbestiga,1
namiminuno,1
nagpapasuhol,1
nanunuhol,1
pagbinaba,1
pagsiningil,1
ipatigil,1
magcolekta,1
obstuctionist,1
buldog,1
ply,1
epis,1
surviving,1
accomplishing,1
arguing,1
maginterfere,1
befall,1
romwaldez,1
rod,1
appeared,1
kinakatakotan,1
nagbabanta,1
denial,1
pamunuang,1
inaangking,1
fishing,1
entirely,1
bare,1
workings,1
characters,1
shelter,1
coruptible,1
maniobra,1
zandro,1
floor,1
naglolokohan,1
maari,1
slide,1
magshabu,1
toni,1
tingco,1
attractive,1
beauty,1
brains,1
starring,1
liner,1
criticize,1
ema,1
contradicts,1
issuance,1
confirming,1
listing,1
mentions,1
falsifying,1
alangn,1
smni,1
npakadali,1
abscbnnews,1
tangos,1
mafigure,1
nagtago,1
loose,1
dfa,1
counsel,1
forfeiture,1
determination,1
liability,1
19th,1
stella,1
quimbo,1
mannix,1
dalipe,1
libanan,1
testified,1
pnn,1
ruy,1
orendain,1
apakasinungaling,1
summa,1
cumlaude,1
pagsisinungaling,1
top1,1
makipagcoordinate,1
homicide,1
pagkagahaman,1
apparently,1
technicality,1
evading,1
naaayon,1
papaikutin,1
mgtagal,1
constatino,1
interviewer,1
kaladkarin,1
pauwe,1
ipagurgur,1
makapagsasabi,1
kasagwat,1
cocomelon,1
sinungalingan,1
ipapatay,1
assacinate,1
pgkababa,1
minion,1
kings,1
stopped,1
separated,1
cleanliness,1
crossed,1
corruptors,1
pumoprotekta,1
invokved,1
ikullng,1
nakakaaliw,1
pagtalunan,1
yansa,1
nariyan,1
ipinangako,1
nagsampa,1
rid,1
kalulu,1
paranoid,1
marygrace,1
nagkakasakit,1
memeltdown,1
condominiums,1
sleeping,1
mausoleum,1
cemetery,1
asylum,1
yown,1
fill,1
blanks,1
mapasuko,1
hukoman,1
masturmind,1
pacheck,1
napagbigyan,1
umingay,1
abotakot,1
hahahahaa,1
paraaan,1
atorne,1
flight,1
indications,1
birds,1
pere,1
values,1
manhunt,1
yani,1
sasabit,1
kinompronta,1
matinik,1
tngnang,1
zco,1
maaatim,1
irepresent,1
tim,1
prenutiktahan,1
buayang,1
dress,1
anyari,1
tinakpan,1
nagdarambong,1
cliente,1
pauuwiin,1
overdevelopment,1
politko,1
haya,1
tiba2,1
dedepensa,1
pagbayad,1
gagastohin,1
ebidensiya,1
wont,1
commin,1
parked,1
researched,1
nefarious,1
testifies,1
bgc,1
attested,1
surprising,1
attache,1
suitcases,1
containing,1
numbering,1
van,1
thief,1
faikure,1
tainted,1
hypocrisy,1
crap,1
sane,1
bite,1
amd,1
sun,1
yesterday,1
understood,1
moron,1
ckurt,1
absentia,1
tlthe,1
tells,1
comstituents,1
embarassment,1
volition,1
agains,1
bakeet,1
pinakamalke,1
11b,1
comitty,1
nakalayas,1
daydreaming,1
magsimula,1
saint,1
pagkakakilala,1
pagkaka,1
dumadaan,1
kakamipii,1
interviewing,1
eying,1
estimating,1
kunwa,1
kunwaring,1
maiging,1
iencourage,1
weighing,1
pinalano,1
talgang,1
confirmation,1
sknya,1
chase,1
pfool,1
salahula,1
ipaanod,1
tugtugin,1
bakeeetttt,1
pilitin,1
ibanpang,1
meting,1
archive,1
pagsuotin,1
isakay,1
vehicle,1
paligiran,1
barbero,1
naguusap,1
hearsay,1
haaaay,1
nasagot,1
makikipag,1
siding,1
nagluklok,1
naglulukohan,1
pco,1
lumaganap,1
tinatarget,1
plu,1
der,1
kadituta,1
bibayad,1
inaasahan,1
bangin,1
peror,1
blaim,1
mentioning,1
dates,1
itturong,1
sukang,1
ombadsman,1
inililigaw,1
sarile,1
pinagugulo,1
purobkayo,1
alams,1
haysss,1
kakakaisa,1
mamando,1
kabinipisyo,1
maninindigan,1
dabi,1
pangitingiti,1
bugfish,1
hingi,1
sumikap,1
konaybans,1
faelan,1
macoconvict,1
malinow,1
kasalann,1
lagging,1
isinasali,1
tiwsli,1
umaction,1
cheche,1
maupo,1
naipwesto,1
koment,1
wah,1
he3,1
ksya,1
ifamay,1
momg,1
hendi,1
kasale,1
malingaw,1
mapaapmura,1
asana,1
pangtulong,1
bnulsa,1
ombad,1
pababayaan,1
kahantungan,1
saban,1
dang,1
absuelto,1
pinuprotectahan,1
napakalakinoa,1
logmok,1
kapalpakan,1
pamumuliktika,1
pagandahain,1
nyp,1
pagnakawan,1
baluktot,1
nasasangkot,1
babala,1
maglalabas,1
sundikato,1
nararanadan,1
humupa,1
napakalines,1
kinunsinti,1
referral,1
ebentang,1
absueltohin,1
sempre,1
napakalakimg,1
paghatihatian,1
inspeksyon,1
orchestrated,1
movies,1
ngbibigay,1
ngtuturo,1
sino2,1
intervention,1
mabubulilyaso,1
nakukulo,1
nayayari,1
pangil,1
madalit,1
nakakasuahan,1
mbawi,1
nahubaran,1
kakandidato,1
indorso,1
relihiyon,1
kakasihan,1
maestermind,1
iiwas,1
naipakulong,1
untouchables,1
kamagank,1
kakilalang,1
corruotion,1
sino2x,1
hustisyaaaa,1
taon2x,1
nangungontrata,1
damimg,1
biglaan,1
usad,1
erment,1
madaliin,1
madismiss,1
walanh,1
stratehiya,1
lufet,1
mapabagsak,1
matami,1
rampat,1
rumal,1
skol,1
margarita,1
baggao,1
bgong,1
pintura,1
tumutulo,1
bbida,1
nanga,1
remualdez,1
embistigahan,1
kriminals,1
papahihirap,1
alamnyo,1
matitikman,1
guinness,1
sisingson,1
sasabwatan,1
nkakabahalang,1
chekwa,1
sinasakop,1
ekonomiya,1
ocg,1
empmoyee,1
magpapakandahirap,1
umangat,1
magkandarapa,1
kalahating,1
gurami,1
makapagtago,1
tinta,1
pusit,1
senadors,1
apolakay,1
bintangan,1
ligalize,1
naayos,1
abominable,1
decay,1
palipat,1
papalit,1
palit,1
taguan,1
tagpuan,1
kotong,1
mamdarambong,1
malustay,1
freash,1
kawatab,1
dadawit,1
pisan,1
ppunta,1
ilokos,1
nakasohan,1
uprobe,1
loko,1
oficials,1
mapili,1
wet,1
naulit,1
nkawan,1
binitay,1
hahahahahahaha,1
kaalyadong,1
mabisa,1
sisihan,1
pumalpak,1
pinermahan,1
singsong,1
cla2,1
dlwang,1
captains,1
plag,1
lomotang,1
bles,1
secsingson,1
mike,1
dissolve,1
exclude,1
lato,1
hudikatura,1
nkikinabang,1
conivance,1
implementor,1
bukas,1
aguinaldo,1
daliri,1
tumabo,1
kurapsiyon,1
ipatuloy,1
iniimbistighan,1
bas,1
pinakmataas,1
sakaling,1
mapaparusahang,1
anumalyang,1
kasundalohan,1
senadorobo,1
crocgresman,1
organize,1
riligion,1
politic,1
batan,1
ablo,1
ining,1
tumatangap,1
nangaling,1
terribly,1
hinfi,1
mska,1
magtoro,1
ksjayahan,1
msng,1
seniors,1
nkayo,1
stressful,1
telivised,1
lantaran,1
kapabayaan,1
makukong,1
mapatalsik,1
nkawala,1
marijuana,1
nkakaalam,1
salakay,1
commision,1
imbistigastion,1
maxado,1
nakakagalaw,1
sakanilang,1
kangkongan,1
bonoon,1
pinagaan,1
magpakatanga,1
nin,1
contagious,1
bilyons,1
pamg,1
tinumbok,1
personality,1
knowthat,1
yann,1
naplano,1
nnaman,1
bac,1
mañana,1
nililinis,1
cnama,1
kalinaw,1
panluluko,1
cimelda,1
korakotan,1
hahabol,1
gagagastos,1
pkinabang,1
gobyernoniilan,1
mlinis,1
harangaron,1
gravehh,1
duterti,1
sumonod,1
intu,1
ngsimula,1
mgpaatayan,1
pinapqnganak,1
ngaung,1
ngstart,1
kinakaltasan,1
mapagkasya,1
malawakan,1
digongyu,1
ahahaaaa,1
inosent,1
remualdes,1
justiis,1
umbadsman,1
empluwensya,1
magkakakutsaba,1
truelly,1
conception,1
corap,1
sindicate,1
siniwalat,1
nagkukunwaring,1
natatapalan,1
npka,1
mpalad,1
absolutlely,1
mtindi,1
mumulan,1
religiously,1
ngtatatrabaho,1
ilibing,1
ikarga,1
kawalng,1
claseng,1
lilinisin,1
kawang,1
magalaw,1
manluluko,1
aim,1
craft,1
mamuhanan,1
ikonomiya,1
disenteng,1
tatakbong,1
pyoyekto,1
eno,1
audith,1
jada,1
overdue,1
totokan,1
male,1
hook,1
crook,1
magtitiwala,1
nanadyan,1
pupuntiryahin,1
magbubumyi,1
baysn,1
makilomg,1
dining,1
srnate,1
racketeeering,1
wtf,1
amendahan,1
tinatawag,1
kasaysayang,1
iligtaz,1
sibb,1
uwaya,1
magsumite,1
blank,1
estratehiya,1
ipinagpapasa,1
mangalaga,1
propesyun,1
kayoy,1
gagampanan,1
pantakip,1
pinaimbistigahan,1
masasagasaan,1
pinatawg,1
marten,1
romwaldes,1
romualdas,1
bopol,1
kapinoyans,1
charice,1
inuulit,1
kindi,1
pinakamadali,1
pinakamasarap,1
imbistgasyon,1
pagdududa,1
privatized,1
nakukukong,1
inutil,1
fiona,1
ilalaban,1
agaran,1
abutin,1
kinasasuhan,1
pahawakin,1
bangkitin,1
rumaldes,1
itinayong,1
inuulol,1
nakasanayan,1
apointee,1
intensyon,1
kalakarang,1
storya,1
masunog,1
wft,1
romual,1
daz,1
bosses,1
advantage,1
savi,1
bungul,1
nagnanakawan,1
hahahahahahahahaha,1
pgkakataong,1
ngkasala,1
sinusuportahan,1
naglaan,1
hotbed,1
catholicism,1
binalewala,1
pagmumura,1
sinuportahan,1
suyop,1
malikigayang,1
kayoooo,1
ngayuuuunnn,1
unpopular,1
inhabit,1
kapg,1
paprating,1
coordinated,1
gvmnt,1
kuntsaba,1
specs,1
mat,1
implies,1
kapanahunan,1
₱26,1
publicized,1
circumstantial,1
approvals,1
shocker,1
umoisa,1
leverage,1
inumpisahan,1
daihl,1
pagbabaha,1
reresign,1
hahara,1
npakahirap,1
matatandang,1
pinapatulan,1
fav,1
prevails,1
asleep,1
heavenly,1
granting,1
mysterious,1
glorify,1
milagro,1
isasabit,1
loots,1
mabilisan,1
naghilum,1
surgery,1
malaysia,1
ppagamot,1
weather,1
weapons,1
takipan,1
estafa,1
mator,1
kapirang,1
bgy,1
buayas,1
consituttcnts,1
magingat,1
patnubayan,1
angels,1
demonyu,1
addik,1
angono,1
staffs,1
mayiha,1
sinunog,1
patunayang,1
katao,1
planong,1
ngsocial,1
gardo,1
pumangga,1
ruby,1
oñoc,1
duwa,1
lpaq,1
duo,1
pagamit,1
pagmomokha,1
comedyanti,1
putragis,1
nakagawa,1
tingon,1
seyempre,1
nagasalita,1
namam,1
lobat,1
solosyonan,1
binabaon,1
mrami,1
nkurapp,1
nasiraan,1
bagyu,1
namunga,1
dli,1
pasagdahan,1
bisan,1
nimu,1
ibuhus,1
precedente,1
1trillon,1
pinarusahan,1
napinsala,1
bisulsa,1
gaanong,1
ngorakot,1
nagkaganyan,1
tapes,1
sakosako,1
nonakaw,1
aesla,1
daeik,1
himde,1
natlouy,1
projieck,1
vontractor,1
poloyico,1
bukasan,1
dilata,1
tulongan,1
edicleack,1
naarami,1
pangaasinan,1
asahan,1
dsw,1
reaquqear,1
poc,1
zalut,1
aeyuo,1
imbornal,1
ngayuon,1
daiek,1
presdint,1
makatulo,1
budjit,1
allam,1
youn,1
tapik,1
lorf,1
ati,1
magmahal,1
irespeto,1
irerespeto,1
kukurakuton,1
makalabaw,1
rhe,1
vast,1
bbgyan,1
nkakasawa,1
nagpapakasasa,1
katuparan,1
pangrarap,1
ngpapapel,1
naglalansis,1
nakakain,1
nakaburi,1
lobot,1
thoughtful,1
kulyngan,1
pagpatupad,1
sinisi,1
concert,1
digits,1
kinukurap,1
5000k,1
tinalaga,1
paako,1
kona,1
matrial,1
magdecler,1
ralling,1
pasyal2,1
umunawa,1
ranting,1
horrible,1
schooling,1
pangungulimbat,1
pghipos,1
oiiii,1
nkkaumay,1
kasabay,1
mggwa,1
sabog,1
galawa,1
pulang2x,1
bitiw,1
tunaw,1
sinseridad,1
apologize,1
modernized,1
sooners,1
nalungkut,1
budoll,1
37t,1
gubierno,1
mahabagin,1
pinalayas,1
planuhan,1
bha,1
kremin,1
nayung,1
nakapagbigay,1
instruction,1
tokes,1
malacanan,1
watot,1
magsaya,1
demonio,1
pako,1
60billion,1
speed,1
tulumgan,1
suporter,1
magmahalan,1
unawa,1
kapamilya,1
kapuson,1
talaganh,1
mapagmhal,1
kabbayn,1
bigyn,1
paguumpisahan,1
ngbtaing,1
humihinge,1
tubiv,1
bumagsak,1
astaghfirullah,1
carless,1
instructors,1
umay,1
nkklong,1
wooorstttt,1
nakakaganito,1
pakainutil,1
sory,1
kakopalan,1
binabatikos,1
lag,1
ayuds,1
hey,1
naramdaman,1
mepuso,1
delobyu,1
discount,1
delobyo,1
sentri,1
yulanda,1
angdameng,1
dunasyon,1
inipit,1
nabulok,1
binaon,1
pinamigay,1
righthand,1
nunakaw,1
kabaong,1
minalas,1
pilipimas,1
posonegro,1
wat,1
magsorry,1
kabalang,1
duka,1
verrry,1
weeakkkj,1
pamumulituka,1
slam,1
isa2x,1
aton,1
posas,1
baclid,1
pka,1
ordenary,1
mapangahas,1
towa,1
isabilla,1
potol,1
magso,1
pwdng,1
hinda,1
flush,1
bogo,1
harangin,1
parati,1
ririnig,1
kulelat,1
studynte,1
pagtulong,1
matulog,1
nakulang,1
20k,1
nagpamedia,1
pinahinto,1
floood,1
paaaa,1
xmas,1
blackpink,1
mambudol,1
konen,1
remedy0,1
ignorance,1
igit,1
nagkandamatay,1
kaparin,1
mkpagppatsyo,1
hayyssss,1
mkakagalaw,1
hellicopter,1
mabibili,1
palakad,1
100k,1
bayat,1
kalungkutan,1
patayuan,1
mapupuntahan,1
paglilimas,1
planado,1
nambubudol,1
lumayasa,1
partial,1
manalita,1
mamg,1
sipsip,1
tagiliran,1
magtatagal,1
nadin,1
10th,1
10t,1
partially,1
damaged,1
yero,1
bitbit,1
lunorin,1
bwst,1
sixihin,1
puon,1
degong,1
menora,1
pangenoon,1
karamehan,1
ganting,1
parosa,1
nilait,1
pagenoon,1
maipatayo,1
pinapaik,1
matakpan,1
punish,1
brawner,1
custom,1
lowers,1
15k,1
tipirin,1
tittle,1
macos,1
pinaparusahan,1
paggagawa,1
ukupado,1
mlayo,1
nbudol,1
nrin,1
prisedente,1
overdoze,1
sundan,1
marcus,1
victima,1
pinaghati,1
leaderw,1
gnewe,1
magsory,1
binabayo,1
abstain,1
pumabor,1
palistine,1
nilamatan,1
friendship,1
blessing,1
sinumang,1
magpala,1
pagpapalain,1
sinuman,1
kumalaban,1
geneses,1
disisyon,1
pulbiron,1
masigot,1
nagpakit,1
budhi,1
natangay,1
ma2loyan,1
aasahan,1
ngiwi,1
imbunal,1
nagrereklamo,1
mapalad,1
hahanap,1
masasalanta,1
sinusumpa,1
kananakaw,1
nala,1
tayoga,1
napapalitan,1
nagtrateabaho,1
nalungkot,1
mahala,1
ginagampanan,1
pumapatay,1
adik2x,1
magsosorry,1
makapagpatayo,1
trapal,1
makagawa,1
tent,1
surry,1
aroy,1
luoy,1
nananaman,1
naipatayo,1
bintahan,1
20kls,1
emptive,1
sadness,1
matugunan,1
magpakulong,1
5k10k,1
dyusko,1
gyo,1
durusa,1
nagkaganon,1
nagpapakasaya,1
ksys,1
dinals,1
2o19,1
ddlis,1
makaintimdi,1
inamo,1
humaharap,1
snow,1
pahamak,1
masalita,1
hinehingal,1
ipunin,1
ayosen,1
markoz,1
anima,1
jkana,1
kjwentang,1
pbbmm,1
ayudang,1
walaman,1
pagalitain,1
normarmal,1
sinapit,1
pagkakakitaan,1
inilagay,1
payak,1
manloko,1
sweldong,1
bwelta,1
katiwaliang,1
nagpabudol,1
ski,1
bandila,1
ninakwan,1
bugit,1
ktindi,1
mgnnkw,1
mniwala,1
ntutupad,1
malilimutan,1
walangya,1
nagsorry,1
posti,1
inland,1
magsilipatan,1
nakakamatay,1
tangkig,1
dust,1
pan,1
abablik,1
maitapon,1
tyong,1
bahayan,1
anlng,1
yogn,1
mangisda,1
lalaot,1
lupat,1
summerged,1
sako,1
sakong,1
nakapagtaka,1
tawagin,1
lumubogbyan,1
dahial,1
desposisyon,1
tulunga,1
gamitan,1
sakrepisyo,1
msg,1
giyera,1
magnanakao,1
bobyerjo,1
galir,1
abusado,1
mapagtuunan,1
mattaas,1
tangayin,1
wlaa,1
matogonan,1
gobelno,1
ninanakawan,1
bravest,1
stamina,1
pinapayagan,1
hahakot,1
militant,1
huhukay,1
anda,1
ngumangawa,1
kapitan,1
tabing,1
nabababiy,1
aari,1
katatapos,1
lalayas,1
ibak,1
higop,1
ate,1
earthworms,1
pinakamatinding,1
paglagay,1
diosdado,1
anyong,1
ilatag,1
planohin,1
rebolto,1
sambahin,1
disruption,1
meaningful,1
stable,1
kadami2,1
nakabigay,1
pagtoonan,1
nkaaupo,1
bubusigin,1
pinantambak,1
edi,1
itinatambak,1
tataka,1
bentahan,1
sayin,1
aalagaan,1
floodings,1
hurricanes,1
hurricane,1
binibisitahan,1
mieyembro,1
sourdhoughs,1
cherryio,1
sinundan,1
wildfires,1
wildfire,1
gotrestblng,1
malibu,1
titiis,1
tubeg,1
announcement,1
kombinasyon,1
narito,1
pangunahing,1
natutunaw,1
arctic,1
antarctica,1
lebel,1
baybaying,1
subsidence,1
groundwater,1
extraction,1
pagguho,1
paglabas,1
pagsira,1
tinayuan,1
imprastraktura,1
bumibilis,1
pagkatunaw,1
tectonic,1
pacific,1
apektadong,1
paggamit,1
wells,1
pangalagaan,1
limitahan,1
seryosong,1
pangmatagalang,1
tambo,1
2peter3,1
chapter,1
kawayan,1
youtuber,1
asian,1
subduction,1
lumindol,1
palala,1
tugon,1
ngkakagulo,1
pinanonood,1
mapigilan,1
maluha,1
aawa,1
kiboloy,1
pangakuhan,1
mapapako,1
riyadh,1
tumanim,1
manggrob,1
tumubo,1
obligado,1
mangtanom,1
protiksiyon,1
bohangin,1
lulusaw,1
kapagwala,1
kakapitan,1
palitaw,1
mqa,1
nkaraan,1
payapa,1
ubus,1
bifay,1
dudirty,1
chana,1
nakakabiti,1
patibsa,1
titser,1
kasakitvsikang,1
malipatam,1
theylive,1
ambrella,1
crak,1
lulobog,1
palikasin,1
pinapalabas,1
chuchu,1
babaduy,1
gugustuhin,1
nire,1
reclaim,1
ibebenta,1
maisasalba,1
mamamahala,1
madiskarte,1
iyung,1
shamp,1
reclaimation,1
nakakapasok,1
gobyern,1
bakante,1
angvpogo,1
ipagamit,1
navyan,1
byahe,1
chikwa,1
leak,1
oil,1
soell,1
pagputol,1
nagtanim,1
deseplina,1
goring,1
parlor,1
daddy,1
minamagic,1
kilabutan,1
tumatagilid,1
balanse,1
untiunting,1
bababa,1
iibabaw,1
ihanap,1
malilipatan,1
aseana,1
billionario,1
lubhang,1
nkakabahala,1
npkagandang,1
dokumentaryo,1
sulosion,1
seftv,1
inhuman,1
kakagayan,1
nakababad,1
paa,1
anty,1
lumobog,1
samasama,1
sagit,1
piktyur,1
scope,1
measurement,1
nililipat,1
alipunga,1
naparaming,1
tinambak,1
lisud,1
makasalanan,1
alamko,1
angkounting,1
historya,1
patawad,1
lubusan,1
mailipat,1
pabayaan,1
bbmarcos,1
nasisira,1
pahiram,1
mapalitan,1
titira,1
kumikitid,1
naglulubugan,1
nahahawi,1
napapalutan,1
likha,1
matagalang,1
npapakinabangan,1
tinutokan,1
gudna,1
gipuy,1
matuyo,1
tinirahan,1
iblame,1
condi,1
lagat,1
paligid,1
isuot,1
binibigyang,1
quad,1
lumulobog,1
dumadagan,1
sikskikan,1
inspirational,1
resourceful,1
navy,1
magsuporta,1
boooooo,1
ibinajagi,1
pide,1
moh,1
kning,1
koryenti,1
kasamaka,1
makaloto,1
kahuy,1
makatulog,1
earcon,1
focusing,1
pagtabon,1
hunting,1
sunduin,1
tatabunan,1
dahilang,1
uutusan,1
magpaikot,1
madadagdagan,1
evidensya,1
nagtabon,1
magaklas,1
ngdaan,1
tayung,1
patambakan,1
itatambak,1
confidensyal,1
fun,1
marvos,1
naipong,1
hinarang,1
napapalibutan,1
katigasan,1
makakaranas,1
pamumulsa,1
babawal,1
lapastangan,1
papatupad,1
jeepney,1
modernization,1
mumulat,1
pagtatapon,1
kamulatan,1
babad,1
avoided,1
controlin,1
minimize,1
homelessness,1
yearly,1
affordable,1
relocated,1
dealing,1
nanawagan,1
nwala,1
900m,1
restoration,1
tabunan,1
dependent,1
nakakalunod,1
sumabog,1
sumasabog,1
singaw,1
antartica,1
pole,1
dhilan,1
lagtaas,1
tinatabunan,1
dhubai,1
luwang,1
nagtatabun,1
yer,1
governant,1
compedncial,1
kinkurakot,1
iconvert,1
kailang,1
garbe,1
ipahukay,1
inambakan,1
lintik,1
nigosyo,1
ikompara,1
planggana,1
aapawgantan,1
pagtatambak,1
moah,1
midle,1
east,1
tgarito,1
nagtrabaho,1
shempre,1
naliligo,1
lalapwason,1
tikang,1
kahiladman,1
magraot,1
binuhatan,1
mabubuhi,1
ages,1
regularity,1
mangangasiwa,1
paalis,1
sabivil,1
lagman,1
bagsam,1
sidihin,1
tin,1
hil,1
nalagay,1
bebliya,1
pinapaalis,1
ipanood,1
basurang,1
panis,1
goodbye,1
bye,1
loveblessall,1
madera,1
bahaymonamganda,1
saankalilipat,1
pangalawamobahay,1
kongwalassaankalilipat,1
kongmagpahingaka,1
tsyolahatbuhay,1
kasech,1
araternyaaycharaternatenetolangpatonaketasakanya,1
anomankataas,1
angatenpenagaralan,1
angbuhaytaesalang,1
mahalen,1
tadahelseyasaatenkitasaeya,1
mahalkitaneya,1
jinfineyakitaeewan,1
kasesabeneya,1
balanceandrevers,1
gustonyawalamaherap,1
walamayaman,1
pantaytayolahat,1
godlovehumanity,1
recognizeyouresselfe,1
hodinyouloveyouresself,1
godinyou,1
enjoyeternal,1
theirjofeistemporsry,1
nutthislifeiseternal,1
veryberybeutifull,1
lee,1
mylifeidcrydtallclear,1
server,1
crystalclearyes,1
amenyesamen,1
aksyunan,1
pnagmamalke,1
prrdd,1
hbd,1
tnambakan,1
salam,1
illallaah,1
muhammad,1
rasullullah,1
salalaho,1
alayhi,1
wasalam,1
nauzubillah,1
shukran,1
santiagobagtas,1
lisod,1
atoa,1
huhuhu,1
sanitation,1
nagkataon,1
floring,1
nkukurakot,1
nganga,1
jeseca,1
sulosyonan,1
mgq,1
instan,1
konsensyaa,1
hilingin,1
ccr,1
pity,1
onsaon,1
diciplina,1
pakalat,1
kalat,1
damat,1
disciplina,1
magisip,1
nagiisip,1
maypagmamahal,1
nagisip,1
shalom,1
lumotin,1
eregasyons,1
midwest,1
sitcoms,1
clock,1
louisiana,1
nalakayakot,1
jindi,1
makakatulog,1
aking,1
katubigan,1
kaawaan,1
ywhw,1
jesu,1
kristo,1
matai,1
lucas,1
tilted,1
tobogan,1
napabayaan,1
marelocate,1
mataohan,1
mismu,1
unt,1
india,1
ruussia,1
nakakasira,1
pinataas,1
solusyonan,1
mami,1
ganya,1
kayalang,1
gubirno,1
inaaksyunan,1
phillipine,1
pamahalan,1
nuod,1
mailand,1
papataasan,1
maabotan,1
forgot,1
dutch,1
gianamit,1
zambales,1
kasalananan,1
nakamais,1
sinusubaybayan,1
nkababad,1
paajo,1
andski,1
sasskya,1
nakapunta,1
amodyan,1
nanaisin,1
nakalubog,1
mapagtiis,1
ikakamatay,1
naningil,1
kinaiyahan,1
rapod,1
natong,1
disposal,1
maglusong,1
problemang,1
pinalalayas,1
malolubog,1
dugyot,1
nssbi,1
magbbgy,1
binabahayan,1
anghirap,1
pigilan,1
baklang,1
ipinanganak,1
papaniwala,1
pinanood,1
sakrepisyado,1
keef,1
malipat,1
restroom,1
abbah,1
yahweh,1
shaddai,1
trough,1
yahshua,1
messiah,1
2peter,1
peter1,1
magbroadcast,1
kredebilidad,1
ipinangakong,1
mangisdskung,1
italy,1
mamiligro,1
gysto,1
nkikigaya,1
lmng,1
sinusuong,1
afganistan,1
nkakahagas,1
kyng,1
susunog,1
polution,1
pgmasdan,1
mmayan,1
jalikasan,1
binibisita,1
hinusgahan,1
minumutya,1
ginawaan,1
nagbabakasyon,1
binabagyo,1
matutulog,1
pinzan,1
nagtanggal,1
nagresulta,1
pinakulong,1
magkangmatay,1
ataul,1
nilindol,1
nagiikot,1
gvernor,1
maghintay,1
fantastic,1
aaprove,1
patos,1
nakararami,1
kasumpa,1
nakagagalit,1
caption,1
gasino,1
kalakihan,1
naakusaan,1
ingon,1
hemuon,1
anang,1
abusing,1
monopolizing,1
flocks,1
silbe,1
pinapatag,1
hupa,1
pilipilit,1
kahilingan,1
wañang,1
yerno,1
makaknakaw,1
balimbing,1
natapalan,1
tungaw,1
sout,1
400millions,1
amats,1
ddshits,1
sisigaw,1
tiwalis,1
nabukong,1
aumalyang,1
kumitil,1
polong,1
tutcha,1
kahilig,1
malacanian,1
gumanap,1
apura,1
nannga,1
kamot,1
tamis,1
gaguhan,1
vilanueva,1
brain,1
magkaunagyan,1
26m,1
katong,1
kastto,1
virtue,1
protested,1
monuments,1
memory,1
brothel,1
girls,1
catastrophes,1
inabswelto,1
plitan,1
wak2,1
gropong,1
naunsa,1
giboto,1
kabalo,1
mghandle,1
ncr,1
magagalit,1
baliwala,1
abusiness,1
estate,1
kakwarry,1
ngbansa,1
gafawin,1
nkapasok,1
mangga,1
duterteland,1
dapay,1
australian,1
skm,1
angnlahat,1
tuktok,1
uubusin,1
magluklok,1
simot,1
makapagnakaw,1
kapartido,1
saming,1
binobola,1
imbakan,1
heto,1
malabong,1
kunsintidor,1
milyo,1
napakadaminh,1
pipigilan,1
ganti,1
penaty,1
saves,1
paimbestigahan,1
anteng,1
pura,1
kaulunan,1
bbshit,1
embistigasyon,1
hanggng,1
palalimin,1
sabin,1
malacaniang,1
demomyo,1
hanap,1
pinaghandana,1
paparating,1
sipain,1
nakkulong,1
asset,1
obos,1
inilikas,1
piattos,1
nadn,1
mahabol,1
haay,1
infrastructures,1
hunt,1
exemption,1
hah,1
tatakapa,1
hiwalay,1
rip,1
rap,1
andmakikita,1
lalabanan,1
pakibilisan,1
inventisgahan,1
pagfocusan,1
pinakamaraming,1
kaying,1
mahihita,1
dudi,1
masabihin,1
ssundin,1
factor,1
swamps,1
marshes,1
binahang,1
paanan,1
rumagasa,1
silabasan,1
kunyaring,1
bngag,1
builder,1
asos,1
nagkaka,1
nangyayaring,1
kokonti,1
napapatayuan,1
basiin,1
ariarian,1
makialam,1
conglomerates,1
boooogaw,1
gro,1
congiyot,1
26billion,1
knocking,1
whistleblower,1
attributed,1
striktoha,1
pagpa,1
pamela,1
kandautal,1
kakapaliwanag,1
ibabalik,1
indirectly,1
nasimot,1
pagpuputol,1
kawayanan,1
nakalbo,1
nahhh,1
geezzzz,1
gullas,1
nati,1
masabihan,1
deadly,1
binagsakan,1
pinansin,1
queen,1
pila,1
initan,1
botoohannn,1
buaayaa,1
lukohin,1
nilalaan,1
pagaganahin,1
itokhang,1
pinagsamang,1
pusher,1
talagng,1
bigyang,1
pangkurakot,1
convertible,1
shelters,1
pinaghatian,1
papasarap,1
magagara,1
clever,1
idle,1
banguhin,1
masmalawak,1
mensaheng,1
alalahin,1
guen,1
kinaso,1
trapos,1
congtractor,1
magtae,1
aamang,1
nararamdaamng,1
trapo,1
tagajapan,1
polido,1
kamahalan,1
exsperto,1
sigeg,1
imbetiga,1
nagpuputol,1
matitigil,1
nora,1
ponto,1
bumangom,1
inimibestigahan,1
karuon,1
wakwak,1
nilipad,1
ngag,1
magna,1
sufferings,1
apekto,1
timing,1
synchronize,1
ineffectivity,1
makurakut,1
pinaligiran,1
nahulog,1
bowl,1
nalagas,1
hahalungkat,1
putla,1
kayata,1
priso2,1
clir,1
airline,1
napakadunong,1
gubat,1
batasan,1
itinatago,1
tinawanan,1
pagtanggap,1
dungis,1
reputasyon,1
dutarte,1
misinformation,1
interviewed,1
explanations,1
confusion,1
arguments,1
trabahuin,1
ipaimbestiga,1
mouths,1
fools,1
wrongs,1
scandslous,1
mgalit,1
nangangailan,1
loud,1
revoke,1
utuin,1
babato,1
crocks,1
apondo,1
walangvproyekto,1
bio,1
huagahan,1
pagbabaligtad,1
ayysib,1
obserbahan,1
conttop,1
oinagbubulsa,1
romaukdes,1
biyo,1
valigtatun,1
itapon,1
amga,1
napakabugok,1
papakasuhan,1
iniiyak,1
naitago,1
sisilip,1
kindergarten,1
paulo,1
tagal2,1
imbesriga2,1
langgg,1
weeee,1
pptawa,1
nagtagal,1
lesser,1
persecuted,1
ist,1
dist,1
dissolved,1
greatest,1
tulong2x,1
testimonies,1
elizaldy,1
eric,1
yap,1
danny,1
domingo,1
augustina,1
dominique,1
pancho,1
ambrosio,1
reportedly,1
roman,1
romulo,1
jojo,1
uswag,1
ilonggo,1
vargas,1
nicanor,1
briones,1
agap,1
marcy,1
robes,1
eleandro,1
madrona,1
agarao,1
florencio,1
waray,1
reynante,1
arrogancia,1
marvin,1
rillo,1
leody,1
tarriela,1
haresco,1
aklan,1
antonieta,1
eudela,1
sibugay,1
dean,1
asistio,1
marivic,1
pilar,1
generally,1
eddie,1
guerrero,1
nagsusugal,1
paloko,1
bangladesh,1
oth,1
ers,1
sumaya,1
kabanayan,1
pradject,1
corapsyon,1
natulong,1
nagbibinta,1
asap,1
scapegoat,1
whitewashing,1
endeavor,1
unoccupied,1
napakamura,1
nabibili,1
makaahon,1
kelanman,1
itaga,1
kailanman,1
0ne,1
macontrol,1
ibunton,1
currapt,1
believes,1
beings,1
claus,1
tooth,1
fairy,1
ain,1
reachable,1
masses,1
colleagues,1
résignation,1
sold,1
jewelries,1
ombudolsman,1
accomplishement,1
mapanuri,1
namimigay,1
pagpapirma,1
magbili,1
lumie,1
digman,1
sarabosing,1
responsable,1
bumoboto,1
direktang,1
unawain,1
haggang,1
ebidensyang,1
magpapatunay,1
sinasampahan,1
nakakapagsisi,1
nakming,1
kapakinabangan,1
parliament,1
provincia,1
matukoy,1
ebidencya,1
pangyayaring,1
mabubuking,1
mapatunayang,1
ikang,1
ibubuno,1
tiring,1
repeating,1
scammers,1
equipped,1
riverbanks,1
subways,1
trains,1
governing,1
fame,1
yeshua,1
jesucristo,1
eternal,1
damakmak,1
pagtutruso,1
lilingdol,1
papotok,1
samining,1
leyte,1
kinukunsinti,1
nkkaiyak,1
passes,1
thievery,1
watched,1
returning,1
fttm,1
pagdurusa,1
sisisihin,1
magdassal,1
paninisisi,1
nampangulo,1
matayuan,1
pagkawala,1
flung,1
informed,1
masawata,1
kalbuhin,1
imaginary,1
panoodin,1
nagdala,1
dimalas,1
yawaa,1
matatapang,1
plenaryo,1
komento,1
unsaon,1
ayo,1
blaming,1
anga,1
katulong,1
dkaba,1
pasunorin,1
maangmangaan,1
nbaha,1
makukuhang,1
cebuanos,1
revamped,1
prospers,1
oppressor,1
kaluoy,1
nahitabo,1
dghn,1
mutabang,1
manaha,1
tinitirahan,1
visayans,1
devotion,1
blasphemer,1
adulterer,1
murderer,1
idolized,1
reckoning,1
unithieves,1
ndadamay,1
mkarating,1
baylis,1
tanim,1
miners,1
consideration,1
lifevest,1
gigising,1
hobyerno,1
nagagawang,1
imposobleng,1
kabalbalan,1
madalian,1
malayong,1
fanish,1
turning,1
extracted,1
proliferated,1
reign,1
resulting,1
stripped,1
obliterated,1
packs,1
damit,1
pagbili,1
impotent,1
nagpi2lit,1
sinalanta,1
kay9,1
posibleng,1
nasisisi,1
panic,1
nagpalake,1
mahihina,1
tab0g0,1
umaaksyon,1
swak,1
ipagmalaki,1
extened,1
iniquities,1
nakahiga,1
malalambot,1
elders,1
relieve,1
noodles,1
sardinas,1
agony,1
haunting,1
pagtulog,1
mgapolitiko,1
nanguha,1
masaksihan,1
pamati,1
magtigrabe,1
napurwisyo,1
nakitil,1
kalbohin,1
gagantihan,1
mallubog,1
tyak,1
plipino,1
binalita,1
patrol,1
pansamantalang,1
birhen,1
magcorrupt,1
malalo,1
nat,1
hmmm,1
ibasul,1
ilokano,1
globalwarming,1
nagtatapon,1
naghugas,1
kilabot,1
manisi,1
pumalit,1
dumarating,1
mapanirang,1
glad,1
anybody,1
antay,1
wind,1
paiimbestigahan,1
digger,1
chez,1
ombudolman,1
magpinsan,1
advices,1
buddy,1
reasoned,1
sing2x,1
hart,1
58million,1
ibinta,1
cibu,1
pagmakulong,1
gwapaks,1
ewn,1
magwala,1
mgakakaswabwat,1
gumagamit,1
cocaine,1
pinaaresto,1
surrender,1
mastemind,1
committing,1
associating,1
harming,1
urge,1
worship,1
oneness,1
natanggal,1
shortlist,1
nanood,1
pamalo,1
buhayang,1
bogus,1
feasted,1
conditioning,1
foreseen,1
romualdass,1
niloko,1
ombudohh,1
propaganda,1
patyon,1
diritso,1
ing,1
raman,1
hangtud,1
dineclare,1
imelda,1
kadedepensa,1
bangagbangag,1
pulitico,1
kataastaasan,1
menistro,1
tutuong,1
omb,1
faker,1
masterminds,1
mambatas,1
maresolba,1
err,1
naagnas,1
kontractors,1
nadambong,1
58m,1
singsing,1
pilipno,1
masmaraming,1
mahihrap,1
familya,1
statues,1
marble,1
crucific,1
pagan,1
worshipping,1
cursed,1
alway,1
religions,1
churches,1
saints,1
thetrue,1
priests,1
nuns,1
dino,1
opav,1
rectify,1
whould,1
ngita,1
dayon,1
pasanginlan,1
magkakaibigan,1
gathers,1
sonas,1
tumama,1
prep,1
kayak,1
hagdan,1
akyat,1
charger,1
mahabang,1
zipline,1
ahould,1
rosary,1
drum,1
sakyan,1
pets,1
pagtawid,1
banggang,1
profitab,1
miva,1
kumontra,1
oilkba,1
anjo,1
developers,1
pretended,1
assessors,1
kinonsinti,1
pretense,1
nsman,1
recall,1
mspanagot,1
taontaon,1
students,1
ganung,1
inexcusable,1
magkumpadre,1
rat,1
jomar,1
sison,1
confiscate,1
chismosa,1
estorya,1
tinder,1
owns,1
wyndham,1
roy,1
dilaw,1
magsasabing,1
nanagkaron,1
pinagkakaitaan,1
nagba,1
bandera,1
pagunlad,1
kumpare,1
senatongs,1
congtractors,1
counting,1
hotel,1
clark,1
jets,1
bakitb,1
pinauuwi,1
criminally,1
directed,1
ombs,1
honteviros,1
tonying,1
respondeat,1
superior,1
establishment,1
cabinet,1
kakalungkot,1
scaaaaared,1
aah,1
nepotism,1
elitism,1
basbad,1
appointments,1
diminish,1
appointing,1
consequently,1
delegation,1
talks,1
associates,1
hells,1
mamuhay,1
jakasuhan,1
kkasuhan,1
minadali,1
pinaupo,1
nakakaghiya,1
palalayain,1
pauli,1
kaugnayan,1
gods,1
salahat,1
kilan,1
kanputang,1
katangahan,1
8million,1
magkakutsaba,1
pukpukin,1
romaldez,1
inexcusation,1
inprisonment,1
resigns,1
kakistocracy,1
dusaster,1
truthmustprevail,1
magsilbing,1
pumuwesto,1
nakalimutan,1
kalakip,1
acquittal,1
worthy,1
crocodiles,1
rightly,1
plunderers,1
murderers,1
appear,1
souls,1
laugh,1
belly,1
paninidigan,1
titirip,1
tinangap,1
papakabulag,1
rekto,1
tangina,1
nalula,1
nakupo,1
hhhhahahahahhahahaha,1
pingpingpingpingping,1
pikon,1
ibnigay,1
inaanounce,1
pagbubunyag,1
maker,1
breaker0,1
patalsiking,1
keta,1
panaleta,1
do30,1
betoka,1
kalimotan,1
dihamak,1
emmm,1
indeed,1
labis,1
realizing,1
kinakaltas,1
nkakataas,1
murahin,1
markus,1
looy,1
ghapon,1
pangugurakot,1
philheatlh,1
deleo,1
utasan,1
ico,1
kabli,1
rojo,1
uwag,1
acko,1
xeleon,1
gropo,1
otosan,1
ook,1
pangolo,1
voice,1
lul,1
unveil,1
6years,1
namulubi,1
pangongorakot,1
balikan,1
malapiy,1
botohan,1
mamalinis,1
dobleng,1
nabaha,1
tomas,1
procurememts,1
abno,1
ngaang,1
hangarin,1
delicadisa,1
tutunguhan,1
oara,1
bloody,1
revolusyin,1
bunsod,1
kumakailan,1
nagkaleptospirosis,1
pampublikong,1
overcapacity,1
nagdeklara,1
humantong,1
humagupit,1
vudeo,1
infainess,1
aqng,1
weh,1
makakaaalam,1
laborers,1
sadami,1
pinsa,1
widi,1
dow,1
rekado,1
pinaghirapang,1
matutumbok,1
emlpoyees,1
pakiusap,1
yaang,1
nakalap,1
substandar,1
kinupit,1
buwayaaa,1
envy,1
kinang,1
pearl,1
orient,1
madisgrasya,1
goberyerno,1
pinakamadaming,1
pinakabinabahang,1
tanunginnyo,1
subtitles,1
worldwide,1
spreading,1
unique,1
storytelling,1
patawan,1
bounty,1
tuturo,1
pilopinas,1
napakalai,1
pinapataw,1
nabwasan,1
grbe,1
nakaiyak,1
nangyyri,1
hhirap,1
napapahimas,1
sinasahuran,1
subcontract,1
machines,1
uniform,1
gadgets,1
durable,1
robust,1
lasting,1
employ,1
applicable,1
skilled,1
facility,1
compare,1
ngyyring,1
nakw,1
estudyante,1
libro,1
pasyente,1
bumabagal,1
progreso,1
lumalala,1
makakaiwas,1
targetin,1
zaldi,1
cion,1
bilangin,1
isaac,1
jacob,1
cguru,1
papalamig,1
pinanggalingan,1
tma,1
mnagot,1
atakehon,1
ani,1
maminaw,1
grabeha,1
kakurakot,1
mau,1
tingong,1
nata,1
magpakahilom,1
malulunod,1
bumuo,1
dabestt,1
alibaba,1
magkatotoo,1
cake,1
kleptomania,1
gripo,1
papalubog,1
itago,1
aalingasaw,1
titibay,1
guguho,1
magigiba,1
trabahor,1
guyz,1
christmas,1
nanggagagaling,1
puhunam,1
humina,1
kumpamyan,1
pnagtatrabahuhan,1
weal,1
holdup,1
mammayan,1
nagpapatunay,1
digs,1
mangulo,1
kakalampag,1
protectionan,1
masugid,1
tangahannga,1
tulongngan,1
kinauukulan,1
manghearing,1
gaganapin,1
patugtugin,1
panatang,1
tuparin,1
tamad2,1
bangag2,1
nananaig,1
minabuti,1
dumito,1
pinapakinabangan,1
ipinatawag,1
congresmant,1
plad,1
caban,1
featuring,1
nabulag,1
iidolo,1
pokitko,1
namimili,1
pinagtutulongang,1
makapangurakot,1
kababain,1
dagita,1
hayyyyyy,1
yorme,1
bumabayad,1
endorso,1
ipalabas,1
telebisyon,1
numero,1
balota,1
hypocritong,1
mngulikta,1
mpgsamantala,1
mhiya,1
magsipagbaba,1
pagnnakaw,1
nilukluk,1
pagsilbihan,1
naayon,1
hbang,1
binubuo,1
wasto,1
lawig,1
lamut,1
ifugao,1
qusgdgg,1
ususue,1
usyrudufudy75966,1
kgjgjhiu,1
absolute,1
menace,1
pataba,1
toga,1
bubungkal,1
ibestigahan,1
bungkal,1
sinsamantala,1
kaen,1
ipakaen,1
kongreto,1
magara,1
iniatas,1
sinubstandard,1
kadalasan,1
prcing,1
25k,1
minus,1
contingency,1
bolt,1
overprice,1
laan,1
contingecy,1
papatol,1
cocosting,1
íbig,1
phlhealth,1
óras,1
hahit,1
magbibintang,1
nngyayari,1
1month,1
ingst,1
nininakaw,1
matuldukan,1
gya,1
anolmya,1
gaining,1
kabelya,1
billionaires,1
ungka,1
fly,1
sobrng,1
contraversial,1
prq,1
gity,1
mhigpit,1
mgkruon,1
pgbbicita,1
maiwsan,1
ngumpisa,1
madadawit,1
kavibes,1
fictitious,1
sinasubmit,1
biruin,1
kalaking,1
ipapasemento,1
cemented,1
panungkulan,1
sarap2,1
nkokolong,1
ipabitay,1
investigasyon,1
category,1
nakakalimutan,1
pinkamaraming,1
curakot,1
nanyan,1
resigh,1
subaybayan,1
nakakiyak,1
aga,1
minulto,1
tour2,1
dyun,1
ngunitmas,1
msrami,1
garapalat,1
disgraceful,1
conducts,1
ruining,1
mayayamang,1
nandidilik,1
paningin,1
btayin,1
ipanakaw,1
seniour,1
matatanda,1
nakararaming,1
presidenting,1
sibuyan,1
bisita,1
managut,1
akusahan,1
umiyak,1
1timothy,1
panagotim,1
mangakuralkoy,1
prej,1
pagbbibitayin,1
prospective,1
assetss,1
antimano,1
kompiskahn,1
anianal,1
pumiperma,1
garabe,1
ginorakot,1
makkarating,1
hinihinging,1
requirments,1
congrisista,1
kdslaman,1
madaraya,1
nakakaiyal,1
potanginang,1
mamatai,1
pulitzer,1
prize,1
plsssss,1
pinagaarala,1
namamanipulate,1
kahayupan,1
grbeh,1
batikos,1
businessmen,1
architects,1
trained,1
everymonth,1
wagkalimotan,1
sabong,1
simento,1
ipapabili,1
syimpre,1
mapalugi,1
tipid,1
materialis,1
naguho,1
saputi,1
ula,1
komita,1
cobtratista,1
titipidin,1
umiilaw,1
abnsa,1
engerner,1
geberno,1
shouldve,1
dudrugs,1
lihim,1
dasma,1
makibaka,1
ginaganyan,1
nja,1
pwee,1
nakikipaglaban,1
maupong,1
kaalyansa,1
mapapalabas,1
haaaa,1
ihe,1
simplle,1
presi,1
dente,1
conteol,1
nadapat,1
pinagyayabang,1
sumasama,1
bamit,1
ipagi,1
taki,1
sanv,1
nimin,1
di2,1
miranda,1
zainyu,1
busuga,1
kakaboto,1
sistemang,1
idiots,1
pinaghihirapan,1
greatly,1
diligent,1
discussed,1
bumoses,1
supertyphoon,1
illnesses,1
displacement,1
premises,1
sierra,1
madre,1
realized,1
weren,1
kinukuhanan,1
stained,1
unfulfilled,1
kinakaharap,1
societal,1
survivability,1
seated,1
stake,1
hihinhi,1
drop,1
kinalalagyan,1
impietno,1
magigising,1
farme,1
rood,1
contro,1
nanangyare,1
trillioon,1
binangga,1
napaparosahan,1
mabagal,1
kumontrata,1
pagnannakaw,1
wallang,1
underpass,1
outstanding,1
vener,1
matamis,1
contedted,1
279k,1
iinvestigate,1
shi,1
nkaw,1
ngmangga,1
kulngka,1
piru,1
fpred,1
protectors,1
demolished,1
taohana,1
kwartahan,1
maayo,1
ganahan,1
pakaon,1
inyoha,1
kailgan,1
kailagan,1
sikap,1
pagpapakasasa,1
gngwang,1
sumbungan,1
elicsyon,1
kumandidato,1
yomaman,1
kakurapan,1
koprakot,1
magsama,1
maawain,1
ksbataan,1
nagsisipag,1
matututuhsn,1
madadamay,1
mabubuhay,1
nanlokoko,1
namagkasya,1
magiting,1
ipinagmamalaking,1
pamumulitika,1
ranggo,1
papayagang,1
kooperasyon,1
kumunikasyon,1
makitang,1
breathing,1
solved,1
manghinayang,1
kapated,1
malambot,1
silid,1
ibgay,1
nppinta,1
kkasala,1
nkkapag,1
ibbgay,1
instructora,1
papaanu,1
ganyankc,1
aungun,1
philgeps,1
wroted,1
tinatanin,1
titigilan,1
diumano,1
mom,1
idaan,1
prohikto,1
gomagawa,1
sigon,1
presidinti,1
okmom,1
gobirnor,1
mawalana,1
maimbestegahan,1
nkabwisit,1
manhood,1
doat,1
kda,1
llag6an,1
maghightide,1
ppsok,1
malawakang,1
pagwawakas,1
abuso,1
betrayed,1
jasicca,1
pamapanga,1
katagala,1
napong,1
courupt,1
bamga,1
mgamukhang,1
hhinto,1
ssolve,1
pgbbago,1
mvamulhanv,1
eorker,1
salpi,1
nxa,1
ginugulay,1
ginagataan,1
taz,1
stew,1
afrikan,1
fufo,1
okro,1
okra,1
soup,1
itinawid,1
aspalto,1
pampakapal,1
cory,1
fidel,1
macapaggal,1
aroyo,1
kinokonsinte,1
nagigising,1
lumalakas,1
ssna,1
anex,1
lanipga,1
bula,1
dynastiya,1
kontraksyon,1
pakilo,1
miron,1
tayasan,1
himamala,1
kadenang,1
pumipigil,1
napuputol,1
bihag,1
sugat,1
dinudumihan,1
sindi,1
lumamon,1
bunutin,1
sumusulpot,1
humahalo,1
bohosado,1
kalawangin,1
umusbong,1
kkhering,1
msisiba,1
matayakaw,1
atip,1
nakakabit,1
naibaon,1
natingga,1
ungab,1
balwarte,1
nakipagtalo,1
sinasavi,1
bantog,1
nagbungkag,1
hayyyyyyyyyysssssst,1
allot,1
magtinda,1
bananaque,1
dilikadong,1
welding,1
welder,1
nagwelding,1
papasa,1
wqt,1
pupet,1
mya,1
31m,1
matatakasan,1
kabus,1
pangyarihan,1
enyo,1
segi,1
magdahilan,1
itatag,1
takbohan,1
pinagkatiwalan,1
ginhawa,1
poide,1
manupula,1
prov,1
isinagaws,1
marinduque,1
secretly,1
mine,1
financially,1
maaapakan,1
kurokuro,1
maapektuhan,1
nakatirik,1
bungad,1
paggawa,1
panangga,1
pampang,1
residenting,1
matatamaan,1
dadaluyan,1
hukayan,1
dalawampong,1
ilapat,1
mating,1
mixing,1
pinakaharang,1
bakat,1
tapalan,1
pinaling,1
kuko,1
matitibag,1
mayan,1
ngrarally,1
mapatinayan,1
mungo,1
nangugurakot,1
palasa,1
pier,1
etcetera,1
bubulsa,1
dibdib,1
shitty,1
nakaabang,1
pwdeng,1
stupidy,1
makamura,1
amaw,1
hongkong,1
102milyon,1
silway,1
petron,1
honda,1
chonwking,1
makaya,1
panuodin,1
dire,1
karumadumal,1
tolaran,1
dagupan,1
pakitignan,1
tutuusin,1
philippinas,1
naririport,1
mapabuti,1
sukuan,1
nakakadurog,1
nagpapakasarap,1
flooring,1
ikakalat,1
pagtalakay,1
oridinary,1
pinaniwalaan,1
nagkos,1
pinatunayan,1
ipinaimpeach,1
bueaya,1
sacpersyo,1
justiz,1
contracta,1
pepermahan,1
projekt,1
ans,1
tumutok,1
kakamali,1
kompletong,1
sarilinya,1
pwnilyanya,1
tangalin,1
modmod,1
kumokolong,1
kalam,1
asal,1
siwalat,1
depinde,1
nakahanger,1
yumuyukod,1
luhod,1
namamalayan,1
kumikilos,1
hhupa,1
bls,1
fam,1
tyaka,1
marumi,1
ikokolong,1
pagiimbistiga,1
unclear,1
unture,1
npakatuso,1
imbestigathieves,1
panpilo,1
iimbisdiga,1
ahhh,1
yungtotoo,1
papaganda,1
dimointerviehin,1
hayyyysss,1
makers,1
breakers,1
pinapalayas,1
absent,1
kabolohan,1
female,1
personalities,1
frame,1
sulit,1
kalahati,1
madyadong,1
nilakihan,1
magutang,1
nakakangitngit,1
nagrelease,1
lumawak,1
magpakatotoo,1
harapharapan,1
sakana,1
misamis,1
accidental,1
embestigahan,1
aron,1
adaman,1
susugin,1
flowchart,1
nkikita,1
tnignan,1
tinatnong,1
bngyan,1
kunti,1
bumigay,1
nakakapikon,1
karakot,1
lulamon,1
akla,1
jika,1
tera,1
planu,1
nakakalungot,1
tatanan,1
bayarin,1
gaguooo,1
namay,1
respito,1
nonongkolan,1
nangorakot,1
deef,1
ead,1
kaukolan,1
gumagaya,1
sagum,1
nuyan,1
kanq,1
maivalita,1
culangot,1
mayg,1
magbuhis,1
patutungohan,1
ikurakot,1
siraen,1
resolved,1
poso,1
magnanakawnasaloobnang,1
presohan,1
makisawsaw,1
pagkondena,1
paglustay,1
takas,1
obligasyon,1
nauwi,1
circulatory,1
karera,1
minemenos,1
trbaho,1
msigawan,1
mkatikim,1
anghang,1
slita,1
kadala,1
umuulit,1
natututo,1
leksyon,1
fanatiko,1
pagpiga,1
nagbulsa,1
pinagawa,1
magaganda,1
kapaki,1
jeffrey,1
ribg,1
nasubaybayan,1
60k,1
natabunan,1
lara,1
cintractor,1
labanan,1
binayaya,1
dbla,1
apay,1
dungan,1
mabalacat,1
bamban,1
kwari,1
nawasak,1
impakto,1
humusga,1
hum7sga,1
ideretso,1
inspectionin,1
dinugtungan,1
kainin,1
kalawang,1
gnyan,1
pglaban,1
mtaming,1
pagsisiwalat,1
nagahanap,1
matali,1
kpangyarihan,1
makamit,1
halosbibili,1
babawi,1
kudi,1
dedein,1
pagbabatuhin,1
rebolusyon,1
hihihi,1
pmbili,1
agoyyy,1
achicheee,1
msabe,1
tatatlo,1
pipikit,1
prrsidente,1
maq,1
wiwelga,1
talaqa,1
makagagawa,1
sozo,1
hong,1
hahah,1
isiningit,1
umano,1
istudyante,1
nagrally,1
paramdam,1
tagilid,1
confused,1
boyest,1
hiede,1
stimated,1
badyet,1
maggastos,1
kungbigyan,1
tga,1
pinagmalaki,1
walis,1
tingting,1
inaudit,1
namimiss,1
gisng,1
ted,1
korina,1
sumikat,1
nagkakabayaran,1
yalaga,1
magexpose,1
palitada,1
lllll,1
babangon,1
taxko,1
npponta,1
kuwintang,1
gensan,1
binge2han,1
wise,1
discernment,1
clothing,1
sheep,1
wolf,1
makatarungan,1
curses,1
kaguluhan,1
apat,1
salinlahi,1
lumalakad,1
napakaliwanag,1
grabih,1
korapyon,1
sword,1
papaangat,1
magpapataas,1
gdp,1
maghihikayat,1
investors,1
namamuhunan,1
opurtunidad,1
nahalal,1
fakenews,1
mumura,1
minumura,1
bisag,1
mabayad,1
bayronon,1
kaha,1
nimas,1
ngets,1
lami,1
lugakon,1
kulera,1
masalang,1
segurado,1
gongdi,1
sunod2,1
malantad,1
nabubunyag,1
nangu2rakot,1
problima,1
masampulan,1
patutunguhan,1
tkot,1
guberno,1
naipondar,1
napakulong,1
basilan,1
grabb,1
eeeeeeeeee,1
pakpak,1
irosin,1
ganib,1
senadong,1
emvolve,1
asila,1
umepal,1
maibalita,1
ipagsigawan,1
nagmimistulan,1
kaluluwang,1
aplayan,1
naghhihirap,1
nanskaw,1
larangan,1
plng,1
tunog,1
35yrs,1
nadadala,1
buguey,1
bargy,1
lorezo,1
simentado,1
villa,1
ciello,1
natuloy,1
daananan,1
sinimento,1
patawid,1
nagbutas,1
langg,1
pinaglalaruan,1
gerahin,1
pauliy,1
mansyon,1
paba,1
sansunod,1
maghihirap,1
budgt,1
nyn,1
hatul,1
pinagpapatay,1
phase,1
pinatag,1
phas,1
haligi,1
mahigit,1
w0w,1
manirahan,1
romuadez,1
basapat,1
roven,1
100s,1
tate,1
increaasing,1
tipaklong,1
gaguhin,1
kulo,1
napunduhan,1
igmnorante,1
pinuponduhan,1
sunogen,1
ipapakain,1
bilog,1
ninja,1
cops,1
nilallagay,1
alak,1
alamat,1
mansnalong,1
tinali,1
dhwd,1
pinipile,1
ayoda,1
ahahahah,1
phillippined,1
gung,1
gong,1
maylag,1
madakpan,1
papangit,1
napahayup,1
metal,1
pinitik,1
pitik,1
tinatanbak,1
kalansing,1
nayang,1
benoto,1
mabote,1
kaginhawaan,1
ibalita,1
saldico,1
muha,1
dyosko,1
wettness,1
nilalangaw,1
nilalamot,1
makakita,1
mawiwindan,1
amagnakaw,1
bumuto,1
pinagbintangan,1
matakut,1
sugpo,1
kahat,1
kuraplkot,1
sisiper,1
ninikaw,1
pera2,1
bonyag,1
crocodile,1
kanilng,1
manguntrata,1
dibali,1
apaka,1
hahahahhha,1
mababayaran,1
krime,1
napinangggawa,1
libingan,1
cementeryo,1
gravi,1
mudo,1
ninananakw,1
mangryayari,1
mmtay,1
nhiya,1
nagaaral,1
4ps,1
fireng,1
candidatong,1
inspructraction,1
dukha,1
manlolokong,1
pakagawa,1
tenopid,1
kontrolado,1
planes,1
ginagalugad,1
alusin,1
binabawas,1
mabayaran,1
accidentally,1
diaries,1
downloaded,1
ipilan,1
blinded,1
malou,1
mangahas,1
speechless,1
himalay,1
humiwalay,1
nakaelevator,1
pagbbalik,1
liig,1
bulkang,1
mayon,1
kinakandong,1
maaayos,1
pwude,1
documentaries,1
goyerno,1
resulosyon,1
pinagbibigyan,1
wang,1
hinahayaang,1
sabulakan,1
tomakbo,1
makahawak,1
compensation,1
bagsakan,1
pinupuntahan,1
huminto,1
lintiii,1
deputaaa,1
bwesitttt,1
saakin,1
geseca,1
risolba,1
kabahen,1
sorvey,1
overluping,1
privet,1
ploreda,1
calube,1
prok,1
karomatan,1
sting,1
mizmo,1
pumapalakpaz,1
purong,1
masimulan,1
ibuto,1
bitcoin,1
gamiting,1
medium,1
katalinoan,1
abo,1
nagmula,1
bulagin,1
tadtarin,1
ajinomoto,1
nadiscover,1
ihahatol,1
sapolan,1
hustsya,1
pangmag,1
bukingan,1
pagkulong,1
sang,1
uyon,1
binulgar,1
hamon,1
lilipat,1
kamayng,1
ibinuking,1
hinayaang,1
tatapang,1
mganasa,1
tinitirang,1
nagbayad,1
lumulusot,1
parents,1
teenager,1
nililista,1
naglilista,1
prc,1
nagapprove,1
nakapirma,1
qaqc,1
nagcicivil,1
provinve,1
polillo,1
lusak,1
gusgusin,1
lansangan,1
tuxedo,1
nakabarong,1
ihayag,1
naibili,1
etplano,1
masbate,1
masilip,1
gnang,1
pigsa,1
hiling,1
panahong,1
magkapatid,1
ipapamana,1
peslak,1
ilalagay,1
suho,1
pinapahiya,1
winawalang,1
ginalaw,1
nsan,1
sumpain,1
puking,1
tagu,1
aamoy,1
tugun,1
drawn,1
quartered,1
imbestigahen,1
ghosh,1
panangdalian,1
makukoha,1
benibigay,1
aantay,1
matuliq,1
mabungi,1
mabora,1
logar,1
tigas,1
naaatim,1
magpakasasa,1
nakapag,1
atome,1
jessika,1
hinge,1
hatolan,1
pangongurakot,1
kauban,1
mapatunatan,1
tumino,1
pinakamabigat,1
pataw,1
pagkakasala,1
piipino,1
ipadal,1
gira,1
ganonon,1
nasohan,1
caldero,1
operator,1
itinalaga,1
ombusdman,1
crony,1
salut,1
nppaligiran,1
maaksiyunan,1
naaksidente,1
pagbintangan,1
pas,1
spell,1
rruption,1
kaldero,1
nyonng,1
graveh,1
hiblood,1
pinapanuod,1
tow,1
lyf,1
mgkalapit,1
nkakatakot,1
mkahawak,1
tatakaw,1
panggatong,1
cremate,1
bangkay,1
cowatan,1
hsy0p,1
nakka,1
kilalabot,1
matalot,1
100m,1
tapalodo,1
canopy,1
christoper,1
96million,1
katibay,1
inspector,1
nakapasa,1
magkolaps,1
pgmumukha,1
pagpapasarap,1
makunsensya,1
nahihirapang,1
napanuod,1
tinatanggalan,1
makonsya,1
ikalawang,1
bwe,1
magtanda,1
whats,1
tinigil,1
pandagdag,1
judas,1
pinapatapon,1
nasstress,1
niang,1
gantong,1
docu,1
pinapasahod,1
parliamentary,1
federal,1
nagbobotohan,1
lingayen,1
gulf,1
nasirang,1
nkatengga,1
aaprobahan,1
antatagal,1
masabing,1
pagmamay,1
nkpagpayaman,1
til,1
smple,1
magnda,1
kapitbahay,1
ragyud,1
aning,1
geatay,1
pkingina,1
napakabagal,1
mananalu,1
kukulong,1
nagre,1
totong,1
pianglalaban,1
organisasyon,1
classification,1
achieved,1
maximum,1
unlimited,1
expressways,1
weakness,1
dalawnd,1
proble,1
magbiroy,1
enitine,1
maiiba,1
konggerman,1
nauunawaan,1
nadatu,1
bungangah,1
investigator,1
ginatilan,1
kabilya,1
tumaw,1
kisa,1
anglakingperayan,1
kungtumataelwa,1
gagongtaoyan,1
kati,1
inuurungan,1
gigibain,1
pinaiikot,1
iikot,1
nagtatanga,1
masure,1
sumsli,1
wirh,1
contracone,1
thier,1
kautal,1
dira,1
bulay,1
oga,1
rattle,1
treaten,1
bagets,1
guato,1
impressed,1
dinipinsaan,1
rorok,1
guisahin,1
lamia,1
busisiin,1
payakap,1
nakakaloka,1
paragon,1
mayayabang,1
otoridad,1
bakanagtago,1
scumbag,1
nagkamli,1
sai,1
rudy,1
marculitta,1
muntinlipa,1
ciity,1
isol,1
nkkatawa,1
nagesing,1
enaantok,1
nagkkamali,1
marc0leta,1
id0l,1
ny0,1
ab0ut,1
eeictric,1
billl,1
anmin,1
boooy,1
seet,1
lebaat,1
bitiwan,1
f00d,1
ctrl,1
kay00,1
p0litik0,1
env0lved,1
n0nsence,1
b0yset,1
kay0,1
ag0,1
senad0,1
sin0ng,1
ipitin,1
ibi,1
pun0,1
itaili,1
ginta,1
il0g,1
malun0d,1
paepal,1
hearting2,1
garand,1
standingb000yyy,1
seeeet,1
dinartilyu,1
proprietor,1
talsik,1
bwi,1
balbon,1
bibing,1
magaya,1
nasusuhulan,1
tinitirada,1
checkmate,1
tagai,1
nirvis,1
pangotana,1
haron,1
omangkon,1
sailang,1
gikohang,1
badjit,1
inprobmint,1
nasaligan,1
ogfour,1
ryikto,1
moka,1
korapna,1
mamantala,1
gobirnong,1
pagabaha,1
tagtuyo,1
plants,1
soot,1
koratong,1
marcotraicionero,1
naturingan,1
traidor,1
kalilimutan,1
bumaboy,1
mapapala,1
billionaryo,1
tubag,1
pauwein,1
gid,1
pprd,1
robn,1
pdlya,1
umarte,1
makolet,1
precdent,1
tumengen,1
tegre,1
tenngin,1
kena,1
acosado,1
cbos,1
naiboto,1
dka,1
tetegelan,1
manongkolan,1
tapatan,1
walaligoy,1
naintindihan,1
kalabaw,1
bawe,1
backjob,1
sinsabing,1
pagpapaliwanag,1
mlmn,1
ordenaryong,1
lolokuhan,1
nyunang,1
purus,1
nyuna,1
mahihira,1
putangene,1
pweeee,1
alahas,1
kagamitan,1
ikwenta,1
magtumbas,1
computation,1
lamsng,1
nagkalesensya,1
nagkaron,1
nandadamay,1
damuho,1
jaycee,1
aired,1
cry,1
bullying,1
mode,1
lier,1
diri,1
dri,1
ntn,1
napahalagahan,1
ndnka,1
bibitawan,1
except,1
gevie,1
iresito,1
blodcontrol,1
analya,1
cgi,1
indonesian,1
ninyoikulong,1
pinapahaba,1
mayamankasi,1
halatng,1
anis,1
ngpartner,1
gnito,1
buyawa,1
nakikinanang,1
craetor,1
naibabahagi,1
nababawi,1
etrada,1
reflection,1
nilunog,1
panghanapbuhay,1
diko,1
juiceco,1
manahimik,1
shirt,1
govmt,1
magdaleno,1
urbos,1
pinikula,1
bumabalik,1
funder,1
eliminate,1
magtrabho,1
heriinh,1
panuod,1
tayoo,1
pampalipas,1
wula,1
nacorrupt,1
nagsulputang,1
kubaga,1
daluyan,1
binabagsakan,1
sangdamukan,1
naipon,1
kalidad,1
pinapatibay,1
sulidong,1
quadrofulohok,1
coverup,1
magkamaling,1
ngkamaling,1
plsss,1
nagppalusot,1
cinogaling,1
epakolonh,1
nagheherap,1
misguide,1
listeners,1
pandesal,1
katapat,1
sakalam,1
naol,1
kayooo,1
nagkabulol,1
apilyedo,1
mlkas,1
mlman,1
nppnta,1
mllman,1
knlang,1
kplit,1
kasalan,1
pgkawat,1
pastilan,1
iilang,1
maggaggawa,1
sinusweldo,1
umento,1
aprubahan,1
nakakakita,1
tdlagang,1
magets,1
heheh,1
kakalito,1
inulit,1
marcolits,1
pinapaanod,1
mauuwi,1
pabalit,1
kahir,1
kamonggay,1
grabibg,1
actres,1
ayayayyyyyyyyyyy,1
pinono,1
cpa,1
conteactor,1
pamaresan,1
undergo,1
ipaturo,1
sapul,1
meeeeeeeen,1
f16,1
apache,1
damdamin,1
tungnan,1
hahahahahha,1
bistiga,1
bwaaaahhh,1
40billion,1
kikita,1
nakuntento,1
nandaya,1
magmamartilyo,1
kasabihan,1
aanhin,1
kabayo,1
solousyon,1
pyestahan,1
patinuan,1
bukid,1
nanunungkulan,1
naiimbestigahan,1
imbeciles,1
erizaldy,1
makakapasok,1
interviewhin,1
snatcher,1
manaksak,1
hayysss,1
mangyqyari,1
mahuhuling,1
mgbayad,1
meser,1
laughtrip,1
sagotan,1
mamartilyohin,1
paktay,1
mapgmatyag,1
summon,1
imvestigation,1
fcps,1
accomplishment,1
tgnan,1
tlgng,1
sampulan,1
imbistigation,1
marteyoha,1
motug,1
nana,1
bayab,1
mappanagot,1
patagalin,1
naaapi,1
miser,1
bllion,1
malau,1
lau,1
kaltasan,1
15days,1
isabja,1
hatchalua,1
bday,1
chicks,1
mslacsnang,1
hibawa,1
llaza,1
malacsnang,1
certification,1
dishonest,1
badaf,1
nililinlang,1
sulosyon,1
sasakupin,1
markoleta,1
duma,1
naasar,1
nanyayari,1
kasikat,1
katalino,1
nanlamang,1
pahabain,1
usisa,1
deretsuhan,1
nagsisunungaling,1
nakan,1
40billl,1
contrctor,1
engrr,1
nagsasabuwatan,1
sulungem,1
lakayen,1
tarantadu,1
umapal,1
yancissya,1
imbestigan,1
year2022,1
trilyon2,1
mapamarisan,1
marcole,1
thor,1
komportable,1
imbestegahan,1
tulinada,1
bar,1
naghihearing,1
ngcc,1
ka6,1
tuos,1
bsgo,1
contrada,1
commetion,1
nakakayamot,1
pinababango,1
nagtatkip,1
bunyag,1
ayusi,1
rakrsting,1
cadiz,1
markit,1
lucia,1
24m,1
gumuho,1
tinuloy,1
mapakinggan,1
slamat,1
milyons,1
ddrugs,1
magalang,1
nkakabuwisit,1
bihira,1
makumbinsi,1
maisipan,1
vise,1
sinakop,1
nakakakuha,1
nakuhanan,1
aila,1
maglaan,1
kinapupuntahan,1
munisipyo,1
nakakatanggap,1
benepisyo,1
recipient,1
sistemikong,1
nakaugat,1
whos,1
college,1
nuvali,1
homework,1
nakakalaya,1
opens,1
avenues,1
realities,1
masilaw,1
ihalal,1
malinlang,1
ibinubulsa,1
langitt,1
tomato,1
makapagpadala,1
audio,1
saammin,1
marilao,1
northbill,1
xoyrce,1
curroption,1
niw,1
rekindle,1
drive,1
sucessfukyy,1
causes,1
susoenxion,1
withot,1
pat,1
eventual,1
demotion,1
maximo,1
personzlly,1
hairman,1
celso,1
gangan,1
efore,1
insubordinztion,1
cgarged,1
auditir,1
chairmans,1
odr,1
abort,1
fir,1
dismussal,1
hus,1
fot,1
sigbzture,1
mzda,1
webare,1
universe,1
yesrs,1
stint,1
wit,1
joys,1
hhesrtaches,1
journey,1
bzyan,1
ofgicer,1
ayudahan,1
ginampanan,1
highlands,1
roadways,1
makakahelp,1
turnilyo,1
madadaya,1
mahihirapan,1
cheque,1
nlex,1
slex,1
rfid,1
grocery,1
jeep,1
100million,1
tindahan,1
peede,1
ungkatin,1
tinaguriang,1
pamaskong,1
handog,1
empleados,1
mainvestigate,1
sabihan,1
tip,1
kasulatan,1
kakapalan,1
magkunwari,1
pirata,1
katamaran,1
tumapos,1
inoopen,1
anonymous,1
barangays,1
llsh,1
sinasahod,1
75m,1
shuta,1
rants,1
sax,1
magprotesta,1
nakakainit,1
inaksyonan,1
pagpili,1
delicadeza,1
tshirt,1
lata,1
kalimot,1
mainam,1
babawe,1
narating,1
itongmga,1
anomalia,1
anglahat,1
atang,1
pinakamabilis,1
mango,1
rakot,1
bubulahin,1
langtayong,1
mgaibinoto,1
magbenta,1
voto,1
tangang,1
binubully,1
uunlad,1
umaasenso,1
papaimbistigahan,1
dahon,1
sangga,1
nakatago,1
ibulok,1
porsentong,1
namann,1
lilipas,1
panahom,1
manngurakot,1
konyari,1
kadin,1
sulution,1
babrilin,1
samabayanan,1
ipagkatiwala,1
patuluy,1
tatakipan,1
nalulunok,1
naghirap,1
kaila,1
nababaha,1
porket,1
napalaki,1
badja,1
propesiya,1
lunop,1
mamen,1
sapag,1
nagspeak,1
nared,1
lalaya,1
matingding,1
magagalet,1
nskakagigil,1
tiger,1
stripes,1
germany,1
audited,1
outsource,1
reputable,1
define,1
bersyon,1
tele,1
novela,1
overpass,1
angaganda,1
plate,1
gagara,1
gasoline,1
bus,1
pagkolong,1
payagang,1
magpyansa,1
cela,1
getae,1
magnate,1
makkorakot,1
inexposed,1
fefeature,1
pinakanakinabang,1
francis,1
kapirangot,1
kumabaga,1
nakokonsensya,1
carpenter,1
edukasyon,1
mananakawan,1
pesteng,1
haahha,1
nangangarap,1
maginhawang,1
hahahahhaa,1
tangalog,1
ibng,1
hihirp,1
kasuka,1
kadiri,1
penanty,1
nangkokorakot,1
abhorred,1
unpatriotic,1
disloyal,1
traitor,1
harvey,1
sagario,1
traitors,1
mandating,1
centralized,1
11k,1
pghahatian,1
makagago,1
balewala,1
buget,1
xia,1
pipirma,1
rereview,1
fitting,1
examples,1
multiplied,1
copied,1
nakakadismaya,1
winalanghiya,1
condemn,1
corrupting,1
manindigan,1
maku,1
pustahan,1
publico,1
mapapaniwala,1
nbt,1
zne,1
pharmally,1
makati,1
nabago,1
summarize,1
ahah,1
billionaire,1
sasakop,1
napakadaming,1
kapayapaan,1
mangibang,1
buwag,1
trabahador,1
ikakasaya,1
makaharap,1
eih,1
capas,1
kimikbak,1
sinisiwalat,1
jumpstart,1
motivate,1
alliances,1
combat,1
plaguing,1
commend,1
cheers,1
nationbuilding,1
tinding,1
ksakiman,1
surely,1
nangbulsa,1
aggressive,1
mapara,1
imonitor,1
angbillaagay,1
cuntractor,1
nahuhusgahan,1
itobg,1
makakaligtas,1
gano,1
katino,1
hinayopak,1
pagbunyag,1
prodject,1
solar,1
hakbang,1
iisipan,1
nakaharang,1
mapupuno,1
paltan,1
trak,1
umaangat,1
bati,1
mangungurakot,1
pinapanagot,1
tumatahimik,1
vigilant,1
wlanh,1
exeption,1
tlagang,1
ngttrabho,1
kila2,1
sarli,1
masabilis,1
bibisto,1
middleman,1
krimeng,1
kinahaharap,1
sabungeros,1
maisaayos,1
manalig,1
masipag,1
bbbm,1
tagos,1
kawalanghiyaan,1
nadedemanda,1
nakalaya,1
pinagtatanggol,1
natoto,1
demokrasya,1
daghang,1
gamhanan,1
liquidation,1
etchusera,1
sikilin,1
kkwento,1
detalye,1
namihasa,1
humahakot,1
mateo,1
alagad,1
katotohanang,1
magaan,1
kamelyo,1
karayom,1
ggawin,1
kaksuhan,1
publicitylang,1
juskoooo,1
empire,1
bodyguards,1
masolusyonan,1
hahat,1
pension,1
paghuhukom,1
pagbabayaran,1
jews,1
kkayos,1
haaayyy,1
gabinete,1
lumustay,1
papanagutin,1
kinena,1
ngaming,1
ngana,1
nikamu,1
pesti,1
iligan,1
pukin,1
info,1
duration,1
tym,1
bcos,1
toaga,1
magpapa,1
curopt,1
robredo,1
yungga,1
dilima,1
gibain,1
nanam,1
anal,1
pamukhain,1
magalo,1
neo,1
labir,1
nro,1
mayamanin,1
recta,1
fondo,1
masasamang,1
slmt,1
nabibigyan,1
makaupo,1
oapfo,1
sinisiraan,1
ttuo,1
australia,1
iabalik,1
ilaga,1
pagce,1
celebrate,1
nagpasakop,1
hapin,1
amerikano,1
español,1
maebalik,1
tatrabaho,1
binabawasan,1
mpapatangna,1
lazatin,1
buaaya,1
travaho,1
pelote,1
tukod,1
nasosolusyunan,1
magisising,1
nakapagtataka,1
aay,1
paglobo,1
nakakapaghinala,1
naranadan,1
dinaya,1
natuwa,1
pindala,1
suntok,1
sora,1
nadocumentary,1
nakapagtrabaho,1
sumasali,1
paspas,1
documenting,1
naitiro,1
kalyado,1
nakawing,1
nagaaprove,1
nakikisama,1
opisyals,1
makoy,1
bal8ktad,1
ibeninta,1
nep,1
aligid,1
bun,1
gains,1
forfeits,1
24b,1
consists,1
wherever,1
peter,1
answered,1
ephesians,1
boast,1
random,1
gospel,1
hebrews,1
confidently,1
helper,1
troubled,1
fool,1
walks,1
princes,1
flourish,1
leaf,1
refuge,1
astray,1
chariots,1
horses,1
lean,1
paths,1
ishare,1
accepting,1
forgiving,1
nagtayuan,1
aang,1
pagtutulak,1
shabu,1
trabahong,1
impacto,1
putul,1
taunng,1
fuerte,1
maldicion,1
condinar,1
todos,1
ladrones,1
arcabala,1
filipina,1
mucho,1
gracias,1
aleloea,1
gustooo,1
koo,1
araal,1
kaatiiwaaliiian,1
enroll,1
pagnamatay,1
motivo,1
mttapos,1
mapanlamang,1
nagmamalasakit,1
masasandalan,1
magtutuloy,1
magpapagawa,1
magsugo,1
busilak,1
masisilaw,1
mababait,1
tinotolerate,1
maiboto,1
maghangan,1
panandaliang,1
habangbuhay,1
pahihirapan,1
baman,1
maitilong,1
weee,1
alisan,1
lisensiya,1
panainin,1
hige,1
niluluto,1
monopoly,1
gongratulations,1
peesident,1
bumabali,1
paparusahan,1
2ndary,1
malang,1
bulto,1
bultong,1
wipeout,1
itatama,1
fllow,1
exterior,1
pakontrata,1
mangagawang,1
survived,1
colonisation,1
existential,1
latigo,1
pangunguna,1
digitalization,1
punishing,1
catholics,1
mistresses,1
aspire,1
raid,1
empowering,1
idolizing,1
policians,1
superstars,1
tulugang,1
naganip,1
ginagawaa,1
sumubok,1
madanasan,1
nie,1
nagsasahod,1
kabiniti,1
pagmamagaling,1
topographical,1
controll,1
spillway,1
nalalagyan,1
collections,1
minamadali,1
municipyo,1
hinayupakz,1
pad,1
reparations,1
fanilies,1
rebuilding,1
trustworthy,1
labing,1
ngawa,1
revolutionary,1
damputin,1
sampolan,1
babagal,1
mapapalitan,1
lalung,1
habol,1
puere,1
buenos,1
poorman,1
kanipis,1
itatalaga,1
magbantay,1
sprawling,1
possessions,1
iunfollow,1
nagtratrabaho,1
upto,1
degree,1
ganong,1
kagahaman,1
magasawang,1
lugur,1
kalookan,1
catch,1
napalawak,1
limalaki,1
obando,1
bulakan2x,1
oumutok,1
pinatubo,1
kakaperahan,1
masiyahan,1
diyes,1
poraiyento,1
kunsyensya,1
makalbo,1
nagsimulang,1
antipolo,1
humanap,1
suggestion,1
tayon,1
sufferdahil,1
pilitician,1
ikontrol,1
lawa,1
distansya,1
pamahayan,1
makahinda,1
pakapalan,1
banyan,1
complaining,1
kalerki,1
manuud,1
nghhirap,1
mars,1
spaniard,1
applied,1
pagtaaas,1
susuporta,1
lili,1
gaw,1
sinkado,1
tangaling,1
mananalaw,1
sindikado,1
contactrata,1
kuha,1
hinukuha,1
kickout,1
tangling,1
muni,1
matotoo,1
patakaran,1
sarado,1
hikuting,1
nakikibang,1
privat,1
komf,1
trntrabaho,1
kinikunan,1
ivideo,1
nililitratuhan,1
gngamit,1
nkkabit,1
pinapasa,1
cityhalll,1
plitn,1
tiyan,1
bbgsak,1
ddaloy,1
nbha,1
mli,1
instraktura,1
bunch,1
millionaires,1
wild,1
baby,1
salsal,1
pnb,1
catholico,1
payback,1
marcoleters,1
sisikat,1
pinanglalagay,1
palad,1
hihinto,1
congresmann,1
nilastay,1
pinagkatiwala,1
kibuloy,1
agbabago,1
bayag,1
hurting,1
stings,1
fate,1
fixable,1
maghkano,1
timelapse,1
viewing,1
lapse,1
gagamitin,1
mabangis,1
silangnagpahirap,1
maynilapbbm,1
admenistration,1
ranas,1
kuyan,1
haighschool,1
lulusong,1
aalisin,1
medyas,1
sapatos,1
kalalakihan,1
studyanteng,1
nagsisikap,1
sananaman,1
naren,1
malalakararan,1
prediksyon,1
pinapanalangin,1
madudukot,1
affording,1
120million,1
350million,1
6million,1
laanan,1
natuutulog,1
tumatanggi,1
nagkkaidad,1
pinagaaralan,1
makkita,1
mabuting,1
lalagyan,1
massilip,1
secrete,1
kwarto,1
hayyyyys,1
nakkaiyak,1
22o,1
kkahiya,1
kalusin,1
nakkaawang,1
mmamayan,1
halis,1
nmmatay,1
naguulam,1
magunaw,1
jayi,1
kkainin,1
franklin,1
drillon,1
nanankaw,1
grabiiiih,1
mtalo,1
mnalo,1
gnwang,1
nakkaawa,1
mahhirap,1
nauubos,1
debate,1
nahhatulan,1
nagu2tom,1
sagana,1
hahatulan,1
audacity,1
resibo,1
alligators,1
prob,1
lux,1
fences,1
makakarma,1
vangag,1
jackpot,1
lotto,1
pahmumukha,1
regime,1
success,1
mapanuod,1
vedio,1
yta,1
onti,1
limasin,1
ipalasap,1
dokyumentaryong,1
maiawasang,1
walasyang,1
atng,1
drought,1
scream,1
suddenly,1
proportion,1
conform,1
blueprint,1
checked,1
magbabago,1
mski,1
religion,1
stadi,1
bubay,1
katuwiran,1
kangkongresman,1
paldo2x,1
pleaase,1
makawala,1
isole,1
pulubi,1
pagpupulibi,1
nakakakiyak,1
pontious,1
pilate,1
nkakalungkot,1
nkakapanglumo,1
dadil,1
isispisip,1
uncovering,1
unthinkable,1
hail,1
maid,1
lamlam,1
successfully,1
weah,1
tumas,1
gagawen,1
hinugay,1
offecial,1
nlalagyan,1
tagalinis,1
nanunongkulan,1
masusunod,1
uusig,1
110m,1
palo,1
isat,1
buwanang,1
nagpatuloy,1
makapanloko,1
salalay,1
pulitko,1
tumatanngap,1
nalilink,1
sinses,1
bituka,1
banos,1
pagbibigay,1
opener,1
miserable,1
31b,1
pagpalagay,1
binili,1
10m,1
nareceive,1
pusoy,1
kuning,1
rootedly,1
brainless,1
pinoys,1
kristiyano,1
genuinely,1
embodying,1
longstanding,1
ehem,1
freakin,1
pabahain,1
papayaman,1
p3nalty,1
mgakurakot,1
canda,1
ilaya,1
maungkat,1
stranded,1
biyahero,1
poste,1
natigil,1
kinapos,1
thives,1
adminstration,1
tinanim,1
aristocracy,1
dictatorial,1
underemployment,1
descendant,1
isaisahin,1
kongresmen,1
nagdrama,1
romuakldez,1
nkikipaglaban,1
kawaqa,1
nalusong,1
20mil,1
dumoble,1
multuhin,1
hayuf,1
swamp,1
marsh,1
pond,1
panuorim,1
maagap,1
maiwasanga,1
animalistic,1
dukotan,1
unprogrammed,1
uunahin,1
anotomy,1
streaming,1
tune,1
plight,1
mindfully,1
centavo,1
betterment,1
tanng,1
dinadanas,1
boboto,1
pba,1
gaway,1
angkatiwalian,1
magpalit,1
maylasakit,1
mlunod,1
mmatay,1
uwata,1
inuutusan,1
presidknte,1
intel,1
stopping,1
net,1
75billion,1
equivalent,1
approx,1
04billion,1
improvements,1
ganyandin,1
siquijor,1
gaagad,1
alon,1
tipak,1
wave,1
marcoz,1
namamayani,1
padrino,1
palakasan,1
sistem,1
perehas,1
kalatoy,1
latoy,1
nalanag,1
sasarap,1
hopia,1
nakakabobo,1
ayawsagutin,1
kataungan,1
businessman,1
tmakbo,1
sutukill,1
aabraod,1
bulaan,1
arebalo,1
atakihon,1
kakuyaw,1
ngano,1
paita,1
sakripisyo,1
waowao,1
abt,1
prng,1
tumingin,1
esteem,1
luoy2x,1
pagdumating,1
ilalahad,1
napinahihirapan,1
mamangmaangan,1
bumangon,1
momoy,1
questionon,1
mongoloy,1
incrimination,1
idiot,1
taongbyan,1
ibinili,1
gagonh,1
abugago,1
nkinabang,1
nagmamalinis,1
mkpgtanong,1
kumpiskahin,1
hrap,1
saatin,1
ngiimbztga,1
imvolb,1
sag,1
incriminating,1
padreno,1
dokdoka,1
cnongalin,1
naduling,1
forrien,1
diseyon,1
kwaleti,1
tos,1
division,1
tinuroan,1
tatawid,1
hihiya,1
panty,1
nood,1
asar,1
persecute,1
olo,1
pugita,1
patalino,1
nakapenitrate,1
mahihiya,1
kalokuhan,1
kaharap,1
hinihingal,1
mismoang,1
sanagassasinate,1
kirk,1
ahahahaha,1
natatwa,1
bumawe,1
kuralot,1
kurapbabawasan,1
interrogation,1
samanta,1
kareton,1
nalokona,1
kwawa,1
nahahayblad,1
envok,1
imvok,1
karun,1
kaulumol,1
simo,1
ireport,1
tayrabaho,1
maranhal,1
nkikknabang,1
tunaykayonglingkudban,1
maramingsaoanay,1
gabayankayolagi,1
puongkaykapal,1
godblesse,1
magalingskayo,1
pangiibbistiga,1
panginuonkasamaniyo,1
ditolangako,1
kasamaninniyo,1
nabubulunanyangkausapmp,1
sengoy,1
langya,1
maginhebit,1
nagiinvestigate,1
bwakaw,1
pinagbobola,1
aribalo,1
mongoloids,1
mangnakaw,1
xintenp,1
cashless,1
apilyido,1
soft,1
fvergood,1
ensoroimhod,1
hamunin,1
suntukan,1
tubuan,1
consultant,1
sansy,1
sia,1
preach,1
iimbestigstion,1
kinasangkutan,1
pdap,1
bribrery,1
dpa,1
nakipagdeal,1
cutie,1
napatonayan,1
ngalin,1
vetayen,1
pariparihas,1
mukahang,1
magpangalan,1
bagsa,1
pagsisisihan,1
ginogoodtime,1
umakting,1
gulpe,1
mung,1
ciguro,1
nagpapalusot,1
coach,1
abogadp,1
qlng,1
litong,1
naeengot,1
gumana,1
mamamayans,1
sabwats,1
pagusto,1
manipulators,1
blueribbon,1
impostor,1
sinusuka,1
taungbayan,1
tyrranical,1
sunoran,1
uto,1
utong,1
nawog,1
panagutan,1
neighboring,1
taal,1
naparusahan,1
duuhh,1
sentor,1
iss,1
erap,1
jinggey,1
sinisindak,1
nakatungo,1
naiwas,1
pweeeee,1
josel,1
maiharap,1
pinanganak,1
deput,1
tska,1
maso,1
dahel,1
magtatakipan,1
introvert,1
kautuwaan,1
pagkakaisahan,1
nakakautal,1
lolokohan,1
nohh,1
senetor,1
honteveros,1
bacon,1
kdin,1
admiral,1
fujitora,1
kinginang,1
makakausap,1
proproject,1
kakumsaba,1
ipit,1
napakaguilty,1
dong,1
kaawaawa,1
contrak,1
tor,1
kosakot,1
cotraktor,1
bitayparawalamag,1
kanalng,1
bulagang,1
samba,1
lilitisin,1
salanan,1
mundong,1
dudusahan,1
nagpalit,1
litis,1
mpag,1
masasagot,1
magbigti,1
kinilingan,1
kungay,1
sibak,1
maeestroke,1
madiin,1
noticed,1
proves,1
tawanan,1
identical,1
nabwibwisit,1
nagisa,1
lovely,1
cheated,1
bataa,1
nkkbwesut,1
buwya,1
hinrp,1
kagad,1
kwnta,1
calm,1
invitigation,1
prin,1
nkukulong,1
sparrow,1
nbuhasan,1
naootat,1
otat,1
maibuka,1
nasilaw,1
inaawa,1
sumawsaw,1
chatgpt,1
makabuo,1
sementado,1
nababago,1
pot,1
kettle,1
hamming,1
pissed,1
front,1
kengkoy,1
nagkabukingan,1
umasta,1
ttanong,1
kulimbat,1
tunganga,1
nagtatawanan,1
magsipagalis,1
anng,1
pinapadahod,1
pinasahod,1
didcaya,1
navlang,1
astig,1
mangipin,1
akuin,1
ibubulgar,1
nabulonan,1
panukalang,1
gisang,1
palambutin,1
mangiyak,1
ngiyak,1
yona,1
ägad,1
huhulaan,1
ungmga,1
gmit,1
liaison,1
pagtayo,1
nakaso,1
banantayan,1
field,1
hinuhugot,1
pibabayaan,1
lgay,1
pinahiram,1
lesencya,1
mgkapera,1
mgtrabaho,1
30yrs,1
ngpapayaman,1
magpakamatay,1
buesit,1
teradurin,1
madame,1
dretso,1
yannn,1
sinun,1
scammer,1
pasasa,1
nakaklimutan,1
advise,1
wowow,1
umatake,1
nabubulol,1
pasigaw,1
gobiernotama,1
masibang,1
juskooo,1
arayyy,1
koooooook,1
katawatawa,1
lalake,1
nakakakilala,1
maamong,1
tupa,1
naghappy,1
kalugod2,1
aaksaya,1
kapareha,1
ssbhin,1
nmmn,1
hnahanap,1
netizen,1
sasabe,1
samanga,1
sosunod,1
mkasohan,1
kimilos,1
munayan,1
mgnanakw,1
incremenation,1
gera,1
malambit,1
banig,1
nakayuko,1
magñanakaw,1
nahiyang,1
batukan,1
sagotin,1
advance,1
banggit,1
2days,1
aagd,1
mabibisto,1
bawihin,1
mkasagot,1
natrabaho,1
manggawa,1
naibigay,1
naumpisahan,1
marating,1
inbestigar,1
envistigar,1
mapatutungohan,1
inbestegasyon,1
tudas,1
nasapawan,1
paligoy2x,1
experto,1
gerville,1
bitrics,1
civet,1
2028godbless,1
explenation,1
wuestion,1
paramg,1
kakatotohanan,1
makasalan,1
magtapat,1
magpanggap,1
karantahan,1
lawyering,1
nagkulang,1
rehearse,1
sasagutin,1
sensya,1
isasagawa,1
umiwas,1
expenditures,1
nangumpisal,1
humahawsk,1
malusutan,1
isinalaysay,1
ipabura,1
uumpisa,1
nangangahulugan,1
mababawe,1
korupsyon,1
alalay,1
sumiti,1
magpapakita,1
burahin,1
mistizong,1
elition,1
attys,1
yeeesss,1
tryingbto,1
dealt,1
evidences,1
justices,1
accirdingbto,1
squads,1
statesments,1
victimized,1
hardworking,1
pinatayo,1
nakisali,1
mapagtuloy,1
itinutulak,1
basag,1
nsmn,1
buretche,1
mabulok,1
magdusa,1
kalla,1
pinagtatangol,1
napuro,1
makatanggsl,1
pilitmong,1
ipinagtatañgol,1
buwang,1
pilato,1
mabantot,1
hustler,1
dekalibri,1
mabu,1
idinawut,1
koraption,1
dambuhalang,1
tongreso,1
pagsisira,1
kredibility,1
sayad,1
bright,1
congo,1
sugapang,1
makikisama,1
nkisama,1
masasangkot,1
abogadong,1
nananman,1
nabalangkas,1
halah,1
naghalo,1
tinalupan,1
geh,1
langtakot,1
namomo,1
noot,1
pagnalaman,1
teemanate,1
pababalikbalik,1
patunguhan,1
ilito,1
tagslog,1
pks,1
beeding,1
napakabait,1
throw,1
ugag,1
inapaikot,1
cnungaling,1
cnsbi,1
ngssabi,1
natutu,1
magsabe,1
tuldokan,1
bitayan,1
dakdakan,1
disycsya,1
didnt,1
magkaintindihan,1
nililitis,1
handcuff,1
nakakatakas,1
sinsali,1
nanghinge,1
mangotong,1
kaydigong,1
gravity,1
pagwalang,1
aic,1
naggutom,1
tagalogin,1
discourage,1
encourage,1
perverse,1
sounds,1
prosecuting,1
kasawa,1
precise,1
recieve,1
liwaliwag,1
paltos,1
wroing,1
patitinag,1
nitongs,1
ilistro,1
mkulong,1
lha,1
cuadro,1
nagmalinis,1
build2,1
mananakoy,1
papagalitan,1
maparushan,1
singbigat,1
shoulders,1
pumantay,1
oodt,1
finest,1
nuh,1
akusasyon,1
ipinaglaban,1
ipal,1
ene,1
npod,1
tuwad,1
naamoy,1
bakuran,1
pinakpan,1
galing2,1
goo,1
manakot,1
paguusig,1
pinapanigan,1
magbunganga,1
syapa,1
nagsabing,1
topad,1
isading,1
flunder,1
katapang,1
magtattanong,1
abogada,1
masuwerte,1
luistre,1
indiekona,1
indie,1
sainpyerno,1
ignore,1
terminology,1
jaunting,1
magdabi,1
matakit,1
psywarbmskulong,1
matatakotwhat,1
huwagmatakot,1
nagsadabi,1
bibigat,1
hmm,1
gipatago,1
umubos,1
lqng,1
rubbish,1
complied,1
woudnt,1
brivery,1
cancelled,1
illigality,1
balik2,1
luhestro,1
niyotakot,1
bobita,1
putcha,1
naiintindhan,1
nkakaintinde,1
gigisa,1
tinoloy,1
edahilan,1
ginosto,1
linabag,1
interrogate,1
bebe,1
gozto,1
eligal,1
mamalilis,1
iditalye,1
napipilitan,1
manatili,1
pakikisama,1
consist,1
answers,1
formulated,1
rude,1
sinusupalpal,1
mapupura,1
napuno,1
linta,1
truoble,1
natutuwa,1
komampi,1
daldy,1
rebroadcast,1
hilarious,1
enjoyed,1
ngtamasa,1
napapaunta,1
masado,1
conggresswoman,1
katotohonan,1
prublima,1
napota,1
dangal,1
naghihikahos,1
pasada,1
masasabe,1
kolng,1
balek,1
pahinoon,1
palataya,1
pahinood,1
sabeehin,1
monalang,1
adm,1
accessories,1
dumb,1
inconsistencies,1
baliktad2,1
pagtanong,1
pcig,1
nagpa,1
enterview,1
unstable,1
hate,1
saith,1
fro,1
zecharia,1
chronicle,1
sympathy,1
evildoers,1
nakakapanggaiti,1
perte,1
nimong,1
apan,1
buhat,1
panlilinlang,1
maraning,1
nkalipas,1
nmatay,1
judgement,1
acceptable,1
brilliant,1
lucifer,1
keeping,1
pleasing,1
perpetually,1
esposes,1
evilworks,1
obliged,1
advised,1
wahahaha,1
monang,1
utoin,1
marcolang,1
sisinongaling,1
kakatakot,1
makisama,1
pataas,1
mdam,1
tagalugin,1
grabbing,1
reson,1
dinyo,1
kinamkam,1
pinohonan,1
taaon,1
mopa,1
diacaya,1
proprotwktahan,1
angulo,1
ilaag,1
gagaan,1
maglalbs,1
ggawa,1
makadahilanang,1
siwasyon,1
louis,1
stifling,1
domino,1
louie,1
lionel,1
wawakasan,1
ganyng,1
umayos,1
mawalay,1
panghabang,1
sabehin,1
politiks,1
panootin,1
oda,1
marlenebrillserna,1
kasinungaling,1
lisincia,1
payaman,1
ingnr,1
rent,1
licine,1
flores,1
ulit2,1
iginigiit,1
admistrasyon,1
ipakolong,1
pobre,1
kapobre,1
kadato,1
deretsahan,1
paligoyligoy,1
nagpasarap,1
mloho,1
ngpskasasa,1
aiming,1
disqualify,1
twisting,1
yado,1
namaraming,1
labas,1
pasimono,1
nagpasimono,1
sigoro,1
dwh,1
napilit,1
hint,1
timeframe,1
centric,1
saving,1
wanting,1
amnesia,1
suicide,1
natanga,1
gilingin,1
idinawit,1
pinadami,1
manlng,1
sempling,1
magasawa,1
cpc,1
mjm,1
jmjk8,1
4mn,1
pp0p,1
yep,1
mmmjn,1
lo0,1
mill,1
jml,1
nakokorap,1
kuwarta,1
datung,1
soldi,1
kilo,1
kilong,1
isyo,1
panindigan,1
hnap,1
masydong,1
ginagalingan,1
nerbiyos,1
pagsagot,1
upset,1
sablay,1
atrasan,1
kayabangan,1
otro,1
imo,1
nakinabangan,1
initiate,1
gvt,1
bistro,1
parted,1
siblings,1
charging,1
bringing,1
hihinge,1
nanghihinge,1
posible,1
syiempre,1
usisahin,1
ibuking,1
kumpis,1
agadd,1
pnhon,1
prd,1
myron,1
tinanggl,1
ngkron,1
lkas,1
intndhn,1
dinamay,1
bubu,1
impesa,1
ipinahayag,1
humikayat,1
nagkumbinse,1
pinush,1
nakumbinse,1
paghusga,1
targeting,1
triping,1
pressuring,1
kinukwestyon,1
kinasasangkutan,1
benifeciary,1
wowork,1
kobrador,1
ngayob,1
kinakabahanmay,1
apedabét,1
ginisa,1
mantika,1
paubaya,1
duplication,1
function,1
recommend,1
nawalana,1
quo,1
nailed,1
paikot2x,1
discuss,1
challenges,1
openly,1
interact,1
parehong,1
beware,1
countrymen,1
presided,1
niluto,1
dutards,1
scenes,1
slides,1
magdesisyon,1
pasmado,1
staka,1
comonsense,1
pakukuhanin,1
pingloloko,1
nagreact,1
bossing,1
botox,1
kumubra,1
attend,1
nagpapahiram,1
hulihan,1
nakapangalan,1
sinasama,1
ipagkukulong,1
hinahawakan,1
suppose,1
ipaglalagay,1
vanishing,1
atop,1
aliko,1
arrogantly,1
ignoring,1
yoruba,1
ancestral,1
sovereign,1
arrangement,1
nigeria,1
united,1
sandali,1
opisina,1
pagpupulong,1
nagpaplano,1
kudeta,1
suspecha,1
kakayod,1
nagpapakapagod,1
yaya,1
dub,1
somewhat,1
bizarre,1
eliminated,1
smokescreen,1
makahanap,1
atensyon,1
napapagtakpan,1
karaniwan,1
napapadidiin,1
scapegoating,1
sinasakripisyong,1
weaponized,1
sandata,1
aren,1
pressing,1
offs,1
accountants,1
pinayagan,1
sums,1
winiwithdraw,1
napupuno,1
balsa,1
poster,1
framed,1
thousand,1
craulung,1
dinadawit,1
pki,1
bistigahan,1
ngato,1
paconstruct,1
pinaconstruck,1
lasi,1
tinulungan,1
nagpapaliwanag,1
bloated,1
deliberation,1
dinadagdag,1
mabawas,1
malakinpa,1
maynakaugaliaan,1
whatsoever,1
matimatija,1
mgbabayad,1
naayudahan,1
nagkakanda,1
umaraw,1
retoke,1
pakealam,1
umiral,1
doble,1
pinatanggal,1
ikalawa,1
nagtagumpay,1
mapuputukan,1
nautakan,1
mapipintasan,1
basehan,1
taktika,1
makatakbo,1
eleksiyon,1
talunin,1
nagpalaki,1
maipaliwanag,1
kaparte,1
angle,1
intawon,1
sab,1
pinapatawag,1
pinaskil,1
kampanya,1
napakalake,1
waah,1
naunahan,1
tumaliwas,1
peg,1
pangandaman,1
napapamura,1
lamborgihni,1
makaalis,1
litisin,1
napakalayo,1
bulakenyo,1
icacasino,1
eexplain,1
idedepensa,1
papakinggan,1
papirma,1
pasahod,1
nagchecheck,1
yern,1
tour,1
puna,1
kalmado,1
pacifico,1
lately,1
adhering,1
wrath,1
snatchers,1
suut,1
tie,1
graduates,1
huy,1
pahalata,1
tik,1
umayon,1
papasugal,1
gagago,1
titindi,1
mauuna,1
nakakatindig,1
mabangongot,1
pagsasalita,1
navotasss,1
ughhhh,1
nakakalulang,1
nakakapamura,1
ngipen,1
uulit,1
icontempt,1
nakakapang,1
lumo,1
winawaldas,1
natu,1
humabol,1
compreshension,1
inaawas,1
mapupunta,1
mrinig,1
juskoo,1
lngg,1
245m,1
sugal,1
halagang,1
eskuwater,1
protekxon,1
tumodas,1
msmo,1
magliligtas,1
banayad,1
whisky,1
recomemded,1
imee,1
retokada,1
ialam,1
natapus,1
maligoy,1
mtabunan,1
idadami,1
biktuma,1
ifreeze,1
magsipag,1
diman,1
projector,1
mayyos,1
kulng,1
daiig,1
stremers,1
nagnananakaw,1
nkilala,1
tapis,1
tatanubgin,1
aaah,1
pasabogan,1
giatay,1
tanan,1
reads,1
favour,1
literature,1
teaches,1
goodwill,1
enduring,1
godliness,1
chismoso,1
timoteo,1
tipan,1
naghahangad,1
tukso,1
bitag,1
kahangalan,1
nakapipinsalang,1
pagnanasa,1
magtutulak,1
paghahangad,1
nalayo,1
kapighatian,1
doktrinahan,1
pagpapalaganap,1
malabanan,1
maiba,1
kitain,1
kaltas,1
nagssbing,1
cnbeng,1
pakidagdag,1
tapunan,1
dirty,1
kumbaga,1
magpatalo,1
maitago,1
raket,1
hahaysss,1
30million,1
talaaga,1
lagpas,1
baywang,1
hon,1
bihasang,1
panawagan,1
boykot,1
yatang,1
magsasakang,1
nalugi,1
bagag,1
nawng,1
worries,1
makainvest,1
chaka,1
swn,1
directory,1
sabwat,1
mgdedecide,1
nagprocure,1
angas,1
tung,1
iniubos,1
ngyayare,1
pamahala,1
pahingi,1
1mil,1
dinako,1
pabasa,1
matuluyan,1
munti,1
navoteno,1
excellence,1
nalihis,1
usually,1
write,1
admire,1
spoken,1
nagprovide,1
mababatas,1
iacknowledge,1
ganan,1
lasing,1
martinromualdez,1
disclosing,1
alangan,1
batodelarosa,1
papalitan,1
hehearing,1
isagot,1
iniimbita,1
pinagpapaliwanag,1
inimbita,1
investigatiga,1
pinapasagot,1
pagkakaintindi,1
manghiram,1
pusangina,1
pasagutin,1
lahing,1
napakanta,1
dakay,1
pagsalitain,1
pagputak,1
programa,1
11digits,1
jailtime,1
weatlh,1
politicisns,1
theyre,1
nakakpanghinayang,1
mbatang,1
nakpagtapos,1
pumasa,1
kakahinatnan,1
kais,1
laaht,1
ngfocus,1
impsoble,1
yab,1
binaggit,1
pakundangang,1
magwaldas,1
pagdataing,1
dacay,1
visyas,1
connecting,1
munispyo,1
dpwhs,1
hinhiram,1
lisenya,1
nakakahilo,1
budgetan,1
tawagan,1
kabuset,1
hatyss,1
hahahha,1
bakyo,1
kaoban,1
npakalinis,1
manduruga,1
huyyyy,1
nangungutang,1
binibili,1
reyna,1
pagtatahi,1
ganiton,1
maitindihan,1
makakaitindi,1
pamanagitan,1
pagtatanong,1
pangita,1
nasweldo,1
ttrabaho,1
magyabang,1
napakatanga,1
kinonokontra,1
nttkot,1
kkmpi,1
neatherlands,1
ginipit,1
nakisama,1
unite,1
pampagawa,1
pilikula,1
dakip,1
marcolete,1
pahiya,1
everytime,1
maykaya,1
protektion,1
lungga,1
discussion,1
quiapo,1
sangre,1
suntukin,1
relo,1
akusasado,1
picc,1
ngbaayad,1
entrance,1
apmapanuod,1
ibahagi,1
pagpapanggap,1
nagkakampihan,1
nagkahulian,1
wawa,1
wehhh,1
haynako,1
nakapikit,1
joking,1
turuturuan,1
bwan,1
scholars,1
pafree,1
pabonus,1
pangcasino,1
nagtuturuaanbat,1
mangagawa,1
pinagagawa,1
nyung,1
nnamang,1
haharsngin,1
lto,1
ngpapahirap,1
makasagasa,1
malamng,1
pinapanuodnnalang,1
habngang,1
gagawan,1
monumento,1
isesemento,1
dextrose,1
nurse,1
bubuhayin,1
lumala,1
nakakairita,1
selda,1
nakalalula,1
natanong,1
gsis,1
trafic,1
enforcer,1
mangikil,1
congrssman,1
shunga,1
taasan,1
ibaun,1
pabida,1
mapatupad,1
surprised,1
owners,1
unahan,1
hitman,1
babao,1
rags,1
rob,1
pagkamal,1
snyo,1
nakikiapagtagpo,1
makapagmulti,1
invest,1
nakakawindang,1
pinagsasalita,1
0mg,1
scoop,1
katawa,1
papagod,1
nanamin,1
pampam,1
bitteran,1
amp,1
requiring,1
relinquish,1
7hrs,1
28min,1
paalagaan,1
idolize,1
knilang,1
idolo,1
nkisali,1
nagsumbong,1
nadiskobre,1
minor,1
recruit,1
klang,1
arestohin,1
juntis,1
70million,1
rehab,1
pintora,1
blanko,1
naabutan,1
magmamana,1
iuupo,1
nagloklok,1
c0a,1
susuhulan,1
70m,1
franchise,1
maisplice,1
pinagiinitan,1
takagang,1
nagpapagawa,1
inaabangan,1
ngawngawngawmum,1
mut,1
agsardeng,1
balin,1
agita,1
addan,1
gamin,1
kalkalubam,1
lutas,1
beginning,1
minumungkahi,1
viral,1
nakalagay,1
magtataka,1
cahoot,1
chose,1
motibo,1
vountarily,1
sumuko,1
kakulangan,1
seryoso,1
kaparusahan,1
makukuha,1
sasasahan,1
sando,1
lantarang,1
nkkatulog,1
nkakalibot,1
pinakikinggan,1
cholesterol,1
bwahahaha,1
angkop,1
lalayo,1
malay,1
pearly,1
formula,1
discayavna,1
listbsila,1
sakanya,1
nagabogado,1
nagaaway,1
mqgtatanong,1
tatanungin,1
crazy,1
insisting,1
whenever,1
chronology,1
rinesbakan,1
naglapag,1
pagpapalit,1
alarma,1
kinailangan,1
mission,1
convince,1
carefully,1
observe,1
deducted,1
kaasar,1
onanomalous,1
kontra,1
taltga,1
mangolecta,1
nakurap,1
ngtatanong,1
tinutulangan,1
ginugulo,1
juiceko,1
participation,1
remade,1
evolved,1
fore,1
imperfect,1
mistakes,1
wakas,1
prinoprotectahan,1
maiintindihan,1
curuption,1
pinagkakatiwalaan,1
harry,1
kamakamag,1
dyios,1
nanyare,1
nalilito,1
ihiwalay,1
pagtingin,1
distribute,1
nakipag,1
conspire,1
icorrupt,1
aka,1
rigging,1
kinaiinisan,1
nagflaunt,1
marameng,1
magkakasama,1
magsugal,1
natalo,1
tongits,1
natatalo,1
professionalism,1
facilities,1
hellooooo,1
passers,1
nid,1
mabisang,1
qualifications,1
julious,1
ngmamando,1
ssabihin,1
sinood,1
nangari,1
maiibalik,1
garahe,1
nepobaby,1
kwakkwak,1
reshuffling,1
muks,1
pakikipag,1
pabelly,1
rub,1
itinuro,1
cna,1
marapat,1
pakiboto,1
ganap,1
truthfulness,1
alacantara,1
redeem,1
umagree,1
piss,1
quoting,1
typical,1
guluhin,1
unbothered,1
nahihighblood,1
nathan,1
sigurong,1
ibayad,1
sasabing,1
dikayo,1
hindrance,1
achieve,1
bwakinang,1
lao,1
marepeat,1
maacquit,1
pagnagiba,1
akosado,1
nagvolunteer,1
nailahad,1
resigning,1
mahanap,1
pagnahuli,1
mapoint,1
kaibahan,1
magwitness,1
nvo,1
engyanyo,1
magsiwalat,1
nagkaganun,1
rbelasyun,1
applikasyun,1
nilalaban,1
makobeta,1
dismaya,1
selos,1
baduy,1
tinatanggap,1
makakagalaw,1
lozartan,1
magpale,1
hao,1
siao,1
loyalist,1
mendiola,1
violenteng,1
tuf,1
antagal,1
showman,1
magpawis,1
minimum,1
wage,1
binabastos,1
speechment,1
sinunod,1
nakasagot,1
isasalang,1
congesista,1
maingay,1
naiistorbo,1
ateng,1
senete,1
magkontrahan,1
durugin,1
payabangan,1
pagalingan,1
jusmeee,1
pabanguhin,1
kakwenta,1
kabwisit,1
obvs,1
technicalities,1
nagtalo,1
pagbabalik,1
seguridad,1
turpitude,1
pumapayag,1
testify,1
nakasaad,1
punto,1
risks,1
admission,1
exempt,1
sampu,1
kulto,1
sinisigaw,1
bulaga,1
bruh,1
completely,1
nagtitipon2,1
delusional,1
pananaw,1
answerr,1
kalakarannnnn,1
impluwensya,1
irrelevant,1
possiblebkasi,1
tinutukoy,1
contact,1
membership,1
premium,1
traces,1
camara,1
nakakawala,1
katiwatiwala,1
pomabor,1
wahhhh,1
teteng,1
hats,1
pff,1
whining,1
bitter,1
sagutin,1
kulitin,1
sapukin,1
seriousness,1
cries,1
deepest,1
comprehension,1
iimbitahan,1
lumusong,1
lumulutang,1
eskwela,1
masakyan,1
nakakalasing,1
paslit,1
pagpag,1
tights,1
impossibleng,1
bilyon2,1
pumapasok,1
dedecide,1
ipamukha,1
kakanta,1
pinapaniwalaan,1
mapapabilis,1
favoritism,1
eenjoy,1
papasko,1
sinusurrender,1
nailabas,1
firmly,1
ayy,1
paanu,1
pianpatupad,1
hype,1
napakabobong,1
nagset,1
bayun,1
mangipapiilit,1
paanong,1
sinuli,1
gmc,1
nakakadismayang,1
haisst,1
pagganyan,1
naghehearing,1
nagmamaangmaangan,1
bonuan,1
singilin,1
mpa,1
ngbawas,1
ngbago,1
netong,1
derechong,1
manslaughter,1
kaisi,1
naambunan,1
nakakaantok,1
refrain,1
ayyy,1
apooo,1
malagay,1
nidisregard,1
hayssttt,1
entitlement,1
nakakapag,1
taka,1
nakikurap,1
kayagaya,1
nagungurakot,1
sulok,1
napawalang,1
sinoli,1
maiibibigay,1
cool,1
nadadaan,1
sigawan,1
kalakalan,1
blgd,1
kamalamalahang,1
karesperespeto,1
nalito,1
nagkakaintindihan,1
magtanung,1
tremendously,1
fired,1
abusive,1
heads,1
agawan,1
ililipat,1
hahahahah,1
bros,1
penalize,1
telecommunication,1
instructed,1
saknila,1
kas,1
ataong,1
paiyak2,1
tinabijan,1
divulged,1
sinayang,1
depensahan,1
kumakampi,1
pol2x,1
divulge,1
user,1
adversaries,1
greediness,1
bribed,1
eyed,1
maiyak,1
thinkg,1
acquired,1
alituntunin,1
ipipilit,1
papanu,1
magkakaron,1
pagkakatiwalaan,1
haaaays,1
hayssssssssss,1
broadcast,1
skul,1
bukol,1
nabigay,1
discharge,1
madinig,1
plating,1
hmmmm,1
unbecoming,1
sauli,1
kusa,1
napilitqn,1
hubak,1
binabali,1
tagnina,1
nasinasabi,1
persistence,1
reminding,1
stall,1
masampahan,1
sieze,1
kin,1
didiin,1
matatanggal,1
langb,1
pinangangalandakan,1
proteksyonan,1
sangkatutak,1
bodyguard,1
imbestigadyon,1
nangdambong,1
bussines,1
tycon,1
nagdawit,1
mabubunyag,1
naibalik,1
nabawi,1
piliipinas,1
duper,1
greater,1
ipapakita,1
leima,1
yarn,1
hati2x,1
iban,1
tatangatangahan,1
apoint,1
maitatago,1
alaman,1
withness,1
byad,1
arab,1
kinokonsiti,1
kalahi,1
pahuli,1
abangan,1
jusme,1
naaayun,1
pagkakabawe,1
pinasaringan,1
kalinawan,1
ditalye,1
masusukol,1
makuletttka,1
magtama,1
magmali,1
nnadyn,1
nnakaw,1
monpaba,1
doh,1
markuletttttt,1
kaaaa,1
hina,1
nanunuod,1
dumadami,1
kulubot,1
hanana,1
magtantrums,1
masunod,1
smc,1
paipalan,1
naiipalan,1
pagsosoli,1
halaaaaa,1
nakuuu,1
pangsugal,1
matutulungan,1
nakapagsalita,1
nagbulgar,1
maituturo,1
sbihin,1
mon,1
pinagpipilitan,1
boooo,1
sinolo,1
besesn,1
tinuro,1
hucos,1
pinoprotecta,1
